ds4: Metal device Apple M5 Max, 128.00 GiB RAM
ds4: Metal 4 tensor API enabled for Tensor kernels
ds4: drift-patch flags hc_stable=on norm_unify=on kv_raw_f32=off rope_exp2_log2=off math_safe=off tensor_matmul=on
ds4: Metal SSD streaming mode enabled; full model residency and warmup are skipped
ds4: Metal SSD static weights locked 9.37 GiB; pageable 0.00 GiB
ds4: SSD streaming initial metal model map (569 spans, 9.37 GiB tensor span)
ds4: metal backend initialized for graph diagnostics
ds4: memory: KV 0.06 GiB (raw 0.01 + compressed 0.05) + buffers 3.26 GiB + resident model 9.37 GiB + expert cache 65.20 GiB = 77.90 GiB planned
ds4: memory detail: ctx=8192 prefill_cap=4096 raw_kv_rows=128 compressed_kv_rows=8193 backend=metal
1007 00:54:55 ds4-server: context buffers 3403.23 MiB (ctx=8192, backend=metal, prefill_chunk=4096, raw_kv_rows=128, compressed_kv_rows=8193)
ds4: V4.1 static context buffers 3403.23 MiB (ctx=8192), Engram disk-only
1007 00:54:55 ds4-server: listening on http://127.0.0.1:8031
1007 00:54:56 ds4-server: chat ctx=0..4781:4781 prompt start
ds4: V4.1 stage layer=0 pos=0 rows=2048 hc/engram=20.128 ms
ds4: V4.1 stage layer=0 pos=0 rows=2048 attention projections=7.051 ms
ds4: V4.1 stage layer=0 pos=0 rows=2048 attention core/index=17.001 ms
ds4: V4.1 stage layer=0 pos=0 rows=2048 attention output=13.695 ms
ds4: V4.1 stage layer=0 pos=0 rows=2048 hc/ffn norm=9.421 ms
ds4: V4.1 stage layer=0 pos=0 rows=2048 shared/routed ffn=75.303 ms
ds4: V4.1 stage layer=0 pos=0 rows=2048 hc expand=2.180 ms
ds4: V4.1 prefill layer=0 pos=0 rows=2048 encoder_resident=0 map=318.489 engram=0.000 encode=145.422 drain=6.289 seed=-0.000 ms
ds4: V4.1 stage layer=0 pos=2048 rows=2048 hc/engram=2.469 ms
ds4: V4.1 stage layer=0 pos=2048 rows=2048 attention projections=5.916 ms
ds4: V4.1 stage layer=0 pos=2048 rows=2048 attention core/index=10.086 ms
ds4: V4.1 stage layer=0 pos=2048 rows=2048 attention output=8.194 ms
ds4: V4.1 stage layer=0 pos=2048 rows=2048 hc/ffn norm=4.004 ms
ds4: V4.1 stage layer=0 pos=2048 rows=2048 shared/routed ffn=42.793 ms
ds4: V4.1 stage layer=0 pos=2048 rows=2048 hc expand=2.101 ms
ds4: V4.1 prefill layer=0 pos=2048 rows=2048 encoder_resident=0 map=0.000 engram=0.000 encode=75.631 drain=0.748 seed=105.992 ms
ds4: V4.1 stage layer=1 pos=0 rows=2048 hc/engram=79.152 ms
ds4: V4.1 stage layer=1 pos=0 rows=2048 attention projections=6.834 ms
ds4: V4.1 stage layer=1 pos=0 rows=2048 attention core/index=7.711 ms
ds4: V4.1 stage layer=1 pos=0 rows=2048 attention output=9.192 ms
ds4: V4.1 stage layer=1 pos=0 rows=2048 hc/ffn norm=4.092 ms
ds4: V4.1 stage layer=1 pos=0 rows=2048 shared/routed ffn=44.472 ms
ds4: V4.1 stage layer=1 pos=0 rows=2048 hc expand=2.445 ms
ds4: V4.1 prefill layer=1 pos=0 rows=2048 encoder_resident=0 map=0.433 engram=0.000 encode=153.977 drain=0.874 seed=-0.000 ms
ds4: V4.1 stage layer=1 pos=2048 rows=2048 hc/engram=28.600 ms
ds4: V4.1 stage layer=1 pos=2048 rows=2048 attention projections=5.860 ms
ds4: V4.1 stage layer=1 pos=2048 rows=2048 attention core/index=9.645 ms
ds4: V4.1 stage layer=1 pos=2048 rows=2048 attention output=7.788 ms
ds4: V4.1 stage layer=1 pos=2048 rows=2048 hc/ffn norm=3.903 ms
ds4: V4.1 stage layer=1 pos=2048 rows=2048 shared/routed ffn=43.089 ms
ds4: V4.1 stage layer=1 pos=2048 rows=2048 hc expand=2.092 ms
ds4: V4.1 prefill layer=1 pos=2048 rows=2048 encoder_resident=0 map=0.000 engram=229.271 encode=101.042 drain=0.795 seed=28.810 ms
ds4: V4.1 stage layer=2 pos=0 rows=2048 hc/engram=10.865 ms
ds4: V4.1 stage layer=2 pos=0 rows=2048 attention projections=14.363 ms
ds4: V4.1 stage layer=2 pos=0 rows=2048 attention core/index=107.490 ms
ds4: V4.1 stage layer=2 pos=0 rows=2048 attention output=8.173 ms
ds4: V4.1 stage layer=2 pos=0 rows=2048 hc/ffn norm=4.094 ms
ds4: V4.1 stage layer=2 pos=0 rows=2048 shared/routed ffn=61.523 ms
ds4: V4.1 stage layer=2 pos=0 rows=2048 hc expand=2.122 ms
ds4: V4.1 prefill layer=2 pos=0 rows=2048 encoder_resident=0 map=0.337 engram=0.000 encode=208.698 drain=0.768 seed=-0.000 ms
ds4: V4.1 stage layer=2 pos=2048 rows=2048 hc/engram=2.381 ms
ds4: V4.1 stage layer=2 pos=2048 rows=2048 attention projections=5.936 ms
ds4: V4.1 stage layer=2 pos=2048 rows=2048 attention core/index=83.785 ms
ds4: V4.1 stage layer=2 pos=2048 rows=2048 attention output=8.309 ms
ds4: V4.1 stage layer=2 pos=2048 rows=2048 hc/ffn norm=4.053 ms
ds4: V4.1 stage layer=2 pos=2048 rows=2048 shared/routed ffn=40.452 ms
ds4: V4.1 stage layer=2 pos=2048 rows=2048 hc expand=2.064 ms
ds4: V4.1 prefill layer=2 pos=2048 rows=2048 encoder_resident=0 map=0.000 engram=0.000 encode=147.020 drain=0.718 seed=103.710 ms
ds4: V4.1 stage layer=3 pos=0 rows=2048 hc/engram=9.684 ms
ds4: V4.1 stage layer=3 pos=0 rows=2048 attention projections=6.805 ms
ds4: V4.1 stage layer=3 pos=0 rows=2048 attention core/index=24.963 ms
ds4: V4.1 stage layer=3 pos=0 rows=2048 attention output=8.879 ms
ds4: V4.1 stage layer=3 pos=0 rows=2048 hc/ffn norm=4.045 ms
ds4: V4.1 stage layer=3 pos=0 rows=2048 shared/routed ffn=61.189 ms
ds4: V4.1 stage layer=3 pos=0 rows=2048 hc expand=2.096 ms
ds4: V4.1 prefill layer=3 pos=0 rows=2048 encoder_resident=0 map=0.529 engram=0.000 encode=117.732 drain=0.744 seed=-0.000 ms
ds4: V4.1 stage layer=3 pos=2048 rows=2048 hc/engram=2.408 ms
ds4: V4.1 stage layer=3 pos=2048 rows=2048 attention projections=5.934 ms
ds4: V4.1 stage layer=3 pos=2048 rows=2048 attention core/index=30.364 ms
ds4: V4.1 stage layer=3 pos=2048 rows=2048 attention output=8.346 ms
ds4: V4.1 stage layer=3 pos=2048 rows=2048 hc/ffn norm=4.061 ms
ds4: V4.1 stage layer=3 pos=2048 rows=2048 shared/routed ffn=40.832 ms
ds4: V4.1 stage layer=3 pos=2048 rows=2048 hc expand=2.088 ms
ds4: V4.1 prefill layer=3 pos=2048 rows=2048 encoder_resident=0 map=0.000 engram=0.000 encode=94.096 drain=0.743 seed=30.641 ms
ds4: V4.1 stage layer=4 pos=0 rows=2048 hc/engram=16.727 ms
ds4: V4.1 stage layer=4 pos=0 rows=2048 attention projections=11.289 ms
ds4: V4.1 stage layer=4 pos=0 rows=2048 attention core/index=24.918 ms
ds4: V4.1 stage layer=4 pos=0 rows=2048 attention output=9.179 ms
ds4: V4.1 stage layer=4 pos=0 rows=2048 hc/ffn norm=4.066 ms
ds4: V4.1 stage layer=4 pos=0 rows=2048 shared/routed ffn=61.353 ms
ds4: V4.1 stage layer=4 pos=0 rows=2048 hc expand=2.099 ms
ds4: V4.1 prefill layer=4 pos=0 rows=2048 encoder_resident=0 map=69.439 engram=0.000 encode=129.694 drain=0.915 seed=0.000 ms
ds4: V4.1 stage layer=4 pos=2048 rows=2048 hc/engram=2.364 ms
ds4: V4.1 stage layer=4 pos=2048 rows=2048 attention projections=5.960 ms
ds4: V4.1 stage layer=4 pos=2048 rows=2048 attention core/index=30.147 ms
ds4: V4.1 stage layer=4 pos=2048 rows=2048 attention output=8.199 ms
ds4: V4.1 stage layer=4 pos=2048 rows=2048 hc/ffn norm=4.044 ms
ds4: V4.1 stage layer=4 pos=2048 rows=2048 shared/routed ffn=41.003 ms
ds4: V4.1 stage layer=4 pos=2048 rows=2048 hc expand=2.131 ms
ds4: V4.1 prefill layer=4 pos=2048 rows=2048 encoder_resident=0 map=0.000 engram=0.000 encode=93.925 drain=0.837 seed=105.127 ms
ds4: V4.1 stage layer=5 pos=0 rows=2048 hc/engram=16.418 ms
ds4: V4.1 stage layer=5 pos=0 rows=2048 attention projections=14.983 ms
ds4: V4.1 stage layer=5 pos=0 rows=2048 attention core/index=31.752 ms
ds4: V4.1 stage layer=5 pos=0 rows=2048 attention output=8.855 ms
ds4: V4.1 stage layer=5 pos=0 rows=2048 hc/ffn norm=4.061 ms
ds4: V4.1 stage layer=5 pos=0 rows=2048 shared/routed ffn=62.749 ms
ds4: V4.1 stage layer=5 pos=0 rows=2048 hc expand=2.111 ms
ds4: V4.1 prefill layer=5 pos=0 rows=2048 encoder_resident=0 map=0.282 engram=0.000 encode=140.988 drain=0.737 seed=0.001 ms
ds4: V4.1 stage layer=5 pos=2048 rows=2048 hc/engram=2.348 ms
ds4: V4.1 stage layer=5 pos=2048 rows=2048 attention projections=5.904 ms
ds4: V4.1 stage layer=5 pos=2048 rows=2048 attention core/index=30.976 ms
ds4: V4.1 stage layer=5 pos=2048 rows=2048 attention output=8.695 ms
ds4: V4.1 stage layer=5 pos=2048 rows=2048 hc/ffn norm=4.038 ms
ds4: V4.1 stage layer=5 pos=2048 rows=2048 shared/routed ffn=42.029 ms
ds4: V4.1 stage layer=5 pos=2048 rows=2048 hc expand=2.082 ms
ds4: V4.1 prefill layer=5 pos=2048 rows=2048 encoder_resident=0 map=0.000 engram=0.000 encode=96.119 drain=0.774 seed=31.804 ms
ds4: V4.1 stage layer=6 pos=0 rows=2048 hc/engram=10.170 ms
ds4: V4.1 stage layer=6 pos=0 rows=2048 attention projections=15.335 ms
ds4: V4.1 stage layer=6 pos=0 rows=2048 attention core/index=25.546 ms
ds4: V4.1 stage layer=6 pos=0 rows=2048 attention output=8.944 ms
ds4: V4.1 stage layer=6 pos=0 rows=2048 hc/ffn norm=4.060 ms
ds4: V4.1 stage layer=6 pos=0 rows=2048 shared/routed ffn=59.702 ms
ds4: V4.1 stage layer=6 pos=0 rows=2048 hc expand=2.083 ms
ds4: V4.1 prefill layer=6 pos=0 rows=2048 encoder_resident=0 map=41.286 engram=0.000 encode=125.897 drain=0.770 seed=0.000 ms
ds4: V4.1 stage layer=6 pos=2048 rows=2048 hc/engram=2.383 ms
ds4: V4.1 stage layer=6 pos=2048 rows=2048 attention projections=5.919 ms
ds4: V4.1 stage layer=6 pos=2048 rows=2048 attention core/index=30.155 ms
ds4: V4.1 stage layer=6 pos=2048 rows=2048 attention output=8.213 ms
ds4: V4.1 stage layer=6 pos=2048 rows=2048 hc/ffn norm=4.050 ms
ds4: V4.1 stage layer=6 pos=2048 rows=2048 shared/routed ffn=41.452 ms
ds4: V4.1 stage layer=6 pos=2048 rows=2048 hc expand=2.086 ms
ds4: V4.1 prefill layer=6 pos=2048 rows=2048 encoder_resident=0 map=0.000 engram=0.000 encode=94.305 drain=0.730 seed=29.522 ms
ds4: V4.1 stage layer=7 pos=0 rows=2048 hc/engram=15.084 ms
ds4: V4.1 stage layer=7 pos=0 rows=2048 attention projections=11.867 ms
ds4: V4.1 stage layer=7 pos=0 rows=2048 attention core/index=25.498 ms
ds4: V4.1 stage layer=7 pos=0 rows=2048 attention output=9.096 ms
ds4: V4.1 stage layer=7 pos=0 rows=2048 hc/ffn norm=4.057 ms
ds4: V4.1 stage layer=7 pos=0 rows=2048 shared/routed ffn=60.781 ms
ds4: V4.1 stage layer=7 pos=0 rows=2048 hc expand=2.118 ms
ds4: V4.1 prefill layer=7 pos=0 rows=2048 encoder_resident=0 map=52.392 engram=0.000 encode=128.560 drain=0.741 seed=0.000 ms
ds4: V4.1 stage layer=7 pos=2048 rows=2048 hc/engram=2.357 ms
ds4: V4.1 stage layer=7 pos=2048 rows=2048 attention projections=6.122 ms
ds4: V4.1 stage layer=7 pos=2048 rows=2048 attention core/index=30.162 ms
ds4: V4.1 stage layer=7 pos=2048 rows=2048 attention output=8.208 ms
ds4: V4.1 stage layer=7 pos=2048 rows=2048 hc/ffn norm=3.987 ms
ds4: V4.1 stage layer=7 pos=2048 rows=2048 shared/routed ffn=42.046 ms
ds4: V4.1 stage layer=7 pos=2048 rows=2048 hc expand=2.106 ms
ds4: V4.1 prefill layer=7 pos=2048 rows=2048 encoder_resident=0 map=0.000 engram=0.000 encode=95.037 drain=0.763 seed=104.514 ms
ds4: V4.1 stage layer=8 pos=0 rows=2048 hc/engram=17.910 ms
ds4: V4.1 stage layer=8 pos=0 rows=2048 attention projections=9.647 ms
ds4: V4.1 stage layer=8 pos=0 rows=2048 attention core/index=105.705 ms
ds4: V4.1 stage layer=8 pos=0 rows=2048 attention output=8.148 ms
ds4: V4.1 stage layer=8 pos=0 rows=2048 hc/ffn norm=4.056 ms
ds4: V4.1 stage layer=8 pos=0 rows=2048 shared/routed ffn=60.672 ms
ds4: V4.1 stage layer=8 pos=0 rows=2048 hc expand=2.085 ms
ds4: V4.1 prefill layer=8 pos=0 rows=2048 encoder_resident=0 map=0.350 engram=0.000 encode=208.275 drain=0.752 seed=-0.000 ms
ds4: V4.1 stage layer=8 pos=2048 rows=2048 hc/engram=2.443 ms
ds4: V4.1 stage layer=8 pos=2048 rows=2048 attention projections=5.913 ms
ds4: V4.1 stage layer=8 pos=2048 rows=2048 attention core/index=83.625 ms
ds4: V4.1 stage layer=8 pos=2048 rows=2048 attention output=8.168 ms
ds4: V4.1 stage layer=8 pos=2048 rows=2048 hc/ffn norm=3.981 ms
ds4: V4.1 stage layer=8 pos=2048 rows=2048 shared/routed ffn=41.799 ms
ds4: V4.1 stage layer=8 pos=2048 rows=2048 hc expand=2.078 ms
ds4: V4.1 prefill layer=8 pos=2048 rows=2048 encoder_resident=0 map=0.000 engram=0.000 encode=148.059 drain=0.737 seed=29.611 ms
ds4: V4.1 stage layer=9 pos=0 rows=2048 hc/engram=10.012 ms
ds4: V4.1 stage layer=9 pos=0 rows=2048 attention projections=14.862 ms
ds4: V4.1 stage layer=9 pos=0 rows=2048 attention core/index=24.826 ms
ds4: V4.1 stage layer=9 pos=0 rows=2048 attention output=8.774 ms
ds4: V4.1 stage layer=9 pos=0 rows=2048 hc/ffn norm=4.025 ms
ds4: V4.1 stage layer=9 pos=0 rows=2048 shared/routed ffn=61.166 ms
ds4: V4.1 stage layer=9 pos=0 rows=2048 hc expand=2.167 ms
ds4: V4.1 prefill layer=9 pos=0 rows=2048 encoder_resident=0 map=4.049 engram=0.000 encode=125.905 drain=0.773 seed=-0.000 ms
ds4: V4.1 stage layer=9 pos=2048 rows=2048 hc/engram=2.375 ms
ds4: V4.1 stage layer=9 pos=2048 rows=2048 attention projections=5.938 ms
ds4: V4.1 stage layer=9 pos=2048 rows=2048 attention core/index=30.382 ms
ds4: V4.1 stage layer=9 pos=2048 rows=2048 attention output=8.198 ms
ds4: V4.1 stage layer=9 pos=2048 rows=2048 hc/ffn norm=4.052 ms
ds4: V4.1 stage layer=9 pos=2048 rows=2048 shared/routed ffn=41.891 ms
ds4: V4.1 stage layer=9 pos=2048 rows=2048 hc expand=2.126 ms
ds4: V4.1 prefill layer=9 pos=2048 rows=2048 encoder_resident=0 map=0.000 engram=0.000 encode=95.021 drain=0.754 seed=103.417 ms
ds4: V4.1 stage layer=10 pos=0 rows=2048 hc/engram=11.135 ms
ds4: V4.1 stage layer=10 pos=0 rows=2048 attention projections=14.224 ms
ds4: V4.1 stage layer=10 pos=0 rows=2048 attention core/index=27.699 ms
ds4: V4.1 stage layer=10 pos=0 rows=2048 attention output=10.329 ms
ds4: V4.1 stage layer=10 pos=0 rows=2048 hc/ffn norm=4.341 ms
ds4: V4.1 stage layer=10 pos=0 rows=2048 shared/routed ffn=64.095 ms
ds4: V4.1 stage layer=10 pos=0 rows=2048 hc expand=2.382 ms
ds4: V4.1 prefill layer=10 pos=0 rows=2048 encoder_resident=0 map=0.265 engram=0.000 encode=134.273 drain=0.731 seed=0.000 ms
ds4: V4.1 stage layer=10 pos=2048 rows=2048 hc/engram=2.369 ms
ds4: V4.1 stage layer=10 pos=2048 rows=2048 attention projections=6.200 ms
ds4: V4.1 stage layer=10 pos=2048 rows=2048 attention core/index=33.210 ms
ds4: V4.1 stage layer=10 pos=2048 rows=2048 attention output=8.446 ms
ds4: V4.1 stage layer=10 pos=2048 rows=2048 hc/ffn norm=4.087 ms
ds4: V4.1 stage layer=10 pos=2048 rows=2048 shared/routed ffn=44.833 ms
ds4: V4.1 stage layer=10 pos=2048 rows=2048 hc expand=2.071 ms
ds4: V4.1 prefill layer=10 pos=2048 rows=2048 encoder_resident=0 map=0.000 engram=0.000 encode=101.271 drain=0.745 seed=30.329 ms
ds4: V4.1 stage layer=11 pos=0 rows=2048 hc/engram=9.960 ms
ds4: V4.1 stage layer=11 pos=0 rows=2048 attention projections=7.251 ms
ds4: V4.1 stage layer=11 pos=0 rows=2048 attention core/index=26.935 ms
ds4: V4.1 stage layer=11 pos=0 rows=2048 attention output=9.320 ms
ds4: V4.1 stage layer=11 pos=0 rows=2048 hc/ffn norm=4.240 ms
ds4: V4.1 stage layer=11 pos=0 rows=2048 shared/routed ffn=60.843 ms
ds4: V4.1 stage layer=11 pos=0 rows=2048 hc expand=2.208 ms
ds4: V4.1 prefill layer=11 pos=0 rows=2048 encoder_resident=0 map=40.662 engram=0.000 encode=120.839 drain=0.767 seed=0.000 ms
ds4: V4.1 stage layer=11 pos=2048 rows=2048 hc/engram=2.388 ms
ds4: V4.1 stage layer=11 pos=2048 rows=2048 attention projections=5.964 ms
ds4: V4.1 stage layer=11 pos=2048 rows=2048 attention core/index=30.170 ms
ds4: V4.1 stage layer=11 pos=2048 rows=2048 attention output=8.187 ms
ds4: V4.1 stage layer=11 pos=2048 rows=2048 hc/ffn norm=4.328 ms
ds4: V4.1 stage layer=11 pos=2048 rows=2048 shared/routed ffn=40.891 ms
ds4: V4.1 stage layer=11 pos=2048 rows=2048 hc expand=2.076 ms
ds4: V4.1 prefill layer=11 pos=2048 rows=2048 encoder_resident=0 map=0.000 engram=0.000 encode=94.067 drain=0.766 seed=28.939 ms
ds4: V4.1 stage layer=12 pos=0 rows=2048 hc/engram=15.715 ms
ds4: V4.1 stage layer=12 pos=0 rows=2048 attention projections=11.290 ms
ds4: V4.1 stage layer=12 pos=0 rows=2048 attention core/index=25.297 ms
ds4: V4.1 stage layer=12 pos=0 rows=2048 attention output=9.158 ms
ds4: V4.1 stage layer=12 pos=0 rows=2048 hc/ffn norm=4.056 ms
ds4: V4.1 stage layer=12 pos=0 rows=2048 shared/routed ffn=63.839 ms
ds4: V4.1 stage layer=12 pos=0 rows=2048 hc expand=2.067 ms
ds4: V4.1 prefill layer=12 pos=0 rows=2048 encoder_resident=0 map=57.561 engram=0.000 encode=131.484 drain=0.745 seed=-0.000 ms
ds4: V4.1 stage layer=12 pos=2048 rows=2048 hc/engram=2.324 ms
ds4: V4.1 stage layer=12 pos=2048 rows=2048 attention projections=6.197 ms
ds4: V4.1 stage layer=12 pos=2048 rows=2048 attention core/index=30.595 ms
ds4: V4.1 stage layer=12 pos=2048 rows=2048 attention output=8.278 ms
ds4: V4.1 stage layer=12 pos=2048 rows=2048 hc/ffn norm=4.016 ms
ds4: V4.1 stage layer=12 pos=2048 rows=2048 shared/routed ffn=43.029 ms
ds4: V4.1 stage layer=12 pos=2048 rows=2048 hc expand=2.076 ms
ds4: V4.1 prefill layer=12 pos=2048 rows=2048 encoder_resident=0 map=0.000 engram=0.000 encode=96.592 drain=0.726 seed=95.560 ms
ds4: V4.1 stage layer=13 pos=0 rows=2048 hc/engram=10.315 ms
ds4: V4.1 stage layer=13 pos=0 rows=2048 attention projections=11.520 ms
ds4: V4.1 stage layer=13 pos=0 rows=2048 attention core/index=25.940 ms
ds4: V4.1 stage layer=13 pos=0 rows=2048 attention output=8.963 ms
ds4: V4.1 stage layer=13 pos=0 rows=2048 hc/ffn norm=4.091 ms
ds4: V4.1 stage layer=13 pos=0 rows=2048 shared/routed ffn=61.499 ms
ds4: V4.1 stage layer=13 pos=0 rows=2048 hc expand=2.028 ms
ds4: V4.1 prefill layer=13 pos=0 rows=2048 encoder_resident=0 map=0.286 engram=0.000 encode=124.410 drain=0.722 seed=-0.000 ms
ds4: V4.1 stage layer=13 pos=2048 rows=2048 hc/engram=2.352 ms
ds4: V4.1 stage layer=13 pos=2048 rows=2048 attention projections=5.856 ms
ds4: V4.1 stage layer=13 pos=2048 rows=2048 attention core/index=30.149 ms
ds4: V4.1 stage layer=13 pos=2048 rows=2048 attention output=8.209 ms
ds4: V4.1 stage layer=13 pos=2048 rows=2048 hc/ffn norm=4.013 ms
ds4: V4.1 stage layer=13 pos=2048 rows=2048 shared/routed ffn=42.853 ms
ds4: V4.1 stage layer=13 pos=2048 rows=2048 hc expand=2.066 ms
ds4: V4.1 prefill layer=13 pos=2048 rows=2048 encoder_resident=0 map=0.000 engram=0.000 encode=95.546 drain=0.717 seed=29.328 ms
ds4: V4.1 stage layer=14 pos=0 rows=2048 hc/engram=55.536 ms
ds4: V4.1 stage layer=14 pos=0 rows=2048 attention projections=6.382 ms
ds4: V4.1 stage layer=14 pos=0 rows=2048 attention core/index=104.108 ms
ds4: V4.1 stage layer=14 pos=0 rows=2048 attention output=8.109 ms
ds4: V4.1 stage layer=14 pos=0 rows=2048 hc/ffn norm=4.047 ms
ds4: V4.1 stage layer=14 pos=0 rows=2048 shared/routed ffn=41.108 ms
ds4: V4.1 stage layer=14 pos=0 rows=2048 hc expand=2.350 ms
ds4: V4.1 prefill layer=14 pos=0 rows=2048 encoder_resident=0 map=54.279 engram=0.000 encode=221.747 drain=0.841 seed=0.000 ms
ds4: V4.1 stage layer=14 pos=2048 rows=2048 hc/engram=19.748 ms
ds4: V4.1 stage layer=14 pos=2048 rows=2048 attention projections=6.549 ms
ds4: V4.1 stage layer=14 pos=2048 rows=2048 attention core/index=83.116 ms
ds4: V4.1 stage layer=14 pos=2048 rows=2048 attention output=8.200 ms
ds4: V4.1 stage layer=14 pos=2048 rows=2048 hc/ffn norm=4.003 ms
ds4: V4.1 stage layer=14 pos=2048 rows=2048 shared/routed ffn=40.132 ms
ds4: V4.1 stage layer=14 pos=2048 rows=2048 hc expand=2.032 ms
ds4: V4.1 prefill layer=14 pos=2048 rows=2048 encoder_resident=0 map=0.000 engram=0.000 encode=163.817 drain=0.741 seed=445.613 ms
ds4: V4.1 stage layer=15 pos=0 rows=2048 hc/engram=11.424 ms
ds4: V4.1 stage layer=15 pos=0 rows=2048 attention projections=11.996 ms
ds4: V4.1 stage layer=15 pos=0 rows=2048 attention core/index=25.858 ms
ds4: V4.1 stage layer=15 pos=0 rows=2048 attention output=13.719 ms
ds4: V4.1 stage layer=15 pos=0 rows=2048 hc/ffn norm=4.452 ms
ds4: V4.1 stage layer=15 pos=0 rows=2048 shared/routed ffn=84.118 ms
ds4: V4.1 stage layer=15 pos=0 rows=2048 hc expand=2.431 ms
ds4: V4.1 prefill layer=15 pos=0 rows=2048 encoder_resident=0 map=0.332 engram=0.000 encode=154.167 drain=0.830 seed=-0.000 ms
ds4: V4.1 stage layer=15 pos=2048 rows=2048 hc/engram=2.411 ms
ds4: V4.1 stage layer=15 pos=2048 rows=2048 attention projections=6.155 ms
ds4: V4.1 stage layer=15 pos=2048 rows=2048 attention core/index=30.328 ms
ds4: V4.1 stage layer=15 pos=2048 rows=2048 attention output=8.241 ms
ds4: V4.1 stage layer=15 pos=2048 rows=2048 hc/ffn norm=4.034 ms
ds4: V4.1 stage layer=15 pos=2048 rows=2048 shared/routed ffn=43.114 ms
ds4: V4.1 stage layer=15 pos=2048 rows=2048 hc expand=2.243 ms
ds4: V4.1 prefill layer=15 pos=2048 rows=2048 encoder_resident=0 map=0.000 engram=0.001 encode=96.605 drain=0.809 seed=54.505 ms
ds4: V4.1 stage layer=16 pos=0 rows=2048 hc/engram=18.488 ms
ds4: V4.1 stage layer=16 pos=0 rows=2048 attention projections=16.178 ms
ds4: V4.1 stage layer=16 pos=0 rows=2048 attention core/index=24.985 ms
ds4: V4.1 stage layer=16 pos=0 rows=2048 attention output=9.180 ms
ds4: V4.1 stage layer=16 pos=0 rows=2048 hc/ffn norm=17.066 ms
ds4: V4.1 stage layer=16 pos=0 rows=2048 shared/routed ffn=88.391 ms
ds4: V4.1 stage layer=16 pos=0 rows=2048 hc expand=2.128 ms
ds4: V4.1 prefill layer=16 pos=0 rows=2048 encoder_resident=0 map=148.661 engram=0.000 encode=176.509 drain=0.818 seed=-0.000 ms
ds4: V4.1 stage layer=16 pos=2048 rows=2048 hc/engram=2.379 ms
ds4: V4.1 stage layer=16 pos=2048 rows=2048 attention projections=5.943 ms
ds4: V4.1 stage layer=16 pos=2048 rows=2048 attention core/index=30.179 ms
ds4: V4.1 stage layer=16 pos=2048 rows=2048 attention output=8.249 ms
ds4: V4.1 stage layer=16 pos=2048 rows=2048 hc/ffn norm=3.999 ms
ds4: V4.1 stage layer=16 pos=2048 rows=2048 shared/routed ffn=39.437 ms
ds4: V4.1 stage layer=16 pos=2048 rows=2048 hc expand=2.059 ms
ds4: V4.1 prefill layer=16 pos=2048 rows=2048 encoder_resident=0 map=0.000 engram=0.000 encode=92.300 drain=0.751 seed=79.259 ms
ds4: V4.1 stage layer=17 pos=0 rows=2048 hc/engram=39.521 ms
ds4: V4.1 stage layer=17 pos=0 rows=2048 attention projections=11.960 ms
ds4: V4.1 stage layer=17 pos=0 rows=2048 attention core/index=25.539 ms
ds4: V4.1 stage layer=17 pos=0 rows=2048 attention output=10.333 ms
ds4: V4.1 stage layer=17 pos=0 rows=2048 hc/ffn norm=4.084 ms
ds4: V4.1 stage layer=17 pos=0 rows=2048 shared/routed ffn=93.428 ms
ds4: V4.1 stage layer=17 pos=0 rows=2048 hc expand=2.130 ms
ds4: V4.1 prefill layer=17 pos=0 rows=2048 encoder_resident=0 map=207.564 engram=0.001 encode=187.131 drain=0.854 seed=0.000 ms
ds4: V4.1 stage layer=17 pos=2048 rows=2048 hc/engram=2.418 ms
ds4: V4.1 stage layer=17 pos=2048 rows=2048 attention projections=5.947 ms
ds4: V4.1 stage layer=17 pos=2048 rows=2048 attention core/index=30.486 ms
ds4: V4.1 stage layer=17 pos=2048 rows=2048 attention output=8.263 ms
ds4: V4.1 stage layer=17 pos=2048 rows=2048 hc/ffn norm=4.128 ms
ds4: V4.1 stage layer=17 pos=2048 rows=2048 shared/routed ffn=41.933 ms
ds4: V4.1 stage layer=17 pos=2048 rows=2048 hc expand=2.190 ms
ds4: V4.1 prefill layer=17 pos=2048 rows=2048 encoder_resident=0 map=0.000 engram=0.000 encode=95.436 drain=0.832 seed=570.251 ms
ds4: V4.1 stage layer=18 pos=0 rows=2048 hc/engram=17.183 ms
ds4: V4.1 stage layer=18 pos=0 rows=2048 attention projections=16.149 ms
ds4: V4.1 stage layer=18 pos=0 rows=2048 attention core/index=34.364 ms
ds4: V4.1 stage layer=18 pos=0 rows=2048 attention output=9.156 ms
ds4: V4.1 stage layer=18 pos=0 rows=2048 hc/ffn norm=5.186 ms
ds4: V4.1 stage layer=18 pos=0 rows=2048 shared/routed ffn=826.353 ms
ds4: V4.1 stage layer=18 pos=0 rows=2048 hc expand=2.113 ms
ds4: V4.1 prefill layer=18 pos=0 rows=2048 encoder_resident=0 map=32.480 engram=0.001 encode=910.590 drain=0.789 seed=-0.000 ms
ds4: V4.1 stage layer=18 pos=2048 rows=2048 hc/engram=2.347 ms
ds4: V4.1 stage layer=18 pos=2048 rows=2048 attention projections=5.825 ms
ds4: V4.1 stage layer=18 pos=2048 rows=2048 attention core/index=30.188 ms
ds4: V4.1 stage layer=18 pos=2048 rows=2048 attention output=7.988 ms
ds4: V4.1 stage layer=18 pos=2048 rows=2048 hc/ffn norm=3.964 ms
ds4: V4.1 stage layer=18 pos=2048 rows=2048 shared/routed ffn=41.317 ms
ds4: V4.1 stage layer=18 pos=2048 rows=2048 hc expand=2.009 ms
ds4: V4.1 prefill layer=18 pos=2048 rows=2048 encoder_resident=0 map=0.000 engram=0.001 encode=93.683 drain=0.746 seed=35.011 ms
ds4: V4.1 stage layer=19 pos=0 rows=2048 hc/engram=26.302 ms
ds4: V4.1 stage layer=19 pos=0 rows=2048 attention projections=6.890 ms
ds4: V4.1 stage layer=19 pos=0 rows=2048 attention core/index=26.554 ms
ds4: V4.1 stage layer=19 pos=0 rows=2048 attention output=12.675 ms
ds4: V4.1 stage layer=19 pos=0 rows=2048 hc/ffn norm=4.702 ms
ds4: V4.1 stage layer=19 pos=0 rows=2048 shared/routed ffn=101.140 ms
ds4: V4.1 stage layer=19 pos=0 rows=2048 hc expand=2.105 ms
ds4: V4.1 prefill layer=19 pos=0 rows=2048 encoder_resident=0 map=0.339 engram=0.000 encode=180.486 drain=0.853 seed=0.000 ms
ds4: V4.1 stage layer=19 pos=2048 rows=2048 hc/engram=2.394 ms
ds4: V4.1 stage layer=19 pos=2048 rows=2048 attention projections=6.422 ms
ds4: V4.1 stage layer=19 pos=2048 rows=2048 attention core/index=32.758 ms
ds4: V4.1 stage layer=19 pos=2048 rows=2048 attention output=8.339 ms
ds4: V4.1 stage layer=19 pos=2048 rows=2048 hc/ffn norm=4.234 ms
ds4: V4.1 stage layer=19 pos=2048 rows=2048 shared/routed ffn=46.656 ms
ds4: V4.1 stage layer=19 pos=2048 rows=2048 hc expand=2.150 ms
ds4: V4.1 prefill layer=19 pos=2048 rows=2048 encoder_resident=0 map=0.000 engram=0.000 encode=103.016 drain=0.873 seed=140.975 ms
ds4: V4.1 stage layer=20 pos=0 rows=2048 hc/engram=13.321 ms
ds4: V4.1 stage layer=20 pos=0 rows=2048 attention projections=26.437 ms
ds4: V4.1 stage layer=20 pos=0 rows=2048 attention core/index=367.226 ms
ds4: V4.1 stage layer=20 pos=0 rows=2048 attention output=8.155 ms
ds4: V4.1 stage layer=20 pos=0 rows=2048 hc/ffn norm=3.953 ms
ds4: V4.1 stage layer=20 pos=0 rows=2048 shared/routed ffn=74.417 ms
ds4: V4.1 stage layer=20 pos=0 rows=2048 hc expand=2.089 ms
ds4: V4.1 prefill layer=20 pos=0 rows=2048 encoder_resident=0 map=0.318 engram=0.000 encode=495.651 drain=0.734 seed=-0.000 ms
ds4: V4.1 stage layer=20 pos=2048 rows=2048 hc/engram=2.326 ms
ds4: V4.1 stage layer=20 pos=2048 rows=2048 attention projections=5.823 ms
ds4: V4.1 stage layer=20 pos=2048 rows=2048 attention core/index=249.349 ms
ds4: V4.1 stage layer=20 pos=2048 rows=2048 attention output=8.035 ms
ds4: V4.1 stage layer=20 pos=2048 rows=2048 hc/ffn norm=3.895 ms
ds4: V4.1 stage layer=20 pos=2048 rows=2048 shared/routed ffn=39.750 ms
ds4: V4.1 stage layer=20 pos=2048 rows=2048 hc expand=2.114 ms
ds4: V4.1 prefill layer=20 pos=2048 rows=2048 encoder_resident=0 map=0.000 engram=0.000 encode=311.352 drain=0.751 seed=30.546 ms
ds4: V4.1 stage layer=21 pos=0 rows=2048 hc/engram=11.386 ms
ds4: V4.1 stage layer=21 pos=0 rows=2048 attention projections=30.217 ms
ds4: V4.1 stage layer=21 pos=0 rows=2048 attention core/index=28.115 ms
ds4: V4.1 stage layer=21 pos=0 rows=2048 attention output=10.697 ms
ds4: V4.1 stage layer=21 pos=0 rows=2048 hc/ffn norm=8.166 ms
ds4: V4.1 stage layer=21 pos=0 rows=2048 shared/routed ffn=95.497 ms
ds4: V4.1 stage layer=21 pos=0 rows=2048 hc expand=2.254 ms
ds4: V4.1 prefill layer=21 pos=0 rows=2048 encoder_resident=0 map=0.394 engram=0.000 encode=186.406 drain=0.787 seed=-0.000 ms
ds4: V4.1 stage layer=21 pos=2048 rows=2048 hc/engram=2.408 ms
ds4: V4.1 stage layer=21 pos=2048 rows=2048 attention projections=6.267 ms
ds4: V4.1 stage layer=21 pos=2048 rows=2048 attention core/index=30.818 ms
ds4: V4.1 stage layer=21 pos=2048 rows=2048 attention output=8.302 ms
ds4: V4.1 stage layer=21 pos=2048 rows=2048 hc/ffn norm=4.066 ms
ds4: V4.1 stage layer=21 pos=2048 rows=2048 shared/routed ffn=40.902 ms
ds4: V4.1 stage layer=21 pos=2048 rows=2048 hc expand=2.114 ms
ds4: V4.1 prefill layer=21 pos=2048 rows=2048 encoder_resident=0 map=0.000 engram=0.000 encode=94.944 drain=0.754 seed=33.555 ms
ds4: V4.1 stage layer=22 pos=0 rows=2048 hc/engram=16.776 ms
ds4: V4.1 stage layer=22 pos=0 rows=2048 attention projections=9.640 ms
ds4: V4.1 stage layer=22 pos=0 rows=2048 attention core/index=27.693 ms
ds4: V4.1 stage layer=22 pos=0 rows=2048 attention output=9.328 ms
ds4: V4.1 stage layer=22 pos=0 rows=2048 hc/ffn norm=4.077 ms
ds4: V4.1 stage layer=22 pos=0 rows=2048 shared/routed ffn=69.041 ms
ds4: V4.1 stage layer=22 pos=0 rows=2048 hc expand=2.082 ms
ds4: V4.1 prefill layer=22 pos=0 rows=2048 encoder_resident=0 map=85.920 engram=0.000 encode=138.694 drain=0.730 seed=0.000 ms
ds4: V4.1 stage layer=22 pos=2048 rows=2048 hc/engram=2.375 ms
ds4: V4.1 stage layer=22 pos=2048 rows=2048 attention projections=5.879 ms
ds4: V4.1 stage layer=22 pos=2048 rows=2048 attention core/index=30.706 ms
ds4: V4.1 stage layer=22 pos=2048 rows=2048 attention output=8.121 ms
ds4: V4.1 stage layer=22 pos=2048 rows=2048 hc/ffn norm=4.061 ms
ds4: V4.1 stage layer=22 pos=2048 rows=2048 shared/routed ffn=41.354 ms
ds4: V4.1 stage layer=22 pos=2048 rows=2048 hc expand=2.075 ms
ds4: V4.1 prefill layer=22 pos=2048 rows=2048 encoder_resident=0 map=0.000 engram=0.000 encode=94.620 drain=0.739 seed=149.243 ms
ds4: V4.1 stage layer=23 pos=0 rows=2048 hc/engram=21.114 ms
ds4: V4.1 stage layer=23 pos=0 rows=2048 attention projections=10.960 ms
ds4: V4.1 stage layer=23 pos=0 rows=2048 attention core/index=27.393 ms
ds4: V4.1 stage layer=23 pos=0 rows=2048 attention output=8.750 ms
ds4: V4.1 stage layer=23 pos=0 rows=2048 hc/ffn norm=4.053 ms
ds4: V4.1 stage layer=23 pos=0 rows=2048 shared/routed ffn=88.904 ms
ds4: V4.1 stage layer=23 pos=0 rows=2048 hc expand=2.110 ms
ds4: V4.1 prefill layer=23 pos=0 rows=2048 encoder_resident=0 map=0.278 engram=0.001 encode=163.364 drain=0.754 seed=-0.000 ms
ds4: V4.1 stage layer=23 pos=2048 rows=2048 hc/engram=2.425 ms
ds4: V4.1 stage layer=23 pos=2048 rows=2048 attention projections=5.959 ms
ds4: V4.1 stage layer=23 pos=2048 rows=2048 attention core/index=30.182 ms
ds4: V4.1 stage layer=23 pos=2048 rows=2048 attention output=8.198 ms
ds4: V4.1 stage layer=23 pos=2048 rows=2048 hc/ffn norm=4.092 ms
ds4: V4.1 stage layer=23 pos=2048 rows=2048 shared/routed ffn=43.217 ms
ds4: V4.1 stage layer=23 pos=2048 rows=2048 hc expand=2.079 ms
ds4: V4.1 prefill layer=23 pos=2048 rows=2048 encoder_resident=0 map=0.000 engram=0.000 encode=96.226 drain=0.741 seed=34.894 ms
ds4: V4.1 stage layer=24 pos=0 rows=2048 hc/engram=10.482 ms
ds4: V4.1 stage layer=24 pos=0 rows=2048 attention projections=7.760 ms
ds4: V4.1 stage layer=24 pos=0 rows=2048 attention core/index=78.835 ms
ds4: V4.1 stage layer=24 pos=0 rows=2048 attention output=8.344 ms
ds4: V4.1 stage layer=24 pos=0 rows=2048 hc/ffn norm=8.957 ms
ds4: V4.1 stage layer=24 pos=0 rows=2048 shared/routed ffn=113.045 ms
ds4: V4.1 stage layer=24 pos=0 rows=2048 hc expand=2.127 ms
ds4: V4.1 prefill layer=24 pos=0 rows=2048 encoder_resident=0 map=31.488 engram=0.000 encode=229.624 drain=0.763 seed=0.000 ms
ds4: V4.1 stage layer=24 pos=2048 rows=2048 hc/engram=2.404 ms
ds4: V4.1 stage layer=24 pos=2048 rows=2048 attention projections=5.971 ms
ds4: V4.1 stage layer=24 pos=2048 rows=2048 attention core/index=68.257 ms
ds4: V4.1 stage layer=24 pos=2048 rows=2048 attention output=8.223 ms
ds4: V4.1 stage layer=24 pos=2048 rows=2048 hc/ffn norm=4.055 ms
ds4: V4.1 stage layer=24 pos=2048 rows=2048 shared/routed ffn=42.162 ms
ds4: V4.1 stage layer=24 pos=2048 rows=2048 hc expand=2.452 ms
ds4: V4.1 prefill layer=24 pos=2048 rows=2048 encoder_resident=0 map=0.000 engram=0.000 encode=133.634 drain=0.992 seed=160.700 ms
ds4: V4.1 stage layer=25 pos=0 rows=2048 hc/engram=11.034 ms
ds4: V4.1 stage layer=25 pos=0 rows=2048 attention projections=15.883 ms
ds4: V4.1 stage layer=25 pos=0 rows=2048 attention core/index=27.482 ms
ds4: V4.1 stage layer=25 pos=0 rows=2048 attention output=10.023 ms
ds4: V4.1 stage layer=25 pos=0 rows=2048 hc/ffn norm=4.960 ms
ds4: V4.1 stage layer=25 pos=0 rows=2048 shared/routed ffn=80.908 ms
ds4: V4.1 stage layer=25 pos=0 rows=2048 hc expand=2.212 ms
ds4: V4.1 prefill layer=25 pos=0 rows=2048 encoder_resident=0 map=0.397 engram=0.000 encode=152.579 drain=0.852 seed=0.000 ms
ds4: V4.1 stage layer=25 pos=2048 rows=2048 hc/engram=2.467 ms
ds4: V4.1 stage layer=25 pos=2048 rows=2048 attention projections=6.219 ms
ds4: V4.1 stage layer=25 pos=2048 rows=2048 attention core/index=30.684 ms
ds4: V4.1 stage layer=25 pos=2048 rows=2048 attention output=8.267 ms
ds4: V4.1 stage layer=25 pos=2048 rows=2048 hc/ffn norm=4.080 ms
ds4: V4.1 stage layer=25 pos=2048 rows=2048 shared/routed ffn=41.444 ms
ds4: V4.1 stage layer=25 pos=2048 rows=2048 hc expand=2.193 ms
ds4: V4.1 prefill layer=25 pos=2048 rows=2048 encoder_resident=0 map=0.000 engram=0.000 encode=95.501 drain=0.856 seed=49.602 ms
ds4: V4.1 stage layer=26 pos=0 rows=2048 hc/engram=11.841 ms
ds4: V4.1 stage layer=26 pos=0 rows=2048 attention projections=20.664 ms
ds4: V4.1 stage layer=26 pos=0 rows=2048 attention core/index=44.607 ms
ds4: V4.1 stage layer=26 pos=0 rows=2048 attention output=9.214 ms
ds4: V4.1 stage layer=26 pos=0 rows=2048 hc/ffn norm=4.322 ms
ds4: V4.1 stage layer=26 pos=0 rows=2048 shared/routed ffn=82.339 ms
ds4: V4.1 stage layer=26 pos=0 rows=2048 hc expand=2.181 ms
ds4: V4.1 prefill layer=26 pos=0 rows=2048 encoder_resident=0 map=51.364 engram=0.001 encode=175.329 drain=0.805 seed=-0.000 ms
ds4: V4.1 stage layer=26 pos=2048 rows=2048 hc/engram=2.407 ms
ds4: V4.1 stage layer=26 pos=2048 rows=2048 attention projections=5.951 ms
ds4: V4.1 stage layer=26 pos=2048 rows=2048 attention core/index=30.530 ms
ds4: V4.1 stage layer=26 pos=2048 rows=2048 attention output=8.161 ms
ds4: V4.1 stage layer=26 pos=2048 rows=2048 hc/ffn norm=4.051 ms
ds4: V4.1 stage layer=26 pos=2048 rows=2048 shared/routed ffn=40.739 ms
ds4: V4.1 stage layer=26 pos=2048 rows=2048 hc expand=2.103 ms
ds4: V4.1 prefill layer=26 pos=2048 rows=2048 encoder_resident=0 map=0.000 engram=0.000 encode=93.998 drain=0.756 seed=40.666 ms
ds4: V4.1 stage layer=27 pos=0 rows=2048 hc/engram=13.271 ms
ds4: V4.1 stage layer=27 pos=0 rows=2048 attention projections=21.143 ms
ds4: V4.1 stage layer=27 pos=0 rows=2048 attention core/index=28.022 ms
ds4: V4.1 stage layer=27 pos=0 rows=2048 attention output=8.800 ms
ds4: V4.1 stage layer=27 pos=0 rows=2048 hc/ffn norm=4.114 ms
ds4: V4.1 stage layer=27 pos=0 rows=2048 shared/routed ffn=81.685 ms
ds4: V4.1 stage layer=27 pos=0 rows=2048 hc expand=2.068 ms
ds4: V4.1 prefill layer=27 pos=0 rows=2048 encoder_resident=0 map=38.236 engram=0.001 encode=159.149 drain=0.726 seed=0.000 ms
ds4: V4.1 stage layer=27 pos=2048 rows=2048 hc/engram=2.335 ms
ds4: V4.1 stage layer=27 pos=2048 rows=2048 attention projections=5.803 ms
ds4: V4.1 stage layer=27 pos=2048 rows=2048 attention core/index=30.084 ms
ds4: V4.1 stage layer=27 pos=2048 rows=2048 attention output=8.185 ms
ds4: V4.1 stage layer=27 pos=2048 rows=2048 hc/ffn norm=4.069 ms
ds4: V4.1 stage layer=27 pos=2048 rows=2048 shared/routed ffn=42.114 ms
ds4: V4.1 stage layer=27 pos=2048 rows=2048 hc expand=2.094 ms
ds4: V4.1 prefill layer=27 pos=2048 rows=2048 encoder_resident=0 map=0.000 engram=0.000 encode=94.741 drain=0.766 seed=192.657 ms
ds4: V4.1 stage layer=28 pos=0 rows=2048 hc/engram=18.787 ms
ds4: V4.1 stage layer=28 pos=0 rows=2048 attention projections=14.943 ms
ds4: V4.1 stage layer=28 pos=0 rows=2048 attention core/index=79.933 ms
ds4: V4.1 stage layer=28 pos=0 rows=2048 attention output=8.235 ms
ds4: V4.1 stage layer=28 pos=0 rows=2048 hc/ffn norm=4.135 ms
ds4: V4.1 stage layer=28 pos=0 rows=2048 shared/routed ffn=79.545 ms
ds4: V4.1 stage layer=28 pos=0 rows=2048 hc expand=2.117 ms
ds4: V4.1 prefill layer=28 pos=0 rows=2048 encoder_resident=0 map=30.541 engram=0.000 encode=207.762 drain=0.823 seed=-0.000 ms
ds4: V4.1 stage layer=28 pos=2048 rows=2048 hc/engram=2.424 ms
ds4: V4.1 stage layer=28 pos=2048 rows=2048 attention projections=5.969 ms
ds4: V4.1 stage layer=28 pos=2048 rows=2048 attention core/index=69.320 ms
ds4: V4.1 stage layer=28 pos=2048 rows=2048 attention output=8.594 ms
ds4: V4.1 stage layer=28 pos=2048 rows=2048 hc/ffn norm=4.117 ms
ds4: V4.1 stage layer=28 pos=2048 rows=2048 shared/routed ffn=43.912 ms
ds4: V4.1 stage layer=28 pos=2048 rows=2048 hc expand=2.190 ms
ds4: V4.1 prefill layer=28 pos=2048 rows=2048 encoder_resident=0 map=0.000 engram=0.000 encode=136.575 drain=0.850 seed=30.351 ms
ds4: V4.1 stage layer=29 pos=0 rows=2048 hc/engram=12.306 ms
ds4: V4.1 stage layer=29 pos=0 rows=2048 attention projections=15.638 ms
ds4: V4.1 stage layer=29 pos=0 rows=2048 attention core/index=32.014 ms
ds4: V4.1 stage layer=29 pos=0 rows=2048 attention output=9.094 ms
ds4: V4.1 stage layer=29 pos=0 rows=2048 hc/ffn norm=4.408 ms
ds4: V4.1 stage layer=29 pos=0 rows=2048 shared/routed ffn=91.508 ms
ds4: V4.1 stage layer=29 pos=0 rows=2048 hc expand=2.270 ms
ds4: V4.1 prefill layer=29 pos=0 rows=2048 encoder_resident=0 map=0.330 engram=0.000 encode=167.303 drain=0.769 seed=0.000 ms
ds4: V4.1 stage layer=29 pos=2048 rows=2048 hc/engram=2.506 ms
ds4: V4.1 stage layer=29 pos=2048 rows=2048 attention projections=6.541 ms
ds4: V4.1 stage layer=29 pos=2048 rows=2048 attention core/index=33.996 ms
ds4: V4.1 stage layer=29 pos=2048 rows=2048 attention output=8.921 ms
ds4: V4.1 stage layer=29 pos=2048 rows=2048 hc/ffn norm=4.359 ms
ds4: V4.1 stage layer=29 pos=2048 rows=2048 shared/routed ffn=48.813 ms
ds4: V4.1 stage layer=29 pos=2048 rows=2048 hc expand=2.376 ms
ds4: V4.1 prefill layer=29 pos=2048 rows=2048 encoder_resident=0 map=0.000 engram=0.000 encode=107.589 drain=0.751 seed=164.949 ms
ds4: V4.1 stage layer=30 pos=0 rows=2048 hc/engram=20.642 ms
ds4: V4.1 stage layer=30 pos=0 rows=2048 attention projections=25.231 ms
ds4: V4.1 stage layer=30 pos=0 rows=2048 attention core/index=30.844 ms
ds4: V4.1 stage layer=30 pos=0 rows=2048 attention output=9.079 ms
ds4: V4.1 stage layer=30 pos=0 rows=2048 hc/ffn norm=4.274 ms
ds4: V4.1 stage layer=30 pos=0 rows=2048 shared/routed ffn=93.761 ms
ds4: V4.1 stage layer=30 pos=0 rows=2048 hc expand=2.207 ms
ds4: V4.1 prefill layer=30 pos=0 rows=2048 encoder_resident=0 map=0.450 engram=0.000 encode=186.112 drain=0.774 seed=-0.000 ms
ds4: V4.1 stage layer=30 pos=2048 rows=2048 hc/engram=2.499 ms
ds4: V4.1 stage layer=30 pos=2048 rows=2048 attention projections=6.323 ms
ds4: V4.1 stage layer=30 pos=2048 rows=2048 attention core/index=32.914 ms
ds4: V4.1 stage layer=30 pos=2048 rows=2048 attention output=8.983 ms
ds4: V4.1 stage layer=30 pos=2048 rows=2048 hc/ffn norm=4.307 ms
ds4: V4.1 stage layer=30 pos=2048 rows=2048 shared/routed ffn=51.569 ms
ds4: V4.1 stage layer=30 pos=2048 rows=2048 hc expand=2.235 ms
ds4: V4.1 prefill layer=30 pos=2048 rows=2048 encoder_resident=0 map=0.000 engram=0.000 encode=108.899 drain=0.773 seed=39.620 ms
ds4: V4.1 stage layer=31 pos=0 rows=2048 hc/engram=13.812 ms
ds4: V4.1 stage layer=31 pos=0 rows=2048 attention projections=39.892 ms
ds4: V4.1 stage layer=31 pos=0 rows=2048 attention core/index=31.272 ms
ds4: V4.1 stage layer=31 pos=0 rows=2048 attention output=11.099 ms
ds4: V4.1 stage layer=31 pos=0 rows=2048 hc/ffn norm=4.471 ms
ds4: V4.1 stage layer=31 pos=0 rows=2048 shared/routed ffn=118.699 ms
ds4: V4.1 stage layer=31 pos=0 rows=2048 hc expand=2.187 ms
ds4: V4.1 prefill layer=31 pos=0 rows=2048 encoder_resident=0 map=25.019 engram=0.001 encode=221.503 drain=0.808 seed=0.000 ms
ds4: V4.1 stage layer=31 pos=2048 rows=2048 hc/engram=2.544 ms
ds4: V4.1 stage layer=31 pos=2048 rows=2048 attention projections=6.141 ms
ds4: V4.1 stage layer=31 pos=2048 rows=2048 attention core/index=32.842 ms
ds4: V4.1 stage layer=31 pos=2048 rows=2048 attention output=8.710 ms
ds4: V4.1 stage layer=31 pos=2048 rows=2048 hc/ffn norm=4.259 ms
ds4: V4.1 stage layer=31 pos=2048 rows=2048 shared/routed ffn=45.152 ms
ds4: V4.1 stage layer=31 pos=2048 rows=2048 hc expand=2.194 ms
ds4: V4.1 prefill layer=31 pos=2048 rows=2048 encoder_resident=0 map=0.000 engram=0.000 encode=101.909 drain=0.748 seed=35.999 ms
ds4: V4.1 stage layer=32 pos=0 rows=2048 hc/engram=11.759 ms
ds4: V4.1 stage layer=32 pos=0 rows=2048 attention projections=25.473 ms
ds4: V4.1 stage layer=32 pos=0 rows=2048 attention core/index=86.909 ms
ds4: V4.1 stage layer=32 pos=0 rows=2048 attention output=8.614 ms
ds4: V4.1 stage layer=32 pos=0 rows=2048 hc/ffn norm=4.257 ms
ds4: V4.1 stage layer=32 pos=0 rows=2048 shared/routed ffn=168.898 ms
ds4: V4.1 stage layer=32 pos=0 rows=2048 hc expand=2.466 ms
ds4: V4.1 prefill layer=32 pos=0 rows=2048 encoder_resident=0 map=24.301 engram=0.000 encode=308.518 drain=0.891 seed=-0.000 ms
ds4: V4.1 stage layer=32 pos=2048 rows=2048 hc/engram=2.832 ms
ds4: V4.1 stage layer=32 pos=2048 rows=2048 attention projections=6.404 ms
ds4: V4.1 stage layer=32 pos=2048 rows=2048 attention core/index=73.269 ms
ds4: V4.1 stage layer=32 pos=2048 rows=2048 attention output=8.558 ms
ds4: V4.1 stage layer=32 pos=2048 rows=2048 hc/ffn norm=4.174 ms
ds4: V4.1 stage layer=32 pos=2048 rows=2048 shared/routed ffn=46.273 ms
ds4: V4.1 stage layer=32 pos=2048 rows=2048 hc expand=2.175 ms
ds4: V4.1 prefill layer=32 pos=2048 rows=2048 encoder_resident=0 map=0.000 engram=0.000 encode=143.731 drain=0.709 seed=158.938 ms
ds4: V4.1 stage layer=33 pos=0 rows=2048 hc/engram=13.645 ms
ds4: V4.1 stage layer=33 pos=0 rows=2048 attention projections=21.990 ms
ds4: V4.1 stage layer=33 pos=0 rows=2048 attention core/index=35.408 ms
ds4: V4.1 stage layer=33 pos=0 rows=2048 attention output=8.842 ms
ds4: V4.1 stage layer=33 pos=0 rows=2048 hc/ffn norm=4.276 ms
ds4: V4.1 stage layer=33 pos=0 rows=2048 shared/routed ffn=83.740 ms
ds4: V4.1 stage layer=33 pos=0 rows=2048 hc expand=2.160 ms
ds4: V4.1 prefill layer=33 pos=0 rows=2048 encoder_resident=0 map=0.364 engram=0.000 encode=170.133 drain=0.847 seed=-0.000 ms
ds4: V4.1 stage layer=33 pos=2048 rows=2048 hc/engram=2.531 ms
ds4: V4.1 stage layer=33 pos=2048 rows=2048 attention projections=6.099 ms
ds4: V4.1 stage layer=33 pos=2048 rows=2048 attention core/index=31.832 ms
ds4: V4.1 stage layer=33 pos=2048 rows=2048 attention output=8.593 ms
ds4: V4.1 stage layer=33 pos=2048 rows=2048 hc/ffn norm=4.428 ms
ds4: V4.1 stage layer=33 pos=2048 rows=2048 shared/routed ffn=45.792 ms
ds4: V4.1 stage layer=33 pos=2048 rows=2048 hc expand=2.196 ms
ds4: V4.1 prefill layer=33 pos=2048 rows=2048 encoder_resident=0 map=0.000 engram=0.000 encode=101.540 drain=0.773 seed=36.115 ms
ds4: V4.1 stage layer=34 pos=0 rows=2048 hc/engram=19.086 ms
ds4: V4.1 stage layer=34 pos=0 rows=2048 attention projections=10.049 ms
ds4: V4.1 stage layer=34 pos=0 rows=2048 attention core/index=29.777 ms
ds4: V4.1 stage layer=34 pos=0 rows=2048 attention output=9.392 ms
ds4: V4.1 stage layer=34 pos=0 rows=2048 hc/ffn norm=4.325 ms
ds4: V4.1 stage layer=34 pos=0 rows=2048 shared/routed ffn=87.517 ms
ds4: V4.1 stage layer=34 pos=0 rows=2048 hc expand=2.241 ms
ds4: V4.1 prefill layer=34 pos=0 rows=2048 encoder_resident=0 map=49.804 engram=0.000 encode=162.466 drain=0.796 seed=-0.000 ms
ds4: V4.1 stage layer=34 pos=2048 rows=2048 hc/engram=2.567 ms
ds4: V4.1 stage layer=34 pos=2048 rows=2048 attention projections=6.385 ms
ds4: V4.1 stage layer=34 pos=2048 rows=2048 attention core/index=33.334 ms
ds4: V4.1 stage layer=34 pos=2048 rows=2048 attention output=8.861 ms
ds4: V4.1 stage layer=34 pos=2048 rows=2048 hc/ffn norm=4.363 ms
ds4: V4.1 stage layer=34 pos=2048 rows=2048 shared/routed ffn=48.913 ms
ds4: V4.1 stage layer=34 pos=2048 rows=2048 hc expand=2.284 ms
ds4: V4.1 prefill layer=34 pos=2048 rows=2048 encoder_resident=0 map=0.000 engram=0.000 encode=106.786 drain=0.770 seed=214.204 ms
ds4: V4.1 stage layer=35 pos=0 rows=2048 hc/engram=13.478 ms
ds4: V4.1 stage layer=35 pos=0 rows=2048 attention projections=8.999 ms
ds4: V4.1 stage layer=35 pos=0 rows=2048 attention core/index=35.359 ms
ds4: V4.1 stage layer=35 pos=0 rows=2048 attention output=8.912 ms
ds4: V4.1 stage layer=35 pos=0 rows=2048 hc/ffn norm=4.284 ms
ds4: V4.1 stage layer=35 pos=0 rows=2048 shared/routed ffn=90.779 ms
ds4: V4.1 stage layer=35 pos=0 rows=2048 hc expand=2.177 ms
ds4: V4.1 prefill layer=35 pos=0 rows=2048 encoder_resident=0 map=0.307 engram=0.000 encode=164.062 drain=0.848 seed=-0.000 ms
ds4: V4.1 stage layer=35 pos=2048 rows=2048 hc/engram=2.508 ms
ds4: V4.1 stage layer=35 pos=2048 rows=2048 attention projections=6.232 ms
ds4: V4.1 stage layer=35 pos=2048 rows=2048 attention core/index=31.822 ms
ds4: V4.1 stage layer=35 pos=2048 rows=2048 attention output=8.522 ms
ds4: V4.1 stage layer=35 pos=2048 rows=2048 hc/ffn norm=4.275 ms
ds4: V4.1 stage layer=35 pos=2048 rows=2048 shared/routed ffn=45.187 ms
ds4: V4.1 stage layer=35 pos=2048 rows=2048 hc expand=2.491 ms
ds4: V4.1 prefill layer=35 pos=2048 rows=2048 encoder_resident=0 map=0.000 engram=0.001 encode=101.134 drain=0.839 seed=49.630 ms
ds4: V4.1 stage layer=36 pos=0 rows=2048 hc/engram=14.475 ms
ds4: V4.1 stage layer=36 pos=0 rows=2048 attention projections=22.372 ms
ds4: V4.1 stage layer=36 pos=0 rows=2048 attention core/index=83.409 ms
ds4: V4.1 stage layer=36 pos=0 rows=2048 attention output=8.577 ms
ds4: V4.1 stage layer=36 pos=0 rows=2048 hc/ffn norm=4.347 ms
ds4: V4.1 stage layer=36 pos=0 rows=2048 shared/routed ffn=123.097 ms
ds4: V4.1 stage layer=36 pos=0 rows=2048 hc expand=2.197 ms
ds4: V4.1 prefill layer=36 pos=0 rows=2048 encoder_resident=0 map=36.311 engram=0.000 encode=258.556 drain=0.802 seed=0.000 ms
ds4: V4.1 stage layer=36 pos=2048 rows=2048 hc/engram=2.474 ms
ds4: V4.1 stage layer=36 pos=2048 rows=2048 attention projections=6.249 ms
ds4: V4.1 stage layer=36 pos=2048 rows=2048 attention core/index=72.114 ms
ds4: V4.1 stage layer=36 pos=2048 rows=2048 attention output=8.402 ms
ds4: V4.1 stage layer=36 pos=2048 rows=2048 hc/ffn norm=4.275 ms
ds4: V4.1 stage layer=36 pos=2048 rows=2048 shared/routed ffn=45.308 ms
ds4: V4.1 stage layer=36 pos=2048 rows=2048 hc expand=2.158 ms
ds4: V4.1 prefill layer=36 pos=2048 rows=2048 encoder_resident=0 map=0.000 engram=0.000 encode=141.033 drain=0.730 seed=209.184 ms
ds4: V4.1 stage layer=37 pos=0 rows=2048 hc/engram=17.116 ms
ds4: V4.1 stage layer=37 pos=0 rows=2048 attention projections=29.417 ms
ds4: V4.1 stage layer=37 pos=0 rows=2048 attention core/index=30.896 ms
ds4: V4.1 stage layer=37 pos=0 rows=2048 attention output=9.212 ms
ds4: V4.1 stage layer=37 pos=0 rows=2048 hc/ffn norm=4.132 ms
ds4: V4.1 stage layer=37 pos=0 rows=2048 shared/routed ffn=125.450 ms
ds4: V4.1 stage layer=37 pos=0 rows=2048 hc expand=2.178 ms
ds4: V4.1 prefill layer=37 pos=0 rows=2048 encoder_resident=0 map=0.327 engram=0.000 encode=218.504 drain=0.816 seed=-0.000 ms
ds4: V4.1 stage layer=37 pos=2048 rows=2048 hc/engram=2.482 ms
ds4: V4.1 stage layer=37 pos=2048 rows=2048 attention projections=6.045 ms
ds4: V4.1 stage layer=37 pos=2048 rows=2048 attention core/index=31.483 ms
ds4: V4.1 stage layer=37 pos=2048 rows=2048 attention output=8.530 ms
ds4: V4.1 stage layer=37 pos=2048 rows=2048 hc/ffn norm=4.157 ms
ds4: V4.1 stage layer=37 pos=2048 rows=2048 shared/routed ffn=44.503 ms
ds4: V4.1 stage layer=37 pos=2048 rows=2048 hc expand=2.179 ms
ds4: V4.1 prefill layer=37 pos=2048 rows=2048 encoder_resident=0 map=0.000 engram=0.000 encode=99.479 drain=0.788 seed=41.280 ms
ds4: V4.1 stage layer=38 pos=0 rows=2048 hc/engram=15.021 ms
ds4: V4.1 stage layer=38 pos=0 rows=2048 attention projections=18.888 ms
ds4: V4.1 stage layer=38 pos=0 rows=2048 attention core/index=32.200 ms
ds4: V4.1 stage layer=38 pos=0 rows=2048 attention output=22.673 ms
ds4: V4.1 stage layer=38 pos=0 rows=2048 hc/ffn norm=4.232 ms
ds4: V4.1 stage layer=38 pos=0 rows=2048 shared/routed ffn=229.536 ms
ds4: V4.1 stage layer=38 pos=0 rows=2048 hc expand=2.296 ms
ds4: V4.1 prefill layer=38 pos=0 rows=2048 encoder_resident=0 map=40.327 engram=0.000 encode=325.114 drain=0.833 seed=0.000 ms
ds4: V4.1 stage layer=38 pos=2048 rows=2048 hc/engram=2.387 ms
ds4: V4.1 stage layer=38 pos=2048 rows=2048 attention projections=6.009 ms
ds4: V4.1 stage layer=38 pos=2048 rows=2048 attention core/index=30.240 ms
ds4: V4.1 stage layer=38 pos=2048 rows=2048 attention output=8.227 ms
ds4: V4.1 stage layer=38 pos=2048 rows=2048 hc/ffn norm=4.126 ms
ds4: V4.1 stage layer=38 pos=2048 rows=2048 shared/routed ffn=42.829 ms
ds4: V4.1 stage layer=38 pos=2048 rows=2048 hc expand=2.205 ms
ds4: V4.1 prefill layer=38 pos=2048 rows=2048 encoder_resident=0 map=0.000 engram=0.000 encode=96.104 drain=0.784 seed=44.103 ms
ds4: V4.1 stage layer=39 pos=0 rows=2048 hc/engram=12.405 ms
ds4: V4.1 stage layer=39 pos=0 rows=2048 attention projections=16.603 ms
ds4: V4.1 stage layer=39 pos=0 rows=2048 attention core/index=28.217 ms
ds4: V4.1 stage layer=39 pos=0 rows=2048 attention output=8.462 ms
ds4: V4.1 stage layer=39 pos=0 rows=2048 hc/ffn norm=3.971 ms
ds4: V4.1 stage layer=39 pos=0 rows=2048 shared/routed ffn=85.573 ms
ds4: V4.1 stage layer=39 pos=0 rows=2048 hc expand=2.089 ms
ds4: V4.1 prefill layer=39 pos=0 rows=2048 encoder_resident=0 map=35.823 engram=0.000 encode=157.349 drain=0.024 seed=0.000 ms
ds4: V4.1 stage layer=39 pos=2048 rows=2048 hc/engram=2.395 ms
ds4: V4.1 stage layer=39 pos=2048 rows=2048 attention projections=6.037 ms
ds4: V4.1 stage layer=39 pos=2048 rows=2048 attention core/index=31.315 ms
ds4: V4.1 stage layer=39 pos=2048 rows=2048 attention output=8.554 ms
ds4: V4.1 stage layer=39 pos=2048 rows=2048 hc/ffn norm=3.979 ms
ds4: V4.1 stage layer=39 pos=2048 rows=2048 shared/routed ffn=44.092 ms
ds4: V4.1 stage layer=39 pos=2048 rows=2048 hc expand=2.188 ms
ds4: V4.1 prefill layer=39 pos=2048 rows=2048 encoder_resident=0 map=0.000 engram=0.000 encode=98.585 drain=0.024 seed=112.132 ms
1007 00:55:15 ds4-server: chat ctx=0..4781:4781 prefill chunk 4096/4781 (85.7%) chunk=0.00 t/s avg=221.96 t/s 18.454s
ds4: V4.1 stage layer=0 pos=4096 rows=685 hc/engram=1.827 ms
ds4: V4.1 stage layer=0 pos=4096 rows=685 attention projections=24.865 ms
ds4: V4.1 stage layer=0 pos=4096 rows=685 attention core/index=8.123 ms
ds4: V4.1 stage layer=0 pos=4096 rows=685 attention output=9.366 ms
ds4: V4.1 stage layer=0 pos=4096 rows=685 hc/ffn norm=1.902 ms
ds4: V4.1 stage layer=0 pos=4096 rows=685 shared/routed ffn=68.498 ms
ds4: V4.1 stage layer=0 pos=4096 rows=685 hc expand=0.804 ms
ds4: V4.1 prefill layer=0 pos=4096 rows=685 encoder_resident=0 map=357.827 engram=0.000 encode=115.408 drain=0.035 seed=6.442 ms
ds4: V4.1 stage layer=1 pos=4096 rows=685 hc/engram=96.529 ms
ds4: V4.1 stage layer=1 pos=4096 rows=685 attention projections=3.618 ms
ds4: V4.1 stage layer=1 pos=4096 rows=685 attention core/index=32.557 ms
ds4: V4.1 stage layer=1 pos=4096 rows=685 attention output=7.696 ms
ds4: V4.1 stage layer=1 pos=4096 rows=685 hc/ffn norm=1.743 ms
ds4: V4.1 stage layer=1 pos=4096 rows=685 shared/routed ffn=25.026 ms
ds4: V4.1 stage layer=1 pos=4096 rows=685 hc expand=0.767 ms
ds4: V4.1 prefill layer=1 pos=4096 rows=685 encoder_resident=0 map=200.620 engram=392.661 encode=167.960 drain=0.036 seed=71.747 ms
ds4: V4.1 stage layer=2 pos=4096 rows=685 hc/engram=13.873 ms
ds4: V4.1 stage layer=2 pos=4096 rows=685 attention projections=6.598 ms
ds4: V4.1 stage layer=2 pos=4096 rows=685 attention core/index=40.484 ms
ds4: V4.1 stage layer=2 pos=4096 rows=685 attention output=6.133 ms
ds4: V4.1 stage layer=2 pos=4096 rows=685 hc/ffn norm=2.084 ms
ds4: V4.1 stage layer=2 pos=4096 rows=685 shared/routed ffn=78.862 ms
ds4: V4.1 stage layer=2 pos=4096 rows=685 hc expand=0.791 ms
ds4: V4.1 prefill layer=2 pos=4096 rows=685 encoder_resident=0 map=0.306 engram=0.000 encode=148.847 drain=0.027 seed=25.913 ms
ds4: V4.1 stage layer=3 pos=4096 rows=685 hc/engram=17.646 ms
ds4: V4.1 stage layer=3 pos=4096 rows=685 attention projections=15.406 ms
ds4: V4.1 stage layer=3 pos=4096 rows=685 attention core/index=19.714 ms
ds4: V4.1 stage layer=3 pos=4096 rows=685 attention output=6.974 ms
ds4: V4.1 stage layer=3 pos=4096 rows=685 hc/ffn norm=2.171 ms
ds4: V4.1 stage layer=3 pos=4096 rows=685 shared/routed ffn=145.071 ms
ds4: V4.1 stage layer=3 pos=4096 rows=685 hc expand=0.872 ms
ds4: V4.1 prefill layer=3 pos=4096 rows=685 encoder_resident=0 map=182.132 engram=0.001 encode=207.871 drain=0.036 seed=41.011 ms
ds4: V4.1 stage layer=4 pos=4096 rows=685 hc/engram=18.450 ms
ds4: V4.1 stage layer=4 pos=4096 rows=685 attention projections=25.732 ms
ds4: V4.1 stage layer=4 pos=4096 rows=685 attention core/index=12.476 ms
ds4: V4.1 stage layer=4 pos=4096 rows=685 attention output=21.264 ms
ds4: V4.1 stage layer=4 pos=4096 rows=685 hc/ffn norm=3.293 ms
ds4: V4.1 stage layer=4 pos=4096 rows=685 shared/routed ffn=94.552 ms
ds4: V4.1 stage layer=4 pos=4096 rows=685 hc expand=0.803 ms
ds4: V4.1 prefill layer=4 pos=4096 rows=685 encoder_resident=0 map=252.528 engram=0.001 encode=176.590 drain=0.025 seed=63.869 ms
ds4: V4.1 stage layer=5 pos=4096 rows=685 hc/engram=18.008 ms
ds4: V4.1 stage layer=5 pos=4096 rows=685 attention projections=21.770 ms
ds4: V4.1 stage layer=5 pos=4096 rows=685 attention core/index=14.529 ms
ds4: V4.1 stage layer=5 pos=4096 rows=685 attention output=8.072 ms
ds4: V4.1 stage layer=5 pos=4096 rows=685 hc/ffn norm=8.265 ms
ds4: V4.1 stage layer=5 pos=4096 rows=685 shared/routed ffn=76.217 ms
ds4: V4.1 stage layer=5 pos=4096 rows=685 hc expand=0.737 ms
ds4: V4.1 prefill layer=5 pos=4096 rows=685 encoder_resident=0 map=167.131 engram=0.001 encode=147.619 drain=0.028 seed=89.208 ms
ds4: V4.1 stage layer=6 pos=4096 rows=685 hc/engram=17.678 ms
ds4: V4.1 stage layer=6 pos=4096 rows=685 attention projections=20.875 ms
ds4: V4.1 stage layer=6 pos=4096 rows=685 attention core/index=13.505 ms
ds4: V4.1 stage layer=6 pos=4096 rows=685 attention output=6.932 ms
ds4: V4.1 stage layer=6 pos=4096 rows=685 hc/ffn norm=2.106 ms
ds4: V4.1 stage layer=6 pos=4096 rows=685 shared/routed ffn=93.956 ms
ds4: V4.1 stage layer=6 pos=4096 rows=685 hc expand=0.786 ms
ds4: V4.1 prefill layer=6 pos=4096 rows=685 encoder_resident=0 map=162.954 engram=0.001 encode=155.871 drain=0.027 seed=78.341 ms
ds4: V4.1 stage layer=7 pos=4096 rows=685 hc/engram=17.054 ms
ds4: V4.1 stage layer=7 pos=4096 rows=685 attention projections=29.333 ms
ds4: V4.1 stage layer=7 pos=4096 rows=685 attention core/index=16.319 ms
ds4: V4.1 stage layer=7 pos=4096 rows=685 attention output=7.944 ms
ds4: V4.1 stage layer=7 pos=4096 rows=685 hc/ffn norm=1.919 ms
ds4: V4.1 stage layer=7 pos=4096 rows=685 shared/routed ffn=91.098 ms
ds4: V4.1 stage layer=7 pos=4096 rows=685 hc expand=0.999 ms
ds4: V4.1 prefill layer=7 pos=4096 rows=685 encoder_resident=0 map=135.949 engram=0.000 encode=164.697 drain=0.108 seed=92.352 ms
ds4: V4.1 stage layer=8 pos=4096 rows=685 hc/engram=14.101 ms
ds4: V4.1 stage layer=8 pos=4096 rows=685 attention projections=23.648 ms
ds4: V4.1 stage layer=8 pos=4096 rows=685 attention core/index=33.405 ms
ds4: V4.1 stage layer=8 pos=4096 rows=685 attention output=6.049 ms
ds4: V4.1 stage layer=8 pos=4096 rows=685 hc/ffn norm=1.942 ms
ds4: V4.1 stage layer=8 pos=4096 rows=685 shared/routed ffn=69.583 ms
ds4: V4.1 stage layer=8 pos=4096 rows=685 hc expand=0.760 ms
ds4: V4.1 prefill layer=8 pos=4096 rows=685 encoder_resident=0 map=121.914 engram=0.000 encode=149.505 drain=0.030 seed=135.005 ms
ds4: V4.1 stage layer=9 pos=4096 rows=685 hc/engram=15.355 ms
ds4: V4.1 stage layer=9 pos=4096 rows=685 attention projections=11.274 ms
ds4: V4.1 stage layer=9 pos=4096 rows=685 attention core/index=14.337 ms
ds4: V4.1 stage layer=9 pos=4096 rows=685 attention output=7.391 ms
ds4: V4.1 stage layer=9 pos=4096 rows=685 hc/ffn norm=1.867 ms
ds4: V4.1 stage layer=9 pos=4096 rows=685 shared/routed ffn=73.683 ms
ds4: V4.1 stage layer=9 pos=4096 rows=685 hc expand=0.826 ms
ds4: V4.1 prefill layer=9 pos=4096 rows=685 encoder_resident=0 map=86.844 engram=0.000 encode=124.784 drain=0.171 seed=63.801 ms
ds4: V4.1 stage layer=10 pos=4096 rows=685 hc/engram=19.528 ms
ds4: V4.1 stage layer=10 pos=4096 rows=685 attention projections=29.029 ms
ds4: V4.1 stage layer=10 pos=4096 rows=685 attention core/index=12.495 ms
ds4: V4.1 stage layer=10 pos=4096 rows=685 attention output=8.996 ms
ds4: V4.1 stage layer=10 pos=4096 rows=685 hc/ffn norm=3.473 ms
ds4: V4.1 stage layer=10 pos=4096 rows=685 shared/routed ffn=153.432 ms
ds4: V4.1 stage layer=10 pos=4096 rows=685 hc expand=0.788 ms
ds4: V4.1 prefill layer=10 pos=4096 rows=685 encoder_resident=0 map=288.015 engram=0.000 encode=227.763 drain=0.027 seed=189.368 ms
ds4: V4.1 stage layer=11 pos=4096 rows=685 hc/engram=16.796 ms
ds4: V4.1 stage layer=11 pos=4096 rows=685 attention projections=33.239 ms
ds4: V4.1 stage layer=11 pos=4096 rows=685 attention core/index=11.694 ms
ds4: V4.1 stage layer=11 pos=4096 rows=685 attention output=7.163 ms
ds4: V4.1 stage layer=11 pos=4096 rows=685 hc/ffn norm=3.028 ms
ds4: V4.1 stage layer=11 pos=4096 rows=685 shared/routed ffn=101.715 ms
ds4: V4.1 stage layer=11 pos=4096 rows=685 hc expand=0.876 ms
ds4: V4.1 prefill layer=11 pos=4096 rows=685 encoder_resident=0 map=0.354 engram=0.000 encode=174.532 drain=0.037 seed=25.483 ms
ds4: V4.1 stage layer=12 pos=4096 rows=685 hc/engram=18.906 ms
ds4: V4.1 stage layer=12 pos=4096 rows=685 attention projections=37.382 ms
ds4: V4.1 stage layer=12 pos=4096 rows=685 attention core/index=17.044 ms
ds4: V4.1 stage layer=12 pos=4096 rows=685 attention output=15.963 ms
ds4: V4.1 stage layer=12 pos=4096 rows=685 hc/ffn norm=2.398 ms
ds4: V4.1 stage layer=12 pos=4096 rows=685 shared/routed ffn=78.049 ms
ds4: V4.1 stage layer=12 pos=4096 rows=685 hc expand=4.165 ms
ds4: V4.1 prefill layer=12 pos=4096 rows=685 encoder_resident=0 map=191.544 engram=0.001 encode=173.961 drain=0.044 seed=75.725 ms
ds4: V4.1 stage layer=13 pos=4096 rows=685 hc/engram=19.035 ms
ds4: V4.1 stage layer=13 pos=4096 rows=685 attention projections=44.859 ms
ds4: V4.1 stage layer=13 pos=4096 rows=685 attention core/index=18.138 ms
ds4: V4.1 stage layer=13 pos=4096 rows=685 attention output=8.333 ms
ds4: V4.1 stage layer=13 pos=4096 rows=685 hc/ffn norm=1.916 ms
ds4: V4.1 stage layer=13 pos=4096 rows=685 shared/routed ffn=95.192 ms
ds4: V4.1 stage layer=13 pos=4096 rows=685 hc expand=1.172 ms
ds4: V4.1 prefill layer=13 pos=4096 rows=685 encoder_resident=0 map=171.348 engram=0.000 encode=188.693 drain=0.052 seed=96.087 ms
ds4: V4.1 stage layer=14 pos=4096 rows=685 hc/engram=87.570 ms
ds4: V4.1 stage layer=14 pos=4096 rows=685 attention projections=3.562 ms
ds4: V4.1 stage layer=14 pos=4096 rows=685 attention core/index=37.639 ms
ds4: V4.1 stage layer=14 pos=4096 rows=685 attention output=5.942 ms
ds4: V4.1 stage layer=14 pos=4096 rows=685 hc/ffn norm=32.974 ms
ds4: V4.1 stage layer=14 pos=4096 rows=685 shared/routed ffn=19.722 ms
ds4: V4.1 stage layer=14 pos=4096 rows=685 hc expand=0.768 ms
ds4: V4.1 prefill layer=14 pos=4096 rows=685 encoder_resident=0 map=101.484 engram=392.620 encode=188.213 drain=0.043 seed=30.112 ms
ds4: V4.1 stage layer=15 pos=4096 rows=685 hc/engram=14.995 ms
ds4: V4.1 stage layer=15 pos=4096 rows=685 attention projections=17.531 ms
ds4: V4.1 stage layer=15 pos=4096 rows=685 attention core/index=11.323 ms
ds4: V4.1 stage layer=15 pos=4096 rows=685 attention output=7.103 ms
ds4: V4.1 stage layer=15 pos=4096 rows=685 hc/ffn norm=2.850 ms
ds4: V4.1 stage layer=15 pos=4096 rows=685 shared/routed ffn=91.242 ms
ds4: V4.1 stage layer=15 pos=4096 rows=685 hc expand=0.884 ms
ds4: V4.1 prefill layer=15 pos=4096 rows=685 encoder_resident=0 map=0.384 engram=0.000 encode=145.952 drain=0.044 seed=50.554 ms
ds4: V4.1 stage layer=16 pos=4096 rows=685 hc/engram=19.321 ms
ds4: V4.1 stage layer=16 pos=4096 rows=685 attention projections=24.409 ms
ds4: V4.1 stage layer=16 pos=4096 rows=685 attention core/index=12.356 ms
ds4: V4.1 stage layer=16 pos=4096 rows=685 attention output=28.984 ms
ds4: V4.1 stage layer=16 pos=4096 rows=685 hc/ffn norm=5.765 ms
ds4: V4.1 stage layer=16 pos=4096 rows=685 shared/routed ffn=91.192 ms
ds4: V4.1 stage layer=16 pos=4096 rows=685 hc expand=1.318 ms
ds4: V4.1 prefill layer=16 pos=4096 rows=685 encoder_resident=0 map=283.078 engram=0.000 encode=183.365 drain=0.031 seed=82.473 ms
ds4: V4.1 stage layer=17 pos=4096 rows=685 hc/engram=18.717 ms
ds4: V4.1 stage layer=17 pos=4096 rows=685 attention projections=41.979 ms
ds4: V4.1 stage layer=17 pos=4096 rows=685 attention core/index=16.306 ms
ds4: V4.1 stage layer=17 pos=4096 rows=685 attention output=7.084 ms
ds4: V4.1 stage layer=17 pos=4096 rows=685 hc/ffn norm=1.808 ms
ds4: V4.1 stage layer=17 pos=4096 rows=685 shared/routed ffn=102.969 ms
ds4: V4.1 stage layer=17 pos=4096 rows=685 hc expand=0.820 ms
ds4: V4.1 prefill layer=17 pos=4096 rows=685 encoder_resident=0 map=126.340 engram=0.000 encode=189.743 drain=0.034 seed=99.593 ms
ds4: V4.1 stage layer=18 pos=4096 rows=685 hc/engram=18.462 ms
ds4: V4.1 stage layer=18 pos=4096 rows=685 attention projections=36.865 ms
ds4: V4.1 stage layer=18 pos=4096 rows=685 attention core/index=12.915 ms
ds4: V4.1 stage layer=18 pos=4096 rows=685 attention output=7.336 ms
ds4: V4.1 stage layer=18 pos=4096 rows=685 hc/ffn norm=3.145 ms
ds4: V4.1 stage layer=18 pos=4096 rows=685 shared/routed ffn=97.227 ms
ds4: V4.1 stage layer=18 pos=4096 rows=685 hc expand=0.986 ms
ds4: V4.1 prefill layer=18 pos=4096 rows=685 encoder_resident=0 map=98.445 engram=0.000 encode=176.974 drain=0.057 seed=131.688 ms
ds4: V4.1 stage layer=19 pos=4096 rows=685 hc/engram=19.178 ms
ds4: V4.1 stage layer=19 pos=4096 rows=685 attention projections=39.328 ms
ds4: V4.1 stage layer=19 pos=4096 rows=685 attention core/index=15.511 ms
ds4: V4.1 stage layer=19 pos=4096 rows=685 attention output=6.543 ms
ds4: V4.1 stage layer=19 pos=4096 rows=685 hc/ffn norm=2.767 ms
ds4: V4.1 stage layer=19 pos=4096 rows=685 shared/routed ffn=88.118 ms
ds4: V4.1 stage layer=19 pos=4096 rows=685 hc expand=0.780 ms
ds4: V4.1 prefill layer=19 pos=4096 rows=685 encoder_resident=0 map=111.714 engram=0.000 encode=172.243 drain=0.026 seed=176.180 ms
ds4: V4.1 stage layer=20 pos=4096 rows=685 hc/engram=16.040 ms
ds4: V4.1 stage layer=20 pos=4096 rows=685 attention projections=37.679 ms
ds4: V4.1 stage layer=20 pos=4096 rows=685 attention core/index=119.630 ms
ds4: V4.1 stage layer=20 pos=4096 rows=685 attention output=6.047 ms
ds4: V4.1 stage layer=20 pos=4096 rows=685 hc/ffn norm=1.744 ms
ds4: V4.1 stage layer=20 pos=4096 rows=685 shared/routed ffn=86.536 ms
ds4: V4.1 stage layer=20 pos=4096 rows=685 hc expand=0.804 ms
ds4: V4.1 prefill layer=20 pos=4096 rows=685 encoder_resident=0 map=44.156 engram=0.000 encode=268.499 drain=0.030 seed=48.009 ms
ds4: V4.1 stage layer=21 pos=4096 rows=685 hc/engram=19.085 ms
ds4: V4.1 stage layer=21 pos=4096 rows=685 attention projections=42.796 ms
ds4: V4.1 stage layer=21 pos=4096 rows=685 attention core/index=12.424 ms
ds4: V4.1 stage layer=21 pos=4096 rows=685 attention output=6.827 ms
ds4: V4.1 stage layer=21 pos=4096 rows=685 hc/ffn norm=1.777 ms
ds4: V4.1 stage layer=21 pos=4096 rows=685 shared/routed ffn=111.708 ms
ds4: V4.1 stage layer=21 pos=4096 rows=685 hc expand=0.880 ms
ds4: V4.1 prefill layer=21 pos=4096 rows=685 encoder_resident=0 map=67.868 engram=0.000 encode=195.514 drain=0.074 seed=62.237 ms
ds4: V4.1 stage layer=22 pos=4096 rows=685 hc/engram=18.404 ms
ds4: V4.1 stage layer=22 pos=4096 rows=685 attention projections=34.984 ms
ds4: V4.1 stage layer=22 pos=4096 rows=685 attention core/index=16.856 ms
ds4: V4.1 stage layer=22 pos=4096 rows=685 attention output=26.296 ms
ds4: V4.1 stage layer=22 pos=4096 rows=685 hc/ffn norm=19.908 ms
ds4: V4.1 stage layer=22 pos=4096 rows=685 shared/routed ffn=100.271 ms
ds4: V4.1 stage layer=22 pos=4096 rows=685 hc expand=0.809 ms
ds4: V4.1 prefill layer=22 pos=4096 rows=685 encoder_resident=0 map=217.503 engram=0.000 encode=217.549 drain=0.032 seed=2.537 ms
ds4: V4.1 stage layer=23 pos=4096 rows=685 hc/engram=18.828 ms
ds4: V4.1 stage layer=23 pos=4096 rows=685 attention projections=28.874 ms
ds4: V4.1 stage layer=23 pos=4096 rows=685 attention core/index=12.052 ms
ds4: V4.1 stage layer=23 pos=4096 rows=685 attention output=7.058 ms
ds4: V4.1 stage layer=23 pos=4096 rows=685 hc/ffn norm=1.877 ms
ds4: V4.1 stage layer=23 pos=4096 rows=685 shared/routed ffn=120.424 ms
ds4: V4.1 stage layer=23 pos=4096 rows=685 hc expand=0.766 ms
ds4: V4.1 prefill layer=23 pos=4096 rows=685 encoder_resident=0 map=186.157 engram=0.000 encode=189.905 drain=0.027 seed=88.663 ms
ds4: V4.1 stage layer=24 pos=4096 rows=685 hc/engram=18.992 ms
ds4: V4.1 stage layer=24 pos=4096 rows=685 attention projections=31.339 ms
ds4: V4.1 stage layer=24 pos=4096 rows=685 attention core/index=28.207 ms
ds4: V4.1 stage layer=24 pos=4096 rows=685 attention output=6.119 ms
ds4: V4.1 stage layer=24 pos=4096 rows=685 hc/ffn norm=3.086 ms
ds4: V4.1 stage layer=24 pos=4096 rows=685 shared/routed ffn=77.234 ms
ds4: V4.1 stage layer=24 pos=4096 rows=685 hc expand=0.805 ms
ds4: V4.1 prefill layer=24 pos=4096 rows=685 encoder_resident=0 map=105.831 engram=0.000 encode=165.816 drain=0.052 seed=158.126 ms
ds4: V4.1 stage layer=25 pos=4096 rows=685 hc/engram=24.839 ms
ds4: V4.1 stage layer=25 pos=4096 rows=685 attention projections=11.774 ms
ds4: V4.1 stage layer=25 pos=4096 rows=685 attention core/index=17.481 ms
ds4: V4.1 stage layer=25 pos=4096 rows=685 attention output=7.349 ms
ds4: V4.1 stage layer=25 pos=4096 rows=685 hc/ffn norm=15.586 ms
ds4: V4.1 stage layer=25 pos=4096 rows=685 shared/routed ffn=105.004 ms
ds4: V4.1 stage layer=25 pos=4096 rows=685 hc expand=0.789 ms
ds4: V4.1 prefill layer=25 pos=4096 rows=685 encoder_resident=0 map=82.813 engram=0.000 encode=182.843 drain=0.031 seed=105.748 ms
ds4: V4.1 stage layer=26 pos=4096 rows=685 hc/engram=17.239 ms
ds4: V4.1 stage layer=26 pos=4096 rows=685 attention projections=27.264 ms
ds4: V4.1 stage layer=26 pos=4096 rows=685 attention core/index=14.856 ms
ds4: V4.1 stage layer=26 pos=4096 rows=685 attention output=7.734 ms
ds4: V4.1 stage layer=26 pos=4096 rows=685 hc/ffn norm=2.333 ms
ds4: V4.1 stage layer=26 pos=4096 rows=685 shared/routed ffn=137.639 ms
ds4: V4.1 stage layer=26 pos=4096 rows=685 hc expand=7.814 ms
ds4: V4.1 prefill layer=26 pos=4096 rows=685 encoder_resident=0 map=98.684 engram=0.000 encode=214.906 drain=0.096 seed=263.044 ms
ds4: V4.1 stage layer=27 pos=4096 rows=685 hc/engram=19.923 ms
ds4: V4.1 stage layer=27 pos=4096 rows=685 attention projections=44.769 ms
ds4: V4.1 stage layer=27 pos=4096 rows=685 attention core/index=12.272 ms
ds4: V4.1 stage layer=27 pos=4096 rows=685 attention output=7.105 ms
ds4: V4.1 stage layer=27 pos=4096 rows=685 hc/ffn norm=2.517 ms
ds4: V4.1 stage layer=27 pos=4096 rows=685 shared/routed ffn=122.423 ms
ds4: V4.1 stage layer=27 pos=4096 rows=685 hc expand=0.810 ms
ds4: V4.1 prefill layer=27 pos=4096 rows=685 encoder_resident=0 map=0.348 engram=0.000 encode=209.842 drain=0.055 seed=65.303 ms
ds4: V4.1 stage layer=28 pos=4096 rows=685 hc/engram=19.906 ms
ds4: V4.1 stage layer=28 pos=4096 rows=685 attention projections=23.690 ms
ds4: V4.1 stage layer=28 pos=4096 rows=685 attention core/index=47.377 ms
ds4: V4.1 stage layer=28 pos=4096 rows=685 attention output=5.963 ms
ds4: V4.1 stage layer=28 pos=4096 rows=685 hc/ffn norm=4.590 ms
ds4: V4.1 stage layer=28 pos=4096 rows=685 shared/routed ffn=172.185 ms
ds4: V4.1 stage layer=28 pos=4096 rows=685 hc expand=0.809 ms
ds4: V4.1 prefill layer=28 pos=4096 rows=685 encoder_resident=0 map=145.807 engram=0.000 encode=274.533 drain=0.025 seed=26.397 ms
ds4: V4.1 stage layer=29 pos=4096 rows=685 hc/engram=19.087 ms
ds4: V4.1 stage layer=29 pos=4096 rows=685 attention projections=39.790 ms
ds4: V4.1 stage layer=29 pos=4096 rows=685 attention core/index=15.772 ms
ds4: V4.1 stage layer=29 pos=4096 rows=685 attention output=7.726 ms
ds4: V4.1 stage layer=29 pos=4096 rows=685 hc/ffn norm=1.773 ms
ds4: V4.1 stage layer=29 pos=4096 rows=685 shared/routed ffn=84.192 ms
ds4: V4.1 stage layer=29 pos=4096 rows=685 hc expand=0.794 ms
ds4: V4.1 prefill layer=29 pos=4096 rows=685 encoder_resident=0 map=192.443 engram=0.001 encode=169.151 drain=0.028 seed=59.029 ms
ds4: V4.1 stage layer=30 pos=4096 rows=685 hc/engram=25.413 ms
ds4: V4.1 stage layer=30 pos=4096 rows=685 attention projections=13.340 ms
ds4: V4.1 stage layer=30 pos=4096 rows=685 attention core/index=11.118 ms
ds4: V4.1 stage layer=30 pos=4096 rows=685 attention output=7.050 ms
ds4: V4.1 stage layer=30 pos=4096 rows=685 hc/ffn norm=3.238 ms
ds4: V4.1 stage layer=30 pos=4096 rows=685 shared/routed ffn=105.843 ms
ds4: V4.1 stage layer=30 pos=4096 rows=685 hc expand=0.837 ms
ds4: V4.1 prefill layer=30 pos=4096 rows=685 encoder_resident=0 map=167.274 engram=0.000 encode=166.913 drain=0.052 seed=201.678 ms
ds4: V4.1 stage layer=31 pos=4096 rows=685 hc/engram=19.442 ms
ds4: V4.1 stage layer=31 pos=4096 rows=685 attention projections=26.228 ms
ds4: V4.1 stage layer=31 pos=4096 rows=685 attention core/index=12.362 ms
ds4: V4.1 stage layer=31 pos=4096 rows=685 attention output=8.250 ms
ds4: V4.1 stage layer=31 pos=4096 rows=685 hc/ffn norm=1.876 ms
ds4: V4.1 stage layer=31 pos=4096 rows=685 shared/routed ffn=86.915 ms
ds4: V4.1 stage layer=31 pos=4096 rows=685 hc expand=0.766 ms
ds4: V4.1 prefill layer=31 pos=4096 rows=685 encoder_resident=0 map=42.509 engram=0.000 encode=155.852 drain=0.026 seed=66.692 ms
ds4: V4.1 stage layer=32 pos=4096 rows=685 hc/engram=16.668 ms
ds4: V4.1 stage layer=32 pos=4096 rows=685 attention projections=10.052 ms
ds4: V4.1 stage layer=32 pos=4096 rows=685 attention core/index=36.711 ms
ds4: V4.1 stage layer=32 pos=4096 rows=685 attention output=5.894 ms
ds4: V4.1 stage layer=32 pos=4096 rows=685 hc/ffn norm=1.757 ms
ds4: V4.1 stage layer=32 pos=4096 rows=685 shared/routed ffn=131.033 ms
ds4: V4.1 stage layer=32 pos=4096 rows=685 hc expand=0.886 ms
ds4: V4.1 prefill layer=32 pos=4096 rows=685 encoder_resident=0 map=174.996 engram=0.000 encode=203.019 drain=0.027 seed=269.459 ms
ds4: V4.1 stage layer=33 pos=4096 rows=685 hc/engram=17.372 ms
ds4: V4.1 stage layer=33 pos=4096 rows=685 attention projections=32.891 ms
ds4: V4.1 stage layer=33 pos=4096 rows=685 attention core/index=11.089 ms
ds4: V4.1 stage layer=33 pos=4096 rows=685 attention output=16.043 ms
ds4: V4.1 stage layer=33 pos=4096 rows=685 hc/ffn norm=2.402 ms
ds4: V4.1 stage layer=33 pos=4096 rows=685 shared/routed ffn=159.296 ms
ds4: V4.1 stage layer=33 pos=4096 rows=685 hc expand=0.902 ms
ds4: V4.1 prefill layer=33 pos=4096 rows=685 encoder_resident=0 map=0.301 engram=0.000 encode=240.014 drain=0.027 seed=119.772 ms
ds4: V4.1 stage layer=34 pos=4096 rows=685 hc/engram=21.005 ms
ds4: V4.1 stage layer=34 pos=4096 rows=685 attention projections=43.204 ms
ds4: V4.1 stage layer=34 pos=4096 rows=685 attention core/index=12.380 ms
ds4: V4.1 stage layer=34 pos=4096 rows=685 attention output=9.047 ms
ds4: V4.1 stage layer=34 pos=4096 rows=685 hc/ffn norm=15.393 ms
ds4: V4.1 stage layer=34 pos=4096 rows=685 shared/routed ffn=116.387 ms
ds4: V4.1 stage layer=34 pos=4096 rows=685 hc expand=0.780 ms
ds4: V4.1 prefill layer=34 pos=4096 rows=685 encoder_resident=0 map=100.357 engram=0.001 encode=218.206 drain=0.021 seed=48.133 ms
ds4: V4.1 stage layer=35 pos=4096 rows=685 hc/engram=20.255 ms
ds4: V4.1 stage layer=35 pos=4096 rows=685 attention projections=40.754 ms
ds4: V4.1 stage layer=35 pos=4096 rows=685 attention core/index=17.113 ms
ds4: V4.1 stage layer=35 pos=4096 rows=685 attention output=8.958 ms
ds4: V4.1 stage layer=35 pos=4096 rows=685 hc/ffn norm=2.421 ms
ds4: V4.1 stage layer=35 pos=4096 rows=685 shared/routed ffn=107.093 ms
ds4: V4.1 stage layer=35 pos=4096 rows=685 hc expand=0.750 ms
ds4: V4.1 prefill layer=35 pos=4096 rows=685 encoder_resident=0 map=231.649 engram=0.000 encode=197.362 drain=0.022 seed=86.155 ms
ds4: V4.1 stage layer=36 pos=4096 rows=685 hc/engram=16.095 ms
ds4: V4.1 stage layer=36 pos=4096 rows=685 attention projections=40.595 ms
ds4: V4.1 stage layer=36 pos=4096 rows=685 attention core/index=34.067 ms
ds4: V4.1 stage layer=36 pos=4096 rows=685 attention output=6.020 ms
ds4: V4.1 stage layer=36 pos=4096 rows=685 hc/ffn norm=1.788 ms
ds4: V4.1 stage layer=36 pos=4096 rows=685 shared/routed ffn=81.504 ms
ds4: V4.1 stage layer=36 pos=4096 rows=685 hc expand=0.786 ms
ds4: V4.1 prefill layer=36 pos=4096 rows=685 encoder_resident=0 map=108.978 engram=0.000 encode=180.874 drain=0.025 seed=90.945 ms
ds4: V4.1 stage layer=37 pos=4096 rows=685 hc/engram=17.323 ms
ds4: V4.1 stage layer=37 pos=4096 rows=685 attention projections=20.202 ms
ds4: V4.1 stage layer=37 pos=4096 rows=685 attention core/index=11.835 ms
ds4: V4.1 stage layer=37 pos=4096 rows=685 attention output=7.832 ms
ds4: V4.1 stage layer=37 pos=4096 rows=685 hc/ffn norm=2.473 ms
ds4: V4.1 stage layer=37 pos=4096 rows=685 shared/routed ffn=114.646 ms
ds4: V4.1 stage layer=37 pos=4096 rows=685 hc expand=0.747 ms
ds4: V4.1 prefill layer=37 pos=4096 rows=685 encoder_resident=0 map=161.284 engram=0.000 encode=175.075 drain=0.026 seed=52.761 ms
ds4: V4.1 stage layer=38 pos=4096 rows=685 hc/engram=21.550 ms
ds4: V4.1 stage layer=38 pos=4096 rows=685 attention projections=40.817 ms
ds4: V4.1 stage layer=38 pos=4096 rows=685 attention core/index=15.824 ms
ds4: V4.1 stage layer=38 pos=4096 rows=685 attention output=7.184 ms
ds4: V4.1 stage layer=38 pos=4096 rows=685 hc/ffn norm=4.311 ms
ds4: V4.1 stage layer=38 pos=4096 rows=685 shared/routed ffn=138.352 ms
ds4: V4.1 stage layer=38 pos=4096 rows=685 hc expand=0.783 ms
ds4: V4.1 prefill layer=38 pos=4096 rows=685 encoder_resident=0 map=173.929 engram=0.000 encode=228.840 drain=0.028 seed=77.415 ms
ds4: V4.1 stage layer=39 pos=4096 rows=685 hc/engram=16.708 ms
ds4: V4.1 stage layer=39 pos=4096 rows=685 attention projections=52.092 ms
ds4: V4.1 stage layer=39 pos=4096 rows=685 attention core/index=30.566 ms
ds4: V4.1 stage layer=39 pos=4096 rows=685 attention output=6.621 ms
ds4: V4.1 stage layer=39 pos=4096 rows=685 hc/ffn norm=1.705 ms
ds4: V4.1 stage layer=39 pos=4096 rows=685 shared/routed ffn=83.035 ms
ds4: V4.1 stage layer=39 pos=4096 rows=685 hc expand=0.735 ms
ds4: V4.1 prefill layer=39 pos=4096 rows=685 encoder_resident=0 map=120.379 engram=0.000 encode=191.472 drain=0.021 seed=116.211 ms
1007 00:55:32 ds4-server: chat ctx=0..4781:4781 prefill chunk 4781/4781 (100.0%) chunk=39.46 t/s avg=133.49 t/s 35.815s
1007 00:55:32 ds4-server: chat ctx=0..4781:4781 prompt done 35.871s
1007 00:55:36 ds4-server: chat ctx=4781..4831:50 gen=50 decoding chunk=11.24 t/s avg=11.24 t/s 4.447s
1007 00:55:38 ds4-server: chat ctx=4831..4845:14 gen=64 decoding chunk=11.78 t/s avg=11.36 t/s 5.635s
1007 00:55:38 ds4-server: chat ctx=0..4781:4781 gen=64 finish=length 41.507s
1007 00:55:38 ds4-server: live kv cache miss live=4845 prompt=4796 common=2 vision=match reason=token-mismatch
1007 00:55:38 ds4-server: chat ctx=0..4796:4796 prompt start
ds4: V4.1 stage layer=0 pos=0 rows=2048 hc/engram=32.457 ms
ds4: V4.1 stage layer=0 pos=0 rows=2048 attention projections=7.509 ms
ds4: V4.1 stage layer=0 pos=0 rows=2048 attention core/index=70.426 ms
ds4: V4.1 stage layer=0 pos=0 rows=2048 attention output=31.716 ms
ds4: V4.1 stage layer=0 pos=0 rows=2048 hc/ffn norm=6.169 ms
ds4: V4.1 stage layer=0 pos=0 rows=2048 shared/routed ffn=131.828 ms
ds4: V4.1 stage layer=0 pos=0 rows=2048 hc expand=2.210 ms
ds4: V4.1 prefill layer=0 pos=0 rows=2048 encoder_resident=0 map=336.803 engram=0.000 encode=282.421 drain=32.697 seed=0.000 ms
ds4: V4.1 stage layer=0 pos=2048 rows=2048 hc/engram=2.491 ms
ds4: V4.1 stage layer=0 pos=2048 rows=2048 attention projections=6.065 ms
ds4: V4.1 stage layer=0 pos=2048 rows=2048 attention core/index=10.483 ms
ds4: V4.1 stage layer=0 pos=2048 rows=2048 attention output=8.088 ms
ds4: V4.1 stage layer=0 pos=2048 rows=2048 hc/ffn norm=3.955 ms
ds4: V4.1 stage layer=0 pos=2048 rows=2048 shared/routed ffn=42.867 ms
ds4: V4.1 stage layer=0 pos=2048 rows=2048 hc expand=2.071 ms
ds4: V4.1 prefill layer=0 pos=2048 rows=2048 encoder_resident=0 map=0.000 engram=0.000 encode=76.106 drain=0.721 seed=2.090 ms
ds4: V4.1 stage layer=1 pos=0 rows=2048 hc/engram=152.550 ms
ds4: V4.1 stage layer=1 pos=0 rows=2048 attention projections=7.164 ms
ds4: V4.1 stage layer=1 pos=0 rows=2048 attention core/index=8.062 ms
ds4: V4.1 stage layer=1 pos=0 rows=2048 attention output=9.050 ms
ds4: V4.1 stage layer=1 pos=0 rows=2048 hc/ffn norm=4.163 ms
ds4: V4.1 stage layer=1 pos=0 rows=2048 shared/routed ffn=44.345 ms
ds4: V4.1 stage layer=1 pos=0 rows=2048 hc expand=2.369 ms
ds4: V4.1 prefill layer=1 pos=0 rows=2048 encoder_resident=0 map=0.593 engram=0.000 encode=227.825 drain=0.798 seed=0.000 ms
ds4: V4.1 stage layer=1 pos=2048 rows=2048 hc/engram=19.325 ms
ds4: V4.1 stage layer=1 pos=2048 rows=2048 attention projections=6.133 ms
ds4: V4.1 stage layer=1 pos=2048 rows=2048 attention core/index=10.232 ms
ds4: V4.1 stage layer=1 pos=2048 rows=2048 attention output=8.205 ms
ds4: V4.1 stage layer=1 pos=2048 rows=2048 hc/ffn norm=4.290 ms
ds4: V4.1 stage layer=1 pos=2048 rows=2048 shared/routed ffn=43.212 ms
ds4: V4.1 stage layer=1 pos=2048 rows=2048 hc expand=2.127 ms
ds4: V4.1 prefill layer=1 pos=2048 rows=2048 encoder_resident=0 map=0.000 engram=0.001 encode=93.600 drain=0.860 seed=247.264 ms
ds4: V4.1 stage layer=2 pos=0 rows=2048 hc/engram=25.962 ms
ds4: V4.1 stage layer=2 pos=0 rows=2048 attention projections=25.066 ms
ds4: V4.1 stage layer=2 pos=0 rows=2048 attention core/index=108.676 ms
ds4: V4.1 stage layer=2 pos=0 rows=2048 attention output=8.361 ms
ds4: V4.1 stage layer=2 pos=0 rows=2048 hc/ffn norm=4.078 ms
ds4: V4.1 stage layer=2 pos=0 rows=2048 shared/routed ffn=136.472 ms
ds4: V4.1 stage layer=2 pos=0 rows=2048 hc expand=2.379 ms
ds4: V4.1 prefill layer=2 pos=0 rows=2048 encoder_resident=0 map=0.362 engram=0.001 encode=311.088 drain=0.869 seed=0.000 ms
ds4: V4.1 stage layer=2 pos=2048 rows=2048 hc/engram=2.517 ms
ds4: V4.1 stage layer=2 pos=2048 rows=2048 attention projections=6.297 ms
ds4: V4.1 stage layer=2 pos=2048 rows=2048 attention core/index=83.902 ms
ds4: V4.1 stage layer=2 pos=2048 rows=2048 attention output=8.237 ms
ds4: V4.1 stage layer=2 pos=2048 rows=2048 hc/ffn norm=4.170 ms
ds4: V4.1 stage layer=2 pos=2048 rows=2048 shared/routed ffn=40.880 ms
ds4: V4.1 stage layer=2 pos=2048 rows=2048 hc expand=2.054 ms
ds4: V4.1 prefill layer=2 pos=2048 rows=2048 encoder_resident=0 map=0.000 engram=0.000 encode=148.106 drain=0.764 seed=173.694 ms
ds4: V4.1 stage layer=3 pos=0 rows=2048 hc/engram=25.677 ms
ds4: V4.1 stage layer=3 pos=0 rows=2048 attention projections=39.234 ms
ds4: V4.1 stage layer=3 pos=0 rows=2048 attention core/index=25.481 ms
ds4: V4.1 stage layer=3 pos=0 rows=2048 attention output=23.088 ms
ds4: V4.1 stage layer=3 pos=0 rows=2048 hc/ffn norm=4.163 ms
ds4: V4.1 stage layer=3 pos=0 rows=2048 shared/routed ffn=152.557 ms
ds4: V4.1 stage layer=3 pos=0 rows=2048 hc expand=2.374 ms
ds4: V4.1 prefill layer=3 pos=0 rows=2048 encoder_resident=0 map=0.463 engram=0.000 encode=276.056 drain=1.093 seed=-0.000 ms
ds4: V4.1 stage layer=3 pos=2048 rows=2048 hc/engram=2.369 ms
ds4: V4.1 stage layer=3 pos=2048 rows=2048 attention projections=6.061 ms
ds4: V4.1 stage layer=3 pos=2048 rows=2048 attention core/index=30.928 ms
ds4: V4.1 stage layer=3 pos=2048 rows=2048 attention output=8.786 ms
ds4: V4.1 stage layer=3 pos=2048 rows=2048 hc/ffn norm=4.027 ms
ds4: V4.1 stage layer=3 pos=2048 rows=2048 shared/routed ffn=41.206 ms
ds4: V4.1 stage layer=3 pos=2048 rows=2048 hc expand=2.189 ms
ds4: V4.1 prefill layer=3 pos=2048 rows=2048 encoder_resident=0 map=0.000 engram=0.000 encode=95.712 drain=0.799 seed=109.850 ms
ds4: V4.1 stage layer=4 pos=0 rows=2048 hc/engram=25.985 ms
ds4: V4.1 stage layer=4 pos=0 rows=2048 attention projections=30.609 ms
ds4: V4.1 stage layer=4 pos=0 rows=2048 attention core/index=27.156 ms
ds4: V4.1 stage layer=4 pos=0 rows=2048 attention output=9.662 ms
ds4: V4.1 stage layer=4 pos=0 rows=2048 hc/ffn norm=5.049 ms
ds4: V4.1 stage layer=4 pos=0 rows=2048 shared/routed ffn=128.877 ms
ds4: V4.1 stage layer=4 pos=0 rows=2048 hc expand=2.123 ms
ds4: V4.1 prefill layer=4 pos=0 rows=2048 encoder_resident=0 map=98.314 engram=0.000 encode=229.572 drain=0.773 seed=-0.000 ms
ds4: V4.1 stage layer=4 pos=2048 rows=2048 hc/engram=2.479 ms
ds4: V4.1 stage layer=4 pos=2048 rows=2048 attention projections=6.095 ms
ds4: V4.1 stage layer=4 pos=2048 rows=2048 attention core/index=30.172 ms
ds4: V4.1 stage layer=4 pos=2048 rows=2048 attention output=8.318 ms
ds4: V4.1 stage layer=4 pos=2048 rows=2048 hc/ffn norm=4.117 ms
ds4: V4.1 stage layer=4 pos=2048 rows=2048 shared/routed ffn=40.366 ms
ds4: V4.1 stage layer=4 pos=2048 rows=2048 hc expand=2.092 ms
ds4: V4.1 prefill layer=4 pos=2048 rows=2048 encoder_resident=0 map=0.000 engram=0.000 encode=93.713 drain=0.814 seed=97.637 ms
ds4: V4.1 stage layer=5 pos=0 rows=2048 hc/engram=26.436 ms
ds4: V4.1 stage layer=5 pos=0 rows=2048 attention projections=36.773 ms
ds4: V4.1 stage layer=5 pos=0 rows=2048 attention core/index=26.651 ms
ds4: V4.1 stage layer=5 pos=0 rows=2048 attention output=10.760 ms
ds4: V4.1 stage layer=5 pos=0 rows=2048 hc/ffn norm=4.249 ms
ds4: V4.1 stage layer=5 pos=0 rows=2048 shared/routed ffn=138.707 ms
ds4: V4.1 stage layer=5 pos=0 rows=2048 hc expand=2.264 ms
ds4: V4.1 prefill layer=5 pos=0 rows=2048 encoder_resident=0 map=2.913 engram=0.000 encode=246.060 drain=0.932 seed=-0.000 ms
ds4: V4.1 stage layer=5 pos=2048 rows=2048 hc/engram=2.478 ms
ds4: V4.1 stage layer=5 pos=2048 rows=2048 attention projections=6.439 ms
ds4: V4.1 stage layer=5 pos=2048 rows=2048 attention core/index=32.790 ms
ds4: V4.1 stage layer=5 pos=2048 rows=2048 attention output=8.600 ms
ds4: V4.1 stage layer=5 pos=2048 rows=2048 hc/ffn norm=4.260 ms
ds4: V4.1 stage layer=5 pos=2048 rows=2048 shared/routed ffn=44.894 ms
ds4: V4.1 stage layer=5 pos=2048 rows=2048 hc expand=2.190 ms
ds4: V4.1 prefill layer=5 pos=2048 rows=2048 encoder_resident=0 map=0.000 engram=0.001 encode=101.727 drain=0.792 seed=130.626 ms
ds4: V4.1 stage layer=6 pos=0 rows=2048 hc/engram=20.191 ms
ds4: V4.1 stage layer=6 pos=0 rows=2048 attention projections=42.005 ms
ds4: V4.1 stage layer=6 pos=0 rows=2048 attention core/index=25.747 ms
ds4: V4.1 stage layer=6 pos=0 rows=2048 attention output=9.376 ms
ds4: V4.1 stage layer=6 pos=0 rows=2048 hc/ffn norm=5.142 ms
ds4: V4.1 stage layer=6 pos=0 rows=2048 shared/routed ffn=168.194 ms
ds4: V4.1 stage layer=6 pos=0 rows=2048 hc expand=2.174 ms
ds4: V4.1 prefill layer=6 pos=0 rows=2048 encoder_resident=0 map=0.308 engram=0.000 encode=272.947 drain=0.863 seed=0.000 ms
ds4: V4.1 stage layer=6 pos=2048 rows=2048 hc/engram=2.552 ms
ds4: V4.1 stage layer=6 pos=2048 rows=2048 attention projections=5.999 ms
ds4: V4.1 stage layer=6 pos=2048 rows=2048 attention core/index=30.655 ms
ds4: V4.1 stage layer=6 pos=2048 rows=2048 attention output=8.348 ms
ds4: V4.1 stage layer=6 pos=2048 rows=2048 hc/ffn norm=4.153 ms
ds4: V4.1 stage layer=6 pos=2048 rows=2048 shared/routed ffn=40.966 ms
ds4: V4.1 stage layer=6 pos=2048 rows=2048 hc expand=2.083 ms
ds4: V4.1 prefill layer=6 pos=2048 rows=2048 encoder_resident=0 map=0.000 engram=0.000 encode=98.598 drain=1.145 seed=4.473 ms
ds4: V4.1 stage layer=7 pos=0 rows=2048 hc/engram=20.827 ms
ds4: V4.1 stage layer=7 pos=0 rows=2048 attention projections=32.668 ms
ds4: V4.1 stage layer=7 pos=0 rows=2048 attention core/index=25.480 ms
ds4: V4.1 stage layer=7 pos=0 rows=2048 attention output=10.240 ms
ds4: V4.1 stage layer=7 pos=0 rows=2048 hc/ffn norm=4.711 ms
ds4: V4.1 stage layer=7 pos=0 rows=2048 shared/routed ffn=188.984 ms
ds4: V4.1 stage layer=7 pos=0 rows=2048 hc expand=2.232 ms
ds4: V4.1 prefill layer=7 pos=0 rows=2048 encoder_resident=0 map=85.027 engram=0.000 encode=285.250 drain=0.827 seed=-0.000 ms
ds4: V4.1 stage layer=7 pos=2048 rows=2048 hc/engram=2.458 ms
ds4: V4.1 stage layer=7 pos=2048 rows=2048 attention projections=5.974 ms
ds4: V4.1 stage layer=7 pos=2048 rows=2048 attention core/index=30.340 ms
ds4: V4.1 stage layer=7 pos=2048 rows=2048 attention output=8.252 ms
ds4: V4.1 stage layer=7 pos=2048 rows=2048 hc/ffn norm=4.120 ms
ds4: V4.1 stage layer=7 pos=2048 rows=2048 shared/routed ffn=42.508 ms
ds4: V4.1 stage layer=7 pos=2048 rows=2048 hc expand=2.229 ms
ds4: V4.1 prefill layer=7 pos=2048 rows=2048 encoder_resident=0 map=0.000 engram=0.000 encode=95.950 drain=0.809 seed=35.726 ms
ds4: V4.1 stage layer=8 pos=0 rows=2048 hc/engram=22.348 ms
ds4: V4.1 stage layer=8 pos=0 rows=2048 attention projections=9.410 ms
ds4: V4.1 stage layer=8 pos=0 rows=2048 attention core/index=154.101 ms
ds4: V4.1 stage layer=8 pos=0 rows=2048 attention output=8.398 ms
ds4: V4.1 stage layer=8 pos=0 rows=2048 hc/ffn norm=4.163 ms
ds4: V4.1 stage layer=8 pos=0 rows=2048 shared/routed ffn=195.859 ms
ds4: V4.1 stage layer=8 pos=0 rows=2048 hc expand=2.195 ms
ds4: V4.1 prefill layer=8 pos=0 rows=2048 encoder_resident=0 map=0.420 engram=0.001 encode=396.684 drain=0.854 seed=0.000 ms
ds4: V4.1 stage layer=8 pos=2048 rows=2048 hc/engram=2.450 ms
ds4: V4.1 stage layer=8 pos=2048 rows=2048 attention projections=5.984 ms
ds4: V4.1 stage layer=8 pos=2048 rows=2048 attention core/index=83.510 ms
ds4: V4.1 stage layer=8 pos=2048 rows=2048 attention output=8.120 ms
ds4: V4.1 stage layer=8 pos=2048 rows=2048 hc/ffn norm=4.088 ms
ds4: V4.1 stage layer=8 pos=2048 rows=2048 shared/routed ffn=42.177 ms
ds4: V4.1 stage layer=8 pos=2048 rows=2048 hc expand=2.073 ms
ds4: V4.1 prefill layer=8 pos=2048 rows=2048 encoder_resident=0 map=0.000 engram=0.000 encode=148.450 drain=0.853 seed=77.764 ms
ds4: V4.1 stage layer=9 pos=0 rows=2048 hc/engram=19.257 ms
ds4: V4.1 stage layer=9 pos=0 rows=2048 attention projections=42.340 ms
ds4: V4.1 stage layer=9 pos=0 rows=2048 attention core/index=25.421 ms
ds4: V4.1 stage layer=9 pos=0 rows=2048 attention output=9.066 ms
ds4: V4.1 stage layer=9 pos=0 rows=2048 hc/ffn norm=4.715 ms
ds4: V4.1 stage layer=9 pos=0 rows=2048 shared/routed ffn=125.780 ms
ds4: V4.1 stage layer=9 pos=0 rows=2048 hc expand=2.156 ms
ds4: V4.1 prefill layer=9 pos=0 rows=2048 encoder_resident=0 map=0.415 engram=0.000 encode=228.815 drain=0.795 seed=0.001 ms
ds4: V4.1 stage layer=9 pos=2048 rows=2048 hc/engram=2.409 ms
ds4: V4.1 stage layer=9 pos=2048 rows=2048 attention projections=5.990 ms
ds4: V4.1 stage layer=9 pos=2048 rows=2048 attention core/index=30.198 ms
ds4: V4.1 stage layer=9 pos=2048 rows=2048 attention output=8.187 ms
ds4: V4.1 stage layer=9 pos=2048 rows=2048 hc/ffn norm=4.034 ms
ds4: V4.1 stage layer=9 pos=2048 rows=2048 shared/routed ffn=42.477 ms
ds4: V4.1 stage layer=9 pos=2048 rows=2048 hc expand=2.202 ms
ds4: V4.1 prefill layer=9 pos=2048 rows=2048 encoder_resident=0 map=0.000 engram=0.000 encode=95.616 drain=0.801 seed=3.107 ms
ds4: V4.1 stage layer=10 pos=0 rows=2048 hc/engram=25.761 ms
ds4: V4.1 stage layer=10 pos=0 rows=2048 attention projections=9.231 ms
ds4: V4.1 stage layer=10 pos=0 rows=2048 attention core/index=28.547 ms
ds4: V4.1 stage layer=10 pos=0 rows=2048 attention output=9.149 ms
ds4: V4.1 stage layer=10 pos=0 rows=2048 hc/ffn norm=4.440 ms
ds4: V4.1 stage layer=10 pos=0 rows=2048 shared/routed ffn=115.662 ms
ds4: V4.1 stage layer=10 pos=0 rows=2048 hc expand=2.148 ms
ds4: V4.1 prefill layer=10 pos=0 rows=2048 encoder_resident=0 map=106.151 engram=0.001 encode=195.022 drain=0.769 seed=0.000 ms
ds4: V4.1 stage layer=10 pos=2048 rows=2048 hc/engram=2.477 ms
ds4: V4.1 stage layer=10 pos=2048 rows=2048 attention projections=6.114 ms
ds4: V4.1 stage layer=10 pos=2048 rows=2048 attention core/index=30.518 ms
ds4: V4.1 stage layer=10 pos=2048 rows=2048 attention output=8.165 ms
ds4: V4.1 stage layer=10 pos=2048 rows=2048 hc/ffn norm=4.029 ms
ds4: V4.1 stage layer=10 pos=2048 rows=2048 shared/routed ffn=42.534 ms
ds4: V4.1 stage layer=10 pos=2048 rows=2048 hc expand=2.141 ms
ds4: V4.1 prefill layer=10 pos=2048 rows=2048 encoder_resident=0 map=0.000 engram=0.000 encode=96.050 drain=0.839 seed=85.402 ms
ds4: V4.1 stage layer=11 pos=0 rows=2048 hc/engram=28.889 ms
ds4: V4.1 stage layer=11 pos=0 rows=2048 attention projections=35.323 ms
ds4: V4.1 stage layer=11 pos=0 rows=2048 attention core/index=25.725 ms
ds4: V4.1 stage layer=11 pos=0 rows=2048 attention output=9.692 ms
ds4: V4.1 stage layer=11 pos=0 rows=2048 hc/ffn norm=5.152 ms
ds4: V4.1 stage layer=11 pos=0 rows=2048 shared/routed ffn=126.933 ms
ds4: V4.1 stage layer=11 pos=0 rows=2048 hc expand=2.306 ms
ds4: V4.1 prefill layer=11 pos=0 rows=2048 encoder_resident=0 map=33.068 engram=0.000 encode=234.205 drain=0.799 seed=-0.000 ms
ds4: V4.1 stage layer=11 pos=2048 rows=2048 hc/engram=2.414 ms
ds4: V4.1 stage layer=11 pos=2048 rows=2048 attention projections=6.047 ms
ds4: V4.1 stage layer=11 pos=2048 rows=2048 attention core/index=30.264 ms
ds4: V4.1 stage layer=11 pos=2048 rows=2048 attention output=8.301 ms
ds4: V4.1 stage layer=11 pos=2048 rows=2048 hc/ffn norm=4.238 ms
ds4: V4.1 stage layer=11 pos=2048 rows=2048 shared/routed ffn=42.174 ms
ds4: V4.1 stage layer=11 pos=2048 rows=2048 hc expand=2.224 ms
ds4: V4.1 prefill layer=11 pos=2048 rows=2048 encoder_resident=0 map=0.000 engram=0.000 encode=95.924 drain=0.799 seed=33.900 ms
ds4: V4.1 stage layer=12 pos=0 rows=2048 hc/engram=19.608 ms
ds4: V4.1 stage layer=12 pos=0 rows=2048 attention projections=29.042 ms
ds4: V4.1 stage layer=12 pos=0 rows=2048 attention core/index=25.638 ms
ds4: V4.1 stage layer=12 pos=0 rows=2048 attention output=11.025 ms
ds4: V4.1 stage layer=12 pos=0 rows=2048 hc/ffn norm=4.892 ms
ds4: V4.1 stage layer=12 pos=0 rows=2048 shared/routed ffn=165.330 ms
ds4: V4.1 stage layer=12 pos=0 rows=2048 hc expand=2.178 ms
ds4: V4.1 prefill layer=12 pos=0 rows=2048 encoder_resident=0 map=68.131 engram=0.000 encode=257.865 drain=0.789 seed=0.000 ms
ds4: V4.1 stage layer=12 pos=2048 rows=2048 hc/engram=2.420 ms
ds4: V4.1 stage layer=12 pos=2048 rows=2048 attention projections=5.952 ms
ds4: V4.1 stage layer=12 pos=2048 rows=2048 attention core/index=30.182 ms
ds4: V4.1 stage layer=12 pos=2048 rows=2048 attention output=8.164 ms
ds4: V4.1 stage layer=12 pos=2048 rows=2048 hc/ffn norm=4.037 ms
ds4: V4.1 stage layer=12 pos=2048 rows=2048 shared/routed ffn=43.569 ms
ds4: V4.1 stage layer=12 pos=2048 rows=2048 hc expand=2.121 ms
ds4: V4.1 prefill layer=12 pos=2048 rows=2048 encoder_resident=0 map=0.000 engram=0.000 encode=96.518 drain=0.710 seed=245.493 ms
ds4: V4.1 stage layer=13 pos=0 rows=2048 hc/engram=48.346 ms
ds4: V4.1 stage layer=13 pos=0 rows=2048 attention projections=12.957 ms
ds4: V4.1 stage layer=13 pos=0 rows=2048 attention core/index=28.097 ms
ds4: V4.1 stage layer=13 pos=0 rows=2048 attention output=12.090 ms
ds4: V4.1 stage layer=13 pos=0 rows=2048 hc/ffn norm=5.222 ms
ds4: V4.1 stage layer=13 pos=0 rows=2048 shared/routed ffn=196.808 ms
ds4: V4.1 stage layer=13 pos=0 rows=2048 hc expand=2.447 ms
ds4: V4.1 prefill layer=13 pos=0 rows=2048 encoder_resident=0 map=0.365 engram=0.000 encode=306.177 drain=0.873 seed=-0.000 ms
ds4: V4.1 stage layer=13 pos=2048 rows=2048 hc/engram=2.492 ms
ds4: V4.1 stage layer=13 pos=2048 rows=2048 attention projections=6.001 ms
ds4: V4.1 stage layer=13 pos=2048 rows=2048 attention core/index=30.341 ms
ds4: V4.1 stage layer=13 pos=2048 rows=2048 attention output=8.304 ms
ds4: V4.1 stage layer=13 pos=2048 rows=2048 hc/ffn norm=4.151 ms
ds4: V4.1 stage layer=13 pos=2048 rows=2048 shared/routed ffn=44.017 ms
ds4: V4.1 stage layer=13 pos=2048 rows=2048 hc expand=2.205 ms
ds4: V4.1 prefill layer=13 pos=2048 rows=2048 encoder_resident=0 map=0.000 engram=0.000 encode=97.602 drain=0.886 seed=66.073 ms
ds4: V4.1 stage layer=14 pos=0 rows=2048 hc/engram=213.936 ms
ds4: V4.1 stage layer=14 pos=0 rows=2048 attention projections=6.522 ms
ds4: V4.1 stage layer=14 pos=0 rows=2048 attention core/index=107.234 ms
ds4: V4.1 stage layer=14 pos=0 rows=2048 attention output=8.332 ms
ds4: V4.1 stage layer=14 pos=0 rows=2048 hc/ffn norm=4.120 ms
ds4: V4.1 stage layer=14 pos=0 rows=2048 shared/routed ffn=41.951 ms
ds4: V4.1 stage layer=14 pos=0 rows=2048 hc expand=2.126 ms
ds4: V4.1 prefill layer=14 pos=0 rows=2048 encoder_resident=0 map=98.280 engram=0.000 encode=384.303 drain=0.788 seed=0.001 ms
ds4: V4.1 stage layer=14 pos=2048 rows=2048 hc/engram=18.882 ms
ds4: V4.1 stage layer=14 pos=2048 rows=2048 attention projections=5.960 ms
ds4: V4.1 stage layer=14 pos=2048 rows=2048 attention core/index=83.473 ms
ds4: V4.1 stage layer=14 pos=2048 rows=2048 attention output=8.324 ms
ds4: V4.1 stage layer=14 pos=2048 rows=2048 hc/ffn norm=4.056 ms
ds4: V4.1 stage layer=14 pos=2048 rows=2048 shared/routed ffn=41.666 ms
ds4: V4.1 stage layer=14 pos=2048 rows=2048 hc expand=2.101 ms
ds4: V4.1 prefill layer=14 pos=2048 rows=2048 encoder_resident=0 map=0.000 engram=0.000 encode=164.519 drain=0.712 seed=88.543 ms
ds4: V4.1 stage layer=15 pos=0 rows=2048 hc/engram=20.286 ms
ds4: V4.1 stage layer=15 pos=0 rows=2048 attention projections=17.340 ms
ds4: V4.1 stage layer=15 pos=0 rows=2048 attention core/index=25.506 ms
ds4: V4.1 stage layer=15 pos=0 rows=2048 attention output=9.909 ms
ds4: V4.1 stage layer=15 pos=0 rows=2048 hc/ffn norm=6.384 ms
ds4: V4.1 stage layer=15 pos=0 rows=2048 shared/routed ffn=142.486 ms
ds4: V4.1 stage layer=15 pos=0 rows=2048 hc expand=2.284 ms
ds4: V4.1 prefill layer=15 pos=0 rows=2048 encoder_resident=0 map=0.334 engram=0.000 encode=224.307 drain=0.861 seed=0.000 ms
ds4: V4.1 stage layer=15 pos=2048 rows=2048 hc/engram=2.561 ms
ds4: V4.1 stage layer=15 pos=2048 rows=2048 attention projections=6.217 ms
ds4: V4.1 stage layer=15 pos=2048 rows=2048 attention core/index=32.788 ms
ds4: V4.1 stage layer=15 pos=2048 rows=2048 attention output=9.549 ms
ds4: V4.1 stage layer=15 pos=2048 rows=2048 hc/ffn norm=4.151 ms
ds4: V4.1 stage layer=15 pos=2048 rows=2048 shared/routed ffn=47.031 ms
ds4: V4.1 stage layer=15 pos=2048 rows=2048 hc expand=2.274 ms
ds4: V4.1 prefill layer=15 pos=2048 rows=2048 encoder_resident=0 map=0.000 engram=0.000 encode=104.650 drain=0.768 seed=245.586 ms
ds4: V4.1 stage layer=16 pos=0 rows=2048 hc/engram=25.412 ms
ds4: V4.1 stage layer=16 pos=0 rows=2048 attention projections=28.806 ms
ds4: V4.1 stage layer=16 pos=0 rows=2048 attention core/index=32.359 ms
ds4: V4.1 stage layer=16 pos=0 rows=2048 attention output=10.874 ms
ds4: V4.1 stage layer=16 pos=0 rows=2048 hc/ffn norm=4.491 ms
ds4: V4.1 stage layer=16 pos=0 rows=2048 shared/routed ffn=156.492 ms
ds4: V4.1 stage layer=16 pos=0 rows=2048 hc expand=2.137 ms
ds4: V4.1 prefill layer=16 pos=0 rows=2048 encoder_resident=0 map=0.343 engram=0.000 encode=260.665 drain=0.843 seed=0.000 ms
ds4: V4.1 stage layer=16 pos=2048 rows=2048 hc/engram=2.434 ms
ds4: V4.1 stage layer=16 pos=2048 rows=2048 attention projections=5.971 ms
ds4: V4.1 stage layer=16 pos=2048 rows=2048 attention core/index=30.346 ms
ds4: V4.1 stage layer=16 pos=2048 rows=2048 attention output=8.210 ms
ds4: V4.1 stage layer=16 pos=2048 rows=2048 hc/ffn norm=4.092 ms
ds4: V4.1 stage layer=16 pos=2048 rows=2048 shared/routed ffn=41.253 ms
ds4: V4.1 stage layer=16 pos=2048 rows=2048 hc expand=2.131 ms
ds4: V4.1 prefill layer=16 pos=2048 rows=2048 encoder_resident=0 map=0.000 engram=0.000 encode=94.514 drain=0.853 seed=175.805 ms
ds4: V4.1 stage layer=17 pos=0 rows=2048 hc/engram=25.999 ms
ds4: V4.1 stage layer=17 pos=0 rows=2048 attention projections=42.262 ms
ds4: V4.1 stage layer=17 pos=0 rows=2048 attention core/index=33.452 ms
ds4: V4.1 stage layer=17 pos=0 rows=2048 attention output=17.743 ms
ds4: V4.1 stage layer=17 pos=0 rows=2048 hc/ffn norm=4.128 ms
ds4: V4.1 stage layer=17 pos=0 rows=2048 shared/routed ffn=129.752 ms
ds4: V4.1 stage layer=17 pos=0 rows=2048 hc expand=2.178 ms
ds4: V4.1 prefill layer=17 pos=0 rows=2048 encoder_resident=0 map=0.338 engram=0.000 encode=255.605 drain=0.829 seed=-0.000 ms
ds4: V4.1 stage layer=17 pos=2048 rows=2048 hc/engram=2.456 ms
ds4: V4.1 stage layer=17 pos=2048 rows=2048 attention projections=6.070 ms
ds4: V4.1 stage layer=17 pos=2048 rows=2048 attention core/index=30.610 ms
ds4: V4.1 stage layer=17 pos=2048 rows=2048 attention output=8.329 ms
ds4: V4.1 stage layer=17 pos=2048 rows=2048 hc/ffn norm=4.181 ms
ds4: V4.1 stage layer=17 pos=2048 rows=2048 shared/routed ffn=42.778 ms
ds4: V4.1 stage layer=17 pos=2048 rows=2048 hc expand=2.049 ms
ds4: V4.1 prefill layer=17 pos=2048 rows=2048 encoder_resident=0 map=0.000 engram=0.000 encode=96.515 drain=0.735 seed=85.039 ms
ds4: V4.1 stage layer=18 pos=0 rows=2048 hc/engram=27.323 ms
ds4: V4.1 stage layer=18 pos=0 rows=2048 attention projections=33.708 ms
ds4: V4.1 stage layer=18 pos=0 rows=2048 attention core/index=25.297 ms
ds4: V4.1 stage layer=18 pos=0 rows=2048 attention output=10.712 ms
ds4: V4.1 stage layer=18 pos=0 rows=2048 hc/ffn norm=4.243 ms
ds4: V4.1 stage layer=18 pos=0 rows=2048 shared/routed ffn=143.421 ms
ds4: V4.1 stage layer=18 pos=0 rows=2048 hc expand=2.281 ms
ds4: V4.1 prefill layer=18 pos=0 rows=2048 encoder_resident=0 map=86.951 engram=0.000 encode=247.124 drain=0.841 seed=0.000 ms
ds4: V4.1 stage layer=18 pos=2048 rows=2048 hc/engram=2.491 ms
ds4: V4.1 stage layer=18 pos=2048 rows=2048 attention projections=6.046 ms
ds4: V4.1 stage layer=18 pos=2048 rows=2048 attention core/index=30.269 ms
ds4: V4.1 stage layer=18 pos=2048 rows=2048 attention output=8.480 ms
ds4: V4.1 stage layer=18 pos=2048 rows=2048 hc/ffn norm=4.093 ms
ds4: V4.1 stage layer=18 pos=2048 rows=2048 shared/routed ffn=44.883 ms
ds4: V4.1 stage layer=18 pos=2048 rows=2048 hc expand=2.453 ms
ds4: V4.1 prefill layer=18 pos=2048 rows=2048 encoder_resident=0 map=0.000 engram=0.000 encode=98.786 drain=0.818 seed=4.124 ms
ds4: V4.1 stage layer=19 pos=0 rows=2048 hc/engram=26.322 ms
ds4: V4.1 stage layer=19 pos=0 rows=2048 attention projections=29.056 ms
ds4: V4.1 stage layer=19 pos=0 rows=2048 attention core/index=29.129 ms
ds4: V4.1 stage layer=19 pos=0 rows=2048 attention output=25.267 ms
ds4: V4.1 stage layer=19 pos=0 rows=2048 hc/ffn norm=4.068 ms
ds4: V4.1 stage layer=19 pos=0 rows=2048 shared/routed ffn=136.453 ms
ds4: V4.1 stage layer=19 pos=0 rows=2048 hc expand=2.152 ms
ds4: V4.1 prefill layer=19 pos=0 rows=2048 encoder_resident=0 map=116.353 engram=0.000 encode=252.523 drain=0.776 seed=-0.000 ms
ds4: V4.1 stage layer=19 pos=2048 rows=2048 hc/engram=2.484 ms
ds4: V4.1 stage layer=19 pos=2048 rows=2048 attention projections=6.008 ms
ds4: V4.1 stage layer=19 pos=2048 rows=2048 attention core/index=30.217 ms
ds4: V4.1 stage layer=19 pos=2048 rows=2048 attention output=8.380 ms
ds4: V4.1 stage layer=19 pos=2048 rows=2048 hc/ffn norm=4.041 ms
ds4: V4.1 stage layer=19 pos=2048 rows=2048 shared/routed ffn=46.315 ms
ds4: V4.1 stage layer=19 pos=2048 rows=2048 hc expand=2.207 ms
ds4: V4.1 prefill layer=19 pos=2048 rows=2048 encoder_resident=0 map=0.000 engram=0.000 encode=99.720 drain=0.758 seed=132.997 ms
ds4: V4.1 stage layer=20 pos=0 rows=2048 hc/engram=20.952 ms
ds4: V4.1 stage layer=20 pos=0 rows=2048 attention projections=6.566 ms
ds4: V4.1 stage layer=20 pos=0 rows=2048 attention core/index=354.858 ms
ds4: V4.1 stage layer=20 pos=0 rows=2048 attention output=8.115 ms
ds4: V4.1 stage layer=20 pos=0 rows=2048 hc/ffn norm=4.190 ms
ds4: V4.1 stage layer=20 pos=0 rows=2048 shared/routed ffn=221.189 ms
ds4: V4.1 stage layer=20 pos=0 rows=2048 hc expand=2.018 ms
ds4: V4.1 prefill layer=20 pos=0 rows=2048 encoder_resident=0 map=63.797 engram=0.000 encode=617.941 drain=0.700 seed=-0.000 ms
ds4: V4.1 stage layer=20 pos=2048 rows=2048 hc/engram=2.280 ms
ds4: V4.1 stage layer=20 pos=2048 rows=2048 attention projections=5.749 ms
ds4: V4.1 stage layer=20 pos=2048 rows=2048 attention core/index=256.914 ms
ds4: V4.1 stage layer=20 pos=2048 rows=2048 attention output=8.553 ms
ds4: V4.1 stage layer=20 pos=2048 rows=2048 hc/ffn norm=4.115 ms
ds4: V4.1 stage layer=20 pos=2048 rows=2048 shared/routed ffn=41.726 ms
ds4: V4.1 stage layer=20 pos=2048 rows=2048 hc expand=2.057 ms
ds4: V4.1 prefill layer=20 pos=2048 rows=2048 encoder_resident=0 map=0.000 engram=0.000 encode=321.437 drain=0.777 seed=327.215 ms
ds4: V4.1 stage layer=21 pos=0 rows=2048 hc/engram=20.353 ms
ds4: V4.1 stage layer=21 pos=0 rows=2048 attention projections=30.330 ms
ds4: V4.1 stage layer=21 pos=0 rows=2048 attention core/index=27.926 ms
ds4: V4.1 stage layer=21 pos=0 rows=2048 attention output=51.563 ms
ds4: V4.1 stage layer=21 pos=0 rows=2048 hc/ffn norm=6.681 ms
ds4: V4.1 stage layer=21 pos=0 rows=2048 shared/routed ffn=203.555 ms
ds4: V4.1 stage layer=21 pos=0 rows=2048 hc expand=2.255 ms
ds4: V4.1 prefill layer=21 pos=0 rows=2048 encoder_resident=0 map=0.436 engram=0.000 encode=342.748 drain=0.858 seed=-0.000 ms
ds4: V4.1 stage layer=21 pos=2048 rows=2048 hc/engram=2.458 ms
ds4: V4.1 stage layer=21 pos=2048 rows=2048 attention projections=6.277 ms
ds4: V4.1 stage layer=21 pos=2048 rows=2048 attention core/index=30.951 ms
ds4: V4.1 stage layer=21 pos=2048 rows=2048 attention output=8.423 ms
ds4: V4.1 stage layer=21 pos=2048 rows=2048 hc/ffn norm=4.147 ms
ds4: V4.1 stage layer=21 pos=2048 rows=2048 shared/routed ffn=42.885 ms
ds4: V4.1 stage layer=21 pos=2048 rows=2048 hc expand=2.199 ms
ds4: V4.1 prefill layer=21 pos=2048 rows=2048 encoder_resident=0 map=0.000 engram=0.000 encode=97.432 drain=0.818 seed=245.593 ms
ds4: V4.1 stage layer=22 pos=0 rows=2048 hc/engram=24.497 ms
ds4: V4.1 stage layer=22 pos=0 rows=2048 attention projections=10.119 ms
ds4: V4.1 stage layer=22 pos=0 rows=2048 attention core/index=27.486 ms
ds4: V4.1 stage layer=22 pos=0 rows=2048 attention output=9.606 ms
ds4: V4.1 stage layer=22 pos=0 rows=2048 hc/ffn norm=4.169 ms
ds4: V4.1 stage layer=22 pos=0 rows=2048 shared/routed ffn=145.131 ms
ds4: V4.1 stage layer=22 pos=0 rows=2048 hc expand=2.332 ms
ds4: V4.1 prefill layer=22 pos=0 rows=2048 encoder_resident=0 map=0.780 engram=0.001 encode=223.420 drain=0.707 seed=-0.000 ms
ds4: V4.1 stage layer=22 pos=2048 rows=2048 hc/engram=2.328 ms
ds4: V4.1 stage layer=22 pos=2048 rows=2048 attention projections=5.961 ms
ds4: V4.1 stage layer=22 pos=2048 rows=2048 attention core/index=30.273 ms
ds4: V4.1 stage layer=22 pos=2048 rows=2048 attention output=8.098 ms
ds4: V4.1 stage layer=22 pos=2048 rows=2048 hc/ffn norm=3.976 ms
ds4: V4.1 stage layer=22 pos=2048 rows=2048 shared/routed ffn=42.907 ms
ds4: V4.1 stage layer=22 pos=2048 rows=2048 hc expand=2.084 ms
ds4: V4.1 prefill layer=22 pos=2048 rows=2048 encoder_resident=0 map=0.000 engram=0.000 encode=95.690 drain=0.742 seed=46.538 ms
ds4: V4.1 stage layer=23 pos=0 rows=2048 hc/engram=26.935 ms
ds4: V4.1 stage layer=23 pos=0 rows=2048 attention projections=28.397 ms
ds4: V4.1 stage layer=23 pos=0 rows=2048 attention core/index=28.994 ms
ds4: V4.1 stage layer=23 pos=0 rows=2048 attention output=10.980 ms
ds4: V4.1 stage layer=23 pos=0 rows=2048 hc/ffn norm=4.976 ms
ds4: V4.1 stage layer=23 pos=0 rows=2048 shared/routed ffn=155.185 ms
ds4: V4.1 stage layer=23 pos=0 rows=2048 hc expand=2.248 ms
ds4: V4.1 prefill layer=23 pos=0 rows=2048 encoder_resident=0 map=65.071 engram=0.000 encode=257.789 drain=0.838 seed=0.000 ms
ds4: V4.1 stage layer=23 pos=2048 rows=2048 hc/engram=2.724 ms
ds4: V4.1 stage layer=23 pos=2048 rows=2048 attention projections=6.520 ms
ds4: V4.1 stage layer=23 pos=2048 rows=2048 attention core/index=33.769 ms
ds4: V4.1 stage layer=23 pos=2048 rows=2048 attention output=8.855 ms
ds4: V4.1 stage layer=23 pos=2048 rows=2048 hc/ffn norm=4.441 ms
ds4: V4.1 stage layer=23 pos=2048 rows=2048 shared/routed ffn=48.835 ms
ds4: V4.1 stage layer=23 pos=2048 rows=2048 hc expand=2.467 ms
ds4: V4.1 prefill layer=23 pos=2048 rows=2048 encoder_resident=0 map=0.000 engram=0.000 encode=107.712 drain=0.841 seed=4.397 ms
ds4: V4.1 stage layer=24 pos=0 rows=2048 hc/engram=20.661 ms
ds4: V4.1 stage layer=24 pos=0 rows=2048 attention projections=41.398 ms
ds4: V4.1 stage layer=24 pos=0 rows=2048 attention core/index=89.026 ms
ds4: V4.1 stage layer=24 pos=0 rows=2048 attention output=8.490 ms
ds4: V4.1 stage layer=24 pos=0 rows=2048 hc/ffn norm=4.169 ms
ds4: V4.1 stage layer=24 pos=0 rows=2048 shared/routed ffn=132.757 ms
ds4: V4.1 stage layer=24 pos=0 rows=2048 hc expand=2.157 ms
ds4: V4.1 prefill layer=24 pos=0 rows=2048 encoder_resident=0 map=127.513 engram=0.000 encode=298.769 drain=0.779 seed=0.001 ms
ds4: V4.1 stage layer=24 pos=2048 rows=2048 hc/engram=2.457 ms
ds4: V4.1 stage layer=24 pos=2048 rows=2048 attention projections=5.974 ms
ds4: V4.1 stage layer=24 pos=2048 rows=2048 attention core/index=67.908 ms
ds4: V4.1 stage layer=24 pos=2048 rows=2048 attention output=8.231 ms
ds4: V4.1 stage layer=24 pos=2048 rows=2048 hc/ffn norm=4.270 ms
ds4: V4.1 stage layer=24 pos=2048 rows=2048 shared/routed ffn=45.982 ms
ds4: V4.1 stage layer=24 pos=2048 rows=2048 hc expand=2.095 ms
ds4: V4.1 prefill layer=24 pos=2048 rows=2048 encoder_resident=0 map=0.000 engram=0.000 encode=136.975 drain=0.718 seed=17.332 ms
ds4: V4.1 stage layer=25 pos=0 rows=2048 hc/engram=54.455 ms
ds4: V4.1 stage layer=25 pos=0 rows=2048 attention projections=15.583 ms
ds4: V4.1 stage layer=25 pos=0 rows=2048 attention core/index=28.382 ms
ds4: V4.1 stage layer=25 pos=0 rows=2048 attention output=65.804 ms
ds4: V4.1 stage layer=25 pos=0 rows=2048 hc/ffn norm=4.099 ms
ds4: V4.1 stage layer=25 pos=0 rows=2048 shared/routed ffn=118.601 ms
ds4: V4.1 stage layer=25 pos=0 rows=2048 hc expand=2.280 ms
ds4: V4.1 prefill layer=25 pos=0 rows=2048 encoder_resident=0 map=0.319 engram=0.000 encode=289.319 drain=0.876 seed=-0.000 ms
ds4: V4.1 stage layer=25 pos=2048 rows=2048 hc/engram=2.481 ms
ds4: V4.1 stage layer=25 pos=2048 rows=2048 attention projections=6.022 ms
ds4: V4.1 stage layer=25 pos=2048 rows=2048 attention core/index=30.921 ms
ds4: V4.1 stage layer=25 pos=2048 rows=2048 attention output=8.432 ms
ds4: V4.1 stage layer=25 pos=2048 rows=2048 hc/ffn norm=4.150 ms
ds4: V4.1 stage layer=25 pos=2048 rows=2048 shared/routed ffn=45.158 ms
ds4: V4.1 stage layer=25 pos=2048 rows=2048 hc expand=2.315 ms
ds4: V4.1 prefill layer=25 pos=2048 rows=2048 encoder_resident=0 map=0.000 engram=0.000 encode=99.602 drain=0.852 seed=119.355 ms
ds4: V4.1 stage layer=26 pos=0 rows=2048 hc/engram=28.442 ms
ds4: V4.1 stage layer=26 pos=0 rows=2048 attention projections=33.577 ms
ds4: V4.1 stage layer=26 pos=0 rows=2048 attention core/index=33.645 ms
ds4: V4.1 stage layer=26 pos=0 rows=2048 attention output=9.171 ms
ds4: V4.1 stage layer=26 pos=0 rows=2048 hc/ffn norm=4.195 ms
ds4: V4.1 stage layer=26 pos=0 rows=2048 shared/routed ffn=249.957 ms
ds4: V4.1 stage layer=26 pos=0 rows=2048 hc expand=2.275 ms
ds4: V4.1 prefill layer=26 pos=0 rows=2048 encoder_resident=0 map=0.576 engram=0.000 encode=361.506 drain=0.849 seed=-0.000 ms
ds4: V4.1 stage layer=26 pos=2048 rows=2048 hc/engram=2.516 ms
ds4: V4.1 stage layer=26 pos=2048 rows=2048 attention projections=6.083 ms
ds4: V4.1 stage layer=26 pos=2048 rows=2048 attention core/index=30.905 ms
ds4: V4.1 stage layer=26 pos=2048 rows=2048 attention output=8.367 ms
ds4: V4.1 stage layer=26 pos=2048 rows=2048 hc/ffn norm=4.206 ms
ds4: V4.1 stage layer=26 pos=2048 rows=2048 shared/routed ffn=43.940 ms
ds4: V4.1 stage layer=26 pos=2048 rows=2048 hc expand=2.373 ms
ds4: V4.1 prefill layer=26 pos=2048 rows=2048 encoder_resident=0 map=0.000 engram=0.000 encode=98.486 drain=0.780 seed=5.601 ms
ds4: V4.1 stage layer=27 pos=0 rows=2048 hc/engram=27.355 ms
ds4: V4.1 stage layer=27 pos=0 rows=2048 attention projections=40.574 ms
ds4: V4.1 stage layer=27 pos=0 rows=2048 attention core/index=31.577 ms
ds4: V4.1 stage layer=27 pos=0 rows=2048 attention output=21.940 ms
ds4: V4.1 stage layer=27 pos=0 rows=2048 hc/ffn norm=4.178 ms
ds4: V4.1 stage layer=27 pos=0 rows=2048 shared/routed ffn=137.472 ms
ds4: V4.1 stage layer=27 pos=0 rows=2048 hc expand=2.153 ms
ds4: V4.1 prefill layer=27 pos=0 rows=2048 encoder_resident=0 map=60.568 engram=0.001 encode=265.340 drain=0.861 seed=0.001 ms
ds4: V4.1 stage layer=27 pos=2048 rows=2048 hc/engram=2.521 ms
ds4: V4.1 stage layer=27 pos=2048 rows=2048 attention projections=6.025 ms
ds4: V4.1 stage layer=27 pos=2048 rows=2048 attention core/index=30.378 ms
ds4: V4.1 stage layer=27 pos=2048 rows=2048 attention output=8.303 ms
ds4: V4.1 stage layer=27 pos=2048 rows=2048 hc/ffn norm=4.170 ms
ds4: V4.1 stage layer=27 pos=2048 rows=2048 shared/routed ffn=45.854 ms
ds4: V4.1 stage layer=27 pos=2048 rows=2048 hc expand=2.260 ms
ds4: V4.1 prefill layer=27 pos=2048 rows=2048 encoder_resident=0 map=0.000 engram=0.000 encode=99.594 drain=0.752 seed=77.340 ms
ds4: V4.1 stage layer=28 pos=0 rows=2048 hc/engram=22.799 ms
ds4: V4.1 stage layer=28 pos=0 rows=2048 attention projections=37.033 ms
ds4: V4.1 stage layer=28 pos=0 rows=2048 attention core/index=81.358 ms
ds4: V4.1 stage layer=28 pos=0 rows=2048 attention output=8.441 ms
ds4: V4.1 stage layer=28 pos=0 rows=2048 hc/ffn norm=5.105 ms
ds4: V4.1 stage layer=28 pos=0 rows=2048 shared/routed ffn=144.768 ms
ds4: V4.1 stage layer=28 pos=0 rows=2048 hc expand=2.507 ms
ds4: V4.1 prefill layer=28 pos=0 rows=2048 encoder_resident=0 map=0.399 engram=0.000 encode=302.103 drain=0.769 seed=-0.000 ms
ds4: V4.1 stage layer=28 pos=2048 rows=2048 hc/engram=2.448 ms
ds4: V4.1 stage layer=28 pos=2048 rows=2048 attention projections=6.008 ms
ds4: V4.1 stage layer=28 pos=2048 rows=2048 attention core/index=69.835 ms
ds4: V4.1 stage layer=28 pos=2048 rows=2048 attention output=8.635 ms
ds4: V4.1 stage layer=28 pos=2048 rows=2048 hc/ffn norm=4.450 ms
ds4: V4.1 stage layer=28 pos=2048 rows=2048 shared/routed ffn=46.812 ms
ds4: V4.1 stage layer=28 pos=2048 rows=2048 hc expand=2.346 ms
ds4: V4.1 prefill layer=28 pos=2048 rows=2048 encoder_resident=0 map=0.000 engram=0.000 encode=140.674 drain=0.786 seed=79.503 ms
ds4: V4.1 stage layer=29 pos=0 rows=2048 hc/engram=22.123 ms
ds4: V4.1 stage layer=29 pos=0 rows=2048 attention projections=39.640 ms
ds4: V4.1 stage layer=29 pos=0 rows=2048 attention core/index=28.135 ms
ds4: V4.1 stage layer=29 pos=0 rows=2048 attention output=37.274 ms
ds4: V4.1 stage layer=29 pos=0 rows=2048 hc/ffn norm=23.728 ms
ds4: V4.1 stage layer=29 pos=0 rows=2048 shared/routed ffn=123.560 ms
ds4: V4.1 stage layer=29 pos=0 rows=2048 hc expand=2.328 ms
ds4: V4.1 prefill layer=29 pos=0 rows=2048 encoder_resident=0 map=0.479 engram=0.000 encode=276.882 drain=0.812 seed=-0.000 ms
ds4: V4.1 stage layer=29 pos=2048 rows=2048 hc/engram=2.420 ms
ds4: V4.1 stage layer=29 pos=2048 rows=2048 attention projections=6.209 ms
ds4: V4.1 stage layer=29 pos=2048 rows=2048 attention core/index=30.805 ms
ds4: V4.1 stage layer=29 pos=2048 rows=2048 attention output=8.527 ms
ds4: V4.1 stage layer=29 pos=2048 rows=2048 hc/ffn norm=4.105 ms
ds4: V4.1 stage layer=29 pos=2048 rows=2048 shared/routed ffn=46.822 ms
ds4: V4.1 stage layer=29 pos=2048 rows=2048 hc expand=2.232 ms
ds4: V4.1 prefill layer=29 pos=2048 rows=2048 encoder_resident=0 map=0.000 engram=0.000 encode=101.187 drain=0.793 seed=44.082 ms
ds4: V4.1 stage layer=30 pos=0 rows=2048 hc/engram=21.942 ms
ds4: V4.1 stage layer=30 pos=0 rows=2048 attention projections=38.229 ms
ds4: V4.1 stage layer=30 pos=0 rows=2048 attention core/index=28.100 ms
ds4: V4.1 stage layer=30 pos=0 rows=2048 attention output=14.450 ms
ds4: V4.1 stage layer=30 pos=0 rows=2048 hc/ffn norm=8.021 ms
ds4: V4.1 stage layer=30 pos=0 rows=2048 shared/routed ffn=144.963 ms
ds4: V4.1 stage layer=30 pos=0 rows=2048 hc expand=2.208 ms
ds4: V4.1 prefill layer=30 pos=0 rows=2048 encoder_resident=0 map=25.478 engram=0.000 encode=258.039 drain=0.778 seed=0.000 ms
ds4: V4.1 stage layer=30 pos=2048 rows=2048 hc/engram=2.490 ms
ds4: V4.1 stage layer=30 pos=2048 rows=2048 attention projections=6.093 ms
ds4: V4.1 stage layer=30 pos=2048 rows=2048 attention core/index=30.714 ms
ds4: V4.1 stage layer=30 pos=2048 rows=2048 attention output=8.573 ms
ds4: V4.1 stage layer=30 pos=2048 rows=2048 hc/ffn norm=4.205 ms
ds4: V4.1 stage layer=30 pos=2048 rows=2048 shared/routed ffn=47.576 ms
ds4: V4.1 stage layer=30 pos=2048 rows=2048 hc expand=2.284 ms
ds4: V4.1 prefill layer=30 pos=2048 rows=2048 encoder_resident=0 map=0.000 engram=0.000 encode=102.009 drain=0.803 seed=54.648 ms
ds4: V4.1 stage layer=31 pos=0 rows=2048 hc/engram=21.896 ms
ds4: V4.1 stage layer=31 pos=0 rows=2048 attention projections=8.234 ms
ds4: V4.1 stage layer=31 pos=0 rows=2048 attention core/index=28.509 ms
ds4: V4.1 stage layer=31 pos=0 rows=2048 attention output=11.399 ms
ds4: V4.1 stage layer=31 pos=0 rows=2048 hc/ffn norm=5.194 ms
ds4: V4.1 stage layer=31 pos=0 rows=2048 shared/routed ffn=145.175 ms
ds4: V4.1 stage layer=31 pos=0 rows=2048 hc expand=2.278 ms
ds4: V4.1 prefill layer=31 pos=0 rows=2048 encoder_resident=0 map=16.907 engram=0.000 encode=222.767 drain=0.825 seed=-0.000 ms
ds4: V4.1 stage layer=31 pos=2048 rows=2048 hc/engram=2.453 ms
ds4: V4.1 stage layer=31 pos=2048 rows=2048 attention projections=6.017 ms
ds4: V4.1 stage layer=31 pos=2048 rows=2048 attention core/index=31.524 ms
ds4: V4.1 stage layer=31 pos=2048 rows=2048 attention output=9.154 ms
ds4: V4.1 stage layer=31 pos=2048 rows=2048 hc/ffn norm=4.187 ms
ds4: V4.1 stage layer=31 pos=2048 rows=2048 shared/routed ffn=48.216 ms
ds4: V4.1 stage layer=31 pos=2048 rows=2048 hc expand=2.496 ms
ds4: V4.1 prefill layer=31 pos=2048 rows=2048 encoder_resident=0 map=0.000 engram=0.000 encode=104.123 drain=0.829 seed=36.131 ms
ds4: V4.1 stage layer=32 pos=0 rows=2048 hc/engram=28.212 ms
ds4: V4.1 stage layer=32 pos=0 rows=2048 attention projections=32.316 ms
ds4: V4.1 stage layer=32 pos=0 rows=2048 attention core/index=84.536 ms
ds4: V4.1 stage layer=32 pos=0 rows=2048 attention output=8.393 ms
ds4: V4.1 stage layer=32 pos=0 rows=2048 hc/ffn norm=4.449 ms
ds4: V4.1 stage layer=32 pos=0 rows=2048 shared/routed ffn=128.294 ms
ds4: V4.1 stage layer=32 pos=0 rows=2048 hc expand=2.308 ms
ds4: V4.1 prefill layer=32 pos=0 rows=2048 encoder_resident=0 map=180.517 engram=0.000 encode=288.637 drain=0.822 seed=0.000 ms
ds4: V4.1 stage layer=32 pos=2048 rows=2048 hc/engram=2.661 ms
ds4: V4.1 stage layer=32 pos=2048 rows=2048 attention projections=6.327 ms
ds4: V4.1 stage layer=32 pos=2048 rows=2048 attention core/index=70.407 ms
ds4: V4.1 stage layer=32 pos=2048 rows=2048 attention output=8.500 ms
ds4: V4.1 stage layer=32 pos=2048 rows=2048 hc/ffn norm=4.554 ms
ds4: V4.1 stage layer=32 pos=2048 rows=2048 shared/routed ffn=48.718 ms
ds4: V4.1 stage layer=32 pos=2048 rows=2048 hc expand=2.271 ms
ds4: V4.1 prefill layer=32 pos=2048 rows=2048 encoder_resident=0 map=0.000 engram=0.000 encode=143.485 drain=0.698 seed=4.728 ms
ds4: V4.1 stage layer=33 pos=0 rows=2048 hc/engram=21.225 ms
ds4: V4.1 stage layer=33 pos=0 rows=2048 attention projections=57.354 ms
ds4: V4.1 stage layer=33 pos=0 rows=2048 attention core/index=28.117 ms
ds4: V4.1 stage layer=33 pos=0 rows=2048 attention output=9.253 ms
ds4: V4.1 stage layer=33 pos=0 rows=2048 hc/ffn norm=4.198 ms
ds4: V4.1 stage layer=33 pos=0 rows=2048 shared/routed ffn=160.936 ms
ds4: V4.1 stage layer=33 pos=0 rows=2048 hc expand=2.288 ms
ds4: V4.1 prefill layer=33 pos=0 rows=2048 encoder_resident=0 map=0.340 engram=0.000 encode=283.476 drain=0.778 seed=0.000 ms
ds4: V4.1 stage layer=33 pos=2048 rows=2048 hc/engram=2.488 ms
ds4: V4.1 stage layer=33 pos=2048 rows=2048 attention projections=5.978 ms
ds4: V4.1 stage layer=33 pos=2048 rows=2048 attention core/index=30.819 ms
ds4: V4.1 stage layer=33 pos=2048 rows=2048 attention output=8.618 ms
ds4: V4.1 stage layer=33 pos=2048 rows=2048 hc/ffn norm=4.310 ms
ds4: V4.1 stage layer=33 pos=2048 rows=2048 shared/routed ffn=47.934 ms
ds4: V4.1 stage layer=33 pos=2048 rows=2048 hc expand=6.981 ms
ds4: V4.1 prefill layer=33 pos=2048 rows=2048 encoder_resident=0 map=0.000 engram=0.000 encode=107.201 drain=0.775 seed=5.822 ms
ds4: V4.1 stage layer=34 pos=0 rows=2048 hc/engram=21.979 ms
ds4: V4.1 stage layer=34 pos=0 rows=2048 attention projections=33.611 ms
ds4: V4.1 stage layer=34 pos=0 rows=2048 attention core/index=31.312 ms
ds4: V4.1 stage layer=34 pos=0 rows=2048 attention output=9.299 ms
ds4: V4.1 stage layer=34 pos=0 rows=2048 hc/ffn norm=4.914 ms
ds4: V4.1 stage layer=34 pos=0 rows=2048 shared/routed ffn=143.294 ms
ds4: V4.1 stage layer=34 pos=0 rows=2048 hc expand=2.367 ms
ds4: V4.1 prefill layer=34 pos=0 rows=2048 encoder_resident=0 map=52.768 engram=0.000 encode=246.868 drain=0.960 seed=0.000 ms
ds4: V4.1 stage layer=34 pos=2048 rows=2048 hc/engram=2.561 ms
ds4: V4.1 stage layer=34 pos=2048 rows=2048 attention projections=6.395 ms
ds4: V4.1 stage layer=34 pos=2048 rows=2048 attention core/index=35.209 ms
ds4: V4.1 stage layer=34 pos=2048 rows=2048 attention output=9.349 ms
ds4: V4.1 stage layer=34 pos=2048 rows=2048 hc/ffn norm=4.704 ms
ds4: V4.1 stage layer=34 pos=2048 rows=2048 shared/routed ffn=51.537 ms
ds4: V4.1 stage layer=34 pos=2048 rows=2048 hc expand=2.447 ms
ds4: V4.1 prefill layer=34 pos=2048 rows=2048 encoder_resident=0 map=0.000 engram=0.000 encode=112.282 drain=0.815 seed=5.279 ms
ds4: V4.1 stage layer=35 pos=0 rows=2048 hc/engram=28.132 ms
ds4: V4.1 stage layer=35 pos=0 rows=2048 attention projections=37.541 ms
ds4: V4.1 stage layer=35 pos=0 rows=2048 attention core/index=30.425 ms
ds4: V4.1 stage layer=35 pos=0 rows=2048 attention output=43.203 ms
ds4: V4.1 stage layer=35 pos=0 rows=2048 hc/ffn norm=5.446 ms
ds4: V4.1 stage layer=35 pos=0 rows=2048 shared/routed ffn=142.069 ms
ds4: V4.1 stage layer=35 pos=0 rows=2048 hc expand=2.263 ms
ds4: V4.1 prefill layer=35 pos=0 rows=2048 encoder_resident=0 map=86.433 engram=0.000 encode=289.176 drain=0.804 seed=0.000 ms
ds4: V4.1 stage layer=35 pos=2048 rows=2048 hc/engram=2.546 ms
ds4: V4.1 stage layer=35 pos=2048 rows=2048 attention projections=6.532 ms
ds4: V4.1 stage layer=35 pos=2048 rows=2048 attention core/index=32.271 ms
ds4: V4.1 stage layer=35 pos=2048 rows=2048 attention output=8.795 ms
ds4: V4.1 stage layer=35 pos=2048 rows=2048 hc/ffn norm=4.373 ms
ds4: V4.1 stage layer=35 pos=2048 rows=2048 shared/routed ffn=48.762 ms
ds4: V4.1 stage layer=35 pos=2048 rows=2048 hc expand=2.380 ms
ds4: V4.1 prefill layer=35 pos=2048 rows=2048 encoder_resident=0 map=0.000 engram=0.000 encode=105.737 drain=0.763 seed=5.343 ms
ds4: V4.1 stage layer=36 pos=0 rows=2048 hc/engram=19.578 ms
ds4: V4.1 stage layer=36 pos=0 rows=2048 attention projections=40.019 ms
ds4: V4.1 stage layer=36 pos=0 rows=2048 attention core/index=81.306 ms
ds4: V4.1 stage layer=36 pos=0 rows=2048 attention output=8.556 ms
ds4: V4.1 stage layer=36 pos=0 rows=2048 hc/ffn norm=4.332 ms
ds4: V4.1 stage layer=36 pos=0 rows=2048 shared/routed ffn=122.502 ms
ds4: V4.1 stage layer=36 pos=0 rows=2048 hc expand=2.211 ms
ds4: V4.1 prefill layer=36 pos=0 rows=2048 encoder_resident=0 map=69.574 engram=0.000 encode=278.595 drain=0.789 seed=0.000 ms
ds4: V4.1 stage layer=36 pos=2048 rows=2048 hc/engram=2.510 ms
ds4: V4.1 stage layer=36 pos=2048 rows=2048 attention projections=6.052 ms
ds4: V4.1 stage layer=36 pos=2048 rows=2048 attention core/index=71.822 ms
ds4: V4.1 stage layer=36 pos=2048 rows=2048 attention output=8.777 ms
ds4: V4.1 stage layer=36 pos=2048 rows=2048 hc/ffn norm=4.385 ms
ds4: V4.1 stage layer=36 pos=2048 rows=2048 shared/routed ffn=49.514 ms
ds4: V4.1 stage layer=36 pos=2048 rows=2048 hc expand=2.562 ms
ds4: V4.1 prefill layer=36 pos=2048 rows=2048 encoder_resident=0 map=0.000 engram=0.000 encode=145.687 drain=0.742 seed=3.578 ms
ds4: V4.1 stage layer=37 pos=0 rows=2048 hc/engram=20.700 ms
ds4: V4.1 stage layer=37 pos=0 rows=2048 attention projections=32.404 ms
ds4: V4.1 stage layer=37 pos=0 rows=2048 attention core/index=28.729 ms
ds4: V4.1 stage layer=37 pos=0 rows=2048 attention output=9.547 ms
ds4: V4.1 stage layer=37 pos=0 rows=2048 hc/ffn norm=5.340 ms
ds4: V4.1 stage layer=37 pos=0 rows=2048 shared/routed ffn=154.775 ms
ds4: V4.1 stage layer=37 pos=0 rows=2048 hc expand=2.309 ms
ds4: V4.1 prefill layer=37 pos=0 rows=2048 encoder_resident=0 map=0.855 engram=0.000 encode=253.958 drain=0.822 seed=-0.000 ms
ds4: V4.1 stage layer=37 pos=2048 rows=2048 hc/engram=2.579 ms
ds4: V4.1 stage layer=37 pos=2048 rows=2048 attention projections=6.116 ms
ds4: V4.1 stage layer=37 pos=2048 rows=2048 attention core/index=32.329 ms
ds4: V4.1 stage layer=37 pos=2048 rows=2048 attention output=8.630 ms
ds4: V4.1 stage layer=37 pos=2048 rows=2048 hc/ffn norm=4.409 ms
ds4: V4.1 stage layer=37 pos=2048 rows=2048 shared/routed ffn=51.035 ms
ds4: V4.1 stage layer=37 pos=2048 rows=2048 hc expand=2.407 ms
ds4: V4.1 prefill layer=37 pos=2048 rows=2048 encoder_resident=0 map=0.000 engram=0.001 encode=107.580 drain=0.885 seed=6.025 ms
ds4: V4.1 stage layer=38 pos=0 rows=2048 hc/engram=27.420 ms
ds4: V4.1 stage layer=38 pos=0 rows=2048 attention projections=47.636 ms
ds4: V4.1 stage layer=38 pos=0 rows=2048 attention core/index=32.989 ms
ds4: V4.1 stage layer=38 pos=0 rows=2048 attention output=10.441 ms
ds4: V4.1 stage layer=38 pos=0 rows=2048 hc/ffn norm=6.154 ms
ds4: V4.1 stage layer=38 pos=0 rows=2048 shared/routed ffn=228.586 ms
ds4: V4.1 stage layer=38 pos=0 rows=2048 hc expand=2.359 ms
ds4: V4.1 prefill layer=38 pos=0 rows=2048 encoder_resident=0 map=52.306 engram=0.000 encode=355.726 drain=0.835 seed=0.000 ms
ds4: V4.1 stage layer=38 pos=2048 rows=2048 hc/engram=2.520 ms
ds4: V4.1 stage layer=38 pos=2048 rows=2048 attention projections=6.138 ms
ds4: V4.1 stage layer=38 pos=2048 rows=2048 attention core/index=32.448 ms
ds4: V4.1 stage layer=38 pos=2048 rows=2048 attention output=8.531 ms
ds4: V4.1 stage layer=38 pos=2048 rows=2048 hc/ffn norm=4.430 ms
ds4: V4.1 stage layer=38 pos=2048 rows=2048 shared/routed ffn=48.673 ms
ds4: V4.1 stage layer=38 pos=2048 rows=2048 hc expand=2.578 ms
ds4: V4.1 prefill layer=38 pos=2048 rows=2048 encoder_resident=0 map=0.000 engram=0.000 encode=105.408 drain=0.822 seed=21.901 ms
ds4: V4.1 stage layer=39 pos=0 rows=2048 hc/engram=20.565 ms
ds4: V4.1 stage layer=39 pos=0 rows=2048 attention projections=36.354 ms
ds4: V4.1 stage layer=39 pos=0 rows=2048 attention core/index=28.475 ms
ds4: V4.1 stage layer=39 pos=0 rows=2048 attention output=9.083 ms
ds4: V4.1 stage layer=39 pos=0 rows=2048 hc/ffn norm=3.975 ms
ds4: V4.1 stage layer=39 pos=0 rows=2048 shared/routed ffn=133.145 ms
ds4: V4.1 stage layer=39 pos=0 rows=2048 hc expand=2.357 ms
ds4: V4.1 prefill layer=39 pos=0 rows=2048 encoder_resident=0 map=81.476 engram=0.000 encode=233.967 drain=0.032 seed=0.000 ms
ds4: V4.1 stage layer=39 pos=2048 rows=2048 hc/engram=2.514 ms
ds4: V4.1 stage layer=39 pos=2048 rows=2048 attention projections=6.369 ms
ds4: V4.1 stage layer=39 pos=2048 rows=2048 attention core/index=32.314 ms
ds4: V4.1 stage layer=39 pos=2048 rows=2048 attention output=8.876 ms
ds4: V4.1 stage layer=39 pos=2048 rows=2048 hc/ffn norm=4.335 ms
ds4: V4.1 stage layer=39 pos=2048 rows=2048 shared/routed ffn=50.704 ms
ds4: V4.1 stage layer=39 pos=2048 rows=2048 hc expand=2.604 ms
ds4: V4.1 prefill layer=39 pos=2048 rows=2048 encoder_resident=0 map=0.000 engram=0.000 encode=107.741 drain=0.025 seed=6.090 ms
1007 00:55:59 ds4-server: chat ctx=0..4796:4796 prefill chunk 4096/4796 (85.4%) chunk=0.00 t/s avg=192.84 t/s 21.240s
ds4: V4.1 stage layer=0 pos=4096 rows=700 hc/engram=2.039 ms
ds4: V4.1 stage layer=0 pos=4096 rows=700 attention projections=5.101 ms
ds4: V4.1 stage layer=0 pos=4096 rows=700 attention core/index=4.193 ms
ds4: V4.1 stage layer=0 pos=4096 rows=700 attention output=6.903 ms
ds4: V4.1 stage layer=0 pos=4096 rows=700 hc/ffn norm=1.818 ms
ds4: V4.1 stage layer=0 pos=4096 rows=700 shared/routed ffn=114.770 ms
ds4: V4.1 stage layer=0 pos=4096 rows=700 hc expand=0.853 ms
ds4: V4.1 prefill layer=0 pos=4096 rows=700 encoder_resident=0 map=452.679 engram=0.000 encode=135.711 drain=0.055 seed=2.292 ms
ds4: V4.1 stage layer=1 pos=4096 rows=700 hc/engram=111.985 ms
ds4: V4.1 stage layer=1 pos=4096 rows=700 attention projections=3.722 ms
ds4: V4.1 stage layer=1 pos=4096 rows=700 attention core/index=3.405 ms
ds4: V4.1 stage layer=1 pos=4096 rows=700 attention output=6.704 ms
ds4: V4.1 stage layer=1 pos=4096 rows=700 hc/ffn norm=1.763 ms
ds4: V4.1 stage layer=1 pos=4096 rows=700 shared/routed ffn=25.343 ms
ds4: V4.1 stage layer=1 pos=4096 rows=700 hc expand=0.789 ms
ds4: V4.1 prefill layer=1 pos=4096 rows=700 encoder_resident=0 map=195.747 engram=432.494 encode=153.733 drain=0.035 seed=202.739 ms
ds4: V4.1 stage layer=2 pos=4096 rows=700 hc/engram=24.013 ms
ds4: V4.1 stage layer=2 pos=4096 rows=700 attention projections=43.785 ms
ds4: V4.1 stage layer=2 pos=4096 rows=700 attention core/index=40.028 ms
ds4: V4.1 stage layer=2 pos=4096 rows=700 attention output=6.179 ms
ds4: V4.1 stage layer=2 pos=4096 rows=700 hc/ffn norm=2.005 ms
ds4: V4.1 stage layer=2 pos=4096 rows=700 shared/routed ffn=109.603 ms
ds4: V4.1 stage layer=2 pos=4096 rows=700 hc expand=0.828 ms
ds4: V4.1 prefill layer=2 pos=4096 rows=700 encoder_resident=0 map=0.375 engram=0.000 encode=226.458 drain=0.108 seed=1.989 ms
ds4: V4.1 stage layer=3 pos=4096 rows=700 hc/engram=25.337 ms
ds4: V4.1 stage layer=3 pos=4096 rows=700 attention projections=55.807 ms
ds4: V4.1 stage layer=3 pos=4096 rows=700 attention core/index=13.251 ms
ds4: V4.1 stage layer=3 pos=4096 rows=700 attention output=13.497 ms
ds4: V4.1 stage layer=3 pos=4096 rows=700 hc/ffn norm=1.856 ms
ds4: V4.1 stage layer=3 pos=4096 rows=700 shared/routed ffn=207.165 ms
ds4: V4.1 stage layer=3 pos=4096 rows=700 hc expand=0.949 ms
ds4: V4.1 prefill layer=3 pos=4096 rows=700 encoder_resident=0 map=316.529 engram=0.001 encode=317.890 drain=0.039 seed=32.597 ms
ds4: V4.1 stage layer=4 pos=4096 rows=700 hc/engram=20.567 ms
ds4: V4.1 stage layer=4 pos=4096 rows=700 attention projections=14.073 ms
ds4: V4.1 stage layer=4 pos=4096 rows=700 attention core/index=12.989 ms
ds4: V4.1 stage layer=4 pos=4096 rows=700 attention output=15.293 ms
ds4: V4.1 stage layer=4 pos=4096 rows=700 hc/ffn norm=2.894 ms
ds4: V4.1 stage layer=4 pos=4096 rows=700 shared/routed ffn=110.904 ms
ds4: V4.1 stage layer=4 pos=4096 rows=700 hc expand=0.818 ms
ds4: V4.1 prefill layer=4 pos=4096 rows=700 encoder_resident=0 map=154.397 engram=0.001 encode=177.561 drain=0.028 seed=51.058 ms
ds4: V4.1 stage layer=5 pos=4096 rows=700 hc/engram=23.223 ms
ds4: V4.1 stage layer=5 pos=4096 rows=700 attention projections=39.682 ms
ds4: V4.1 stage layer=5 pos=4096 rows=700 attention core/index=16.576 ms
ds4: V4.1 stage layer=5 pos=4096 rows=700 attention output=7.710 ms
ds4: V4.1 stage layer=5 pos=4096 rows=700 hc/ffn norm=2.005 ms
ds4: V4.1 stage layer=5 pos=4096 rows=700 shared/routed ffn=111.068 ms
ds4: V4.1 stage layer=5 pos=4096 rows=700 hc expand=0.901 ms
ds4: V4.1 prefill layer=5 pos=4096 rows=700 encoder_resident=0 map=190.005 engram=0.000 encode=201.194 drain=0.045 seed=133.932 ms
ds4: V4.1 stage layer=6 pos=4096 rows=700 hc/engram=31.234 ms
ds4: V4.1 stage layer=6 pos=4096 rows=700 attention projections=12.775 ms
ds4: V4.1 stage layer=6 pos=4096 rows=700 attention core/index=15.087 ms
ds4: V4.1 stage layer=6 pos=4096 rows=700 attention output=9.617 ms
ds4: V4.1 stage layer=6 pos=4096 rows=700 hc/ffn norm=2.223 ms
ds4: V4.1 stage layer=6 pos=4096 rows=700 shared/routed ffn=162.743 ms
ds4: V4.1 stage layer=6 pos=4096 rows=700 hc expand=0.894 ms
ds4: V4.1 prefill layer=6 pos=4096 rows=700 encoder_resident=0 map=119.719 engram=0.001 encode=234.597 drain=0.041 seed=30.214 ms
ds4: V4.1 stage layer=7 pos=4096 rows=700 hc/engram=23.512 ms
ds4: V4.1 stage layer=7 pos=4096 rows=700 attention projections=45.085 ms
ds4: V4.1 stage layer=7 pos=4096 rows=700 attention core/index=17.086 ms
ds4: V4.1 stage layer=7 pos=4096 rows=700 attention output=7.361 ms
ds4: V4.1 stage layer=7 pos=4096 rows=700 hc/ffn norm=1.788 ms
ds4: V4.1 stage layer=7 pos=4096 rows=700 shared/routed ffn=128.208 ms
ds4: V4.1 stage layer=7 pos=4096 rows=700 hc expand=0.928 ms
ds4: V4.1 prefill layer=7 pos=4096 rows=700 encoder_resident=0 map=172.555 engram=0.001 encode=223.990 drain=0.043 seed=30.173 ms
ds4: V4.1 stage layer=8 pos=4096 rows=700 hc/engram=165.438 ms
ds4: V4.1 stage layer=8 pos=4096 rows=700 attention projections=11.111 ms
ds4: V4.1 stage layer=8 pos=4096 rows=700 attention core/index=44.270 ms
ds4: V4.1 stage layer=8 pos=4096 rows=700 attention output=5.973 ms
ds4: V4.1 stage layer=8 pos=4096 rows=700 hc/ffn norm=2.506 ms
ds4: V4.1 stage layer=8 pos=4096 rows=700 shared/routed ffn=169.750 ms
ds4: V4.1 stage layer=8 pos=4096 rows=700 hc expand=0.845 ms
ds4: V4.1 prefill layer=8 pos=4096 rows=700 encoder_resident=0 map=176.461 engram=0.000 encode=399.922 drain=0.044 seed=57.480 ms
ds4: V4.1 stage layer=9 pos=4096 rows=700 hc/engram=25.135 ms
ds4: V4.1 stage layer=9 pos=4096 rows=700 attention projections=37.309 ms
ds4: V4.1 stage layer=9 pos=4096 rows=700 attention core/index=14.170 ms
ds4: V4.1 stage layer=9 pos=4096 rows=700 attention output=7.225 ms
ds4: V4.1 stage layer=9 pos=4096 rows=700 hc/ffn norm=2.081 ms
ds4: V4.1 stage layer=9 pos=4096 rows=700 shared/routed ffn=116.731 ms
ds4: V4.1 stage layer=9 pos=4096 rows=700 hc expand=0.813 ms
ds4: V4.1 prefill layer=9 pos=4096 rows=700 encoder_resident=0 map=117.111 engram=0.000 encode=203.484 drain=0.147 seed=130.535 ms
ds4: V4.1 stage layer=10 pos=4096 rows=700 hc/engram=55.523 ms
ds4: V4.1 stage layer=10 pos=4096 rows=700 attention projections=6.089 ms
ds4: V4.1 stage layer=10 pos=4096 rows=700 attention core/index=11.327 ms
ds4: V4.1 stage layer=10 pos=4096 rows=700 attention output=7.917 ms
ds4: V4.1 stage layer=10 pos=4096 rows=700 hc/ffn norm=2.475 ms
ds4: V4.1 stage layer=10 pos=4096 rows=700 shared/routed ffn=138.478 ms
ds4: V4.1 stage layer=10 pos=4096 rows=700 hc expand=0.869 ms
ds4: V4.1 prefill layer=10 pos=4096 rows=700 encoder_resident=0 map=76.528 engram=0.000 encode=222.698 drain=0.036 seed=92.309 ms
ds4: V4.1 stage layer=11 pos=4096 rows=700 hc/engram=23.651 ms
ds4: V4.1 stage layer=11 pos=4096 rows=700 attention projections=47.296 ms
ds4: V4.1 stage layer=11 pos=4096 rows=700 attention core/index=59.173 ms
ds4: V4.1 stage layer=11 pos=4096 rows=700 attention output=9.332 ms
ds4: V4.1 stage layer=11 pos=4096 rows=700 hc/ffn norm=2.410 ms
ds4: V4.1 stage layer=11 pos=4096 rows=700 shared/routed ffn=119.071 ms
ds4: V4.1 stage layer=11 pos=4096 rows=700 hc expand=0.768 ms
ds4: V4.1 prefill layer=11 pos=4096 rows=700 encoder_resident=0 map=141.998 engram=0.000 encode=261.719 drain=0.030 seed=65.363 ms
ds4: V4.1 stage layer=12 pos=4096 rows=700 hc/engram=23.602 ms
ds4: V4.1 stage layer=12 pos=4096 rows=700 attention projections=44.216 ms
ds4: V4.1 stage layer=12 pos=4096 rows=700 attention core/index=17.017 ms
ds4: V4.1 stage layer=12 pos=4096 rows=700 attention output=8.356 ms
ds4: V4.1 stage layer=12 pos=4096 rows=700 hc/ffn norm=5.635 ms
ds4: V4.1 stage layer=12 pos=4096 rows=700 shared/routed ffn=134.098 ms
ds4: V4.1 stage layer=12 pos=4096 rows=700 hc expand=0.967 ms
ds4: V4.1 prefill layer=12 pos=4096 rows=700 encoder_resident=0 map=98.145 engram=0.000 encode=233.960 drain=0.079 seed=244.082 ms
ds4: V4.1 stage layer=13 pos=4096 rows=700 hc/engram=24.240 ms
ds4: V4.1 stage layer=13 pos=4096 rows=700 attention projections=43.732 ms
ds4: V4.1 stage layer=13 pos=4096 rows=700 attention core/index=16.329 ms
ds4: V4.1 stage layer=13 pos=4096 rows=700 attention output=8.311 ms
ds4: V4.1 stage layer=13 pos=4096 rows=700 hc/ffn norm=2.336 ms
ds4: V4.1 stage layer=13 pos=4096 rows=700 shared/routed ffn=164.567 ms
ds4: V4.1 stage layer=13 pos=4096 rows=700 hc expand=0.915 ms
ds4: V4.1 prefill layer=13 pos=4096 rows=700 encoder_resident=0 map=0.393 engram=0.001 encode=260.456 drain=0.033 seed=3.004 ms
ds4: V4.1 stage layer=14 pos=4096 rows=700 hc/engram=128.220 ms
ds4: V4.1 stage layer=14 pos=4096 rows=700 attention projections=4.430 ms
ds4: V4.1 stage layer=14 pos=4096 rows=700 attention core/index=35.324 ms
ds4: V4.1 stage layer=14 pos=4096 rows=700 attention output=5.894 ms
ds4: V4.1 stage layer=14 pos=4096 rows=700 hc/ffn norm=1.729 ms
ds4: V4.1 stage layer=14 pos=4096 rows=700 shared/routed ffn=20.545 ms
ds4: V4.1 stage layer=14 pos=4096 rows=700 hc expand=0.766 ms
ds4: V4.1 prefill layer=14 pos=4096 rows=700 encoder_resident=0 map=275.747 engram=436.841 encode=196.923 drain=0.036 seed=134.070 ms
ds4: V4.1 stage layer=15 pos=4096 rows=700 hc/engram=23.002 ms
ds4: V4.1 stage layer=15 pos=4096 rows=700 attention projections=15.625 ms
ds4: V4.1 stage layer=15 pos=4096 rows=700 attention core/index=13.188 ms
ds4: V4.1 stage layer=15 pos=4096 rows=700 attention output=7.864 ms
ds4: V4.1 stage layer=15 pos=4096 rows=700 hc/ffn norm=2.736 ms
ds4: V4.1 stage layer=15 pos=4096 rows=700 shared/routed ffn=167.767 ms
ds4: V4.1 stage layer=15 pos=4096 rows=700 hc expand=0.848 ms
ds4: V4.1 prefill layer=15 pos=4096 rows=700 encoder_resident=0 map=0.320 engram=0.000 encode=231.052 drain=0.046 seed=59.296 ms
ds4: V4.1 stage layer=16 pos=4096 rows=700 hc/engram=22.913 ms
ds4: V4.1 stage layer=16 pos=4096 rows=700 attention projections=38.480 ms
ds4: V4.1 stage layer=16 pos=4096 rows=700 attention core/index=17.632 ms
ds4: V4.1 stage layer=16 pos=4096 rows=700 attention output=7.335 ms
ds4: V4.1 stage layer=16 pos=4096 rows=700 hc/ffn norm=2.214 ms
ds4: V4.1 stage layer=16 pos=4096 rows=700 shared/routed ffn=125.493 ms
ds4: V4.1 stage layer=16 pos=4096 rows=700 hc expand=1.519 ms
ds4: V4.1 prefill layer=16 pos=4096 rows=700 encoder_resident=0 map=123.621 engram=0.000 encode=215.615 drain=0.039 seed=123.643 ms
ds4: V4.1 stage layer=17 pos=4096 rows=700 hc/engram=31.077 ms
ds4: V4.1 stage layer=17 pos=4096 rows=700 attention projections=11.983 ms
ds4: V4.1 stage layer=17 pos=4096 rows=700 attention core/index=11.735 ms
ds4: V4.1 stage layer=17 pos=4096 rows=700 attention output=18.032 ms
ds4: V4.1 stage layer=17 pos=4096 rows=700 hc/ffn norm=2.166 ms
ds4: V4.1 stage layer=17 pos=4096 rows=700 shared/routed ffn=168.857 ms
ds4: V4.1 stage layer=17 pos=4096 rows=700 hc expand=0.834 ms
ds4: V4.1 prefill layer=17 pos=4096 rows=700 encoder_resident=0 map=90.401 engram=0.000 encode=244.706 drain=0.032 seed=86.353 ms
ds4: V4.1 stage layer=18 pos=4096 rows=700 hc/engram=23.105 ms
ds4: V4.1 stage layer=18 pos=4096 rows=700 attention projections=43.115 ms
ds4: V4.1 stage layer=18 pos=4096 rows=700 attention core/index=19.918 ms
ds4: V4.1 stage layer=18 pos=4096 rows=700 attention output=14.828 ms
ds4: V4.1 stage layer=18 pos=4096 rows=700 hc/ffn norm=1.797 ms
ds4: V4.1 stage layer=18 pos=4096 rows=700 shared/routed ffn=116.095 ms
ds4: V4.1 stage layer=18 pos=4096 rows=700 hc expand=0.892 ms
ds4: V4.1 prefill layer=18 pos=4096 rows=700 encoder_resident=0 map=116.493 engram=0.001 encode=219.777 drain=0.042 seed=63.526 ms
ds4: V4.1 stage layer=19 pos=4096 rows=700 hc/engram=21.958 ms
ds4: V4.1 stage layer=19 pos=4096 rows=700 attention projections=49.801 ms
ds4: V4.1 stage layer=19 pos=4096 rows=700 attention core/index=11.290 ms
ds4: V4.1 stage layer=19 pos=4096 rows=700 attention output=6.984 ms
ds4: V4.1 stage layer=19 pos=4096 rows=700 hc/ffn norm=2.542 ms
ds4: V4.1 stage layer=19 pos=4096 rows=700 shared/routed ffn=106.036 ms
ds4: V4.1 stage layer=19 pos=4096 rows=700 hc expand=0.957 ms
ds4: V4.1 prefill layer=19 pos=4096 rows=700 encoder_resident=0 map=246.389 engram=0.000 encode=199.590 drain=0.035 seed=75.911 ms
ds4: V4.1 stage layer=20 pos=4096 rows=700 hc/engram=23.148 ms
ds4: V4.1 stage layer=20 pos=4096 rows=700 attention projections=47.211 ms
ds4: V4.1 stage layer=20 pos=4096 rows=700 attention core/index=150.240 ms
ds4: V4.1 stage layer=20 pos=4096 rows=700 attention output=6.126 ms
ds4: V4.1 stage layer=20 pos=4096 rows=700 hc/ffn norm=1.844 ms
ds4: V4.1 stage layer=20 pos=4096 rows=700 shared/routed ffn=111.559 ms
ds4: V4.1 stage layer=20 pos=4096 rows=700 hc expand=0.875 ms
ds4: V4.1 prefill layer=20 pos=4096 rows=700 encoder_resident=0 map=185.667 engram=0.000 encode=341.020 drain=0.046 seed=67.134 ms
ds4: V4.1 stage layer=21 pos=4096 rows=700 hc/engram=20.755 ms
ds4: V4.1 stage layer=21 pos=4096 rows=700 attention projections=27.094 ms
ds4: V4.1 stage layer=21 pos=4096 rows=700 attention core/index=12.339 ms
ds4: V4.1 stage layer=21 pos=4096 rows=700 attention output=7.163 ms
ds4: V4.1 stage layer=21 pos=4096 rows=700 hc/ffn norm=2.556 ms
ds4: V4.1 stage layer=21 pos=4096 rows=700 shared/routed ffn=104.256 ms
ds4: V4.1 stage layer=21 pos=4096 rows=700 hc expand=0.830 ms
ds4: V4.1 prefill layer=21 pos=4096 rows=700 encoder_resident=0 map=25.636 engram=0.000 encode=175.011 drain=0.036 seed=2.499 ms
ds4: V4.1 stage layer=22 pos=4096 rows=700 hc/engram=22.845 ms
ds4: V4.1 stage layer=22 pos=4096 rows=700 attention projections=20.798 ms
ds4: V4.1 stage layer=22 pos=4096 rows=700 attention core/index=16.482 ms
ds4: V4.1 stage layer=22 pos=4096 rows=700 attention output=10.141 ms
ds4: V4.1 stage layer=22 pos=4096 rows=700 hc/ffn norm=2.216 ms
ds4: V4.1 stage layer=22 pos=4096 rows=700 shared/routed ffn=150.350 ms
ds4: V4.1 stage layer=22 pos=4096 rows=700 hc expand=0.885 ms
ds4: V4.1 prefill layer=22 pos=4096 rows=700 encoder_resident=0 map=272.636 engram=0.000 encode=223.740 drain=0.033 seed=46.092 ms
ds4: V4.1 stage layer=23 pos=4096 rows=700 hc/engram=24.245 ms
ds4: V4.1 stage layer=23 pos=4096 rows=700 attention projections=43.426 ms
ds4: V4.1 stage layer=23 pos=4096 rows=700 attention core/index=16.614 ms
ds4: V4.1 stage layer=23 pos=4096 rows=700 attention output=7.358 ms
ds4: V4.1 stage layer=23 pos=4096 rows=700 hc/ffn norm=2.647 ms
ds4: V4.1 stage layer=23 pos=4096 rows=700 shared/routed ffn=138.944 ms
ds4: V4.1 stage layer=23 pos=4096 rows=700 hc expand=0.792 ms
ds4: V4.1 prefill layer=23 pos=4096 rows=700 encoder_resident=0 map=168.188 engram=0.001 encode=234.046 drain=0.028 seed=30.390 ms
ds4: V4.1 stage layer=24 pos=4096 rows=700 hc/engram=23.180 ms
ds4: V4.1 stage layer=24 pos=4096 rows=700 attention projections=32.984 ms
ds4: V4.1 stage layer=24 pos=4096 rows=700 attention core/index=31.329 ms
ds4: V4.1 stage layer=24 pos=4096 rows=700 attention output=6.226 ms
ds4: V4.1 stage layer=24 pos=4096 rows=700 hc/ffn norm=2.979 ms
ds4: V4.1 stage layer=24 pos=4096 rows=700 shared/routed ffn=125.078 ms
ds4: V4.1 stage layer=24 pos=4096 rows=700 hc expand=0.804 ms
ds4: V4.1 prefill layer=24 pos=4096 rows=700 encoder_resident=0 map=179.953 engram=0.000 encode=222.604 drain=0.027 seed=81.420 ms
ds4: V4.1 stage layer=25 pos=4096 rows=700 hc/engram=25.658 ms
ds4: V4.1 stage layer=25 pos=4096 rows=700 attention projections=15.047 ms
ds4: V4.1 stage layer=25 pos=4096 rows=700 attention core/index=15.073 ms
ds4: V4.1 stage layer=25 pos=4096 rows=700 attention output=23.202 ms
ds4: V4.1 stage layer=25 pos=4096 rows=700 hc/ffn norm=12.188 ms
ds4: V4.1 stage layer=25 pos=4096 rows=700 shared/routed ffn=189.781 ms
ds4: V4.1 stage layer=25 pos=4096 rows=700 hc expand=0.855 ms
ds4: V4.1 prefill layer=25 pos=4096 rows=700 encoder_resident=0 map=230.480 engram=0.001 encode=281.837 drain=0.063 seed=2.604 ms
ds4: V4.1 stage layer=26 pos=4096 rows=700 hc/engram=24.263 ms
ds4: V4.1 stage layer=26 pos=4096 rows=700 attention projections=36.297 ms
ds4: V4.1 stage layer=26 pos=4096 rows=700 attention core/index=12.515 ms
ds4: V4.1 stage layer=26 pos=4096 rows=700 attention output=6.618 ms
ds4: V4.1 stage layer=26 pos=4096 rows=700 hc/ffn norm=2.665 ms
ds4: V4.1 stage layer=26 pos=4096 rows=700 shared/routed ffn=113.893 ms
ds4: V4.1 stage layer=26 pos=4096 rows=700 hc expand=1.449 ms
ds4: V4.1 prefill layer=26 pos=4096 rows=700 encoder_resident=0 map=207.885 engram=0.000 encode=197.719 drain=0.029 seed=134.991 ms
ds4: V4.1 stage layer=27 pos=4096 rows=700 hc/engram=22.454 ms
ds4: V4.1 stage layer=27 pos=4096 rows=700 attention projections=30.442 ms
ds4: V4.1 stage layer=27 pos=4096 rows=700 attention core/index=15.078 ms
ds4: V4.1 stage layer=27 pos=4096 rows=700 attention output=7.210 ms
ds4: V4.1 stage layer=27 pos=4096 rows=700 hc/ffn norm=2.618 ms
ds4: V4.1 stage layer=27 pos=4096 rows=700 shared/routed ffn=128.703 ms
ds4: V4.1 stage layer=27 pos=4096 rows=700 hc expand=0.845 ms
ds4: V4.1 prefill layer=27 pos=4096 rows=700 encoder_resident=0 map=155.602 engram=0.000 encode=207.366 drain=0.033 seed=116.676 ms
ds4: V4.1 stage layer=28 pos=4096 rows=700 hc/engram=24.203 ms
ds4: V4.1 stage layer=28 pos=4096 rows=700 attention projections=42.870 ms
ds4: V4.1 stage layer=28 pos=4096 rows=700 attention core/index=43.245 ms
ds4: V4.1 stage layer=28 pos=4096 rows=700 attention output=6.106 ms
ds4: V4.1 stage layer=28 pos=4096 rows=700 hc/ffn norm=1.970 ms
ds4: V4.1 stage layer=28 pos=4096 rows=700 shared/routed ffn=173.062 ms
ds4: V4.1 stage layer=28 pos=4096 rows=700 hc expand=1.027 ms
ds4: V4.1 prefill layer=28 pos=4096 rows=700 encoder_resident=0 map=118.472 engram=0.001 encode=292.526 drain=0.057 seed=124.371 ms
ds4: V4.1 stage layer=29 pos=4096 rows=700 hc/engram=19.261 ms
ds4: V4.1 stage layer=29 pos=4096 rows=700 attention projections=28.752 ms
ds4: V4.1 stage layer=29 pos=4096 rows=700 attention core/index=19.858 ms
ds4: V4.1 stage layer=29 pos=4096 rows=700 attention output=7.137 ms
ds4: V4.1 stage layer=29 pos=4096 rows=700 hc/ffn norm=2.298 ms
ds4: V4.1 stage layer=29 pos=4096 rows=700 shared/routed ffn=121.518 ms
ds4: V4.1 stage layer=29 pos=4096 rows=700 hc expand=0.844 ms
ds4: V4.1 prefill layer=29 pos=4096 rows=700 encoder_resident=0 map=128.406 engram=0.000 encode=199.692 drain=0.036 seed=2.948 ms
ds4: V4.1 stage layer=30 pos=4096 rows=700 hc/engram=23.542 ms
ds4: V4.1 stage layer=30 pos=4096 rows=700 attention projections=39.308 ms
ds4: V4.1 stage layer=30 pos=4096 rows=700 attention core/index=17.069 ms
ds4: V4.1 stage layer=30 pos=4096 rows=700 attention output=6.887 ms
ds4: V4.1 stage layer=30 pos=4096 rows=700 hc/ffn norm=2.869 ms
ds4: V4.1 stage layer=30 pos=4096 rows=700 shared/routed ffn=104.893 ms
ds4: V4.1 stage layer=30 pos=4096 rows=700 hc expand=0.882 ms
ds4: V4.1 prefill layer=30 pos=4096 rows=700 encoder_resident=0 map=384.935 engram=0.000 encode=195.486 drain=0.070 seed=2.656 ms
ds4: V4.1 stage layer=31 pos=4096 rows=700 hc/engram=22.844 ms
ds4: V4.1 stage layer=31 pos=4096 rows=700 attention projections=44.353 ms
ds4: V4.1 stage layer=31 pos=4096 rows=700 attention core/index=14.867 ms
ds4: V4.1 stage layer=31 pos=4096 rows=700 attention output=7.490 ms
ds4: V4.1 stage layer=31 pos=4096 rows=700 hc/ffn norm=2.834 ms
ds4: V4.1 stage layer=31 pos=4096 rows=700 shared/routed ffn=157.631 ms
ds4: V4.1 stage layer=31 pos=4096 rows=700 hc expand=1.017 ms
ds4: V4.1 prefill layer=31 pos=4096 rows=700 encoder_resident=0 map=282.310 engram=0.000 encode=251.063 drain=0.031 seed=31.431 ms
ds4: V4.1 stage layer=32 pos=4096 rows=700 hc/engram=22.827 ms
ds4: V4.1 stage layer=32 pos=4096 rows=700 attention projections=40.534 ms
ds4: V4.1 stage layer=32 pos=4096 rows=700 attention core/index=47.611 ms
ds4: V4.1 stage layer=32 pos=4096 rows=700 attention output=5.969 ms
ds4: V4.1 stage layer=32 pos=4096 rows=700 hc/ffn norm=1.955 ms
ds4: V4.1 stage layer=32 pos=4096 rows=700 shared/routed ffn=139.475 ms
ds4: V4.1 stage layer=32 pos=4096 rows=700 hc expand=0.829 ms
ds4: V4.1 prefill layer=32 pos=4096 rows=700 encoder_resident=0 map=187.401 engram=0.000 encode=259.219 drain=0.037 seed=3.151 ms
ds4: V4.1 stage layer=33 pos=4096 rows=700 hc/engram=22.983 ms
ds4: V4.1 stage layer=33 pos=4096 rows=700 attention projections=45.457 ms
ds4: V4.1 stage layer=33 pos=4096 rows=700 attention core/index=16.099 ms
ds4: V4.1 stage layer=33 pos=4096 rows=700 attention output=9.639 ms
ds4: V4.1 stage layer=33 pos=4096 rows=700 hc/ffn norm=2.303 ms
ds4: V4.1 stage layer=33 pos=4096 rows=700 shared/routed ffn=129.602 ms
ds4: V4.1 stage layer=33 pos=4096 rows=700 hc expand=1.044 ms
ds4: V4.1 prefill layer=33 pos=4096 rows=700 encoder_resident=0 map=200.060 engram=0.001 encode=227.224 drain=0.031 seed=51.131 ms
ds4: V4.1 stage layer=34 pos=4096 rows=700 hc/engram=20.293 ms
ds4: V4.1 stage layer=34 pos=4096 rows=700 attention projections=43.655 ms
ds4: V4.1 stage layer=34 pos=4096 rows=700 attention core/index=19.437 ms
ds4: V4.1 stage layer=34 pos=4096 rows=700 attention output=36.990 ms
ds4: V4.1 stage layer=34 pos=4096 rows=700 hc/ffn norm=2.494 ms
ds4: V4.1 stage layer=34 pos=4096 rows=700 shared/routed ffn=108.631 ms
ds4: V4.1 stage layer=34 pos=4096 rows=700 hc expand=0.785 ms
ds4: V4.1 prefill layer=34 pos=4096 rows=700 encoder_resident=0 map=161.290 engram=0.001 encode=232.304 drain=0.033 seed=2.795 ms
ds4: V4.1 stage layer=35 pos=4096 rows=700 hc/engram=38.550 ms
ds4: V4.1 stage layer=35 pos=4096 rows=700 attention projections=33.196 ms
ds4: V4.1 stage layer=35 pos=4096 rows=700 attention core/index=17.448 ms
ds4: V4.1 stage layer=35 pos=4096 rows=700 attention output=7.972 ms
ds4: V4.1 stage layer=35 pos=4096 rows=700 hc/ffn norm=4.665 ms
ds4: V4.1 stage layer=35 pos=4096 rows=700 shared/routed ffn=143.317 ms
ds4: V4.1 stage layer=35 pos=4096 rows=700 hc expand=1.249 ms
ds4: V4.1 prefill layer=35 pos=4096 rows=700 encoder_resident=0 map=206.578 engram=0.000 encode=246.431 drain=0.070 seed=80.361 ms
ds4: V4.1 stage layer=36 pos=4096 rows=700 hc/engram=20.504 ms
ds4: V4.1 stage layer=36 pos=4096 rows=700 attention projections=36.964 ms
ds4: V4.1 stage layer=36 pos=4096 rows=700 attention core/index=48.809 ms
ds4: V4.1 stage layer=36 pos=4096 rows=700 attention output=5.992 ms
ds4: V4.1 stage layer=36 pos=4096 rows=700 hc/ffn norm=1.977 ms
ds4: V4.1 stage layer=36 pos=4096 rows=700 shared/routed ffn=121.726 ms
ds4: V4.1 stage layer=36 pos=4096 rows=700 hc expand=0.944 ms
ds4: V4.1 prefill layer=36 pos=4096 rows=700 encoder_resident=0 map=247.207 engram=0.000 encode=236.938 drain=0.036 seed=2.680 ms
ds4: V4.1 stage layer=37 pos=4096 rows=700 hc/engram=23.931 ms
ds4: V4.1 stage layer=37 pos=4096 rows=700 attention projections=49.800 ms
ds4: V4.1 stage layer=37 pos=4096 rows=700 attention core/index=12.606 ms
ds4: V4.1 stage layer=37 pos=4096 rows=700 attention output=9.040 ms
ds4: V4.1 stage layer=37 pos=4096 rows=700 hc/ffn norm=1.818 ms
ds4: V4.1 stage layer=37 pos=4096 rows=700 shared/routed ffn=123.014 ms
ds4: V4.1 stage layer=37 pos=4096 rows=700 hc expand=0.887 ms
ds4: V4.1 prefill layer=37 pos=4096 rows=700 encoder_resident=0 map=191.642 engram=0.000 encode=221.115 drain=0.029 seed=33.394 ms
ds4: V4.1 stage layer=38 pos=4096 rows=700 hc/engram=24.026 ms
ds4: V4.1 stage layer=38 pos=4096 rows=700 attention projections=38.895 ms
ds4: V4.1 stage layer=38 pos=4096 rows=700 attention core/index=16.882 ms
ds4: V4.1 stage layer=38 pos=4096 rows=700 attention output=7.761 ms
ds4: V4.1 stage layer=38 pos=4096 rows=700 hc/ffn norm=2.999 ms
ds4: V4.1 stage layer=38 pos=4096 rows=700 shared/routed ffn=164.950 ms
ds4: V4.1 stage layer=38 pos=4096 rows=700 hc expand=1.378 ms
ds4: V4.1 prefill layer=38 pos=4096 rows=700 encoder_resident=0 map=184.642 engram=0.000 encode=256.907 drain=0.075 seed=203.970 ms
ds4: V4.1 stage layer=39 pos=4096 rows=700 hc/engram=21.103 ms
ds4: V4.1 stage layer=39 pos=4096 rows=700 attention projections=48.507 ms
ds4: V4.1 stage layer=39 pos=4096 rows=700 attention core/index=16.629 ms
ds4: V4.1 stage layer=39 pos=4096 rows=700 attention output=6.650 ms
ds4: V4.1 stage layer=39 pos=4096 rows=700 hc/ffn norm=2.330 ms
ds4: V4.1 stage layer=39 pos=4096 rows=700 shared/routed ffn=127.353 ms
ds4: V4.1 stage layer=39 pos=4096 rows=700 hc expand=0.783 ms
ds4: V4.1 prefill layer=39 pos=4096 rows=700 encoder_resident=0 map=32.111 engram=0.001 encode=223.378 drain=0.029 seed=3.224 ms
1007 00:56:19 ds4-server: chat ctx=0..4796:4796 prefill chunk 4796/4796 (100.0%) chunk=35.58 t/s avg=117.23 t/s 40.912s
1007 00:56:19 ds4-server: chat ctx=0..4796:4796 prompt done 40.963s
1007 00:56:23 ds4-server: chat ctx=4796..4846:50 gen=50 decoding chunk=11.24 t/s avg=11.24 t/s 4.447s
1007 00:56:24 ds4-server: chat ctx=4846..4860:14 gen=64 decoding chunk=13.84 t/s avg=11.73 t/s 5.458s
1007 00:56:24 ds4-server: chat ctx=0..4796:4796 gen=64 finish=length 46.422s
1007 00:56:24 ds4-server: shutdown requested, draining requests
