ds4: abort gate on for the first 40 layers
ds4: Metal device Apple M5 Max, 128.00 GiB RAM
ds4: Metal 4 tensor API enabled for Tensor kernels
ds4: drift-patch flags hc_stable=on norm_unify=on kv_raw_f32=off rope_exp2_log2=off math_safe=off tensor_matmul=on
ds4: V4.1 SSD cache fitted from 10268 to 7034 experts for context/runtime headroom
ds4: Metal backend: Metal 4
ds4: Metal SSD streaming mode enabled; full model residency and warmup are skipped
ds4: metal SSD streaming cache target 65.20 GiB; effective 65.20 GiB = 7.12 GiB prefill headroom + 58.08 GiB dynamic cache (6266 experts, 9.49 MiB each)
ds4: Metal SSD static weights locked 9.37 GiB; pageable 0.00 GiB
ds4: SSD streaming initial metal model map (569 spans, 9.37 GiB tensor span)
ds4: metal backend initialized for graph diagnostics
ds4: expert cache prewarmed from the built-in V4.1 hotlist: 6264 experts (0 failed), 58.07 GiB in 6.10 s; stopped where the cache was full
ds4: memory: KV 0.06 GiB (raw 0.01 + compressed 0.05) + buffers 3.36 GiB + resident model 9.37 GiB + expert cache 58.08 GiB + prefill expert reserve 7.12 GiB = 77.99 GiB planned
ds4: memory detail: ctx=8192 prefill_cap=4096 raw_kv_rows=128 compressed_kv_rows=8193 backend=metal
1007 00:56:46 ds4-server: context buffers 3503.03 MiB (ctx=8192, backend=metal, prefill_chunk=4096, raw_kv_rows=128, compressed_kv_rows=8193)
ds4: V4.1 executor ABI 3, arena align 256, rev 8506d61cb0f1-dirty, built Oct  6 2026 20:08:40
ds4: V4.1 static context buffers 3503.03 MiB (ctx=8192), Engram disk-only
1007 00:56:46 ds4-server: listening on http://127.0.0.1:8031
1007 00:56:46 ds4-server: chat ctx=0..4781:4781 prompt start
1007 00:56:46 ds4-server: metal 4 at request start: 0 commits, 0 feedback, 0 errors, residency 0 entries 0.0 MiB
ds4: V4.1 stage layer=0 pos=0 rows=2048 hc/engram=25.964 ms
ds4: V4.1 stage layer=0 pos=0 rows=2048 attention projections=73.877 ms
ds4: V4.1 stage layer=0 pos=0 rows=2048 attention core/index=32.919 ms
ds4: V4.1 stage layer=0 pos=0 rows=2048 attention output=16.083 ms
ds4: V4.1 stage layer=0 pos=0 rows=2048 hc/ffn norm=12.247 ms
ds4: V4.1 stage layer=0 pos=0 rows=2048 shared/routed ffn=222.054 ms
ds4: V4.1 stage layer=0 pos=0 rows=2048 hc expand=2.142 ms
ds4: V4.1 prefill layer=0 pos=0 rows=2048 encoder_resident=0 map=226.453 engram=0.000 encode=385.613 drain=9.351 seed=0.001 ms
ds4: V4.1 stage layer=0 pos=2048 rows=2048 hc/engram=2.472 ms
ds4: V4.1 stage layer=0 pos=2048 rows=2048 attention projections=67.717 ms
ds4: V4.1 stage layer=0 pos=2048 rows=2048 attention core/index=11.347 ms
ds4: V4.1 stage layer=0 pos=2048 rows=2048 attention output=8.144 ms
ds4: V4.1 stage layer=0 pos=2048 rows=2048 hc/ffn norm=3.954 ms
ds4: V4.1 stage layer=0 pos=2048 rows=2048 shared/routed ffn=72.655 ms
ds4: V4.1 stage layer=0 pos=2048 rows=2048 hc expand=2.159 ms
ds4: V4.1 prefill layer=0 pos=2048 rows=2048 encoder_resident=0 map=0.000 engram=0.000 encode=168.478 drain=0.729 seed=6.734 ms
ds4: V4.1 K-block effective configuration: rows=685 exact_vocab=0 head_tile=0 dense_tile=4 block_kv=1 block_levels=1 block_attn_k=0 block_attn_raw=0 block_low_batch=0 block_attn=0 batch_fuse=0 batch_attn_out=1 batch_stream_experts=1 row_gather=1 moe_expert_major=0 block_txn=0 row_logits_readback=0
ds4: V4.1 block-local KV delta, 685 rows over 127 prefix keys
ds4: V4.1 batch attn_output_b hoisted out of the per-row loop (685 rows)
ds4: V4.1 routed gate/up encode: ds4_gpu_encode_mul_mv_addr_iq2_pair_swiglu
ds4: V4.1 stage layer=1 pos=0 rows=2048 hc/engram=220.300 ms
ds4: V4.1 stage layer=1 pos=0 rows=2048 attention projections=68.209 ms
ds4: V4.1 stage layer=1 pos=0 rows=2048 attention core/index=9.470 ms
ds4: V4.1 stage layer=1 pos=0 rows=2048 attention output=10.347 ms
ds4: V4.1 stage layer=1 pos=0 rows=2048 hc/ffn norm=8.224 ms
ds4: V4.1 stage layer=1 pos=0 rows=2048 shared/routed ffn=74.562 ms
ds4: V4.1 stage layer=1 pos=0 rows=2048 hc expand=2.203 ms
ds4: V4.1 prefill layer=1 pos=0 rows=2048 encoder_resident=0 map=0.315 engram=0.000 encode=393.349 drain=0.779 seed=0.000 ms
ds4: V4.1 stage layer=1 pos=2048 rows=2048 hc/engram=18.653 ms
ds4: V4.1 stage layer=1 pos=2048 rows=2048 attention projections=68.249 ms
ds4: V4.1 stage layer=1 pos=2048 rows=2048 attention core/index=9.967 ms
ds4: V4.1 stage layer=1 pos=2048 rows=2048 attention output=8.018 ms
ds4: V4.1 stage layer=1 pos=2048 rows=2048 hc/ffn norm=3.979 ms
ds4: V4.1 stage layer=1 pos=2048 rows=2048 shared/routed ffn=72.849 ms
ds4: V4.1 stage layer=1 pos=2048 rows=2048 hc expand=2.173 ms
ds4: V4.1 prefill layer=1 pos=2048 rows=2048 encoder_resident=0 map=0.000 engram=0.000 encode=183.916 drain=0.774 seed=6.536 ms
ds4: V4.1 stage layer=2 pos=0 rows=2048 hc/engram=12.272 ms
ds4: V4.1 stage layer=2 pos=0 rows=2048 attention projections=70.815 ms
ds4: V4.1 stage layer=2 pos=0 rows=2048 attention core/index=84.919 ms
ds4: V4.1 stage layer=2 pos=0 rows=2048 attention output=8.221 ms
ds4: V4.1 stage layer=2 pos=0 rows=2048 hc/ffn norm=4.184 ms
ds4: V4.1 stage layer=2 pos=0 rows=2048 shared/routed ffn=185.883 ms
ds4: V4.1 stage layer=2 pos=0 rows=2048 hc expand=2.193 ms
ds4: V4.1 prefill layer=2 pos=0 rows=2048 encoder_resident=0 map=0.300 engram=0.001 encode=368.524 drain=0.808 seed=-0.000 ms
ds4: V4.1 stage layer=2 pos=2048 rows=2048 hc/engram=2.372 ms
ds4: V4.1 stage layer=2 pos=2048 rows=2048 attention projections=67.940 ms
ds4: V4.1 stage layer=2 pos=2048 rows=2048 attention core/index=86.160 ms
ds4: V4.1 stage layer=2 pos=2048 rows=2048 attention output=9.150 ms
ds4: V4.1 stage layer=2 pos=2048 rows=2048 hc/ffn norm=4.316 ms
ds4: V4.1 stage layer=2 pos=2048 rows=2048 shared/routed ffn=70.239 ms
ds4: V4.1 stage layer=2 pos=2048 rows=2048 hc expand=2.178 ms
ds4: V4.1 prefill layer=2 pos=2048 rows=2048 encoder_resident=0 map=0.000 engram=0.000 encode=242.376 drain=0.752 seed=6.062 ms
ds4: V4.1 block attention by level, 685 rows, concurrent section open
ds4: V4.1 stage layer=3 pos=0 rows=2048 hc/engram=12.007 ms
ds4: V4.1 stage layer=3 pos=0 rows=2048 attention projections=73.073 ms
ds4: V4.1 stage layer=3 pos=0 rows=2048 attention core/index=25.330 ms
ds4: V4.1 stage layer=3 pos=0 rows=2048 attention output=8.868 ms
ds4: V4.1 stage layer=3 pos=0 rows=2048 hc/ffn norm=4.318 ms
ds4: V4.1 stage layer=3 pos=0 rows=2048 shared/routed ffn=314.332 ms
ds4: V4.1 stage layer=3 pos=0 rows=2048 hc expand=2.248 ms
ds4: V4.1 prefill layer=3 pos=0 rows=2048 encoder_resident=0 map=0.356 engram=0.000 encode=440.210 drain=0.734 seed=0.000 ms
ds4: V4.1 stage layer=3 pos=2048 rows=2048 hc/engram=2.414 ms
ds4: V4.1 stage layer=3 pos=2048 rows=2048 attention projections=67.714 ms
ds4: V4.1 stage layer=3 pos=2048 rows=2048 attention core/index=30.803 ms
ds4: V4.1 stage layer=3 pos=2048 rows=2048 attention output=8.398 ms
ds4: V4.1 stage layer=3 pos=2048 rows=2048 hc/ffn norm=4.102 ms
ds4: V4.1 stage layer=3 pos=2048 rows=2048 shared/routed ffn=73.183 ms
ds4: V4.1 stage layer=3 pos=2048 rows=2048 hc expand=2.296 ms
ds4: V4.1 prefill layer=3 pos=2048 rows=2048 encoder_resident=0 map=0.000 engram=0.000 encode=188.933 drain=0.721 seed=6.367 ms
ds4: V4.1 stage layer=4 pos=0 rows=2048 hc/engram=12.541 ms
ds4: V4.1 stage layer=4 pos=0 rows=2048 attention projections=99.278 ms
ds4: V4.1 stage layer=4 pos=0 rows=2048 attention core/index=34.416 ms
ds4: V4.1 stage layer=4 pos=0 rows=2048 attention output=14.546 ms
ds4: V4.1 stage layer=4 pos=0 rows=2048 hc/ffn norm=5.083 ms
ds4: V4.1 stage layer=4 pos=0 rows=2048 shared/routed ffn=257.479 ms
ds4: V4.1 stage layer=4 pos=0 rows=2048 hc expand=2.550 ms
ds4: V4.1 prefill layer=4 pos=0 rows=2048 encoder_resident=0 map=0.399 engram=0.000 encode=425.937 drain=0.812 seed=-0.000 ms
ds4: V4.1 stage layer=4 pos=2048 rows=2048 hc/engram=2.941 ms
ds4: V4.1 stage layer=4 pos=2048 rows=2048 attention projections=96.759 ms
ds4: V4.1 stage layer=4 pos=2048 rows=2048 attention core/index=47.236 ms
ds4: V4.1 stage layer=4 pos=2048 rows=2048 attention output=12.613 ms
ds4: V4.1 stage layer=4 pos=2048 rows=2048 hc/ffn norm=5.615 ms
ds4: V4.1 stage layer=4 pos=2048 rows=2048 shared/routed ffn=117.662 ms
ds4: V4.1 stage layer=4 pos=2048 rows=2048 hc expand=3.294 ms
ds4: V4.1 prefill layer=4 pos=2048 rows=2048 encoder_resident=0 map=0.000 engram=0.000 encode=286.147 drain=0.784 seed=6.890 ms
ds4: V4.1 stage layer=5 pos=0 rows=2048 hc/engram=15.249 ms
ds4: V4.1 stage layer=5 pos=0 rows=2048 attention projections=161.622 ms
ds4: V4.1 stage layer=5 pos=0 rows=2048 attention core/index=71.482 ms
ds4: V4.1 stage layer=5 pos=0 rows=2048 attention output=20.296 ms
ds4: V4.1 stage layer=5 pos=0 rows=2048 hc/ffn norm=8.218 ms
ds4: V4.1 stage layer=5 pos=0 rows=2048 shared/routed ffn=280.034 ms
ds4: V4.1 stage layer=5 pos=0 rows=2048 hc expand=3.698 ms
ds4: V4.1 prefill layer=5 pos=0 rows=2048 encoder_resident=0 map=0.355 engram=0.001 encode=560.646 drain=0.947 seed=0.001 ms
ds4: V4.1 stage layer=5 pos=2048 rows=2048 hc/engram=5.118 ms
ds4: V4.1 stage layer=5 pos=2048 rows=2048 attention projections=173.231 ms
ds4: V4.1 stage layer=5 pos=2048 rows=2048 attention core/index=84.125 ms
ds4: V4.1 stage layer=5 pos=2048 rows=2048 attention output=21.533 ms
ds4: V4.1 stage layer=5 pos=2048 rows=2048 hc/ffn norm=9.582 ms
ds4: V4.1 stage layer=5 pos=2048 rows=2048 shared/routed ffn=224.545 ms
ds4: V4.1 stage layer=5 pos=2048 rows=2048 hc expand=4.614 ms
ds4: V4.1 prefill layer=5 pos=2048 rows=2048 encoder_resident=0 map=0.000 engram=0.000 encode=522.782 drain=0.963 seed=13.521 ms
ds4: V4.1 stage layer=6 pos=0 rows=2048 hc/engram=18.040 ms
ds4: V4.1 stage layer=6 pos=0 rows=2048 attention projections=197.318 ms
ds4: V4.1 stage layer=6 pos=0 rows=2048 attention core/index=62.179 ms
ds4: V4.1 stage layer=6 pos=0 rows=2048 attention output=19.216 ms
ds4: V4.1 stage layer=6 pos=0 rows=2048 hc/ffn norm=8.222 ms
ds4: V4.1 stage layer=6 pos=0 rows=2048 shared/routed ffn=242.453 ms
ds4: V4.1 stage layer=6 pos=0 rows=2048 hc expand=3.732 ms
ds4: V4.1 prefill layer=6 pos=0 rows=2048 encoder_resident=0 map=0.394 engram=0.000 encode=551.198 drain=0.884 seed=0.001 ms
ds4: V4.1 stage layer=6 pos=2048 rows=2048 hc/engram=5.847 ms
ds4: V4.1 stage layer=6 pos=2048 rows=2048 attention projections=181.363 ms
ds4: V4.1 stage layer=6 pos=2048 rows=2048 attention core/index=85.625 ms
ds4: V4.1 stage layer=6 pos=2048 rows=2048 attention output=19.491 ms
ds4: V4.1 stage layer=6 pos=2048 rows=2048 hc/ffn norm=8.142 ms
ds4: V4.1 stage layer=6 pos=2048 rows=2048 shared/routed ffn=179.627 ms
ds4: V4.1 stage layer=6 pos=2048 rows=2048 hc expand=4.250 ms
ds4: V4.1 prefill layer=6 pos=2048 rows=2048 encoder_resident=0 map=0.000 engram=0.000 encode=484.385 drain=1.160 seed=15.757 ms
ds4: V4.1 stage layer=7 pos=0 rows=2048 hc/engram=17.605 ms
ds4: V4.1 stage layer=7 pos=0 rows=2048 attention projections=165.810 ms
ds4: V4.1 stage layer=7 pos=0 rows=2048 attention core/index=60.635 ms
ds4: V4.1 stage layer=7 pos=0 rows=2048 attention output=19.704 ms
ds4: V4.1 stage layer=7 pos=0 rows=2048 hc/ffn norm=7.439 ms
ds4: V4.1 stage layer=7 pos=0 rows=2048 shared/routed ffn=311.178 ms
ds4: V4.1 stage layer=7 pos=0 rows=2048 hc expand=4.735 ms
ds4: V4.1 prefill layer=7 pos=0 rows=2048 encoder_resident=0 map=0.375 engram=0.001 encode=587.416 drain=1.149 seed=-0.000 ms
ds4: V4.1 stage layer=7 pos=2048 rows=2048 hc/engram=5.245 ms
ds4: V4.1 stage layer=7 pos=2048 rows=2048 attention projections=149.402 ms
ds4: V4.1 stage layer=7 pos=2048 rows=2048 attention core/index=66.660 ms
ds4: V4.1 stage layer=7 pos=2048 rows=2048 attention output=16.909 ms
ds4: V4.1 stage layer=7 pos=2048 rows=2048 hc/ffn norm=7.791 ms
ds4: V4.1 stage layer=7 pos=2048 rows=2048 shared/routed ffn=164.377 ms
ds4: V4.1 stage layer=7 pos=2048 rows=2048 hc expand=3.612 ms
ds4: V4.1 prefill layer=7 pos=2048 rows=2048 encoder_resident=0 map=0.000 engram=0.000 encode=414.026 drain=0.946 seed=15.528 ms
ds4: V4.1 stage layer=8 pos=0 rows=2048 hc/engram=13.716 ms
ds4: V4.1 stage layer=8 pos=0 rows=2048 attention projections=145.926 ms
ds4: V4.1 stage layer=8 pos=0 rows=2048 attention core/index=173.699 ms
ds4: V4.1 stage layer=8 pos=0 rows=2048 attention output=15.600 ms
ds4: V4.1 stage layer=8 pos=0 rows=2048 hc/ffn norm=7.021 ms
ds4: V4.1 stage layer=8 pos=0 rows=2048 shared/routed ffn=191.060 ms
ds4: V4.1 stage layer=8 pos=0 rows=2048 hc expand=4.272 ms
ds4: V4.1 prefill layer=8 pos=0 rows=2048 encoder_resident=0 map=0.942 engram=0.001 encode=551.343 drain=0.978 seed=-0.000 ms
ds4: V4.1 stage layer=8 pos=2048 rows=2048 hc/engram=4.665 ms
ds4: V4.1 stage layer=8 pos=2048 rows=2048 attention projections=163.086 ms
ds4: V4.1 stage layer=8 pos=2048 rows=2048 attention core/index=202.406 ms
ds4: V4.1 stage layer=8 pos=2048 rows=2048 attention output=18.179 ms
ds4: V4.1 stage layer=8 pos=2048 rows=2048 hc/ffn norm=7.822 ms
ds4: V4.1 stage layer=8 pos=2048 rows=2048 shared/routed ffn=160.629 ms
ds4: V4.1 stage layer=8 pos=2048 rows=2048 hc expand=3.652 ms
ds4: V4.1 prefill layer=8 pos=2048 rows=2048 encoder_resident=0 map=0.000 engram=0.000 encode=560.468 drain=0.846 seed=12.728 ms
ds4: V4.1 stage layer=9 pos=0 rows=2048 hc/engram=17.628 ms
ds4: V4.1 stage layer=9 pos=0 rows=2048 attention projections=154.870 ms
ds4: V4.1 stage layer=9 pos=0 rows=2048 attention core/index=54.086 ms
ds4: V4.1 stage layer=9 pos=0 rows=2048 attention output=17.232 ms
ds4: V4.1 stage layer=9 pos=0 rows=2048 hc/ffn norm=7.480 ms
ds4: V4.1 stage layer=9 pos=0 rows=2048 shared/routed ffn=198.552 ms
ds4: V4.1 stage layer=9 pos=0 rows=2048 hc expand=4.319 ms
ds4: V4.1 prefill layer=9 pos=0 rows=2048 encoder_resident=0 map=0.489 engram=0.000 encode=454.194 drain=0.973 seed=-0.000 ms
ds4: V4.1 stage layer=9 pos=2048 rows=2048 hc/engram=5.283 ms
ds4: V4.1 stage layer=9 pos=2048 rows=2048 attention projections=169.667 ms
ds4: V4.1 stage layer=9 pos=2048 rows=2048 attention core/index=73.641 ms
ds4: V4.1 stage layer=9 pos=2048 rows=2048 attention output=19.060 ms
ds4: V4.1 stage layer=9 pos=2048 rows=2048 hc/ffn norm=8.513 ms
ds4: V4.1 stage layer=9 pos=2048 rows=2048 shared/routed ffn=175.627 ms
ds4: V4.1 stage layer=9 pos=2048 rows=2048 hc expand=4.287 ms
ds4: V4.1 prefill layer=9 pos=2048 rows=2048 encoder_resident=0 map=0.000 engram=0.000 encode=456.113 drain=0.968 seed=16.622 ms
ds4: V4.1 stage layer=10 pos=0 rows=2048 hc/engram=14.863 ms
ds4: V4.1 stage layer=10 pos=0 rows=2048 attention projections=165.817 ms
ds4: V4.1 stage layer=10 pos=0 rows=2048 attention core/index=57.516 ms
ds4: V4.1 stage layer=10 pos=0 rows=2048 attention output=17.399 ms
ds4: V4.1 stage layer=10 pos=0 rows=2048 hc/ffn norm=8.670 ms
ds4: V4.1 stage layer=10 pos=0 rows=2048 shared/routed ffn=257.998 ms
ds4: V4.1 stage layer=10 pos=0 rows=2048 hc expand=3.674 ms
ds4: V4.1 prefill layer=10 pos=0 rows=2048 encoder_resident=0 map=0.435 engram=0.001 encode=525.958 drain=0.992 seed=-0.000 ms
ds4: V4.1 stage layer=10 pos=2048 rows=2048 hc/engram=4.519 ms
ds4: V4.1 stage layer=10 pos=2048 rows=2048 attention projections=158.089 ms
ds4: V4.1 stage layer=10 pos=2048 rows=2048 attention core/index=69.166 ms
ds4: V4.1 stage layer=10 pos=2048 rows=2048 attention output=19.245 ms
ds4: V4.1 stage layer=10 pos=2048 rows=2048 hc/ffn norm=9.334 ms
ds4: V4.1 stage layer=10 pos=2048 rows=2048 shared/routed ffn=164.755 ms
ds4: V4.1 stage layer=10 pos=2048 rows=2048 hc expand=4.544 ms
ds4: V4.1 prefill layer=10 pos=2048 rows=2048 encoder_resident=0 map=0.000 engram=0.000 encode=429.684 drain=0.966 seed=37.627 ms
ds4: V4.1 stage layer=11 pos=0 rows=2048 hc/engram=15.940 ms
ds4: V4.1 stage layer=11 pos=0 rows=2048 attention projections=159.046 ms
ds4: V4.1 stage layer=11 pos=0 rows=2048 attention core/index=55.597 ms
ds4: V4.1 stage layer=11 pos=0 rows=2048 attention output=17.122 ms
ds4: V4.1 stage layer=11 pos=0 rows=2048 hc/ffn norm=7.342 ms
ds4: V4.1 stage layer=11 pos=0 rows=2048 shared/routed ffn=196.866 ms
ds4: V4.1 stage layer=11 pos=0 rows=2048 hc expand=3.678 ms
ds4: V4.1 prefill layer=11 pos=0 rows=2048 encoder_resident=0 map=0.343 engram=0.000 encode=455.632 drain=0.935 seed=-0.000 ms
ds4: V4.1 stage layer=11 pos=2048 rows=2048 hc/engram=5.251 ms
ds4: V4.1 stage layer=11 pos=2048 rows=2048 attention projections=164.090 ms
ds4: V4.1 stage layer=11 pos=2048 rows=2048 attention core/index=72.548 ms
ds4: V4.1 stage layer=11 pos=2048 rows=2048 attention output=17.961 ms
ds4: V4.1 stage layer=11 pos=2048 rows=2048 hc/ffn norm=8.649 ms
ds4: V4.1 stage layer=11 pos=2048 rows=2048 shared/routed ffn=165.537 ms
ds4: V4.1 stage layer=11 pos=2048 rows=2048 hc expand=4.538 ms
ds4: V4.1 prefill layer=11 pos=2048 rows=2048 encoder_resident=0 map=0.000 engram=0.000 encode=438.617 drain=0.991 seed=14.039 ms
ds4: V4.1 stage layer=12 pos=0 rows=2048 hc/engram=17.223 ms
ds4: V4.1 stage layer=12 pos=0 rows=2048 attention projections=182.938 ms
ds4: V4.1 stage layer=12 pos=0 rows=2048 attention core/index=63.112 ms
ds4: V4.1 stage layer=12 pos=0 rows=2048 attention output=18.398 ms
ds4: V4.1 stage layer=12 pos=0 rows=2048 hc/ffn norm=7.937 ms
ds4: V4.1 stage layer=12 pos=0 rows=2048 shared/routed ffn=227.178 ms
ds4: V4.1 stage layer=12 pos=0 rows=2048 hc expand=4.178 ms
ds4: V4.1 prefill layer=12 pos=0 rows=2048 encoder_resident=0 map=0.541 engram=0.000 encode=521.003 drain=0.943 seed=-0.000 ms
ds4: V4.1 stage layer=12 pos=2048 rows=2048 hc/engram=5.288 ms
ds4: V4.1 stage layer=12 pos=2048 rows=2048 attention projections=171.870 ms
ds4: V4.1 stage layer=12 pos=2048 rows=2048 attention core/index=80.303 ms
ds4: V4.1 stage layer=12 pos=2048 rows=2048 attention output=19.126 ms
ds4: V4.1 stage layer=12 pos=2048 rows=2048 hc/ffn norm=8.970 ms
ds4: V4.1 stage layer=12 pos=2048 rows=2048 shared/routed ffn=185.308 ms
ds4: V4.1 stage layer=12 pos=2048 rows=2048 hc expand=3.997 ms
ds4: V4.1 prefill layer=12 pos=2048 rows=2048 encoder_resident=0 map=0.000 engram=0.000 encode=474.903 drain=0.914 seed=15.831 ms
ds4: V4.1 stage layer=13 pos=0 rows=2048 hc/engram=18.956 ms
ds4: V4.1 stage layer=13 pos=0 rows=2048 attention projections=168.972 ms
ds4: V4.1 stage layer=13 pos=0 rows=2048 attention core/index=56.877 ms
ds4: V4.1 stage layer=13 pos=0 rows=2048 attention output=17.797 ms
ds4: V4.1 stage layer=13 pos=0 rows=2048 hc/ffn norm=7.430 ms
ds4: V4.1 stage layer=13 pos=0 rows=2048 shared/routed ffn=220.360 ms
ds4: V4.1 stage layer=13 pos=0 rows=2048 hc expand=7.106 ms
ds4: V4.1 prefill layer=13 pos=0 rows=2048 encoder_resident=0 map=0.399 engram=0.000 encode=497.728 drain=1.357 seed=0.000 ms
ds4: V4.1 stage layer=13 pos=2048 rows=2048 hc/engram=5.752 ms
ds4: V4.1 stage layer=13 pos=2048 rows=2048 attention projections=161.120 ms
ds4: V4.1 stage layer=13 pos=2048 rows=2048 attention core/index=79.491 ms
ds4: V4.1 stage layer=13 pos=2048 rows=2048 attention output=21.486 ms
ds4: V4.1 stage layer=13 pos=2048 rows=2048 hc/ffn norm=8.894 ms
ds4: V4.1 stage layer=13 pos=2048 rows=2048 shared/routed ffn=180.609 ms
ds4: V4.1 stage layer=13 pos=2048 rows=2048 hc expand=4.302 ms
ds4: V4.1 prefill layer=13 pos=2048 rows=2048 encoder_resident=0 map=0.000 engram=0.000 encode=461.685 drain=0.987 seed=21.025 ms
ds4: V4.1 stage layer=14 pos=0 rows=2048 hc/engram=147.865 ms
ds4: V4.1 stage layer=14 pos=0 rows=2048 attention projections=132.419 ms
ds4: V4.1 stage layer=14 pos=0 rows=2048 attention core/index=177.622 ms
ds4: V4.1 stage layer=14 pos=0 rows=2048 attention output=16.140 ms
ds4: V4.1 stage layer=14 pos=0 rows=2048 hc/ffn norm=7.891 ms
ds4: V4.1 stage layer=14 pos=0 rows=2048 shared/routed ffn=158.004 ms
ds4: V4.1 stage layer=14 pos=0 rows=2048 hc expand=4.346 ms
ds4: V4.1 prefill layer=14 pos=0 rows=2048 encoder_resident=0 map=0.648 engram=0.000 encode=644.315 drain=1.055 seed=-0.000 ms
ds4: V4.1 stage layer=14 pos=2048 rows=2048 hc/engram=41.447 ms
ds4: V4.1 stage layer=14 pos=2048 rows=2048 attention projections=164.316 ms
ds4: V4.1 stage layer=14 pos=2048 rows=2048 attention core/index=198.224 ms
ds4: V4.1 stage layer=14 pos=2048 rows=2048 attention output=20.175 ms
ds4: V4.1 stage layer=14 pos=2048 rows=2048 hc/ffn norm=8.736 ms
ds4: V4.1 stage layer=14 pos=2048 rows=2048 shared/routed ffn=158.319 ms
ds4: V4.1 stage layer=14 pos=2048 rows=2048 hc expand=3.439 ms
ds4: V4.1 prefill layer=14 pos=2048 rows=2048 encoder_resident=0 map=0.000 engram=0.000 encode=594.695 drain=0.896 seed=14.647 ms
ds4: V4.1 stage layer=15 pos=0 rows=2048 hc/engram=16.705 ms
ds4: V4.1 stage layer=15 pos=0 rows=2048 attention projections=199.640 ms
ds4: V4.1 stage layer=15 pos=0 rows=2048 attention core/index=57.191 ms
ds4: V4.1 stage layer=15 pos=0 rows=2048 attention output=17.488 ms
ds4: V4.1 stage layer=15 pos=0 rows=2048 hc/ffn norm=7.712 ms
ds4: V4.1 stage layer=15 pos=0 rows=2048 shared/routed ffn=216.462 ms
ds4: V4.1 stage layer=15 pos=0 rows=2048 hc expand=4.498 ms
ds4: V4.1 prefill layer=15 pos=0 rows=2048 encoder_resident=0 map=0.474 engram=0.000 encode=519.714 drain=0.954 seed=0.001 ms
ds4: V4.1 stage layer=15 pos=2048 rows=2048 hc/engram=5.365 ms
ds4: V4.1 stage layer=15 pos=2048 rows=2048 attention projections=177.641 ms
ds4: V4.1 stage layer=15 pos=2048 rows=2048 attention core/index=77.594 ms
ds4: V4.1 stage layer=15 pos=2048 rows=2048 attention output=19.333 ms
ds4: V4.1 stage layer=15 pos=2048 rows=2048 hc/ffn norm=9.173 ms
ds4: V4.1 stage layer=15 pos=2048 rows=2048 shared/routed ffn=210.956 ms
ds4: V4.1 stage layer=15 pos=2048 rows=2048 hc expand=6.039 ms
ds4: V4.1 prefill layer=15 pos=2048 rows=2048 encoder_resident=0 map=0.000 engram=0.001 encode=506.134 drain=1.082 seed=18.552 ms
ds4: V4.1 stage layer=16 pos=0 rows=2048 hc/engram=17.965 ms
ds4: V4.1 stage layer=16 pos=0 rows=2048 attention projections=171.752 ms
ds4: V4.1 stage layer=16 pos=0 rows=2048 attention core/index=59.174 ms
ds4: V4.1 stage layer=16 pos=0 rows=2048 attention output=17.782 ms
ds4: V4.1 stage layer=16 pos=0 rows=2048 hc/ffn norm=7.800 ms
ds4: V4.1 stage layer=16 pos=0 rows=2048 shared/routed ffn=213.611 ms
ds4: V4.1 stage layer=16 pos=0 rows=2048 hc expand=4.260 ms
ds4: V4.1 prefill layer=16 pos=0 rows=2048 encoder_resident=0 map=0.397 engram=0.000 encode=492.367 drain=0.992 seed=0.000 ms
ds4: V4.1 stage layer=16 pos=2048 rows=2048 hc/engram=5.221 ms
ds4: V4.1 stage layer=16 pos=2048 rows=2048 attention projections=170.543 ms
ds4: V4.1 stage layer=16 pos=2048 rows=2048 attention core/index=86.841 ms
ds4: V4.1 stage layer=16 pos=2048 rows=2048 attention output=23.458 ms
ds4: V4.1 stage layer=16 pos=2048 rows=2048 hc/ffn norm=10.259 ms
ds4: V4.1 stage layer=16 pos=2048 rows=2048 shared/routed ffn=229.095 ms
ds4: V4.1 stage layer=16 pos=2048 rows=2048 hc expand=4.644 ms
ds4: V4.1 prefill layer=16 pos=2048 rows=2048 encoder_resident=0 map=0.000 engram=0.000 encode=530.121 drain=1.091 seed=20.814 ms
ds4: V4.1 stage layer=17 pos=0 rows=2048 hc/engram=17.300 ms
ds4: V4.1 stage layer=17 pos=0 rows=2048 attention projections=173.809 ms
ds4: V4.1 stage layer=17 pos=0 rows=2048 attention core/index=60.703 ms
ds4: V4.1 stage layer=17 pos=0 rows=2048 attention output=17.647 ms
ds4: V4.1 stage layer=17 pos=0 rows=2048 hc/ffn norm=7.671 ms
ds4: V4.1 stage layer=17 pos=0 rows=2048 shared/routed ffn=215.611 ms
ds4: V4.1 stage layer=17 pos=0 rows=2048 hc expand=3.858 ms
ds4: V4.1 prefill layer=17 pos=0 rows=2048 encoder_resident=0 map=0.448 engram=0.000 encode=496.635 drain=1.021 seed=0.000 ms
ds4: V4.1 stage layer=17 pos=2048 rows=2048 hc/engram=4.701 ms
ds4: V4.1 stage layer=17 pos=2048 rows=2048 attention projections=168.974 ms
ds4: V4.1 stage layer=17 pos=2048 rows=2048 attention core/index=76.572 ms
ds4: V4.1 stage layer=17 pos=2048 rows=2048 attention output=18.968 ms
ds4: V4.1 stage layer=17 pos=2048 rows=2048 hc/ffn norm=8.972 ms
ds4: V4.1 stage layer=17 pos=2048 rows=2048 shared/routed ffn=166.442 ms
ds4: V4.1 stage layer=17 pos=2048 rows=2048 hc expand=3.520 ms
ds4: V4.1 prefill layer=17 pos=2048 rows=2048 encoder_resident=0 map=0.000 engram=0.000 encode=448.185 drain=0.929 seed=15.350 ms
ds4: V4.1 stage layer=18 pos=0 rows=2048 hc/engram=18.327 ms
ds4: V4.1 stage layer=18 pos=0 rows=2048 attention projections=182.588 ms
ds4: V4.1 stage layer=18 pos=0 rows=2048 attention core/index=64.527 ms
ds4: V4.1 stage layer=18 pos=0 rows=2048 attention output=20.632 ms
ds4: V4.1 stage layer=18 pos=0 rows=2048 hc/ffn norm=7.724 ms
ds4: V4.1 stage layer=18 pos=0 rows=2048 shared/routed ffn=239.592 ms
ds4: V4.1 stage layer=18 pos=0 rows=2048 hc expand=4.807 ms
ds4: V4.1 prefill layer=18 pos=0 rows=2048 encoder_resident=0 map=0.396 engram=0.000 encode=538.241 drain=0.973 seed=0.000 ms
ds4: V4.1 stage layer=18 pos=2048 rows=2048 hc/engram=4.553 ms
ds4: V4.1 stage layer=18 pos=2048 rows=2048 attention projections=168.953 ms
ds4: V4.1 stage layer=18 pos=2048 rows=2048 attention core/index=76.758 ms
ds4: V4.1 stage layer=18 pos=2048 rows=2048 attention output=19.212 ms
ds4: V4.1 stage layer=18 pos=2048 rows=2048 hc/ffn norm=8.619 ms
ds4: V4.1 stage layer=18 pos=2048 rows=2048 shared/routed ffn=181.706 ms
ds4: V4.1 stage layer=18 pos=2048 rows=2048 hc expand=4.775 ms
ds4: V4.1 prefill layer=18 pos=2048 rows=2048 encoder_resident=0 map=0.000 engram=0.000 encode=464.615 drain=1.030 seed=24.387 ms
ds4: V4.1 stage layer=19 pos=0 rows=2048 hc/engram=17.349 ms
ds4: V4.1 stage layer=19 pos=0 rows=2048 attention projections=179.173 ms
ds4: V4.1 stage layer=19 pos=0 rows=2048 attention core/index=60.322 ms
ds4: V4.1 stage layer=19 pos=0 rows=2048 attention output=17.747 ms
ds4: V4.1 stage layer=19 pos=0 rows=2048 hc/ffn norm=11.092 ms
ds4: V4.1 stage layer=19 pos=0 rows=2048 shared/routed ffn=284.663 ms
ds4: V4.1 stage layer=19 pos=0 rows=2048 hc expand=4.212 ms
ds4: V4.1 prefill layer=19 pos=0 rows=2048 encoder_resident=0 map=0.541 engram=0.001 encode=574.608 drain=1.048 seed=-0.000 ms
ds4: V4.1 stage layer=19 pos=2048 rows=2048 hc/engram=5.465 ms
ds4: V4.1 stage layer=19 pos=2048 rows=2048 attention projections=167.834 ms
ds4: V4.1 stage layer=19 pos=2048 rows=2048 attention core/index=74.717 ms
ds4: V4.1 stage layer=19 pos=2048 rows=2048 attention output=17.707 ms
ds4: V4.1 stage layer=19 pos=2048 rows=2048 hc/ffn norm=8.417 ms
ds4: V4.1 stage layer=19 pos=2048 rows=2048 shared/routed ffn=177.296 ms
ds4: V4.1 stage layer=19 pos=2048 rows=2048 hc expand=4.359 ms
ds4: V4.1 prefill layer=19 pos=2048 rows=2048 encoder_resident=0 map=0.000 engram=0.000 encode=455.833 drain=1.027 seed=16.301 ms
ds4: V4.1 stage layer=20 pos=0 rows=2048 hc/engram=17.713 ms
ds4: V4.1 stage layer=20 pos=0 rows=2048 attention projections=168.964 ms
ds4: V4.1 stage layer=20 pos=0 rows=2048 attention core/index=341.014 ms
ds4: V4.1 stage layer=20 pos=0 rows=2048 attention output=15.304 ms
ds4: V4.1 stage layer=20 pos=0 rows=2048 hc/ffn norm=7.575 ms
ds4: V4.1 stage layer=20 pos=0 rows=2048 shared/routed ffn=218.332 ms
ds4: V4.1 stage layer=20 pos=0 rows=2048 hc expand=3.518 ms
ds4: V4.1 prefill layer=20 pos=0 rows=2048 encoder_resident=0 map=0.506 engram=0.000 encode=772.440 drain=0.864 seed=0.001 ms
ds4: V4.1 stage layer=20 pos=2048 rows=2048 hc/engram=4.609 ms
ds4: V4.1 stage layer=20 pos=2048 rows=2048 attention projections=147.598 ms
ds4: V4.1 stage layer=20 pos=2048 rows=2048 attention core/index=352.278 ms
ds4: V4.1 stage layer=20 pos=2048 rows=2048 attention output=12.893 ms
ds4: V4.1 stage layer=20 pos=2048 rows=2048 hc/ffn norm=5.785 ms
ds4: V4.1 stage layer=20 pos=2048 rows=2048 shared/routed ffn=125.228 ms
ds4: V4.1 stage layer=20 pos=2048 rows=2048 hc expand=3.374 ms
ds4: V4.1 prefill layer=20 pos=2048 rows=2048 encoder_resident=0 map=0.000 engram=0.000 encode=651.805 drain=0.910 seed=16.138 ms
ds4: V4.1 stage layer=21 pos=0 rows=2048 hc/engram=17.477 ms
ds4: V4.1 stage layer=21 pos=0 rows=2048 attention projections=158.701 ms
ds4: V4.1 stage layer=21 pos=0 rows=2048 attention core/index=65.306 ms
ds4: V4.1 stage layer=21 pos=0 rows=2048 attention output=18.434 ms
ds4: V4.1 stage layer=21 pos=0 rows=2048 hc/ffn norm=8.102 ms
ds4: V4.1 stage layer=21 pos=0 rows=2048 shared/routed ffn=236.442 ms
ds4: V4.1 stage layer=21 pos=0 rows=2048 hc expand=4.297 ms
ds4: V4.1 prefill layer=21 pos=0 rows=2048 encoder_resident=0 map=0.412 engram=0.000 encode=508.812 drain=0.933 seed=0.000 ms
ds4: V4.1 stage layer=21 pos=2048 rows=2048 hc/engram=5.481 ms
ds4: V4.1 stage layer=21 pos=2048 rows=2048 attention projections=171.473 ms
ds4: V4.1 stage layer=21 pos=2048 rows=2048 attention core/index=78.222 ms
ds4: V4.1 stage layer=21 pos=2048 rows=2048 attention output=19.423 ms
ds4: V4.1 stage layer=21 pos=2048 rows=2048 hc/ffn norm=8.972 ms
ds4: V4.1 stage layer=21 pos=2048 rows=2048 shared/routed ffn=201.864 ms
ds4: V4.1 stage layer=21 pos=2048 rows=2048 hc expand=5.815 ms
ds4: V4.1 prefill layer=21 pos=2048 rows=2048 encoder_resident=0 map=0.000 engram=0.000 encode=491.296 drain=0.992 seed=26.182 ms
ds4: V4.1 stage layer=22 pos=0 rows=2048 hc/engram=25.987 ms
ds4: V4.1 stage layer=22 pos=0 rows=2048 attention projections=196.824 ms
ds4: V4.1 stage layer=22 pos=0 rows=2048 attention core/index=66.440 ms
ds4: V4.1 stage layer=22 pos=0 rows=2048 attention output=18.450 ms
ds4: V4.1 stage layer=22 pos=0 rows=2048 hc/ffn norm=7.730 ms
ds4: V4.1 stage layer=22 pos=0 rows=2048 shared/routed ffn=220.775 ms
ds4: V4.1 stage layer=22 pos=0 rows=2048 hc expand=5.030 ms
ds4: V4.1 prefill layer=22 pos=0 rows=2048 encoder_resident=0 map=15.912 engram=0.000 encode=541.280 drain=1.051 seed=-0.000 ms
ds4: V4.1 stage layer=22 pos=2048 rows=2048 hc/engram=5.799 ms
ds4: V4.1 stage layer=22 pos=2048 rows=2048 attention projections=187.444 ms
ds4: V4.1 stage layer=22 pos=2048 rows=2048 attention core/index=75.341 ms
ds4: V4.1 stage layer=22 pos=2048 rows=2048 attention output=20.032 ms
ds4: V4.1 stage layer=22 pos=2048 rows=2048 hc/ffn norm=8.147 ms
ds4: V4.1 stage layer=22 pos=2048 rows=2048 shared/routed ffn=201.013 ms
ds4: V4.1 stage layer=22 pos=2048 rows=2048 hc expand=5.398 ms
ds4: V4.1 prefill layer=22 pos=2048 rows=2048 encoder_resident=0 map=0.000 engram=0.001 encode=503.210 drain=1.403 seed=26.442 ms
ds4: V4.1 stage layer=23 pos=0 rows=2048 hc/engram=19.560 ms
ds4: V4.1 stage layer=23 pos=0 rows=2048 attention projections=178.299 ms
ds4: V4.1 stage layer=23 pos=0 rows=2048 attention core/index=66.865 ms
ds4: V4.1 stage layer=23 pos=0 rows=2048 attention output=18.900 ms
ds4: V4.1 stage layer=23 pos=0 rows=2048 hc/ffn norm=7.731 ms
ds4: V4.1 stage layer=23 pos=0 rows=2048 shared/routed ffn=224.416 ms
ds4: V4.1 stage layer=23 pos=0 rows=2048 hc expand=4.350 ms
ds4: V4.1 prefill layer=23 pos=0 rows=2048 encoder_resident=0 map=0.514 engram=0.000 encode=520.168 drain=0.992 seed=-0.000 ms
ds4: V4.1 stage layer=23 pos=2048 rows=2048 hc/engram=5.320 ms
ds4: V4.1 stage layer=23 pos=2048 rows=2048 attention projections=173.679 ms
ds4: V4.1 stage layer=23 pos=2048 rows=2048 attention core/index=73.223 ms
ds4: V4.1 stage layer=23 pos=2048 rows=2048 attention output=17.180 ms
ds4: V4.1 stage layer=23 pos=2048 rows=2048 hc/ffn norm=7.505 ms
ds4: V4.1 stage layer=23 pos=2048 rows=2048 shared/routed ffn=174.950 ms
ds4: V4.1 stage layer=23 pos=2048 rows=2048 hc expand=3.987 ms
ds4: V4.1 prefill layer=23 pos=2048 rows=2048 encoder_resident=0 map=0.000 engram=0.001 encode=455.888 drain=0.894 seed=17.254 ms
ds4: V4.1 stage layer=24 pos=0 rows=2048 hc/engram=17.486 ms
ds4: V4.1 stage layer=24 pos=0 rows=2048 attention projections=183.391 ms
ds4: V4.1 stage layer=24 pos=0 rows=2048 attention core/index=151.563 ms
ds4: V4.1 stage layer=24 pos=0 rows=2048 attention output=19.427 ms
ds4: V4.1 stage layer=24 pos=0 rows=2048 hc/ffn norm=8.411 ms
ds4: V4.1 stage layer=24 pos=0 rows=2048 shared/routed ffn=229.926 ms
ds4: V4.1 stage layer=24 pos=0 rows=2048 hc expand=4.402 ms
ds4: V4.1 prefill layer=24 pos=0 rows=2048 encoder_resident=0 map=0.430 engram=0.000 encode=614.626 drain=1.026 seed=-0.000 ms
ds4: V4.1 stage layer=24 pos=2048 rows=2048 hc/engram=6.358 ms
ds4: V4.1 stage layer=24 pos=2048 rows=2048 attention projections=195.559 ms
ds4: V4.1 stage layer=24 pos=2048 rows=2048 attention core/index=178.002 ms
ds4: V4.1 stage layer=24 pos=2048 rows=2048 attention output=19.489 ms
ds4: V4.1 stage layer=24 pos=2048 rows=2048 hc/ffn norm=8.585 ms
ds4: V4.1 stage layer=24 pos=2048 rows=2048 shared/routed ffn=179.058 ms
ds4: V4.1 stage layer=24 pos=2048 rows=2048 hc expand=4.200 ms
ds4: V4.1 prefill layer=24 pos=2048 rows=2048 encoder_resident=0 map=0.000 engram=0.000 encode=591.298 drain=0.980 seed=24.906 ms
ds4: V4.1 stage layer=25 pos=0 rows=2048 hc/engram=17.970 ms
ds4: V4.1 stage layer=25 pos=0 rows=2048 attention projections=186.259 ms
ds4: V4.1 stage layer=25 pos=0 rows=2048 attention core/index=64.196 ms
ds4: V4.1 stage layer=25 pos=0 rows=2048 attention output=18.155 ms
ds4: V4.1 stage layer=25 pos=0 rows=2048 hc/ffn norm=8.109 ms
ds4: V4.1 stage layer=25 pos=0 rows=2048 shared/routed ffn=272.320 ms
ds4: V4.1 stage layer=25 pos=0 rows=2048 hc expand=5.430 ms
ds4: V4.1 prefill layer=25 pos=0 rows=2048 encoder_resident=0 map=0.396 engram=0.001 encode=572.794 drain=1.159 seed=0.001 ms
ds4: V4.1 stage layer=25 pos=2048 rows=2048 hc/engram=5.705 ms
ds4: V4.1 stage layer=25 pos=2048 rows=2048 attention projections=190.636 ms
ds4: V4.1 stage layer=25 pos=2048 rows=2048 attention core/index=82.907 ms
ds4: V4.1 stage layer=25 pos=2048 rows=2048 attention output=19.829 ms
ds4: V4.1 stage layer=25 pos=2048 rows=2048 hc/ffn norm=8.031 ms
ds4: V4.1 stage layer=25 pos=2048 rows=2048 shared/routed ffn=171.932 ms
ds4: V4.1 stage layer=25 pos=2048 rows=2048 hc expand=4.145 ms
ds4: V4.1 prefill layer=25 pos=2048 rows=2048 encoder_resident=0 map=0.000 engram=0.000 encode=483.201 drain=0.924 seed=23.281 ms
ds4: V4.1 stage layer=26 pos=0 rows=2048 hc/engram=18.952 ms
ds4: V4.1 stage layer=26 pos=0 rows=2048 attention projections=173.376 ms
ds4: V4.1 stage layer=26 pos=0 rows=2048 attention core/index=66.633 ms
ds4: V4.1 stage layer=26 pos=0 rows=2048 attention output=18.239 ms
ds4: V4.1 stage layer=26 pos=0 rows=2048 hc/ffn norm=7.580 ms
ds4: V4.1 stage layer=26 pos=0 rows=2048 shared/routed ffn=219.364 ms
ds4: V4.1 stage layer=26 pos=0 rows=2048 hc expand=4.302 ms
ds4: V4.1 prefill layer=26 pos=0 rows=2048 encoder_resident=0 map=5.682 engram=0.000 encode=508.476 drain=1.007 seed=0.001 ms
ds4: V4.1 stage layer=26 pos=2048 rows=2048 hc/engram=5.321 ms
ds4: V4.1 stage layer=26 pos=2048 rows=2048 attention projections=166.877 ms
ds4: V4.1 stage layer=26 pos=2048 rows=2048 attention core/index=80.132 ms
ds4: V4.1 stage layer=26 pos=2048 rows=2048 attention output=20.560 ms
ds4: V4.1 stage layer=26 pos=2048 rows=2048 hc/ffn norm=7.911 ms
ds4: V4.1 stage layer=26 pos=2048 rows=2048 shared/routed ffn=186.465 ms
ds4: V4.1 stage layer=26 pos=2048 rows=2048 hc expand=4.548 ms
ds4: V4.1 prefill layer=26 pos=2048 rows=2048 encoder_resident=0 map=0.000 engram=0.000 encode=471.854 drain=1.027 seed=27.106 ms
ds4: V4.1 stage layer=27 pos=0 rows=2048 hc/engram=22.089 ms
ds4: V4.1 stage layer=27 pos=0 rows=2048 attention projections=189.634 ms
ds4: V4.1 stage layer=27 pos=0 rows=2048 attention core/index=69.515 ms
ds4: V4.1 stage layer=27 pos=0 rows=2048 attention output=18.900 ms
ds4: V4.1 stage layer=27 pos=0 rows=2048 hc/ffn norm=7.962 ms
ds4: V4.1 stage layer=27 pos=0 rows=2048 shared/routed ffn=246.043 ms
ds4: V4.1 stage layer=27 pos=0 rows=2048 hc expand=4.320 ms
ds4: V4.1 prefill layer=27 pos=0 rows=2048 encoder_resident=0 map=0.539 engram=0.001 encode=558.509 drain=0.963 seed=-0.000 ms
ds4: V4.1 stage layer=27 pos=2048 rows=2048 hc/engram=5.286 ms
ds4: V4.1 stage layer=27 pos=2048 rows=2048 attention projections=207.552 ms
ds4: V4.1 stage layer=27 pos=2048 rows=2048 attention core/index=92.863 ms
ds4: V4.1 stage layer=27 pos=2048 rows=2048 attention output=22.533 ms
ds4: V4.1 stage layer=27 pos=2048 rows=2048 hc/ffn norm=8.946 ms
ds4: V4.1 stage layer=27 pos=2048 rows=2048 shared/routed ffn=206.228 ms
ds4: V4.1 stage layer=27 pos=2048 rows=2048 hc expand=4.945 ms
ds4: V4.1 prefill layer=27 pos=2048 rows=2048 encoder_resident=0 map=0.000 engram=0.000 encode=548.412 drain=0.934 seed=20.847 ms
ds4: V4.1 stage layer=28 pos=0 rows=2048 hc/engram=20.805 ms
ds4: V4.1 stage layer=28 pos=0 rows=2048 attention projections=201.285 ms
ds4: V4.1 stage layer=28 pos=0 rows=2048 attention core/index=170.674 ms
ds4: V4.1 stage layer=28 pos=0 rows=2048 attention output=20.506 ms
ds4: V4.1 stage layer=28 pos=0 rows=2048 hc/ffn norm=9.598 ms
ds4: V4.1 stage layer=28 pos=0 rows=2048 shared/routed ffn=254.499 ms
ds4: V4.1 stage layer=28 pos=0 rows=2048 hc expand=4.273 ms
ds4: V4.1 prefill layer=28 pos=0 rows=2048 encoder_resident=0 map=0.430 engram=0.000 encode=681.663 drain=1.065 seed=0.000 ms
ds4: V4.1 stage layer=28 pos=2048 rows=2048 hc/engram=5.494 ms
ds4: V4.1 stage layer=28 pos=2048 rows=2048 attention projections=182.767 ms
ds4: V4.1 stage layer=28 pos=2048 rows=2048 attention core/index=179.221 ms
ds4: V4.1 stage layer=28 pos=2048 rows=2048 attention output=19.379 ms
ds4: V4.1 stage layer=28 pos=2048 rows=2048 hc/ffn norm=8.981 ms
ds4: V4.1 stage layer=28 pos=2048 rows=2048 shared/routed ffn=182.718 ms
ds4: V4.1 stage layer=28 pos=2048 rows=2048 hc expand=4.001 ms
ds4: V4.1 prefill layer=28 pos=2048 rows=2048 encoder_resident=0 map=0.000 engram=0.000 encode=582.609 drain=0.956 seed=19.207 ms
ds4: V4.1 stage layer=29 pos=0 rows=2048 hc/engram=20.284 ms
ds4: V4.1 stage layer=29 pos=0 rows=2048 attention projections=173.919 ms
ds4: V4.1 stage layer=29 pos=0 rows=2048 attention core/index=63.213 ms
ds4: V4.1 stage layer=29 pos=0 rows=2048 attention output=17.348 ms
ds4: V4.1 stage layer=29 pos=0 rows=2048 hc/ffn norm=7.695 ms
ds4: V4.1 stage layer=29 pos=0 rows=2048 shared/routed ffn=217.813 ms
ds4: V4.1 stage layer=29 pos=0 rows=2048 hc expand=3.746 ms
ds4: V4.1 prefill layer=29 pos=0 rows=2048 encoder_resident=0 map=0.516 engram=0.000 encode=504.078 drain=0.937 seed=-0.000 ms
ds4: V4.1 stage layer=29 pos=2048 rows=2048 hc/engram=4.418 ms
ds4: V4.1 stage layer=29 pos=2048 rows=2048 attention projections=172.157 ms
ds4: V4.1 stage layer=29 pos=2048 rows=2048 attention core/index=77.197 ms
ds4: V4.1 stage layer=29 pos=2048 rows=2048 attention output=19.178 ms
ds4: V4.1 stage layer=29 pos=2048 rows=2048 hc/ffn norm=8.985 ms
ds4: V4.1 stage layer=29 pos=2048 rows=2048 shared/routed ffn=183.250 ms
ds4: V4.1 stage layer=29 pos=2048 rows=2048 hc expand=4.270 ms
ds4: V4.1 prefill layer=29 pos=2048 rows=2048 encoder_resident=0 map=0.000 engram=0.000 encode=469.498 drain=1.089 seed=27.065 ms
ds4: V4.1 stage layer=30 pos=0 rows=2048 hc/engram=22.096 ms
ds4: V4.1 stage layer=30 pos=0 rows=2048 attention projections=174.391 ms
ds4: V4.1 stage layer=30 pos=0 rows=2048 attention core/index=70.736 ms
ds4: V4.1 stage layer=30 pos=0 rows=2048 attention output=20.760 ms
ds4: V4.1 stage layer=30 pos=0 rows=2048 hc/ffn norm=8.403 ms
ds4: V4.1 stage layer=30 pos=0 rows=2048 shared/routed ffn=242.323 ms
ds4: V4.1 stage layer=30 pos=0 rows=2048 hc expand=3.728 ms
ds4: V4.1 prefill layer=30 pos=0 rows=2048 encoder_resident=0 map=0.504 engram=0.000 encode=542.474 drain=0.922 seed=-0.000 ms
ds4: V4.1 stage layer=30 pos=2048 rows=2048 hc/engram=5.656 ms
ds4: V4.1 stage layer=30 pos=2048 rows=2048 attention projections=185.285 ms
ds4: V4.1 stage layer=30 pos=2048 rows=2048 attention core/index=91.728 ms
ds4: V4.1 stage layer=30 pos=2048 rows=2048 attention output=20.189 ms
ds4: V4.1 stage layer=30 pos=2048 rows=2048 hc/ffn norm=8.579 ms
ds4: V4.1 stage layer=30 pos=2048 rows=2048 shared/routed ffn=223.076 ms
ds4: V4.1 stage layer=30 pos=2048 rows=2048 hc expand=5.071 ms
ds4: V4.1 prefill layer=30 pos=2048 rows=2048 encoder_resident=0 map=0.000 engram=0.000 encode=539.681 drain=1.094 seed=26.415 ms
ds4: V4.1 stage layer=31 pos=0 rows=2048 hc/engram=22.741 ms
ds4: V4.1 stage layer=31 pos=0 rows=2048 attention projections=212.660 ms
ds4: V4.1 stage layer=31 pos=0 rows=2048 attention core/index=78.685 ms
ds4: V4.1 stage layer=31 pos=0 rows=2048 attention output=21.005 ms
ds4: V4.1 stage layer=31 pos=0 rows=2048 hc/ffn norm=8.998 ms
ds4: V4.1 stage layer=31 pos=0 rows=2048 shared/routed ffn=246.186 ms
ds4: V4.1 stage layer=31 pos=0 rows=2048 hc expand=4.444 ms
ds4: V4.1 prefill layer=31 pos=0 rows=2048 encoder_resident=0 map=0.427 engram=0.000 encode=594.777 drain=0.994 seed=0.000 ms
ds4: V4.1 stage layer=31 pos=2048 rows=2048 hc/engram=6.253 ms
ds4: V4.1 stage layer=31 pos=2048 rows=2048 attention projections=185.067 ms
ds4: V4.1 stage layer=31 pos=2048 rows=2048 attention core/index=82.804 ms
ds4: V4.1 stage layer=31 pos=2048 rows=2048 attention output=19.858 ms
ds4: V4.1 stage layer=31 pos=2048 rows=2048 hc/ffn norm=8.372 ms
ds4: V4.1 stage layer=31 pos=2048 rows=2048 shared/routed ffn=190.827 ms
ds4: V4.1 stage layer=31 pos=2048 rows=2048 hc expand=5.171 ms
ds4: V4.1 prefill layer=31 pos=2048 rows=2048 encoder_resident=0 map=0.000 engram=0.000 encode=498.386 drain=1.005 seed=26.089 ms
ds4: V4.1 stage layer=32 pos=0 rows=2048 hc/engram=21.285 ms
ds4: V4.1 stage layer=32 pos=0 rows=2048 attention projections=188.889 ms
ds4: V4.1 stage layer=32 pos=0 rows=2048 attention core/index=154.488 ms
ds4: V4.1 stage layer=32 pos=0 rows=2048 attention output=17.895 ms
ds4: V4.1 stage layer=32 pos=0 rows=2048 hc/ffn norm=10.657 ms
ds4: V4.1 stage layer=32 pos=0 rows=2048 shared/routed ffn=299.021 ms
ds4: V4.1 stage layer=32 pos=0 rows=2048 hc expand=3.508 ms
ds4: V4.1 prefill layer=32 pos=0 rows=2048 encoder_resident=0 map=0.435 engram=0.000 encode=695.773 drain=0.865 seed=-0.000 ms
ds4: V4.1 stage layer=32 pos=2048 rows=2048 hc/engram=4.692 ms
ds4: V4.1 stage layer=32 pos=2048 rows=2048 attention projections=160.738 ms
ds4: V4.1 stage layer=32 pos=2048 rows=2048 attention core/index=160.260 ms
ds4: V4.1 stage layer=32 pos=2048 rows=2048 attention output=18.296 ms
ds4: V4.1 stage layer=32 pos=2048 rows=2048 hc/ffn norm=7.972 ms
ds4: V4.1 stage layer=32 pos=2048 rows=2048 shared/routed ffn=190.404 ms
ds4: V4.1 stage layer=32 pos=2048 rows=2048 hc expand=4.563 ms
ds4: V4.1 prefill layer=32 pos=2048 rows=2048 encoder_resident=0 map=0.000 engram=0.000 encode=546.960 drain=0.881 seed=23.510 ms
ds4: V4.1 stage layer=33 pos=0 rows=2048 hc/engram=24.407 ms
ds4: V4.1 stage layer=33 pos=0 rows=2048 attention projections=194.286 ms
ds4: V4.1 stage layer=33 pos=0 rows=2048 attention core/index=79.408 ms
ds4: V4.1 stage layer=33 pos=0 rows=2048 attention output=20.832 ms
ds4: V4.1 stage layer=33 pos=0 rows=2048 hc/ffn norm=8.771 ms
ds4: V4.1 stage layer=33 pos=0 rows=2048 shared/routed ffn=255.605 ms
ds4: V4.1 stage layer=33 pos=0 rows=2048 hc expand=5.907 ms
ds4: V4.1 prefill layer=33 pos=0 rows=2048 encoder_resident=0 map=0.616 engram=0.000 encode=589.278 drain=1.136 seed=0.000 ms
ds4: V4.1 stage layer=33 pos=2048 rows=2048 hc/engram=7.215 ms
ds4: V4.1 stage layer=33 pos=2048 rows=2048 attention projections=202.619 ms
ds4: V4.1 stage layer=33 pos=2048 rows=2048 attention core/index=91.093 ms
ds4: V4.1 stage layer=33 pos=2048 rows=2048 attention output=20.848 ms
ds4: V4.1 stage layer=33 pos=2048 rows=2048 hc/ffn norm=9.698 ms
ds4: V4.1 stage layer=33 pos=2048 rows=2048 shared/routed ffn=218.284 ms
ds4: V4.1 stage layer=33 pos=2048 rows=2048 hc expand=4.161 ms
ds4: V4.1 prefill layer=33 pos=2048 rows=2048 encoder_resident=0 map=0.000 engram=0.000 encode=553.946 drain=1.065 seed=28.498 ms
ds4: V4.1 stage layer=34 pos=0 rows=2048 hc/engram=22.887 ms
ds4: V4.1 stage layer=34 pos=0 rows=2048 attention projections=189.380 ms
ds4: V4.1 stage layer=34 pos=0 rows=2048 attention core/index=68.727 ms
ds4: V4.1 stage layer=34 pos=0 rows=2048 attention output=19.128 ms
ds4: V4.1 stage layer=34 pos=0 rows=2048 hc/ffn norm=8.228 ms
ds4: V4.1 stage layer=34 pos=0 rows=2048 shared/routed ffn=239.710 ms
ds4: V4.1 stage layer=34 pos=0 rows=2048 hc expand=4.321 ms
ds4: V4.1 prefill layer=34 pos=0 rows=2048 encoder_resident=0 map=0.493 engram=0.001 encode=552.445 drain=1.116 seed=0.000 ms
ds4: V4.1 stage layer=34 pos=2048 rows=2048 hc/engram=5.340 ms
ds4: V4.1 stage layer=34 pos=2048 rows=2048 attention projections=172.130 ms
ds4: V4.1 stage layer=34 pos=2048 rows=2048 attention core/index=89.005 ms
ds4: V4.1 stage layer=34 pos=2048 rows=2048 attention output=19.345 ms
ds4: V4.1 stage layer=34 pos=2048 rows=2048 hc/ffn norm=8.948 ms
ds4: V4.1 stage layer=34 pos=2048 rows=2048 shared/routed ffn=195.239 ms
ds4: V4.1 stage layer=34 pos=2048 rows=2048 hc expand=4.890 ms
ds4: V4.1 prefill layer=34 pos=2048 rows=2048 encoder_resident=0 map=0.000 engram=0.000 encode=494.934 drain=1.033 seed=25.984 ms
ds4: V4.1 stage layer=35 pos=0 rows=2048 hc/engram=22.091 ms
ds4: V4.1 stage layer=35 pos=0 rows=2048 attention projections=162.650 ms
ds4: V4.1 stage layer=35 pos=0 rows=2048 attention core/index=64.247 ms
ds4: V4.1 stage layer=35 pos=0 rows=2048 attention output=18.853 ms
ds4: V4.1 stage layer=35 pos=0 rows=2048 hc/ffn norm=8.506 ms
ds4: V4.1 stage layer=35 pos=0 rows=2048 shared/routed ffn=234.413 ms
ds4: V4.1 stage layer=35 pos=0 rows=2048 hc expand=3.781 ms
ds4: V4.1 prefill layer=35 pos=0 rows=2048 encoder_resident=0 map=36.734 engram=0.000 encode=514.604 drain=0.943 seed=0.000 ms
ds4: V4.1 stage layer=35 pos=2048 rows=2048 hc/engram=5.017 ms
ds4: V4.1 stage layer=35 pos=2048 rows=2048 attention projections=182.692 ms
ds4: V4.1 stage layer=35 pos=2048 rows=2048 attention core/index=82.157 ms
ds4: V4.1 stage layer=35 pos=2048 rows=2048 attention output=20.703 ms
ds4: V4.1 stage layer=35 pos=2048 rows=2048 hc/ffn norm=9.692 ms
ds4: V4.1 stage layer=35 pos=2048 rows=2048 shared/routed ffn=199.830 ms
ds4: V4.1 stage layer=35 pos=2048 rows=2048 hc expand=4.727 ms
ds4: V4.1 prefill layer=35 pos=2048 rows=2048 encoder_resident=0 map=0.000 engram=0.000 encode=504.858 drain=1.146 seed=32.188 ms
ds4: V4.1 stage layer=36 pos=0 rows=2048 hc/engram=22.566 ms
ds4: V4.1 stage layer=36 pos=0 rows=2048 attention projections=193.992 ms
ds4: V4.1 stage layer=36 pos=0 rows=2048 attention core/index=166.896 ms
ds4: V4.1 stage layer=36 pos=0 rows=2048 attention output=19.237 ms
ds4: V4.1 stage layer=36 pos=0 rows=2048 hc/ffn norm=8.901 ms
ds4: V4.1 stage layer=36 pos=0 rows=2048 shared/routed ffn=249.190 ms
ds4: V4.1 stage layer=36 pos=0 rows=2048 hc expand=4.334 ms
ds4: V4.1 prefill layer=36 pos=0 rows=2048 encoder_resident=0 map=0.503 engram=0.001 encode=665.157 drain=1.105 seed=0.000 ms
ds4: V4.1 stage layer=36 pos=2048 rows=2048 hc/engram=5.332 ms
ds4: V4.1 stage layer=36 pos=2048 rows=2048 attention projections=171.151 ms
ds4: V4.1 stage layer=36 pos=2048 rows=2048 attention core/index=173.326 ms
ds4: V4.1 stage layer=36 pos=2048 rows=2048 attention output=20.389 ms
ds4: V4.1 stage layer=36 pos=2048 rows=2048 hc/ffn norm=8.639 ms
ds4: V4.1 stage layer=36 pos=2048 rows=2048 shared/routed ffn=214.319 ms
ds4: V4.1 stage layer=36 pos=2048 rows=2048 hc expand=4.297 ms
ds4: V4.1 prefill layer=36 pos=2048 rows=2048 encoder_resident=0 map=0.000 engram=0.000 encode=597.496 drain=1.142 seed=27.010 ms
ds4: V4.1 stage layer=37 pos=0 rows=2048 hc/engram=22.364 ms
ds4: V4.1 stage layer=37 pos=0 rows=2048 attention projections=191.832 ms
ds4: V4.1 stage layer=37 pos=0 rows=2048 attention core/index=64.924 ms
ds4: V4.1 stage layer=37 pos=0 rows=2048 attention output=20.260 ms
ds4: V4.1 stage layer=37 pos=0 rows=2048 hc/ffn norm=7.713 ms
ds4: V4.1 stage layer=37 pos=0 rows=2048 shared/routed ffn=256.040 ms
ds4: V4.1 stage layer=37 pos=0 rows=2048 hc expand=4.538 ms
ds4: V4.1 prefill layer=37 pos=0 rows=2048 encoder_resident=0 map=0.397 engram=0.000 encode=567.716 drain=0.866 seed=0.001 ms
ds4: V4.1 stage layer=37 pos=2048 rows=2048 hc/engram=5.243 ms
ds4: V4.1 stage layer=37 pos=2048 rows=2048 attention projections=188.610 ms
ds4: V4.1 stage layer=37 pos=2048 rows=2048 attention core/index=99.442 ms
ds4: V4.1 stage layer=37 pos=2048 rows=2048 attention output=22.053 ms
ds4: V4.1 stage layer=37 pos=2048 rows=2048 hc/ffn norm=9.917 ms
ds4: V4.1 stage layer=37 pos=2048 rows=2048 shared/routed ffn=210.455 ms
ds4: V4.1 stage layer=37 pos=2048 rows=2048 hc expand=5.385 ms
ds4: V4.1 prefill layer=37 pos=2048 rows=2048 encoder_resident=0 map=0.000 engram=0.001 encode=541.130 drain=1.014 seed=25.954 ms
ds4: V4.1 stage layer=38 pos=0 rows=2048 hc/engram=24.962 ms
ds4: V4.1 stage layer=38 pos=0 rows=2048 attention projections=221.128 ms
ds4: V4.1 stage layer=38 pos=0 rows=2048 attention core/index=73.212 ms
ds4: V4.1 stage layer=38 pos=0 rows=2048 attention output=22.238 ms
ds4: V4.1 stage layer=38 pos=0 rows=2048 hc/ffn norm=9.183 ms
ds4: V4.1 stage layer=38 pos=0 rows=2048 shared/routed ffn=256.072 ms
ds4: V4.1 stage layer=38 pos=0 rows=2048 hc expand=6.099 ms
ds4: V4.1 prefill layer=38 pos=0 rows=2048 encoder_resident=0 map=0.677 engram=0.000 encode=612.935 drain=1.213 seed=-0.000 ms
ds4: V4.1 stage layer=38 pos=2048 rows=2048 hc/engram=6.883 ms
ds4: V4.1 stage layer=38 pos=2048 rows=2048 attention projections=192.038 ms
ds4: V4.1 stage layer=38 pos=2048 rows=2048 attention core/index=80.638 ms
ds4: V4.1 stage layer=38 pos=2048 rows=2048 attention output=19.210 ms
ds4: V4.1 stage layer=38 pos=2048 rows=2048 hc/ffn norm=8.511 ms
ds4: V4.1 stage layer=38 pos=2048 rows=2048 shared/routed ffn=198.117 ms
ds4: V4.1 stage layer=38 pos=2048 rows=2048 hc expand=4.321 ms
ds4: V4.1 prefill layer=38 pos=2048 rows=2048 encoder_resident=0 map=0.000 engram=0.000 encode=509.772 drain=1.396 seed=29.936 ms
ds4: V4.1 stage layer=39 pos=0 rows=2048 hc/engram=22.822 ms
ds4: V4.1 stage layer=39 pos=0 rows=2048 attention projections=191.501 ms
ds4: V4.1 stage layer=39 pos=0 rows=2048 attention core/index=68.030 ms
ds4: V4.1 stage layer=39 pos=0 rows=2048 attention output=17.424 ms
ds4: V4.1 stage layer=39 pos=0 rows=2048 hc/ffn norm=7.715 ms
ds4: V4.1 stage layer=39 pos=0 rows=2048 shared/routed ffn=207.509 ms
ds4: V4.1 stage layer=39 pos=0 rows=2048 hc expand=3.686 ms
ds4: V4.1 prefill layer=39 pos=0 rows=2048 encoder_resident=0 map=0.382 engram=0.000 encode=518.712 drain=0.001 seed=0.000 ms
ds4: V4.1 stage layer=39 pos=2048 rows=2048 hc/engram=4.597 ms
ds4: V4.1 stage layer=39 pos=2048 rows=2048 attention projections=169.016 ms
ds4: V4.1 stage layer=39 pos=2048 rows=2048 attention core/index=81.065 ms
ds4: V4.1 stage layer=39 pos=2048 rows=2048 attention output=20.229 ms
ds4: V4.1 stage layer=39 pos=2048 rows=2048 hc/ffn norm=8.399 ms
ds4: V4.1 stage layer=39 pos=2048 rows=2048 shared/routed ffn=204.355 ms
ds4: V4.1 stage layer=39 pos=2048 rows=2048 hc expand=4.289 ms
ds4: V4.1 prefill layer=39 pos=2048 rows=2048 encoder_resident=0 map=0.000 engram=0.000 encode=491.979 drain=0.002 seed=29.112 ms
ds4: V4.1 batch step rows=685 pre 0.0 ms, per-row attention 0.0 ms, moe 0.0 ms, head 0.0 ms, setup 0.0 ms, publish 0.0 ms
ds4: V4.1 prefill of 4096 rows interleaved layer by layer with the 685-row tail after it
1007 00:57:51 ds4-server: chat ctx=0..4781:4781 prefill chunk 4781/4781 (100.0%) chunk=0.00 t/s avg=74.36 t/s 64.298s
ds4: V4.1 prefill tail at position 4096 ran 685 rows as 1 batch steps
ds4: expert cache lent the prefill headroom for decode: 6266 -> 7034 experts
1007 00:57:51 ds4-server: chat ctx=0..4781:4781 prompt done 64.335s
ds4: shared/routed FFN overlap ran, mode 1
ds4: memory budget reached: a cache slab of 1.91 GiB refused with 80.00 GiB allocated and a 0.00 GiB prefill reserve, of a 80.00 GiB budget; the expert cache now evicts to make room
1007 00:57:56 ds4-server: chat ctx=4781..4831:50 gen=50 decoding chunk=9.22 t/s avg=9.22 t/s 5.421s
ds4:   decode path so far: 64 single-row steps (104.7 ms each inside the graph over the last 64), 1 K-row verification steps over 685 positions, 0 batch-fusion sites taken; candidate K 32:1
ds4:   host row loop: 1370 nodes attended one at a time
ds4: gate over tokens 1-64: 26.25 command buffers, 18.36 aborts, 240.0 expert ids accounted, 250.21 MiB loaded a token; 0 the gate failed to switch off, 0 it could not gate
ds4:   one token, exclusive, same window: entry 0.00 + encode 2.77 + commit-to-done 62.03 + repair-load 30.79 + accounting 0.07 + tail 2.28 = 97.94 of a 105.57 ms wall, residual 7.62
ds4:   GPU busy 916.85 ms of the token's wall (the union of its buffers' spans), idle -811.28 ms
ds4:   1384.8 gated dispatches a token, 20.2 of them behind an abort; 587.4 sent plain ahead of a buffer's first validate
ds4:   encode-ahead: 6.89 segments used, 17.36 dropped, 6.33 ms a token spent encoding under the GPU
ds4:   concurrent sections: 248.81 attempted, 248.81 opened a token
ds4:   speculation: 0.00 layers a token, 0.00 lanes computed, 0.00 matched, 0.00 GEMVs actually saved, 0.00 left to compute; compared 0.00 lanes, 0.00 floats differ, 0.00 by more than an ulp
ds4:   Metal 4: 58.38 command buffers sent, 8732.8 dispatches a token; 0 pieces of Metal 3 work so far
ds4:   Metal 4 a token: 58.38 contexts in 60.44 command buffers (0.69 split); 9899.4 nodes = 8732.8 dispatches + 1166.7 copies; barriers 5650.8 from the graph, 120.9 queue; engine asked for 135.3 barriers and 537.0 section ends, neither encoded; 24784.8 buffer and 9386.5 constant bindings (762735 B), 0.0 with no stated length; 58.38 blocking waits, 921.07 ms
ds4:   expert cache over the last 64 tokens: 2715.03 hits, 193.80 misses, 87.11 evictions a token; 6828 of 7034 entries live (97.1%)
ds4:   of the address-table holes repaired a token: 0.00 already resident, 124.23 genuinely absent
ds4:   of the repair a token: readahead 31.45 ms, slot preparation 36.80 ms, reads 57.61 ms, install 0.28 ms, over 193.80 loads
ds4:   Engram rows written at step start in 64 steps; layer-13 drains 0
ds4:   residency a token: 0.00 adds, 0.00 removes, 0.00 commits
1007 00:57:57 ds4-server: chat ctx=4831..4845:14 gen=64 decoding chunk=10.01 t/s avg=9.38 t/s 6.820s
1007 00:57:57 ds4-server: token ids: 64, hash 0d7fb78ed9b7a4a1, stop output limit token -1, every 64: 0d7fb78e
ds4: backend request Metal 4 encoder batch                  encoder=575162
ds4: backend request Metal 4 segment                        commit=3736
ds4: backend request Metal 4 wait                           wait=3736
ds4: backend request Metal 4 tensor_copy                    blit=48832
ds4: backend request Metal 4 expert_cache_fill              blit=4452
ds4: backend request Metal 4 tensor_read                    readback=105
ds4: backend request totals over 64 tokens (selected Metal 4): M3 commit=0 wait=0 signal=0 evwait=0 blit=0 encoder=0 readback=0 M4 commit=3736 wait=3736 signal=0 evwait=0 blit=53284 encoder=575162 readback=105; Metal 3 fallback 0; site table overflow 0
ds4: backend request boundary end            pc 0x1001dcb9c 80
ds4: backend request boundary end            pc 0x1001dd014 80
ds4: backend request boundary end            pc 0x1001dd298 80
ds4: backend request boundary end            pc 0x1001dd518 80
ds4: backend request boundary end            pc 0x1001dd6bc 80
ds4: backend request boundary end            pc 0x1001dd8d0 80
ds4: backend request boundary end            pc 0x1001ddb48 80
ds4: backend request boundary end            pc 0x1001dde18 80
ds4: backend request boundary end            pc 0x1001ddfd8 80
ds4: backend request boundary end            pc 0x1001de804 40
ds4: backend request boundary end            pc 0x1002c6c44 40
ds4: backend request boundary end            pc 0x1002ca664 40
ds4: backend request boundary end            pc 0x100179ef4 40
ds4: backend request boundary end            pc 0x100175b2c 1
ds4: backend request boundary end            pc 0x1001e05d8 1
ds4: backend request boundary end            pc 0x1001cd58c 1
ds4: backend request boundary end            pc 0x1000cdaa8 65
ds4: backend request boundary flush          pc 0x1000c6c14 1680
ds4: backend request boundary flush          pc 0x1000c7000 1552
ds4: backend request boundary wait mark      pc 0x1000c6fe0 1552
ds4: backend request boundary wait           pc 0x1000c70e8 1111
ds4: backend request boundary wait           pc 0x1000c703c 128
ds4: backend request boundary end            pc 0x1000c818c 64
ds4: Metal 4 bindings with no stated length: 0 at 0 call sites
ds4: Metal 4 parts: contexts in 1/2/3/4 parts 3692/0/0/44, 633563 nodes; 44 commit:count: calls with more than one buffer, 3868 command buffers in all; 0 contexts cut short of their parts, 0 empty or mismatched parts
ds4: backend request Metal 4 feedback after completion: 3572 waits, 64.951 ms
ds4: backend request Metal 3 command execution after Metal 4 selection: 0 (refused 0); Metal 3 queues created before selection 0, after 0; full expert address table uses 0
ds4: backend request background: keepalive M3 0 M4 73, pacer M3 0 M4 0 (cumulative)
1007 00:57:57 ds4-server: token trace: 0 128803 0 3476 477 260 16372 22896 16 5453 270 4093 14 6360 270 31605 14 305 3287 270 4087 7231 9045 16 128803 3476 477 5081 260 1606 4093 538 270 58523 6949 294 15143 89 14158 16 455 4093 344 201 75950 377 6425 28 1482 7065 14 4961 14 6360 14 15292 2924 14 17972 943 201 50219 14 305 7097 7306 260 3729 18538 1167 4866 798 295 201 10595 16 5375 4125 509 270 1522 344 304 13272 270 18538 3737 339 83227 7498 1901 5081 28 1353 31605 10844 412 582 14428 14037 270 201 14360 4588 4 1895 16 6241 16922 14 9572 14 18571 14 26190 14 4772 3737 14 65962 989 272 111855 696 554 1895 16 455 18538 3737 295 270 4093 477 4866 295 201 10595 14 554 56003 339 4690 1257 2900 270 58523 86456 294 38398 14 9641 14 305 110251 20928 16 71595 26577 201 1805 645 386 418 260 44056 6403 62339 1202 834 7931 14 30308 20408 336 75800 1960 260 201 113004 294 270 64383 15844 4851 270 7536 93324 16 33926 601 936 23865 304 11284 270 201 85 2960 14742 1936 69832 14 790 270 91731 47475 832 59143 396 6660 201 6452 3195 554 304 7746 1066 16 660 270 95042 8667 14 3330 4853 51489 21537 53900 201 8848 260 1888 34011 41151 295 260 26166 19900 16 3011 834 515 295 260 53582 14 1754 201 45182 89 14158 8599 513 41949 305 10180 14 554 513 270 71293 377 270 19951 28757 339 671 5613 51141 110278 8398 9575 295 13769 28428 14 3214 5159 14 1754 5159 28428 1960 201 1129 6192 15294 1747 1277 5476 99651 273 16 2566 16818 71595 305 33926 601 2281 270 201 72 39360 14 1539 5144 260 2562 943 270 7469 33935 16 5334 9575 2915 77603 1055 201 26758 6744 28 270 3605 294 260 92683 14 270 537 10592 32820 294 260 9778 14 270 1722 260 5823 201 2438 529 10083 1561 436 936 1047 31691 16056 339 4546 45366 270 3194 936 11300 418 82362 294 280 7002 14 32032 6103 14 49766 69943 14 305 201 39020 14692 16 47643 31004 3659 362 3853 560 1901 82146 34226 304 260 104614 201 50095 260 14560 396 8743 304 2334 59125 1750 1014 468 1094 1129 436 16 455 6949 201 27747 936 12852 1820 14 790 29780 12141 377 1082 14 832 1750 15391 53140 16789 260 201 59206 6857 305 53733 436 418 11198 339 47 3444 3825 5854 270 3799 11162 69 699 305 43697 270 2173 734 17229 2818 1055 270 201 61403 3578 86508 16 2566 18428 17229 2818 2455 16 45836 75950 2818 4127 201 6135 45386 14 58792 14 305 1482 995 37344 1060 969 16884 16 87986 201 60037 13721 30278 14 3825 1910 14 305 5750 3980 1936 7918 16243 339 1124 270 16232 14 260 93437 362 270 113450 50565 1946 31744 270 15106 6337 603 43 2638 9023 260 71040 294 80005 9220 1407 270 18544 1901 27170 1733 201 12678 538 260 27640 11314 16 45789 936 28035 270 17408 2727 8295 377 270 52312 989 458 2038 1482 18288 943 3920 260 65326 17408 515 7837 304 366 7139 603 671 9517 40107 5827 1099 270 11219 339 671 86508 3997 2526 377 260 18496 16 110278 9026 436 37205 418 1234 11316 23441 201 5356 270 18992 16 2566 11516 995 48112 270 31363 44183 14 995 10274 270 201 94786 109871 14 305 995 16026 270 12070 4332 56295 16 455 58941 515 18715 201 25287 1082 270 6949 515 554 339 16422 288 7068 260 12426 4213 305 270 5706 294 16056 8513 1902 6059 3234 834 1561 201 58264 16 31065 10082 7457 38271 1055 270 14677 14085 14 1479 270 9319 936 201 64583 15518 50093 3514 436 86456 39375 367 294 11128 16 38798 2006 260 6644 10549 201 84037 270 5823 305 83119 436 304 270 8806 6791 418 260 7155 396 1359 14 5880 989 4 23299 891 4331 47 3444 13577 270 39317 294 270 14085 418 270 86508 27546 304 969 15142 16 2566 201 18988 8838 396 2239 9616 25342 2455 6352 111461 3137 16 334 12070 201 10911 14 260 7956 12240 14 260 37370 2329 14 260 1167 14037 2503 27566 1137 47484 881 270 2924 396 3859 1960 4880 294 5675 3006 339 47 3444 7431 5524 6731 411 3072 110658 943 260 50645 3077 14 790 1225 26577 436 798 1754 436 515 554 411 18538 305 1687 554 9028 295 270 4087 2310 339 72829 13721 1561 44844 305 78756 1750 5706 295 15143 89 14158 16 33926 601 201 11475 21537 270 6326 1188 294 270 38398 114646 734 15391 14 11602 362 58252 14 995 936 201 42774 1559 362 260 26339 3825 45555 16 455 12505 56574 87934 295 280 22469 1154 1277 30525 201 9336 29780 1494 10965 16 5795 270 25131 14 270 115921 75496 418 5828 201 20850 481 339 47 3444 12652 42313 295 270 41273 4772 16 2566 15965 4371 260 41815 14 23047 436 989 458 10274 304 13769 28428 16 455 25550 86508 936 14376 9754 418 270 3469 1137 50219 9575 14 37266 14 1843 97989 14 110088 14 305 260 2767 9616 1225 79213 1353 201 32568 832 851 1114 554 1747 2727 2239 339 4690 1257 2900 270 58523 86456 294 38398 14 9641 14 305 110251 20928 16 57715 26577 201 1805 645 386 418 260 44056 6403 62339 1202 834 7931 14 30308 20408 336 75800 1960 260 201 113004 294 270 64383 15844 4851 270 7536 93324 16 31065 936 23865 304 11284 270 201 85 2960 14742 1936 69832 14 790 270 91731 47475 832 59143 396 6660 201 6452 3195 554 304 7746 1066 16 660 270 95042 8667 14 3330 4853 51489 21537 53900 201 8848 260 1888 34011 41151 295 260 26166 19900 16 3011 834 515 295 260 53582 14 1754 201 45182 89 14158 8599 513 41949 305 10180 14 554 513 270 71293 377 270 19951 28757 339 671 5613 51141 110278 8398 9575 295 13769 28428 14 3214 5159 14 1754 5159 28428 1960 201 1129 6192 15294 1747 1277 5476 99651 273 16 2566 16818 57715 305 31065 2281 270 201 72 39360 14 1539 5144 260 2562 943 270 7469 33935 16 5334 9575 2915 77603 1055 201 26758 6744 28 270 3605 294 260 92683 14 270 537 10592 32820 294 260 9778 14 270 1722 260 5823 201 2438 529 10083 1561 436 936 1047 31691 16056 339 4546 45366 270 3194 936 11300 418 82362 294 280 7002 14 32032 6103 14 49766 69943 14 305 201 39020 14692 16 58252 31004 3659 362 3853 560 1901 57715 34226 304 260 104614 201 50095 260 14560 396 8743 304 2334 59125 1750 1014 468 1094 1129 436 16 455 6949 201 27747 936 12852 1820 14 790 29780 12141 377 1082 14 832 1750 15391 53140 16789 260 201 59206 6857 305 53733 436 418 11198 339 47 3444 3825 5854 270 3799 11162 69 699 305 43697 270 2173 734 17229 2818 1055 270 201 61403 3578 86508 16 2566 18428 17229 2818 2455 16 45836 75950 2818 4127 201 6135 45386 14 58792 14 305 1482 995 37344 1060 969 16884 16 87986 201 60037 13721 30278 14 3825 1910 14 305 5750 3980 1936 7918 16243 339 35 15391 1520 77289 260 16110 295 16372 3345 14 790 9572 305 55288 881 554 18538 3737 14 832 110278 21168 1066 339 1124 270 16232 14 260 93437 362 270 113450 50565 1946 31744 270 15106 6337 603 42 97683 9023 260 71040 294 80005 9220 1407 270 18544 1901 16358 1733 201 12678 538 260 27640 11314 16 45789 936 28035 270 17408 2727 8295 377 270 52312 989 458 2038 1482 18288 943 3920 260 65326 17408 515 7837 304 366 7139 603 671 9517 40107 5827 1099 270 11219 339 671 86508 3997 2526 377 260 18496 16 110278 9026 436 37205 418 1234 11316 23441 201 5356 270 18992 16 2566 11516 995 48112 270 31363 44183 14 995 10274 270 201 94786 109871 14 305 995 16026 270 12070 4332 56295 16 455 58941 515 18715 201 25287 1082 270 6949 515 554 339 47 3444 1687 554 82406 270 10175 29 1225 5829 436 304 366 5418 304 1783 3859 16 10272 396 1975 11219 14 16358 515 14037 270 1167 10577 15311 16 110278 8398 270 18538 295 3345 14 9101 270 86508 362 260 4712 14 305 1539 10274 304 270 8577 73845 294 270 58523 339 16422 288 7068 260 12426 4213 305 270 5706 294 16056 8513 1902 6059 3234 834 1561 201 58264 16 657 5287 10082 7457 38271 1055 270 14677 14085 14 1479 270 9319 936 201 64583 15518 50093 3514 436 86456 39375 367 294 11128 16 489 59209 2006 260 6644 10549 201 84037 270 5823 305 83119 436 304 270 8806 6791 418 260 7155 396 1359 14 5880 989 4 23299 891 4331 47 3444 13577 270 39317 294 270 14085 418 270 86508 27546 304 969 15142 16 2566 201 18988 8838 396 2239 9616 25342 2455 6352 111461 3137 16 334 12070 201 10911 14 260 7956 12240 14 260 37370 2329 14 260 1167 14037 2503 27566 1137 47484 881 270 2924 396 3859 1960 4880 294 5675 3006 339 72829 13721 1561 44844 305 78756 1750 5706 295 15143 89 14158 16 27170 201 11475 21537 270 6326 1188 294 270 38398 114646 734 15391 14 11602 362 33926 601 14 995 936 201 42774 1559 362 260 26339 3825 45555 16 455 12505 56574 87934 295 280 22469 1154 1277 30525 201 9336 29780 1494 10965 16 5795 270 25131 14 270 115921 75496 418 5828 201 20850 481 339 47 3444 12652 42313 295 270 41273 4772 16 2566 15965 4371 260 41815 14 23047 436 989 458 10274 304 13769 28428 16 455 25550 86508 936 14376 9754 418 270 3469 1137 50219 9575 14 37266 14 1843 97989 14 110088 14 305 260 2767 9616 1225 79213 1353 201 32568 832 851 1114 554 1747 2727 2239 339 4690 1257 2900 270 58523 86456 294 38398 14 9641 14 305 110251 20928 16 58252 26577 201 1805 645 386 418 260 44056 6403 62339 1202 834 7931 14 30308 20408 336 75800 1960 260 201 113004 294 270 64383 15844 4851 270 7536 93324 16 71595 936 23865 304 11284 270 201 85 2960 14742 1936 69832 14 790 270 91731 47475 832 59143 396 6660 201 6452 3195 554 304 7746 1066 16 660 270 95042 8667 14 3330 4853 51489 21537 53900 201 8848 260 1888 34011 41151 295 260 26166 19900 16 3011 834 515 295 260 53582 14 1754 201 45182 89 14158 8599 513 41949 305 10180 14 554 513 270 71293 377 270 19951 28757 339 671 5613 51141 110278 8398 9575 295 13769 28428 14 3214 5159 14 1754 5159 28428 1960 201 1129 6192 15294 1747 1277 5476 99651 273 16 2566 16818 58252 305 71595 2281 270 201 72 39360 14 1539 5144 260 2562 943 270 7469 33935 16 5334 9575 2915 77603 1055 201 26758 6744 28 270 3605 294 260 92683 14 270 537 10592 32820 294 260 9778 14 270 1722 260 5823 201 2438 529 10083 1561 436 936 1047 31691 16056 339 4546 45366 270 3194 936 11300 418 82362 294 280 7002 14 32032 6103 14 49766 69943 14 305 201 39020 14692 16 55394 31004 3659 362 3853 560 1901 16358 34226 304 260 104614 201 50095 260 14560 396 8743 304 2334 59125 1750 1014 468 1094 1129 436 16 455 6949 201 27747 936 12852 1820 14 790 29780 12141 377 1082 14 832 1750 15391 53140 16789 260 201 59206 6857 305 53733 436 418 11198 339 47 3444 3825 5854 270 3799 11162 69 699 305 43697 270 2173 734 17229 2818 1055 270 201 61403 3578 86508 16 2566 18428 17229 2818 2455 16 45836 75950 2818 4127 201 6135 45386 14 58792 14 305 1482 995 37344 1060 969 16884 16 87986 201 60037 13721 30278 14 3825 1910 14 305 5750 3980 1936 7918 16243 339 1124 270 16232 14 260 93437 362 270 113450 50565 1946 31744 270 15106 6337 603 16874 2710 9023 260 71040 294 80005 9220 1407 270 18544 1901 79780 1733 201 12678 538 260 27640 11314 16 45789 936 28035 270 17408 2727 8295 377 270 52312 989 458 2038 1482 18288 943 3920 260 65326 17408 515 7837 304 366 7139 603 671 9517 40107 5827 1099 270 11219 339 671 86508 3997 2526 377 260 18496 16 110278 9026 436 37205 418 1234 11316 23441 201 5356 270 18992 16 2566 11516 995 48112 270 31363 44183 14 995 10274 270 201 94786 109871 14 305 995 16026 270 12070 4332 56295 16 455 58941 515 18715 201 25287 1082 270 6949 515 554 339 47 3444 7431 5524 6731 411 3072 110658 943 260 50645 3077 14 790 1225 26577 436 798 1754 436 515 554 411 18538 305 1687 554 9028 295 270 4087 2310 339 16422 288 7068 260 12426 4213 305 270 5706 294 16056 8513 1902 6059 3234 834 1561 201 58264 16 657 5287 10082 7457 38271 1055 270 14677 14085 14 1479 270 9319 936 201 64583 15518 50093 3514 436 86456 39375 367 294 11128 16 71595 2006 260 6644 10549 201 84037 270 5823 305 83119 436 304 270 8806 6791 418 260 7155 396 1359 14 5880 989 4 23299 891 4331 47 3444 13577 270 39317 294 270 14085 418 270 86508 27546 304 969 15142 16 2566 201 18988 8838 396 2239 9616 25342 2455 6352 111461 3137 16 334 12070 201 10911 14 260 7956 12240 14 260 37370 2329 14 260 1167 14037 2503 27566 1137 47484 881 270 2924 396 3859 1960 4880 294 5675 3006 339 72829 13721 1561 44844 305 78756 1750 5706 295 15143 89 14158 16 33926 601 201 11475 21537 270 6326 1188 294 270 38398 114646 734 15391 14 11602 362 57715 14 995 936 201 42774 1559 362 260 26339 3825 45555 16 455 12505 56574 87934 295 280 22469 1154 1277 30525 201 9336 29780 1494 10965 16 5795 270 25131 14 270 115921 75496 418 5828 201 20850 481 339 47 3444 12652 42313 295 270 41273 4772 16 2566 15965 4371 260 41815 14 23047 436 989 458 10274 304 13769 28428 16 455 25550 86508 936 14376 9754 418 270 3469 1137 50219 9575 14 37266 14 1843 97989 14 110088 14 305 260 2767 9616 1225 79213 1353 201 32568 832 851 1114 554 1747 2727 2239 339 4690 1257 2900 270 58523 86456 294 38398 14 9641 14 305 110251 20928 16 106044 26577 201 1805 645 386 418 260 44056 6403 62339 1202 834 7931 14 30308 20408 336 75800 1960 260 201 113004 294 270 64383 15844 4851 270 7536 93324 16 12741 4789 936 23865 304 11284 270 201 85 2960 14742 1936 69832 14 790 270 91731 47475 832 59143 396 6660 201 6452 3195 554 304 7746 1066 16 660 270 95042 8667 14 3330 4853 51489 21537 53900 201 8848 260 1888 34011 41151 295 260 26166 19900 16 3011 834 515 295 260 53582 14 1754 201 45182 89 14158 8599 513 41949 305 10180 14 554 513 270 71293 377 270 19951 28757 339 671 5613 51141 110278 8398 9575 295 13769 28428 14 3214 5159 14 1754 5159 28428 1960 201 1129 6192 15294 1747 1277 5476 99651 273 16 2566 16818 106044 305 12741 4789 2281 270 201 72 39360 14 1539 5144 260 2562 943 270 7469 33935 16 5334 9575 2915 77603 1055 201 26758 6744 28 270 3605 294 260 92683 14 270 537 10592 32820 294 260 9778 14 270 1722 260 5823 201 2438 529 10083 1561 436 936 1047 31691 16056 339 4546 45366 270 3194 936 11300 418 82362 294 280 7002 14 32032 6103 14 49766 69943 14 305 201 39020 14692 16 57715 31004 3659 362 3853 560 1901 106044 34226 304 260 104614 201 50095 260 14560 396 8743 304 2334 59125 1750 1014 468 1094 1129 436 16 455 6949 201 27747 936 12852 1820 14 790 29780 12141 377 1082 14 832 1750 15391 53140 16789 260 201 59206 6857 305 53733 436 418 11198 339 47 3444 3825 5854 270 3799 11162 69 699 305 43697 270 2173 734 17229 2818 1055 270 201 61403 3578 86508 16 2566 18428 17229 2818 2455 16 45836 75950 2818 4127 201 6135 45386 14 58792 14 305 1482 995 37344 1060 969 16884 16 87986 201 60037 13721 30278 14 3825 1910 14 305 5750 3980 1936 7918 16243 339 1124 270 16232 14 260 93437 362 270 113450 50565 1946 31744 270 15106 6337 603 100950 4789 9023 260 71040 294 80005 9220 1407 270 18544 1901 27170 1733 201 12678 538 260 27640 11314 16 45789 936 28035 270 17408 2727 8295 377 270 52312 989 458 2038 1482 18288 943 3920 260 65326 17408 515 7837 304 366 7139 603 671 9517 40107 5827 1099 270 11219 339 671 86508 3997 2526 377 260 18496 16 110278 9026 436 37205 418 1234 11316 23441 201 5356 270 18992 16 2566 11516 995 48112 270 31363 44183 14 995 10274 270 201 94786 109871 14 305 995 16026 270 12070 4332 56295 16 455 58941 515 18715 201 25287 1082 270 6949 515 554 339 35 15391 1520 77289 260 16110 295 16372 3345 14 790 9572 305 55288 881 554 18538 3737 14 832 110278 21168 1066 339 16422 288 7068 260 12426 4213 305 270 5706 294 16056 8513 1902 6059 3234 834 1561 201 58264 16 16358 10082 7457 38271 1055 270 14677 14085 14 1479 270 9319 936 201 64583 15518 50093 3514 436 86456 39375 367 294 11128 16 82146 2006 260 6644 10549 201 84037 270 5823 305 83119 436 304 270 8806 6791 418 260 7155 396 1359 14 5880 989 4 23299 891 4331 47 3444 13577 270 39317 294 270 14085 418 270 86508 27546 304 969 15142 16 2566 201 18988 8838 396 2239 9616 25342 2455 6352 111461 3137 16 334 12070 201 10911 14 260 7956 12240 14 260 37370 2329 14 260 1167 14037 2503 27566 1137 47484 881 270 2924 396 3859 1960 4880 294 5675 3006 339 671 17132 515 19441 4387 14 1539 44056 1055 270 2591 294 270 2173 734 2818 16 10272 396 1975 11219 14 31065 515 14037 270 1167 12099 15171 16 110278 8398 270 18538 295 3345 14 9101 270 86508 362 260 4712 14 305 1539 10274 304 270 8577 73845 294 270 58523 339 72829 13721 1561 44844 305 78756 1750 5706 295 15143 89 14158 16 71595 201 11475 21537 270 6326 1188 294 270 38398 114646 734 15391 14 11602 362 38798 14 995 936 201 42774 1559 362 260 26339 3825 45555 16 455 12505 56574 87934 295 280 22469 1154 1277 30525 201 9336 29780 1494 10965 16 5795 270 25131 14 270 115921 75496 418 5828 201 20850 481 339 47 3444 12652 42313 295 270 41273 4772 16 2566 15965 4371 260 41815 14 23047 436 989 458 10274 304 13769 28428 16 455 25550 86508 936 14376 9754 418 270 3469 1137 50219 9575 14 37266 14 1843 97989 14 110088 14 305 260 2767 9616 1225 79213 1353 201 32568 832 851 1114 554 1747 2727 2239 339 4690 1257 2900 270 58523 86456 294 38398 14 9641 14 305 110251 20928 16 71595 26577 201 1805 645 386 418 260 44056 6403 62339 1202 834 7931 14 30308 20408 336 75800 1960 260 201 113004 294 270 64383 15844 4851 270 7536 93324 16 106044 936 23865 304 11284 270 201 85 2960 14742 1936 69832 14 790 270 91731 47475 832 59143 396 6660 201 6452 3195 554 304 7746 1066 16 660 270 95042 8667 14 3330 4853 51489 21537 53900 201 8848 260 1888 34011 41151 295 260 26166 19900 16 3011 834 515 295 260 53582 14 1754 201 45182 89 14158 8599 513 41949 305 10180 14 554 513 270 71293 377 270 19951 28757 339 671 5613 51141 110278 8398 9575 295 13769 28428 14 3214 5159 14 1754 5159 28428 1960 201 1129 6192 15294 1747 1277 5476 99651 273 16 2566 16818 71595 305 106044 2281 270 201 72 39360 14 1539 5144 260 2562 943 270 7469 33935 16 5334 9575 2915 77603 1055 201 26758 6744 28 270 3605 294 260 92683 14 270 537 10592 32820 294 260 9778 14 270 1722 260 5823 201 2438 529 10083 1561 436 936 1047 31691 16056 339 4546 45366 270 3194 936 11300 418 82362 294 280 7002 14 32032 6103 14 49766 69943 14 305 201 39020 14692 16 82146 31004 3659 362 3853 560 1901 657 5287 34226 304 260 104614 201 50095 260 14560 396 8743 304 2334 59125 1750 1014 468 1094 1129 436 16 455 6949 201 27747 936 12852 1820 14 790 29780 12141 377 1082 14 832 1750 15391 53140 16789 260 201 59206 6857 305 53733 436 418 11198 339 47 3444 3825 5854 270 3799 11162 69 699 305 43697 270 2173 734 17229 2818 1055 270 201 61403 3578 86508 16 2566 18428 17229 2818 2455 16 45836 75950 2818 4127 201 6135 45386 14 58792 14 305 1482 995 37344 1060 969 16884 16 87986 201 60037 13721 30278 14 3825 1910 14 305 5750 3980 1936 7918 16243 339 47 3444 7431 5524 6731 411 3072 110658 943 260 50645 3077 14 790 1225 26577 436 798 1754 436 515 554 411 18538 305 1687 554 9028 295 270 4087 2310 339 1124 270 16232 14 260 93437 362 270 113450 50565 1946 31744 270 15106 6337 603 45 5287 9023 260 71040 294 80005 9220 1407 270 18544 1901 33926 601 1733 201 12678 538 260 27640 11314 16 45789 936 28035 270 17408 2727 8295 377 270 52312 989 458 2038 1482 18288 943 3920 260 65326 17408 515 7837 304 366 7139 603 671 9517 40107 5827 1099 270 11219 339 671 86508 3997 2526 377 260 18496 16 110278 9026 436 37205 418 1234 11316 23441 201 5356 270 18992 16 2566 11516 995 48112 270 31363 44183 14 995 10274 270 201 94786 109871 14 305 995 16026 270 12070 4332 56295 16 455 58941 515 18715 201 25287 1082 270 6949 515 554 339 16422 288 7068 260 12426 4213 305 270 5706 294 16056 8513 1902 6059 3234 834 1561 201 58264 16 71595 10082 7457 38271 1055 270 14677 14085 14 1479 270 9319 936 201 64583 15518 50093 3514 436 86456 39375 367 294 11128 16 657 5287 2006 260 6644 10549 201 84037 270 5823 305 83119 436 304 270 8806 6791 418 260 7155 396 1359 14 5880 989 4 23299 891 4331 47 3444 13577 270 39317 294 270 14085 418 270 86508 27546 304 969 15142 16 2566 201 18988 8838 396 2239 9616 25342 2455 6352 111461 3137 16 334 12070 201 10911 14 260 7956 12240 14 260 37370 2329 14 260 1167 14037 2503 27566 1137 47484 881 270 2924 396 3859 1960 4880 294 5675 3006 339 72829 13721 1561 44844 305 78756 1750 5706 295 15143 89 14158 16 12741 4789 201 11475 21537 270 6326 1188 294 270 38398 114646 734 15391 14 11602 362 57715 14 995 936 201 42774 1559 362 260 26339 3825 45555 16 455 12505 56574 87934 295 280 22469 1154 1277 30525 201 9336 29780 1494 10965 16 5795 270 25131 14 270 115921 75496 418 5828 201 20850 481 339 47 3444 12652 42313 295 270 41273 4772 16 2566 15965 4371 260 41815 14 23047 436 989 458 10274 304 13769 28428 16 455 25550 86508 936 14376 9754 418 270 3469 1137 50219 9575 14 37266 14 1843 97989 14 110088 14 305 260 2767 9616 1225 79213 1353 201 32568 832 851 1114 554 1747 2727 2239 339 4690 1257 2900 270 58523 86456 294 38398 14 9641 14 305 110251 20928 16 58252 26577 201 1805 645 386 418 260 44056 6403 62339 1202 834 7931 14 30308 20408 336 75800 1960 260 201 113004 294 270 64383 15844 4851 270 7536 93324 16 57715 936 23865 304 11284 270 201 85 2960 14742 1936 69832 14 790 270 91731 47475 832 59143 396 6660 201 6452 3195 554 304 7746 1066 16 660 270 95042 8667 14 3330 4853 51489 21537 53900 201 8848 260 1888 34011 41151 295 260 26166 19900 16 3011 834 515 295 260 53582 14 1754 201 45182 89 14158 8599 513 41949 305 10180 14 554 513 270 71293 377 270 19951 28757 339 671 5613 51141 110278 8398 9575 295 13769 28428 14 3214 5159 14 1754 5159 28428 1960 201 1129 6192 15294 1747 1277 5476 99651 273 16 2566 16818 58252 305 57715 2281 270 201 72 39360 14 1539 5144 260 2562 943 270 7469 33935 16 5334 9575 2915 77603 1055 201 26758 6744 28 270 3605 294 260 92683 14 270 537 10592 32820 294 260 9778 14 270 1722 260 5823 201 2438 529 10083 1561 436 936 1047 31691 16056 339 4546 45366 270 3194 936 11300 418 82362 294 280 7002 14 32032 6103 14 49766 69943 14 305 201 39020 14692 16 58252 31004 3659 362 3853 560 1901 27170 34226 304 260 104614 201 50095 260 14560 396 8743 304 2334 59125 1750 1014 468 1094 1129 436 16 455 6949 201 27747 936 12852 1820 14 790 29780 12141 377 1082 14 832 1750 15391 53140 16789 260 201 59206 6857 305 53733 436 418 11198 339 47 3444 3825 5854 270 3799 11162 69 699 305 43697 270 2173 734 17229 2818 1055 270 201 61403 3578 86508 16 2566 18428 17229 2818 2455 16 45836 75950 2818 4127 201 6135 45386 14 58792 14 305 1482 995 37344 1060 969 16884 16 87986 201 60037 13721 30278 14 3825 1910 14 305 5750 3980 1936 7918 16243 339 1124 270 16232 14 260 93437 362 270 113450 50565 1946 31744 270 15106 6337 603 3346 3444 9023 260 71040 294 80005 9220 1407 270 18544 1901 57715 1733 201 12678 538 260 27640 11314 16 45789 936 28035 270 17408 2727 8295 377 270 52312 989 458 2038 1482 18288 943 3920 260 65326 17408 515 7837 304 366 7139 603 671 9517 40107 5827 1099 270 11219 339 671 86508 3997 2526 377 260 18496 16 110278 9026 436 37205 418 1234 11316 23441 201 5356 270 18992 16 2566 11516 995 48112 270 31363 44183 14 995 10274 270 201 94786 109871 14 305 995 16026 270 12070 4332 56295 16 455 58941 515 18715 201 25287 1082 270 6949 515 554 339 16422 288 7068 260 12426 4213 305 270 5706 294 16056 8513 1902 6059 3234 834 1561 201 58264 16 106044 10082 7457 38271 1055 270 14677 14085 14 1479 270 9319 936 201 64583 15518 50093 3514 436 86456 39375 367 294 11128 16 27170 2006 260 6644 10549 201 84037 270 5823 305 83119 436 304 270 8806 6791 418 260 7155 396 1359 14 5880 989 4 23299 891 4331 47 3444 13577 270 39317 294 270 14085 418 270 86508 27546 304 969 15142 16 2566 201 18988 8838 396 2239 9616 25342 2455 6352 111461 3137 16 334 12070 201 10911 14 260 7956 12240 14 260 37370 2329 14 260 1167 14037 2503 27566 1137 47484 881 270 2924 396 3859 1960 4880 294 5675 3006 339 35 15391 1520 77289 260 16110 295 16372 3345 14 790 9572 305 55288 881 554 18538 3737 14 832 110278 21168 1066 339 44953 271 101859 1387 270 4093 832 3706 16 128804 128822 | 5328 3706 14 270 4093 7226 270 17229 44258 294 15143 89 14158 1407 12529 3137 28 58523 28483 14 3194 51150 14 37266 14 1946 56573 1290 14 86508 9575 14 305 13044 77693 16 110278 14 270 5613 51141 14 10087 15699 5516 295 13769 28428 305 39342 12426 6744 412 2239 3980 339 671 3077 18538 3737 10844 832 3706 477
1007 00:57:57 ds4-server: metal 4 at request end: 3736 commits, 3736 feedback, 0 errors, residency 0 entries 0.0 MiB
1007 00:57:57 ds4-server: router finalize so far: 6768 fused, 120 generic, 120 fallback; compare 0 calls, mismatches 0 probs 0 ids 0 weights
1007 00:57:57 ds4-server: transition compare words differing so far: mix 0 split 0 sum 0 norm 0 residual 0 pre 0 kv 0 window 0 low 0 rows 0 expand 0 expand-sum 0 expand-norm 0 route-proj 0 route-select 0, over 0 comparisons
1007 00:57:57 ds4-server: chat ctx=0..4781:4781 gen=64 finish=length 71.156s
1007 00:57:57 ds4-server: live kv cache miss live=4845 prompt=4796 common=2 vision=match reason=token-mismatch
1007 00:57:57 ds4-server: chat ctx=0..4796:4796 prompt start
1007 00:57:57 ds4-server: metal 4 at request start: 3736 commits, 3736 feedback, 0 errors, residency 0 entries 0.0 MiB
ds4: memory budget: the expert cache returned a slab of 131 experts (1.22 GiB); it now has 6697 slots
ds4: memory budget: the expert cache returned a slab of 431 experts (4.00 GiB); it now has 6266 slots
ds4: V4.1 stage layer=0 pos=0 rows=2048 hc/engram=122.751 ms
ds4: V4.1 stage layer=0 pos=0 rows=2048 attention projections=144.422 ms
ds4: V4.1 stage layer=0 pos=0 rows=2048 attention core/index=138.974 ms
ds4: V4.1 stage layer=0 pos=0 rows=2048 attention output=32.722 ms
ds4: V4.1 stage layer=0 pos=0 rows=2048 hc/ffn norm=61.125 ms
ds4: V4.1 stage layer=0 pos=0 rows=2048 shared/routed ffn=249.402 ms
ds4: V4.1 stage layer=0 pos=0 rows=2048 hc expand=3.707 ms
ds4: V4.1 prefill layer=0 pos=0 rows=2048 encoder_resident=0 map=395.997 engram=0.000 encode=753.143 drain=44.135 seed=-0.000 ms
ds4: V4.1 stage layer=0 pos=2048 rows=2048 hc/engram=4.240 ms
ds4: V4.1 stage layer=0 pos=2048 rows=2048 attention projections=149.060 ms
ds4: V4.1 stage layer=0 pos=2048 rows=2048 attention core/index=22.529 ms
ds4: V4.1 stage layer=0 pos=2048 rows=2048 attention output=17.155 ms
ds4: V4.1 stage layer=0 pos=2048 rows=2048 hc/ffn norm=7.829 ms
ds4: V4.1 stage layer=0 pos=2048 rows=2048 shared/routed ffn=186.622 ms
ds4: V4.1 stage layer=0 pos=2048 rows=2048 hc expand=4.107 ms
ds4: V4.1 prefill layer=0 pos=2048 rows=2048 encoder_resident=0 map=0.000 engram=0.001 encode=391.580 drain=1.074 seed=3.181 ms
ds4: V4.1 stage layer=1 pos=0 rows=2048 hc/engram=153.298 ms
ds4: V4.1 stage layer=1 pos=0 rows=2048 attention projections=75.801 ms
ds4: V4.1 stage layer=1 pos=0 rows=2048 attention core/index=9.593 ms
ds4: V4.1 stage layer=1 pos=0 rows=2048 attention output=9.986 ms
ds4: V4.1 stage layer=1 pos=0 rows=2048 hc/ffn norm=4.632 ms
ds4: V4.1 stage layer=1 pos=0 rows=2048 shared/routed ffn=101.882 ms
ds4: V4.1 stage layer=1 pos=0 rows=2048 hc expand=2.434 ms
ds4: V4.1 prefill layer=1 pos=0 rows=2048 encoder_resident=0 map=0.390 engram=0.001 encode=357.701 drain=0.867 seed=0.000 ms
ds4: V4.1 stage layer=1 pos=2048 rows=2048 hc/engram=22.267 ms
ds4: V4.1 stage layer=1 pos=2048 rows=2048 attention projections=90.399 ms
ds4: V4.1 stage layer=1 pos=2048 rows=2048 attention core/index=13.782 ms
ds4: V4.1 stage layer=1 pos=2048 rows=2048 attention output=11.307 ms
ds4: V4.1 stage layer=1 pos=2048 rows=2048 hc/ffn norm=5.542 ms
ds4: V4.1 stage layer=1 pos=2048 rows=2048 shared/routed ffn=116.832 ms
ds4: V4.1 stage layer=1 pos=2048 rows=2048 hc expand=3.379 ms
ds4: V4.1 prefill layer=1 pos=2048 rows=2048 encoder_resident=0 map=0.000 engram=0.000 encode=263.561 drain=0.903 seed=4.235 ms
ds4: V4.1 stage layer=2 pos=0 rows=2048 hc/engram=24.230 ms
ds4: V4.1 stage layer=2 pos=0 rows=2048 attention projections=201.534 ms
ds4: V4.1 stage layer=2 pos=0 rows=2048 attention core/index=256.420 ms
ds4: V4.1 stage layer=2 pos=0 rows=2048 attention output=26.819 ms
ds4: V4.1 stage layer=2 pos=0 rows=2048 hc/ffn norm=10.506 ms
ds4: V4.1 stage layer=2 pos=0 rows=2048 shared/routed ffn=368.760 ms
ds4: V4.1 stage layer=2 pos=0 rows=2048 hc expand=8.138 ms
ds4: V4.1 prefill layer=2 pos=0 rows=2048 encoder_resident=0 map=8.355 engram=0.000 encode=896.490 drain=1.842 seed=0.001 ms
ds4: V4.1 stage layer=2 pos=2048 rows=2048 hc/engram=9.471 ms
ds4: V4.1 stage layer=2 pos=2048 rows=2048 attention projections=348.744 ms
ds4: V4.1 stage layer=2 pos=2048 rows=2048 attention core/index=332.450 ms
ds4: V4.1 stage layer=2 pos=2048 rows=2048 attention output=26.682 ms
ds4: V4.1 stage layer=2 pos=2048 rows=2048 hc/ffn norm=11.518 ms
ds4: V4.1 stage layer=2 pos=2048 rows=2048 shared/routed ffn=240.460 ms
ds4: V4.1 stage layer=2 pos=2048 rows=2048 hc expand=6.459 ms
ds4: V4.1 prefill layer=2 pos=2048 rows=2048 encoder_resident=0 map=0.000 engram=0.000 encode=975.819 drain=1.383 seed=7.487 ms
ds4: V4.1 stage layer=3 pos=0 rows=2048 hc/engram=22.319 ms
ds4: V4.1 stage layer=3 pos=0 rows=2048 attention projections=205.441 ms
ds4: V4.1 stage layer=3 pos=0 rows=2048 attention core/index=64.125 ms
ds4: V4.1 stage layer=3 pos=0 rows=2048 attention output=20.681 ms
ds4: V4.1 stage layer=3 pos=0 rows=2048 hc/ffn norm=8.223 ms
ds4: V4.1 stage layer=3 pos=0 rows=2048 shared/routed ffn=251.699 ms
ds4: V4.1 stage layer=3 pos=0 rows=2048 hc expand=4.841 ms
ds4: V4.1 prefill layer=3 pos=0 rows=2048 encoder_resident=0 map=0.475 engram=0.000 encode=577.369 drain=1.217 seed=0.000 ms
ds4: V4.1 stage layer=3 pos=2048 rows=2048 hc/engram=5.447 ms
ds4: V4.1 stage layer=3 pos=2048 rows=2048 attention projections=187.522 ms
ds4: V4.1 stage layer=3 pos=2048 rows=2048 attention core/index=82.142 ms
ds4: V4.1 stage layer=3 pos=2048 rows=2048 attention output=20.004 ms
ds4: V4.1 stage layer=3 pos=2048 rows=2048 hc/ffn norm=9.513 ms
ds4: V4.1 stage layer=3 pos=2048 rows=2048 shared/routed ffn=190.750 ms
ds4: V4.1 stage layer=3 pos=2048 rows=2048 hc expand=4.763 ms
ds4: V4.1 prefill layer=3 pos=2048 rows=2048 encoder_resident=0 map=0.000 engram=0.000 encode=500.170 drain=0.981 seed=13.773 ms
ds4: V4.1 stage layer=4 pos=0 rows=2048 hc/engram=23.175 ms
ds4: V4.1 stage layer=4 pos=0 rows=2048 attention projections=193.995 ms
ds4: V4.1 stage layer=4 pos=0 rows=2048 attention core/index=62.272 ms
ds4: V4.1 stage layer=4 pos=0 rows=2048 attention output=20.780 ms
ds4: V4.1 stage layer=4 pos=0 rows=2048 hc/ffn norm=7.741 ms
ds4: V4.1 stage layer=4 pos=0 rows=2048 shared/routed ffn=270.220 ms
ds4: V4.1 stage layer=4 pos=0 rows=2048 hc expand=3.720 ms
ds4: V4.1 prefill layer=4 pos=0 rows=2048 encoder_resident=0 map=0.426 engram=0.000 encode=581.938 drain=0.880 seed=-0.000 ms
ds4: V4.1 stage layer=4 pos=2048 rows=2048 hc/engram=4.723 ms
ds4: V4.1 stage layer=4 pos=2048 rows=2048 attention projections=180.751 ms
ds4: V4.1 stage layer=4 pos=2048 rows=2048 attention core/index=83.967 ms
ds4: V4.1 stage layer=4 pos=2048 rows=2048 attention output=21.995 ms
ds4: V4.1 stage layer=4 pos=2048 rows=2048 hc/ffn norm=9.873 ms
ds4: V4.1 stage layer=4 pos=2048 rows=2048 shared/routed ffn=212.937 ms
ds4: V4.1 stage layer=4 pos=2048 rows=2048 hc expand=5.013 ms
ds4: V4.1 prefill layer=4 pos=2048 rows=2048 encoder_resident=0 map=0.000 engram=0.000 encode=519.299 drain=1.071 seed=8.423 ms
ds4: V4.1 stage layer=5 pos=0 rows=2048 hc/engram=24.907 ms
ds4: V4.1 stage layer=5 pos=0 rows=2048 attention projections=207.113 ms
ds4: V4.1 stage layer=5 pos=0 rows=2048 attention core/index=69.366 ms
ds4: V4.1 stage layer=5 pos=0 rows=2048 attention output=23.173 ms
ds4: V4.1 stage layer=5 pos=0 rows=2048 hc/ffn norm=8.935 ms
ds4: V4.1 stage layer=5 pos=0 rows=2048 shared/routed ffn=290.959 ms
ds4: V4.1 stage layer=5 pos=0 rows=2048 hc expand=5.259 ms
ds4: V4.1 prefill layer=5 pos=0 rows=2048 encoder_resident=0 map=0.652 engram=0.001 encode=629.739 drain=1.052 seed=-0.000 ms
ds4: V4.1 stage layer=5 pos=2048 rows=2048 hc/engram=6.237 ms
ds4: V4.1 stage layer=5 pos=2048 rows=2048 attention projections=199.526 ms
ds4: V4.1 stage layer=5 pos=2048 rows=2048 attention core/index=87.549 ms
ds4: V4.1 stage layer=5 pos=2048 rows=2048 attention output=21.690 ms
ds4: V4.1 stage layer=5 pos=2048 rows=2048 hc/ffn norm=9.676 ms
ds4: V4.1 stage layer=5 pos=2048 rows=2048 shared/routed ffn=207.746 ms
ds4: V4.1 stage layer=5 pos=2048 rows=2048 hc expand=4.262 ms
ds4: V4.1 prefill layer=5 pos=2048 rows=2048 encoder_resident=0 map=0.000 engram=0.000 encode=536.715 drain=0.994 seed=5.813 ms
ds4: V4.1 stage layer=6 pos=0 rows=2048 hc/engram=25.659 ms
ds4: V4.1 stage layer=6 pos=0 rows=2048 attention projections=208.528 ms
ds4: V4.1 stage layer=6 pos=0 rows=2048 attention core/index=77.190 ms
ds4: V4.1 stage layer=6 pos=0 rows=2048 attention output=21.754 ms
ds4: V4.1 stage layer=6 pos=0 rows=2048 hc/ffn norm=9.294 ms
ds4: V4.1 stage layer=6 pos=0 rows=2048 shared/routed ffn=294.559 ms
ds4: V4.1 stage layer=6 pos=0 rows=2048 hc expand=5.303 ms
ds4: V4.1 prefill layer=6 pos=0 rows=2048 encoder_resident=0 map=0.599 engram=0.000 encode=642.311 drain=1.338 seed=0.000 ms
ds4: V4.1 stage layer=6 pos=2048 rows=2048 hc/engram=7.303 ms
ds4: V4.1 stage layer=6 pos=2048 rows=2048 attention projections=195.138 ms
ds4: V4.1 stage layer=6 pos=2048 rows=2048 attention core/index=84.868 ms
ds4: V4.1 stage layer=6 pos=2048 rows=2048 attention output=20.310 ms
ds4: V4.1 stage layer=6 pos=2048 rows=2048 hc/ffn norm=9.041 ms
ds4: V4.1 stage layer=6 pos=2048 rows=2048 shared/routed ffn=194.167 ms
ds4: V4.1 stage layer=6 pos=2048 rows=2048 hc expand=4.177 ms
ds4: V4.1 prefill layer=6 pos=2048 rows=2048 encoder_resident=0 map=0.000 engram=0.000 encode=515.051 drain=1.016 seed=6.765 ms
ds4: V4.1 stage layer=7 pos=0 rows=2048 hc/engram=24.500 ms
ds4: V4.1 stage layer=7 pos=0 rows=2048 attention projections=194.862 ms
ds4: V4.1 stage layer=7 pos=0 rows=2048 attention core/index=65.063 ms
ds4: V4.1 stage layer=7 pos=0 rows=2048 attention output=19.787 ms
ds4: V4.1 stage layer=7 pos=0 rows=2048 hc/ffn norm=8.272 ms
ds4: V4.1 stage layer=7 pos=0 rows=2048 shared/routed ffn=339.953 ms
ds4: V4.1 stage layer=7 pos=0 rows=2048 hc expand=3.987 ms
ds4: V4.1 prefill layer=7 pos=0 rows=2048 encoder_resident=0 map=0.640 engram=0.000 encode=656.461 drain=0.960 seed=0.000 ms
ds4: V4.1 stage layer=7 pos=2048 rows=2048 hc/engram=4.731 ms
ds4: V4.1 stage layer=7 pos=2048 rows=2048 attention projections=180.454 ms
ds4: V4.1 stage layer=7 pos=2048 rows=2048 attention core/index=89.166 ms
ds4: V4.1 stage layer=7 pos=2048 rows=2048 attention output=21.975 ms
ds4: V4.1 stage layer=7 pos=2048 rows=2048 hc/ffn norm=9.812 ms
ds4: V4.1 stage layer=7 pos=2048 rows=2048 shared/routed ffn=209.577 ms
ds4: V4.1 stage layer=7 pos=2048 rows=2048 hc expand=5.427 ms
ds4: V4.1 prefill layer=7 pos=2048 rows=2048 encoder_resident=0 map=0.000 engram=0.000 encode=521.186 drain=1.066 seed=7.935 ms
ds4: V4.1 stage layer=8 pos=0 rows=2048 hc/engram=25.156 ms
ds4: V4.1 stage layer=8 pos=0 rows=2048 attention projections=216.524 ms
ds4: V4.1 stage layer=8 pos=0 rows=2048 attention core/index=228.993 ms
ds4: V4.1 stage layer=8 pos=0 rows=2048 attention output=19.971 ms
ds4: V4.1 stage layer=8 pos=0 rows=2048 hc/ffn norm=10.068 ms
ds4: V4.1 stage layer=8 pos=0 rows=2048 shared/routed ffn=282.407 ms
ds4: V4.1 stage layer=8 pos=0 rows=2048 hc expand=4.371 ms
ds4: V4.1 prefill layer=8 pos=0 rows=2048 encoder_resident=0 map=0.508 engram=0.000 encode=787.524 drain=1.039 seed=0.001 ms
ds4: V4.1 stage layer=8 pos=2048 rows=2048 hc/engram=5.087 ms
ds4: V4.1 stage layer=8 pos=2048 rows=2048 attention projections=178.813 ms
ds4: V4.1 stage layer=8 pos=2048 rows=2048 attention core/index=250.182 ms
ds4: V4.1 stage layer=8 pos=2048 rows=2048 attention output=27.371 ms
ds4: V4.1 stage layer=8 pos=2048 rows=2048 hc/ffn norm=10.294 ms
ds4: V4.1 stage layer=8 pos=2048 rows=2048 shared/routed ffn=194.745 ms
ds4: V4.1 stage layer=8 pos=2048 rows=2048 hc expand=5.090 ms
ds4: V4.1 prefill layer=8 pos=2048 rows=2048 encoder_resident=0 map=0.000 engram=0.000 encode=671.616 drain=1.064 seed=5.847 ms
ds4: V4.1 stage layer=9 pos=0 rows=2048 hc/engram=23.716 ms
ds4: V4.1 stage layer=9 pos=0 rows=2048 attention projections=195.504 ms
ds4: V4.1 stage layer=9 pos=0 rows=2048 attention core/index=59.504 ms
ds4: V4.1 stage layer=9 pos=0 rows=2048 attention output=18.741 ms
ds4: V4.1 stage layer=9 pos=0 rows=2048 hc/ffn norm=8.104 ms
ds4: V4.1 stage layer=9 pos=0 rows=2048 shared/routed ffn=252.894 ms
ds4: V4.1 stage layer=9 pos=0 rows=2048 hc expand=4.300 ms
ds4: V4.1 prefill layer=9 pos=0 rows=2048 encoder_resident=0 map=0.664 engram=0.000 encode=562.793 drain=1.059 seed=0.001 ms
ds4: V4.1 stage layer=9 pos=2048 rows=2048 hc/engram=5.376 ms
ds4: V4.1 stage layer=9 pos=2048 rows=2048 attention projections=196.164 ms
ds4: V4.1 stage layer=9 pos=2048 rows=2048 attention core/index=103.665 ms
ds4: V4.1 stage layer=9 pos=2048 rows=2048 attention output=20.901 ms
ds4: V4.1 stage layer=9 pos=2048 rows=2048 hc/ffn norm=9.211 ms
ds4: V4.1 stage layer=9 pos=2048 rows=2048 shared/routed ffn=200.033 ms
ds4: V4.1 stage layer=9 pos=2048 rows=2048 hc expand=5.304 ms
ds4: V4.1 prefill layer=9 pos=2048 rows=2048 encoder_resident=0 map=0.000 engram=0.000 encode=540.692 drain=1.433 seed=9.201 ms
ds4: V4.1 stage layer=10 pos=0 rows=2048 hc/engram=59.815 ms
ds4: V4.1 stage layer=10 pos=0 rows=2048 attention projections=183.070 ms
ds4: V4.1 stage layer=10 pos=0 rows=2048 attention core/index=66.097 ms
ds4: V4.1 stage layer=10 pos=0 rows=2048 attention output=21.580 ms
ds4: V4.1 stage layer=10 pos=0 rows=2048 hc/ffn norm=8.963 ms
ds4: V4.1 stage layer=10 pos=0 rows=2048 shared/routed ffn=263.388 ms
ds4: V4.1 stage layer=10 pos=0 rows=2048 hc expand=5.198 ms
ds4: V4.1 prefill layer=10 pos=0 rows=2048 encoder_resident=0 map=0.520 engram=0.000 encode=608.145 drain=1.338 seed=-0.000 ms
ds4: V4.1 stage layer=10 pos=2048 rows=2048 hc/engram=5.961 ms
ds4: V4.1 stage layer=10 pos=2048 rows=2048 attention projections=200.918 ms
ds4: V4.1 stage layer=10 pos=2048 rows=2048 attention core/index=103.611 ms
ds4: V4.1 stage layer=10 pos=2048 rows=2048 attention output=23.279 ms
ds4: V4.1 stage layer=10 pos=2048 rows=2048 hc/ffn norm=10.129 ms
ds4: V4.1 stage layer=10 pos=2048 rows=2048 shared/routed ffn=228.369 ms
ds4: V4.1 stage layer=10 pos=2048 rows=2048 hc expand=4.085 ms
ds4: V4.1 prefill layer=10 pos=2048 rows=2048 encoder_resident=0 map=0.000 engram=0.000 encode=576.402 drain=1.643 seed=8.125 ms
ds4: V4.1 stage layer=11 pos=0 rows=2048 hc/engram=26.013 ms
ds4: V4.1 stage layer=11 pos=0 rows=2048 attention projections=216.190 ms
ds4: V4.1 stage layer=11 pos=0 rows=2048 attention core/index=73.152 ms
ds4: V4.1 stage layer=11 pos=0 rows=2048 attention output=21.009 ms
ds4: V4.1 stage layer=11 pos=0 rows=2048 hc/ffn norm=8.333 ms
ds4: V4.1 stage layer=11 pos=0 rows=2048 shared/routed ffn=274.143 ms
ds4: V4.1 stage layer=11 pos=0 rows=2048 hc expand=4.872 ms
ds4: V4.1 prefill layer=11 pos=0 rows=2048 encoder_resident=0 map=0.465 engram=0.000 encode=623.758 drain=1.006 seed=0.000 ms
ds4: V4.1 stage layer=11 pos=2048 rows=2048 hc/engram=5.890 ms
ds4: V4.1 stage layer=11 pos=2048 rows=2048 attention projections=210.055 ms
ds4: V4.1 stage layer=11 pos=2048 rows=2048 attention core/index=92.261 ms
ds4: V4.1 stage layer=11 pos=2048 rows=2048 attention output=21.405 ms
ds4: V4.1 stage layer=11 pos=2048 rows=2048 hc/ffn norm=9.603 ms
ds4: V4.1 stage layer=11 pos=2048 rows=2048 shared/routed ffn=211.071 ms
ds4: V4.1 stage layer=11 pos=2048 rows=2048 hc expand=4.984 ms
ds4: V4.1 prefill layer=11 pos=2048 rows=2048 encoder_resident=0 map=0.000 engram=0.000 encode=555.300 drain=1.027 seed=10.384 ms
ds4: V4.1 stage layer=12 pos=0 rows=2048 hc/engram=24.529 ms
ds4: V4.1 stage layer=12 pos=0 rows=2048 attention projections=217.141 ms
ds4: V4.1 stage layer=12 pos=0 rows=2048 attention core/index=66.254 ms
ds4: V4.1 stage layer=12 pos=0 rows=2048 attention output=20.309 ms
ds4: V4.1 stage layer=12 pos=0 rows=2048 hc/ffn norm=8.710 ms
ds4: V4.1 stage layer=12 pos=0 rows=2048 shared/routed ffn=273.706 ms
ds4: V4.1 stage layer=12 pos=0 rows=2048 hc expand=4.330 ms
ds4: V4.1 prefill layer=12 pos=0 rows=2048 encoder_resident=0 map=6.031 engram=0.000 encode=615.014 drain=1.071 seed=0.001 ms
ds4: V4.1 stage layer=12 pos=2048 rows=2048 hc/engram=5.493 ms
ds4: V4.1 stage layer=12 pos=2048 rows=2048 attention projections=202.645 ms
ds4: V4.1 stage layer=12 pos=2048 rows=2048 attention core/index=89.675 ms
ds4: V4.1 stage layer=12 pos=2048 rows=2048 attention output=21.580 ms
ds4: V4.1 stage layer=12 pos=2048 rows=2048 hc/ffn norm=8.617 ms
ds4: V4.1 stage layer=12 pos=2048 rows=2048 shared/routed ffn=210.639 ms
ds4: V4.1 stage layer=12 pos=2048 rows=2048 hc expand=5.454 ms
ds4: V4.1 prefill layer=12 pos=2048 rows=2048 encoder_resident=0 map=0.000 engram=0.000 encode=544.130 drain=1.081 seed=11.261 ms
ds4: V4.1 stage layer=13 pos=0 rows=2048 hc/engram=24.004 ms
ds4: V4.1 stage layer=13 pos=0 rows=2048 attention projections=200.573 ms
ds4: V4.1 stage layer=13 pos=0 rows=2048 attention core/index=65.403 ms
ds4: V4.1 stage layer=13 pos=0 rows=2048 attention output=21.759 ms
ds4: V4.1 stage layer=13 pos=0 rows=2048 hc/ffn norm=8.520 ms
ds4: V4.1 stage layer=13 pos=0 rows=2048 shared/routed ffn=267.710 ms
ds4: V4.1 stage layer=13 pos=0 rows=2048 hc expand=4.940 ms
ds4: V4.1 prefill layer=13 pos=0 rows=2048 encoder_resident=0 map=0.457 engram=0.000 encode=592.956 drain=1.011 seed=-0.000 ms
ds4: V4.1 stage layer=13 pos=2048 rows=2048 hc/engram=5.918 ms
ds4: V4.1 stage layer=13 pos=2048 rows=2048 attention projections=219.206 ms
ds4: V4.1 stage layer=13 pos=2048 rows=2048 attention core/index=84.785 ms
ds4: V4.1 stage layer=13 pos=2048 rows=2048 attention output=20.299 ms
ds4: V4.1 stage layer=13 pos=2048 rows=2048 hc/ffn norm=8.659 ms
ds4: V4.1 stage layer=13 pos=2048 rows=2048 shared/routed ffn=207.638 ms
ds4: V4.1 stage layer=13 pos=2048 rows=2048 hc expand=5.273 ms
ds4: V4.1 prefill layer=13 pos=2048 rows=2048 encoder_resident=0 map=0.000 engram=0.000 encode=551.800 drain=1.146 seed=7.890 ms
ds4: V4.1 stage layer=14 pos=0 rows=2048 hc/engram=192.991 ms
ds4: V4.1 stage layer=14 pos=0 rows=2048 attention projections=168.634 ms
ds4: V4.1 stage layer=14 pos=0 rows=2048 attention core/index=228.766 ms
ds4: V4.1 stage layer=14 pos=0 rows=2048 attention output=20.208 ms
ds4: V4.1 stage layer=14 pos=0 rows=2048 hc/ffn norm=8.814 ms
ds4: V4.1 stage layer=14 pos=0 rows=2048 shared/routed ffn=224.720 ms
ds4: V4.1 stage layer=14 pos=0 rows=2048 hc expand=6.654 ms
ds4: V4.1 prefill layer=14 pos=0 rows=2048 encoder_resident=0 map=0.564 engram=0.001 encode=850.824 drain=1.165 seed=0.000 ms
ds4: V4.1 stage layer=14 pos=2048 rows=2048 hc/engram=55.217 ms
ds4: V4.1 stage layer=14 pos=2048 rows=2048 attention projections=220.972 ms
ds4: V4.1 stage layer=14 pos=2048 rows=2048 attention core/index=269.841 ms
ds4: V4.1 stage layer=14 pos=2048 rows=2048 attention output=19.976 ms
ds4: V4.1 stage layer=14 pos=2048 rows=2048 hc/ffn norm=9.575 ms
ds4: V4.1 stage layer=14 pos=2048 rows=2048 shared/routed ffn=187.445 ms
ds4: V4.1 stage layer=14 pos=2048 rows=2048 hc expand=4.252 ms
ds4: V4.1 prefill layer=14 pos=2048 rows=2048 encoder_resident=0 map=0.000 engram=0.000 encode=767.315 drain=1.052 seed=8.312 ms
ds4: V4.1 stage layer=15 pos=0 rows=2048 hc/engram=23.747 ms
ds4: V4.1 stage layer=15 pos=0 rows=2048 attention projections=195.681 ms
ds4: V4.1 stage layer=15 pos=0 rows=2048 attention core/index=63.132 ms
ds4: V4.1 stage layer=15 pos=0 rows=2048 attention output=22.566 ms
ds4: V4.1 stage layer=15 pos=0 rows=2048 hc/ffn norm=8.659 ms
ds4: V4.1 stage layer=15 pos=0 rows=2048 shared/routed ffn=258.979 ms
ds4: V4.1 stage layer=15 pos=0 rows=2048 hc expand=4.983 ms
ds4: V4.1 prefill layer=15 pos=0 rows=2048 encoder_resident=0 map=0.467 engram=0.001 encode=577.785 drain=1.003 seed=-0.000 ms
ds4: V4.1 stage layer=15 pos=2048 rows=2048 hc/engram=6.256 ms
ds4: V4.1 stage layer=15 pos=2048 rows=2048 attention projections=206.095 ms
ds4: V4.1 stage layer=15 pos=2048 rows=2048 attention core/index=87.860 ms
ds4: V4.1 stage layer=15 pos=2048 rows=2048 attention output=22.121 ms
ds4: V4.1 stage layer=15 pos=2048 rows=2048 hc/ffn norm=9.586 ms
ds4: V4.1 stage layer=15 pos=2048 rows=2048 shared/routed ffn=214.720 ms
ds4: V4.1 stage layer=15 pos=2048 rows=2048 hc expand=5.349 ms
ds4: V4.1 prefill layer=15 pos=2048 rows=2048 encoder_resident=0 map=0.000 engram=0.000 encode=552.035 drain=1.053 seed=5.750 ms
ds4: V4.1 stage layer=16 pos=0 rows=2048 hc/engram=36.124 ms
ds4: V4.1 stage layer=16 pos=0 rows=2048 attention projections=232.900 ms
ds4: V4.1 stage layer=16 pos=0 rows=2048 attention core/index=76.672 ms
ds4: V4.1 stage layer=16 pos=0 rows=2048 attention output=24.439 ms
ds4: V4.1 stage layer=16 pos=0 rows=2048 hc/ffn norm=10.050 ms
ds4: V4.1 stage layer=16 pos=0 rows=2048 shared/routed ffn=289.218 ms
ds4: V4.1 stage layer=16 pos=0 rows=2048 hc expand=5.322 ms
ds4: V4.1 prefill layer=16 pos=0 rows=2048 encoder_resident=0 map=27.754 engram=0.000 encode=674.767 drain=1.088 seed=0.000 ms
ds4: V4.1 stage layer=16 pos=2048 rows=2048 hc/engram=6.471 ms
ds4: V4.1 stage layer=16 pos=2048 rows=2048 attention projections=250.469 ms
ds4: V4.1 stage layer=16 pos=2048 rows=2048 attention core/index=96.651 ms
ds4: V4.1 stage layer=16 pos=2048 rows=2048 attention output=22.510 ms
ds4: V4.1 stage layer=16 pos=2048 rows=2048 hc/ffn norm=10.769 ms
ds4: V4.1 stage layer=16 pos=2048 rows=2048 shared/routed ffn=209.277 ms
ds4: V4.1 stage layer=16 pos=2048 rows=2048 hc expand=4.326 ms
ds4: V4.1 prefill layer=16 pos=2048 rows=2048 encoder_resident=0 map=0.000 engram=0.000 encode=600.503 drain=1.017 seed=9.797 ms
ds4: V4.1 stage layer=17 pos=0 rows=2048 hc/engram=24.731 ms
ds4: V4.1 stage layer=17 pos=0 rows=2048 attention projections=186.144 ms
ds4: V4.1 stage layer=17 pos=0 rows=2048 attention core/index=67.149 ms
ds4: V4.1 stage layer=17 pos=0 rows=2048 attention output=20.089 ms
ds4: V4.1 stage layer=17 pos=0 rows=2048 hc/ffn norm=8.720 ms
ds4: V4.1 stage layer=17 pos=0 rows=2048 shared/routed ffn=266.569 ms
ds4: V4.1 stage layer=17 pos=0 rows=2048 hc expand=4.725 ms
ds4: V4.1 prefill layer=17 pos=0 rows=2048 encoder_resident=0 map=0.430 engram=0.000 encode=578.174 drain=0.994 seed=0.000 ms
ds4: V4.1 stage layer=17 pos=2048 rows=2048 hc/engram=5.678 ms
ds4: V4.1 stage layer=17 pos=2048 rows=2048 attention projections=209.051 ms
ds4: V4.1 stage layer=17 pos=2048 rows=2048 attention core/index=96.556 ms
ds4: V4.1 stage layer=17 pos=2048 rows=2048 attention output=22.895 ms
ds4: V4.1 stage layer=17 pos=2048 rows=2048 hc/ffn norm=11.079 ms
ds4: V4.1 stage layer=17 pos=2048 rows=2048 shared/routed ffn=224.284 ms
ds4: V4.1 stage layer=17 pos=2048 rows=2048 hc expand=5.425 ms
ds4: V4.1 prefill layer=17 pos=2048 rows=2048 encoder_resident=0 map=0.000 engram=0.001 encode=575.005 drain=1.106 seed=10.761 ms
ds4: V4.1 stage layer=18 pos=0 rows=2048 hc/engram=26.478 ms
ds4: V4.1 stage layer=18 pos=0 rows=2048 attention projections=224.421 ms
ds4: V4.1 stage layer=18 pos=0 rows=2048 attention core/index=74.449 ms
ds4: V4.1 stage layer=18 pos=0 rows=2048 attention output=21.763 ms
ds4: V4.1 stage layer=18 pos=0 rows=2048 hc/ffn norm=8.689 ms
ds4: V4.1 stage layer=18 pos=0 rows=2048 shared/routed ffn=264.774 ms
ds4: V4.1 stage layer=18 pos=0 rows=2048 hc expand=4.331 ms
ds4: V4.1 prefill layer=18 pos=0 rows=2048 encoder_resident=0 map=0.593 engram=0.000 encode=624.939 drain=1.115 seed=-0.000 ms
ds4: V4.1 stage layer=18 pos=2048 rows=2048 hc/engram=5.299 ms
ds4: V4.1 stage layer=18 pos=2048 rows=2048 attention projections=191.179 ms
ds4: V4.1 stage layer=18 pos=2048 rows=2048 attention core/index=94.353 ms
ds4: V4.1 stage layer=18 pos=2048 rows=2048 attention output=21.410 ms
ds4: V4.1 stage layer=18 pos=2048 rows=2048 hc/ffn norm=10.136 ms
ds4: V4.1 stage layer=18 pos=2048 rows=2048 shared/routed ffn=212.201 ms
ds4: V4.1 stage layer=18 pos=2048 rows=2048 hc expand=4.158 ms
ds4: V4.1 prefill layer=18 pos=2048 rows=2048 encoder_resident=0 map=0.000 engram=0.000 encode=538.766 drain=1.062 seed=7.911 ms
ds4: V4.1 stage layer=19 pos=0 rows=2048 hc/engram=26.634 ms
ds4: V4.1 stage layer=19 pos=0 rows=2048 attention projections=215.519 ms
ds4: V4.1 stage layer=19 pos=0 rows=2048 attention core/index=69.171 ms
ds4: V4.1 stage layer=19 pos=0 rows=2048 attention output=21.275 ms
ds4: V4.1 stage layer=19 pos=0 rows=2048 hc/ffn norm=8.687 ms
ds4: V4.1 stage layer=19 pos=0 rows=2048 shared/routed ffn=289.332 ms
ds4: V4.1 stage layer=19 pos=0 rows=2048 hc expand=5.381 ms
ds4: V4.1 prefill layer=19 pos=0 rows=2048 encoder_resident=0 map=0.598 engram=0.000 encode=636.045 drain=1.324 seed=-0.000 ms
ds4: V4.1 stage layer=19 pos=2048 rows=2048 hc/engram=6.912 ms
ds4: V4.1 stage layer=19 pos=2048 rows=2048 attention projections=206.496 ms
ds4: V4.1 stage layer=19 pos=2048 rows=2048 attention core/index=90.506 ms
ds4: V4.1 stage layer=19 pos=2048 rows=2048 attention output=20.428 ms
ds4: V4.1 stage layer=19 pos=2048 rows=2048 hc/ffn norm=9.228 ms
ds4: V4.1 stage layer=19 pos=2048 rows=2048 shared/routed ffn=205.156 ms
ds4: V4.1 stage layer=19 pos=2048 rows=2048 hc expand=4.959 ms
ds4: V4.1 prefill layer=19 pos=2048 rows=2048 encoder_resident=0 map=0.000 engram=0.000 encode=543.730 drain=0.986 seed=6.529 ms
ds4: V4.1 stage layer=20 pos=0 rows=2048 hc/engram=24.948 ms
ds4: V4.1 stage layer=20 pos=0 rows=2048 attention projections=195.911 ms
ds4: V4.1 stage layer=20 pos=0 rows=2048 attention core/index=361.081 ms
ds4: V4.1 stage layer=20 pos=0 rows=2048 attention output=17.250 ms
ds4: V4.1 stage layer=20 pos=0 rows=2048 hc/ffn norm=7.877 ms
ds4: V4.1 stage layer=20 pos=0 rows=2048 shared/routed ffn=252.797 ms
ds4: V4.1 stage layer=20 pos=0 rows=2048 hc expand=3.744 ms
ds4: V4.1 prefill layer=20 pos=0 rows=2048 encoder_resident=0 map=0.599 engram=0.000 encode=863.633 drain=0.911 seed=-0.000 ms
ds4: V4.1 stage layer=20 pos=2048 rows=2048 hc/engram=4.998 ms
ds4: V4.1 stage layer=20 pos=2048 rows=2048 attention projections=158.201 ms
ds4: V4.1 stage layer=20 pos=2048 rows=2048 attention core/index=389.476 ms
ds4: V4.1 stage layer=20 pos=2048 rows=2048 attention output=13.981 ms
ds4: V4.1 stage layer=20 pos=2048 rows=2048 hc/ffn norm=6.200 ms
ds4: V4.1 stage layer=20 pos=2048 rows=2048 shared/routed ffn=136.174 ms
ds4: V4.1 stage layer=20 pos=2048 rows=2048 hc expand=3.796 ms
ds4: V4.1 prefill layer=20 pos=2048 rows=2048 encoder_resident=0 map=0.000 engram=0.000 encode=712.859 drain=0.908 seed=8.207 ms
ds4: V4.1 stage layer=21 pos=0 rows=2048 hc/engram=24.110 ms
ds4: V4.1 stage layer=21 pos=0 rows=2048 attention projections=225.968 ms
ds4: V4.1 stage layer=21 pos=0 rows=2048 attention core/index=82.180 ms
ds4: V4.1 stage layer=21 pos=0 rows=2048 attention output=25.659 ms
ds4: V4.1 stage layer=21 pos=0 rows=2048 hc/ffn norm=22.782 ms
ds4: V4.1 stage layer=21 pos=0 rows=2048 shared/routed ffn=330.410 ms
ds4: V4.1 stage layer=21 pos=0 rows=2048 hc expand=5.116 ms
ds4: V4.1 prefill layer=21 pos=0 rows=2048 encoder_resident=0 map=0.427 engram=0.001 encode=716.265 drain=1.021 seed=0.001 ms
ds4: V4.1 stage layer=21 pos=2048 rows=2048 hc/engram=5.822 ms
ds4: V4.1 stage layer=21 pos=2048 rows=2048 attention projections=221.334 ms
ds4: V4.1 stage layer=21 pos=2048 rows=2048 attention core/index=97.225 ms
ds4: V4.1 stage layer=21 pos=2048 rows=2048 attention output=25.165 ms
ds4: V4.1 stage layer=21 pos=2048 rows=2048 hc/ffn norm=10.908 ms
ds4: V4.1 stage layer=21 pos=2048 rows=2048 shared/routed ffn=226.395 ms
ds4: V4.1 stage layer=21 pos=2048 rows=2048 hc expand=5.448 ms
ds4: V4.1 prefill layer=21 pos=2048 rows=2048 encoder_resident=0 map=0.000 engram=0.000 encode=592.333 drain=1.126 seed=11.016 ms
ds4: V4.1 stage layer=22 pos=0 rows=2048 hc/engram=28.121 ms
ds4: V4.1 stage layer=22 pos=0 rows=2048 attention projections=233.795 ms
ds4: V4.1 stage layer=22 pos=0 rows=2048 attention core/index=81.992 ms
ds4: V4.1 stage layer=22 pos=0 rows=2048 attention output=22.796 ms
ds4: V4.1 stage layer=22 pos=0 rows=2048 hc/ffn norm=9.264 ms
ds4: V4.1 stage layer=22 pos=0 rows=2048 shared/routed ffn=300.832 ms
ds4: V4.1 stage layer=22 pos=0 rows=2048 hc expand=5.262 ms
ds4: V4.1 prefill layer=22 pos=0 rows=2048 encoder_resident=0 map=0.525 engram=0.000 encode=682.125 drain=1.081 seed=-0.000 ms
ds4: V4.1 stage layer=22 pos=2048 rows=2048 hc/engram=6.289 ms
ds4: V4.1 stage layer=22 pos=2048 rows=2048 attention projections=197.523 ms
ds4: V4.1 stage layer=22 pos=2048 rows=2048 attention core/index=85.672 ms
ds4: V4.1 stage layer=22 pos=2048 rows=2048 attention output=21.574 ms
ds4: V4.1 stage layer=22 pos=2048 rows=2048 hc/ffn norm=9.490 ms
ds4: V4.1 stage layer=22 pos=2048 rows=2048 shared/routed ffn=211.299 ms
ds4: V4.1 stage layer=22 pos=2048 rows=2048 hc expand=5.070 ms
ds4: V4.1 prefill layer=22 pos=2048 rows=2048 encoder_resident=0 map=0.000 engram=0.000 encode=536.960 drain=1.066 seed=11.810 ms
ds4: V4.1 stage layer=23 pos=0 rows=2048 hc/engram=27.513 ms
ds4: V4.1 stage layer=23 pos=0 rows=2048 attention projections=216.098 ms
ds4: V4.1 stage layer=23 pos=0 rows=2048 attention core/index=72.998 ms
ds4: V4.1 stage layer=23 pos=0 rows=2048 attention output=32.423 ms
ds4: V4.1 stage layer=23 pos=0 rows=2048 hc/ffn norm=9.552 ms
ds4: V4.1 stage layer=23 pos=0 rows=2048 shared/routed ffn=270.784 ms
ds4: V4.1 stage layer=23 pos=0 rows=2048 hc expand=4.851 ms
ds4: V4.1 prefill layer=23 pos=0 rows=2048 encoder_resident=0 map=0.511 engram=0.000 encode=634.277 drain=0.981 seed=-0.000 ms
ds4: V4.1 stage layer=23 pos=2048 rows=2048 hc/engram=5.354 ms
ds4: V4.1 stage layer=23 pos=2048 rows=2048 attention projections=192.331 ms
ds4: V4.1 stage layer=23 pos=2048 rows=2048 attention core/index=85.164 ms
ds4: V4.1 stage layer=23 pos=2048 rows=2048 attention output=20.122 ms
ds4: V4.1 stage layer=23 pos=2048 rows=2048 hc/ffn norm=9.521 ms
ds4: V4.1 stage layer=23 pos=2048 rows=2048 shared/routed ffn=208.375 ms
ds4: V4.1 stage layer=23 pos=2048 rows=2048 hc expand=4.783 ms
ds4: V4.1 prefill layer=23 pos=2048 rows=2048 encoder_resident=0 map=0.000 engram=0.000 encode=525.678 drain=1.005 seed=10.212 ms
ds4: V4.1 stage layer=24 pos=0 rows=2048 hc/engram=27.376 ms
ds4: V4.1 stage layer=24 pos=0 rows=2048 attention projections=235.675 ms
ds4: V4.1 stage layer=24 pos=0 rows=2048 attention core/index=198.184 ms
ds4: V4.1 stage layer=24 pos=0 rows=2048 attention output=22.820 ms
ds4: V4.1 stage layer=24 pos=0 rows=2048 hc/ffn norm=9.987 ms
ds4: V4.1 stage layer=24 pos=0 rows=2048 shared/routed ffn=292.741 ms
ds4: V4.1 stage layer=24 pos=0 rows=2048 hc expand=5.186 ms
ds4: V4.1 prefill layer=24 pos=0 rows=2048 encoder_resident=0 map=0.539 engram=0.000 encode=792.009 drain=1.198 seed=0.001 ms
ds4: V4.1 stage layer=24 pos=2048 rows=2048 hc/engram=6.835 ms
ds4: V4.1 stage layer=24 pos=2048 rows=2048 attention projections=216.491 ms
ds4: V4.1 stage layer=24 pos=2048 rows=2048 attention core/index=200.016 ms
ds4: V4.1 stage layer=24 pos=2048 rows=2048 attention output=21.839 ms
ds4: V4.1 stage layer=24 pos=2048 rows=2048 hc/ffn norm=10.148 ms
ds4: V4.1 stage layer=24 pos=2048 rows=2048 shared/routed ffn=209.983 ms
ds4: V4.1 stage layer=24 pos=2048 rows=2048 hc expand=6.410 ms
ds4: V4.1 prefill layer=24 pos=2048 rows=2048 encoder_resident=0 map=0.000 engram=0.001 encode=671.763 drain=1.105 seed=13.209 ms
ds4: V4.1 stage layer=25 pos=0 rows=2048 hc/engram=24.992 ms
ds4: V4.1 stage layer=25 pos=0 rows=2048 attention projections=196.348 ms
ds4: V4.1 stage layer=25 pos=0 rows=2048 attention core/index=71.998 ms
ds4: V4.1 stage layer=25 pos=0 rows=2048 attention output=21.865 ms
ds4: V4.1 stage layer=25 pos=0 rows=2048 hc/ffn norm=7.730 ms
ds4: V4.1 stage layer=25 pos=0 rows=2048 shared/routed ffn=254.550 ms
ds4: V4.1 stage layer=25 pos=0 rows=2048 hc expand=4.364 ms
ds4: V4.1 prefill layer=25 pos=0 rows=2048 encoder_resident=0 map=0.422 engram=0.001 encode=581.889 drain=0.931 seed=-0.000 ms
ds4: V4.1 stage layer=25 pos=2048 rows=2048 hc/engram=5.051 ms
ds4: V4.1 stage layer=25 pos=2048 rows=2048 attention projections=186.630 ms
ds4: V4.1 stage layer=25 pos=2048 rows=2048 attention core/index=86.044 ms
ds4: V4.1 stage layer=25 pos=2048 rows=2048 attention output=21.730 ms
ds4: V4.1 stage layer=25 pos=2048 rows=2048 hc/ffn norm=9.304 ms
ds4: V4.1 stage layer=25 pos=2048 rows=2048 shared/routed ffn=201.951 ms
ds4: V4.1 stage layer=25 pos=2048 rows=2048 hc expand=5.384 ms
ds4: V4.1 prefill layer=25 pos=2048 rows=2048 encoder_resident=0 map=0.000 engram=0.001 encode=516.131 drain=1.058 seed=13.970 ms
ds4: V4.1 stage layer=26 pos=0 rows=2048 hc/engram=26.524 ms
ds4: V4.1 stage layer=26 pos=0 rows=2048 attention projections=214.279 ms
ds4: V4.1 stage layer=26 pos=0 rows=2048 attention core/index=71.553 ms
ds4: V4.1 stage layer=26 pos=0 rows=2048 attention output=19.874 ms
ds4: V4.1 stage layer=26 pos=0 rows=2048 hc/ffn norm=8.459 ms
ds4: V4.1 stage layer=26 pos=0 rows=2048 shared/routed ffn=266.115 ms
ds4: V4.1 stage layer=26 pos=0 rows=2048 hc expand=4.573 ms
ds4: V4.1 prefill layer=26 pos=0 rows=2048 encoder_resident=0 map=0.388 engram=0.000 encode=611.404 drain=0.965 seed=-0.000 ms
ds4: V4.1 stage layer=26 pos=2048 rows=2048 hc/engram=5.882 ms
ds4: V4.1 stage layer=26 pos=2048 rows=2048 attention projections=203.197 ms
ds4: V4.1 stage layer=26 pos=2048 rows=2048 attention core/index=95.052 ms
ds4: V4.1 stage layer=26 pos=2048 rows=2048 attention output=22.846 ms
ds4: V4.1 stage layer=26 pos=2048 rows=2048 hc/ffn norm=9.622 ms
ds4: V4.1 stage layer=26 pos=2048 rows=2048 shared/routed ffn=245.131 ms
ds4: V4.1 stage layer=26 pos=2048 rows=2048 hc expand=5.214 ms
ds4: V4.1 prefill layer=26 pos=2048 rows=2048 encoder_resident=0 map=0.000 engram=0.000 encode=586.992 drain=1.053 seed=12.566 ms
ds4: V4.1 stage layer=27 pos=0 rows=2048 hc/engram=64.505 ms
ds4: V4.1 stage layer=27 pos=0 rows=2048 attention projections=192.234 ms
ds4: V4.1 stage layer=27 pos=0 rows=2048 attention core/index=78.260 ms
ds4: V4.1 stage layer=27 pos=0 rows=2048 attention output=20.924 ms
ds4: V4.1 stage layer=27 pos=0 rows=2048 hc/ffn norm=8.862 ms
ds4: V4.1 stage layer=27 pos=0 rows=2048 shared/routed ffn=276.024 ms
ds4: V4.1 stage layer=27 pos=0 rows=2048 hc expand=5.179 ms
ds4: V4.1 prefill layer=27 pos=0 rows=2048 encoder_resident=0 map=0.447 engram=0.000 encode=646.034 drain=1.051 seed=0.000 ms
ds4: V4.1 stage layer=27 pos=2048 rows=2048 hc/engram=6.635 ms
ds4: V4.1 stage layer=27 pos=2048 rows=2048 attention projections=209.325 ms
ds4: V4.1 stage layer=27 pos=2048 rows=2048 attention core/index=94.055 ms
ds4: V4.1 stage layer=27 pos=2048 rows=2048 attention output=24.452 ms
ds4: V4.1 stage layer=27 pos=2048 rows=2048 hc/ffn norm=12.176 ms
ds4: V4.1 stage layer=27 pos=2048 rows=2048 shared/routed ffn=247.252 ms
ds4: V4.1 stage layer=27 pos=2048 rows=2048 hc expand=5.362 ms
ds4: V4.1 prefill layer=27 pos=2048 rows=2048 encoder_resident=0 map=0.000 engram=0.000 encode=599.314 drain=1.113 seed=11.123 ms
ds4: V4.1 stage layer=28 pos=0 rows=2048 hc/engram=28.459 ms
ds4: V4.1 stage layer=28 pos=0 rows=2048 attention projections=221.815 ms
ds4: V4.1 stage layer=28 pos=0 rows=2048 attention core/index=175.785 ms
ds4: V4.1 stage layer=28 pos=0 rows=2048 attention output=20.749 ms
ds4: V4.1 stage layer=28 pos=0 rows=2048 hc/ffn norm=8.771 ms
ds4: V4.1 stage layer=28 pos=0 rows=2048 shared/routed ffn=286.064 ms
ds4: V4.1 stage layer=28 pos=0 rows=2048 hc expand=5.288 ms
ds4: V4.1 prefill layer=28 pos=0 rows=2048 encoder_resident=0 map=0.495 engram=0.000 encode=746.963 drain=1.060 seed=0.001 ms
ds4: V4.1 stage layer=28 pos=2048 rows=2048 hc/engram=6.457 ms
ds4: V4.1 stage layer=28 pos=2048 rows=2048 attention projections=207.196 ms
ds4: V4.1 stage layer=28 pos=2048 rows=2048 attention core/index=184.305 ms
ds4: V4.1 stage layer=28 pos=2048 rows=2048 attention output=21.319 ms
ds4: V4.1 stage layer=28 pos=2048 rows=2048 hc/ffn norm=9.805 ms
ds4: V4.1 stage layer=28 pos=2048 rows=2048 shared/routed ffn=201.731 ms
ds4: V4.1 stage layer=28 pos=2048 rows=2048 hc expand=4.475 ms
ds4: V4.1 prefill layer=28 pos=2048 rows=2048 encoder_resident=0 map=0.000 engram=0.000 encode=635.310 drain=1.024 seed=11.682 ms
ds4: V4.1 stage layer=29 pos=0 rows=2048 hc/engram=27.286 ms
ds4: V4.1 stage layer=29 pos=0 rows=2048 attention projections=221.913 ms
ds4: V4.1 stage layer=29 pos=0 rows=2048 attention core/index=79.614 ms
ds4: V4.1 stage layer=29 pos=0 rows=2048 attention output=21.744 ms
ds4: V4.1 stage layer=29 pos=0 rows=2048 hc/ffn norm=9.754 ms
ds4: V4.1 stage layer=29 pos=0 rows=2048 shared/routed ffn=272.032 ms
ds4: V4.1 stage layer=29 pos=0 rows=2048 hc expand=4.470 ms
ds4: V4.1 prefill layer=29 pos=0 rows=2048 encoder_resident=0 map=23.016 engram=0.001 encode=636.854 drain=1.000 seed=-0.000 ms
ds4: V4.1 stage layer=29 pos=2048 rows=2048 hc/engram=5.375 ms
ds4: V4.1 stage layer=29 pos=2048 rows=2048 attention projections=196.174 ms
ds4: V4.1 stage layer=29 pos=2048 rows=2048 attention core/index=87.933 ms
ds4: V4.1 stage layer=29 pos=2048 rows=2048 attention output=21.305 ms
ds4: V4.1 stage layer=29 pos=2048 rows=2048 hc/ffn norm=9.028 ms
ds4: V4.1 stage layer=29 pos=2048 rows=2048 shared/routed ffn=213.292 ms
ds4: V4.1 stage layer=29 pos=2048 rows=2048 hc expand=5.405 ms
ds4: V4.1 prefill layer=29 pos=2048 rows=2048 encoder_resident=0 map=0.000 engram=0.000 encode=538.552 drain=1.151 seed=12.706 ms
ds4: V4.1 stage layer=30 pos=0 rows=2048 hc/engram=25.390 ms
ds4: V4.1 stage layer=30 pos=0 rows=2048 attention projections=219.287 ms
ds4: V4.1 stage layer=30 pos=0 rows=2048 attention core/index=75.748 ms
ds4: V4.1 stage layer=30 pos=0 rows=2048 attention output=22.094 ms
ds4: V4.1 stage layer=30 pos=0 rows=2048 hc/ffn norm=8.923 ms
ds4: V4.1 stage layer=30 pos=0 rows=2048 shared/routed ffn=292.178 ms
ds4: V4.1 stage layer=30 pos=0 rows=2048 hc expand=5.727 ms
ds4: V4.1 prefill layer=30 pos=0 rows=2048 encoder_resident=0 map=0.592 engram=0.000 encode=649.377 drain=1.001 seed=0.001 ms
ds4: V4.1 stage layer=30 pos=2048 rows=2048 hc/engram=7.199 ms
ds4: V4.1 stage layer=30 pos=2048 rows=2048 attention projections=216.150 ms
ds4: V4.1 stage layer=30 pos=2048 rows=2048 attention core/index=93.715 ms
ds4: V4.1 stage layer=30 pos=2048 rows=2048 attention output=23.768 ms
ds4: V4.1 stage layer=30 pos=2048 rows=2048 hc/ffn norm=10.318 ms
ds4: V4.1 stage layer=30 pos=2048 rows=2048 shared/routed ffn=220.050 ms
ds4: V4.1 stage layer=30 pos=2048 rows=2048 hc expand=5.477 ms
ds4: V4.1 prefill layer=30 pos=2048 rows=2048 encoder_resident=0 map=0.000 engram=0.000 encode=576.706 drain=1.120 seed=12.779 ms
ds4: V4.1 stage layer=31 pos=0 rows=2048 hc/engram=24.940 ms
ds4: V4.1 stage layer=31 pos=0 rows=2048 attention projections=211.290 ms
ds4: V4.1 stage layer=31 pos=0 rows=2048 attention core/index=74.939 ms
ds4: V4.1 stage layer=31 pos=0 rows=2048 attention output=20.487 ms
ds4: V4.1 stage layer=31 pos=0 rows=2048 hc/ffn norm=8.495 ms
ds4: V4.1 stage layer=31 pos=0 rows=2048 shared/routed ffn=269.225 ms
ds4: V4.1 stage layer=31 pos=0 rows=2048 hc expand=4.360 ms
ds4: V4.1 prefill layer=31 pos=0 rows=2048 encoder_resident=0 map=0.436 engram=0.001 encode=613.793 drain=1.108 seed=0.000 ms
ds4: V4.1 stage layer=31 pos=2048 rows=2048 hc/engram=5.338 ms
ds4: V4.1 stage layer=31 pos=2048 rows=2048 attention projections=187.165 ms
ds4: V4.1 stage layer=31 pos=2048 rows=2048 attention core/index=87.668 ms
ds4: V4.1 stage layer=31 pos=2048 rows=2048 attention output=25.921 ms
ds4: V4.1 stage layer=31 pos=2048 rows=2048 hc/ffn norm=12.492 ms
ds4: V4.1 stage layer=31 pos=2048 rows=2048 shared/routed ffn=219.661 ms
ds4: V4.1 stage layer=31 pos=2048 rows=2048 hc expand=5.030 ms
ds4: V4.1 prefill layer=31 pos=2048 rows=2048 encoder_resident=0 map=0.000 engram=0.000 encode=543.307 drain=0.886 seed=11.081 ms
ds4: V4.1 stage layer=32 pos=0 rows=2048 hc/engram=24.885 ms
ds4: V4.1 stage layer=32 pos=0 rows=2048 attention projections=210.087 ms
ds4: V4.1 stage layer=32 pos=0 rows=2048 attention core/index=179.941 ms
ds4: V4.1 stage layer=32 pos=0 rows=2048 attention output=21.783 ms
ds4: V4.1 stage layer=32 pos=0 rows=2048 hc/ffn norm=10.023 ms
ds4: V4.1 stage layer=32 pos=0 rows=2048 shared/routed ffn=284.733 ms
ds4: V4.1 stage layer=32 pos=0 rows=2048 hc expand=4.459 ms
ds4: V4.1 prefill layer=32 pos=0 rows=2048 encoder_resident=0 map=0.483 engram=0.000 encode=735.968 drain=1.078 seed=-0.000 ms
ds4: V4.1 stage layer=32 pos=2048 rows=2048 hc/engram=5.784 ms
ds4: V4.1 stage layer=32 pos=2048 rows=2048 attention projections=198.369 ms
ds4: V4.1 stage layer=32 pos=2048 rows=2048 attention core/index=218.560 ms
ds4: V4.1 stage layer=32 pos=2048 rows=2048 attention output=26.684 ms
ds4: V4.1 stage layer=32 pos=2048 rows=2048 hc/ffn norm=11.504 ms
ds4: V4.1 stage layer=32 pos=2048 rows=2048 shared/routed ffn=211.924 ms
ds4: V4.1 stage layer=32 pos=2048 rows=2048 hc expand=4.524 ms
ds4: V4.1 prefill layer=32 pos=2048 rows=2048 encoder_resident=0 map=0.000 engram=0.000 encode=677.391 drain=1.041 seed=13.585 ms
ds4: V4.1 stage layer=33 pos=0 rows=2048 hc/engram=26.055 ms
ds4: V4.1 stage layer=33 pos=0 rows=2048 attention projections=185.636 ms
ds4: V4.1 stage layer=33 pos=0 rows=2048 attention core/index=76.793 ms
ds4: V4.1 stage layer=33 pos=0 rows=2048 attention output=21.598 ms
ds4: V4.1 stage layer=33 pos=0 rows=2048 hc/ffn norm=9.169 ms
ds4: V4.1 stage layer=33 pos=0 rows=2048 shared/routed ffn=285.878 ms
ds4: V4.1 stage layer=33 pos=0 rows=2048 hc expand=4.431 ms
ds4: V4.1 prefill layer=33 pos=0 rows=2048 encoder_resident=0 map=0.570 engram=0.000 encode=609.612 drain=1.094 seed=0.000 ms
ds4: V4.1 stage layer=33 pos=2048 rows=2048 hc/engram=5.845 ms
ds4: V4.1 stage layer=33 pos=2048 rows=2048 attention projections=210.953 ms
ds4: V4.1 stage layer=33 pos=2048 rows=2048 attention core/index=97.446 ms
ds4: V4.1 stage layer=33 pos=2048 rows=2048 attention output=22.381 ms
ds4: V4.1 stage layer=33 pos=2048 rows=2048 hc/ffn norm=10.290 ms
ds4: V4.1 stage layer=33 pos=2048 rows=2048 shared/routed ffn=221.454 ms
ds4: V4.1 stage layer=33 pos=2048 rows=2048 hc expand=5.547 ms
ds4: V4.1 prefill layer=33 pos=2048 rows=2048 encoder_resident=0 map=0.000 engram=0.000 encode=573.963 drain=1.093 seed=15.473 ms
ds4: V4.1 stage layer=34 pos=0 rows=2048 hc/engram=26.289 ms
ds4: V4.1 stage layer=34 pos=0 rows=2048 attention projections=213.671 ms
ds4: V4.1 stage layer=34 pos=0 rows=2048 attention core/index=71.771 ms
ds4: V4.1 stage layer=34 pos=0 rows=2048 attention output=82.482 ms
ds4: V4.1 stage layer=34 pos=0 rows=2048 hc/ffn norm=8.076 ms
ds4: V4.1 stage layer=34 pos=0 rows=2048 shared/routed ffn=273.690 ms
ds4: V4.1 stage layer=34 pos=0 rows=2048 hc expand=4.353 ms
ds4: V4.1 prefill layer=34 pos=0 rows=2048 encoder_resident=0 map=0.484 engram=0.001 encode=680.358 drain=1.015 seed=-0.000 ms
ds4: V4.1 stage layer=34 pos=2048 rows=2048 hc/engram=5.586 ms
ds4: V4.1 stage layer=34 pos=2048 rows=2048 attention projections=199.446 ms
ds4: V4.1 stage layer=34 pos=2048 rows=2048 attention core/index=90.986 ms
ds4: V4.1 stage layer=34 pos=2048 rows=2048 attention output=23.302 ms
ds4: V4.1 stage layer=34 pos=2048 rows=2048 hc/ffn norm=9.891 ms
ds4: V4.1 stage layer=34 pos=2048 rows=2048 shared/routed ffn=239.542 ms
ds4: V4.1 stage layer=34 pos=2048 rows=2048 hc expand=5.081 ms
ds4: V4.1 prefill layer=34 pos=2048 rows=2048 encoder_resident=0 map=0.000 engram=0.000 encode=573.898 drain=1.097 seed=15.232 ms
ds4: V4.1 stage layer=35 pos=0 rows=2048 hc/engram=27.703 ms
ds4: V4.1 stage layer=35 pos=0 rows=2048 attention projections=226.700 ms
ds4: V4.1 stage layer=35 pos=0 rows=2048 attention core/index=77.051 ms
ds4: V4.1 stage layer=35 pos=0 rows=2048 attention output=22.677 ms
ds4: V4.1 stage layer=35 pos=0 rows=2048 hc/ffn norm=9.696 ms
ds4: V4.1 stage layer=35 pos=0 rows=2048 shared/routed ffn=285.774 ms
ds4: V4.1 stage layer=35 pos=0 rows=2048 hc expand=4.494 ms
ds4: V4.1 prefill layer=35 pos=0 rows=2048 encoder_resident=0 map=0.518 engram=0.000 encode=654.139 drain=1.094 seed=-0.000 ms
ds4: V4.1 stage layer=35 pos=2048 rows=2048 hc/engram=5.843 ms
ds4: V4.1 stage layer=35 pos=2048 rows=2048 attention projections=209.490 ms
ds4: V4.1 stage layer=35 pos=2048 rows=2048 attention core/index=87.784 ms
ds4: V4.1 stage layer=35 pos=2048 rows=2048 attention output=22.363 ms
ds4: V4.1 stage layer=35 pos=2048 rows=2048 hc/ffn norm=9.937 ms
ds4: V4.1 stage layer=35 pos=2048 rows=2048 shared/routed ffn=217.332 ms
ds4: V4.1 stage layer=35 pos=2048 rows=2048 hc expand=5.267 ms
ds4: V4.1 prefill layer=35 pos=2048 rows=2048 encoder_resident=0 map=0.000 engram=0.000 encode=558.057 drain=1.141 seed=16.836 ms
ds4: V4.1 stage layer=36 pos=0 rows=2048 hc/engram=25.318 ms
ds4: V4.1 stage layer=36 pos=0 rows=2048 attention projections=208.666 ms
ds4: V4.1 stage layer=36 pos=0 rows=2048 attention core/index=173.892 ms
ds4: V4.1 stage layer=36 pos=0 rows=2048 attention output=21.263 ms
ds4: V4.1 stage layer=36 pos=0 rows=2048 hc/ffn norm=9.510 ms
ds4: V4.1 stage layer=36 pos=0 rows=2048 shared/routed ffn=263.046 ms
ds4: V4.1 stage layer=36 pos=0 rows=2048 hc expand=4.330 ms
ds4: V4.1 prefill layer=36 pos=0 rows=2048 encoder_resident=0 map=0.449 engram=0.001 encode=706.058 drain=1.057 seed=0.001 ms
ds4: V4.1 stage layer=36 pos=2048 rows=2048 hc/engram=5.416 ms
ds4: V4.1 stage layer=36 pos=2048 rows=2048 attention projections=185.692 ms
ds4: V4.1 stage layer=36 pos=2048 rows=2048 attention core/index=169.313 ms
ds4: V4.1 stage layer=36 pos=2048 rows=2048 attention output=19.017 ms
ds4: V4.1 stage layer=36 pos=2048 rows=2048 hc/ffn norm=9.171 ms
ds4: V4.1 stage layer=36 pos=2048 rows=2048 shared/routed ffn=185.467 ms
ds4: V4.1 stage layer=36 pos=2048 rows=2048 hc expand=4.408 ms
ds4: V4.1 prefill layer=36 pos=2048 rows=2048 encoder_resident=0 map=0.000 engram=0.000 encode=578.531 drain=0.981 seed=13.534 ms
ds4: V4.1 stage layer=37 pos=0 rows=2048 hc/engram=24.632 ms
ds4: V4.1 stage layer=37 pos=0 rows=2048 attention projections=206.361 ms
ds4: V4.1 stage layer=37 pos=0 rows=2048 attention core/index=71.279 ms
ds4: V4.1 stage layer=37 pos=0 rows=2048 attention output=21.246 ms
ds4: V4.1 stage layer=37 pos=0 rows=2048 hc/ffn norm=9.381 ms
ds4: V4.1 stage layer=37 pos=0 rows=2048 shared/routed ffn=305.925 ms
ds4: V4.1 stage layer=37 pos=0 rows=2048 hc expand=4.777 ms
ds4: V4.1 prefill layer=37 pos=0 rows=2048 encoder_resident=0 map=0.446 engram=0.001 encode=643.626 drain=1.041 seed=-0.000 ms
ds4: V4.1 stage layer=37 pos=2048 rows=2048 hc/engram=5.353 ms
ds4: V4.1 stage layer=37 pos=2048 rows=2048 attention projections=231.794 ms
ds4: V4.1 stage layer=37 pos=2048 rows=2048 attention core/index=96.889 ms
ds4: V4.1 stage layer=37 pos=2048 rows=2048 attention output=23.172 ms
ds4: V4.1 stage layer=37 pos=2048 rows=2048 hc/ffn norm=10.511 ms
ds4: V4.1 stage layer=37 pos=2048 rows=2048 shared/routed ffn=213.608 ms
ds4: V4.1 stage layer=37 pos=2048 rows=2048 hc expand=4.350 ms
ds4: V4.1 prefill layer=37 pos=2048 rows=2048 encoder_resident=0 map=0.000 engram=0.001 encode=585.709 drain=1.098 seed=19.032 ms
ds4: V4.1 stage layer=38 pos=0 rows=2048 hc/engram=47.743 ms
ds4: V4.1 stage layer=38 pos=0 rows=2048 attention projections=247.495 ms
ds4: V4.1 stage layer=38 pos=0 rows=2048 attention core/index=79.828 ms
ds4: V4.1 stage layer=38 pos=0 rows=2048 attention output=28.828 ms
ds4: V4.1 stage layer=38 pos=0 rows=2048 hc/ffn norm=9.626 ms
ds4: V4.1 stage layer=38 pos=0 rows=2048 shared/routed ffn=336.247 ms
ds4: V4.1 stage layer=38 pos=0 rows=2048 hc expand=4.790 ms
ds4: V4.1 prefill layer=38 pos=0 rows=2048 encoder_resident=0 map=18.655 engram=0.000 encode=754.585 drain=1.009 seed=-0.000 ms
ds4: V4.1 stage layer=38 pos=2048 rows=2048 hc/engram=6.013 ms
ds4: V4.1 stage layer=38 pos=2048 rows=2048 attention projections=283.593 ms
ds4: V4.1 stage layer=38 pos=2048 rows=2048 attention core/index=101.046 ms
ds4: V4.1 stage layer=38 pos=2048 rows=2048 attention output=24.231 ms
ds4: V4.1 stage layer=38 pos=2048 rows=2048 hc/ffn norm=10.275 ms
ds4: V4.1 stage layer=38 pos=2048 rows=2048 shared/routed ffn=235.184 ms
ds4: V4.1 stage layer=38 pos=2048 rows=2048 hc expand=7.028 ms
ds4: V4.1 prefill layer=38 pos=2048 rows=2048 encoder_resident=0 map=0.000 engram=0.000 encode=667.398 drain=1.212 seed=24.919 ms
ds4: V4.1 stage layer=39 pos=0 rows=2048 hc/engram=24.454 ms
ds4: V4.1 stage layer=39 pos=0 rows=2048 attention projections=212.444 ms
ds4: V4.1 stage layer=39 pos=0 rows=2048 attention core/index=69.499 ms
ds4: V4.1 stage layer=39 pos=0 rows=2048 attention output=18.724 ms
ds4: V4.1 stage layer=39 pos=0 rows=2048 hc/ffn norm=7.671 ms
ds4: V4.1 stage layer=39 pos=0 rows=2048 shared/routed ffn=240.390 ms
ds4: V4.1 stage layer=39 pos=0 rows=2048 hc expand=4.064 ms
ds4: V4.1 prefill layer=39 pos=0 rows=2048 encoder_resident=0 map=0.390 engram=0.000 encode=577.269 drain=0.002 seed=0.000 ms
ds4: V4.1 stage layer=39 pos=2048 rows=2048 hc/engram=4.950 ms
ds4: V4.1 stage layer=39 pos=2048 rows=2048 attention projections=181.371 ms
ds4: V4.1 stage layer=39 pos=2048 rows=2048 attention core/index=82.991 ms
ds4: V4.1 stage layer=39 pos=2048 rows=2048 attention output=21.924 ms
ds4: V4.1 stage layer=39 pos=2048 rows=2048 hc/ffn norm=9.000 ms
ds4: V4.1 stage layer=39 pos=2048 rows=2048 shared/routed ffn=206.508 ms
ds4: V4.1 stage layer=39 pos=2048 rows=2048 hc expand=4.824 ms
ds4: V4.1 prefill layer=39 pos=2048 rows=2048 encoder_resident=0 map=0.000 engram=0.000 encode=511.590 drain=0.002 seed=19.840 ms
ds4: V4.1 batch step rows=700 pre 0.0 ms, per-row attention 0.0 ms, moe 0.0 ms, head 0.0 ms, setup 0.0 ms, publish 0.0 ms
ds4: V4.1 prefill of 4096 rows interleaved layer by layer with the 700-row tail after it
1007 00:59:16 ds4-server: chat ctx=0..4796:4796 prefill chunk 4796/4796 (100.0%) chunk=0.00 t/s avg=61.38 t/s 78.134s
ds4: V4.1 prefill tail at position 4096 ran 700 rows as 1 batch steps
ds4: expert cache lent the prefill headroom for decode: 6266 -> 7034 experts
1007 00:59:16 ds4-server: chat ctx=0..4796:4796 prompt done 78.173s
1007 00:59:21 ds4-server: chat ctx=4796..4846:50 gen=50 decoding chunk=8.63 t/s avg=8.63 t/s 5.796s
ds4:   decode path so far: 128 single-row steps (110.0 ms each inside the graph over the last 64), 2 K-row verification steps over 1385 positions, 0 batch-fusion sites taken; candidate K 32:2
ds4:   host row loop: 2770 nodes attended one at a time
ds4: gate over tokens 65-128: 25.20 command buffers, 16.73 aborts, 240.0 expert ids accounted, 224.10 MiB loaded a token; 0 the gate failed to switch off, 0 it could not gate
ds4:   one token, exclusive, same window: entry 0.00 + encode 2.69 + commit-to-done 61.35 + repair-load 34.85 + accounting 0.07 + tail 2.25 = 101.19 of a 108.94 ms wall, residual 7.75
ds4:   GPU busy 1085.20 ms of the token's wall (the union of its buffers' spans), idle -976.25 ms
ds4:   1382.0 gated dispatches a token, 14.5 of them behind an abort; 537.1 sent plain ahead of a buffer's first validate
ds4:   encode-ahead: 7.47 segments used, 15.92 dropped, 6.63 ms a token spent encoding under the GPU
ds4:   concurrent sections: 235.66 attempted, 235.66 opened a token
ds4:   speculation: 0.00 layers a token, 0.00 lanes computed, 0.00 matched, 0.00 GEMVs actually saved, 0.00 left to compute; compared 0.00 lanes, 0.00 floats differ, 0.00 by more than an ulp
ds4:   Metal 4: 55.89 command buffers sent, 8649.7 dispatches a token; 0 pieces of Metal 3 work so far
ds4:   Metal 4 a token: 55.89 contexts in 57.95 command buffers (0.69 split); 9669.6 nodes = 8649.7 dispatches + 1019.9 copies; barriers 5446.0 from the graph, 115.9 queue; engine asked for 129.5 barriers and 509.8 section ends, neither encoded; 24238.4 buffer and 9275.0 constant bindings (751096 B), 0.0 with no stated length; 55.89 blocking waits, 1090.81 ms
ds4:   expert cache over the last 64 tokens: 2801.70 hits, 54.33 misses, 54.45 evictions a token; 6820 of 7034 entries live (97.0%)
ds4:   of the address-table holes repaired a token: 0.00 already resident, 23.61 genuinely absent
ds4:   of the repair a token: readahead 15.32 ms, slot preparation 9.18 ms, reads 10.40 ms, install 0.11 ms, over 54.33 loads
ds4:   Engram rows written at step start in 128 steps; layer-13 drains 0
ds4:   residency a token: 0.00 adds, 0.00 removes, 0.00 commits
1007 00:59:23 ds4-server: chat ctx=4846..4860:14 gen=64 decoding chunk=11.23 t/s avg=9.09 t/s 7.043s
1007 00:59:23 ds4-server: token ids: 64, hash 432a22dfcd07234c, stop output limit token -1, every 64: 432a22df
ds4: backend request Metal 4 encoder batch                  encoder=569007
ds4: backend request Metal 4 segment                        commit=3577
ds4: backend request Metal 4 wait                           wait=3577
ds4: backend request Metal 4 tensor_copy                    blit=49510
ds4: backend request Metal 4 expert_cache_fill              blit=1966
ds4: backend request Metal 4 tensor_read                    readback=105
ds4: backend request totals over 64 tokens (selected Metal 4): M3 commit=0 wait=0 signal=0 evwait=0 blit=0 encoder=0 readback=0 M4 commit=3577 wait=3577 signal=0 evwait=0 blit=51476 encoder=569007 readback=105; Metal 3 fallback 0; site table overflow 0
ds4: backend request boundary end            pc 0x1001dcb9c 80
ds4: backend request boundary end            pc 0x1001dd014 80
ds4: backend request boundary end            pc 0x1001dd298 80
ds4: backend request boundary end            pc 0x1001dd518 80
ds4: backend request boundary end            pc 0x1001dd6bc 80
ds4: backend request boundary end            pc 0x1001dd8d0 80
ds4: backend request boundary end            pc 0x1001ddb48 80
ds4: backend request boundary end            pc 0x1001dde18 80
ds4: backend request boundary end            pc 0x1001ddfd8 80
ds4: backend request boundary end            pc 0x1001de804 40
ds4: backend request boundary end            pc 0x1002c6c44 40
ds4: backend request boundary end            pc 0x1002ca664 40
ds4: backend request boundary end            pc 0x100179ef4 40
ds4: backend request boundary end            pc 0x100175b2c 1
ds4: backend request boundary end            pc 0x1001e05d8 1
ds4: backend request boundary end            pc 0x1001cd58c 1
ds4: backend request boundary end            pc 0x1000cdaa8 65
ds4: backend request boundary flush          pc 0x1000c6c14 1613
ds4: backend request boundary flush          pc 0x1000c7000 1497
ds4: backend request boundary wait mark      pc 0x1000c6fe0 1497
ds4: backend request boundary wait           pc 0x1000c70e8 1019
ds4: backend request boundary wait           pc 0x1000c703c 116
ds4: backend request boundary end            pc 0x1000c818c 64
ds4: Metal 4 bindings with no stated length: 0 at 0 call sites
ds4: Metal 4 parts: contexts in 1/2/3/4 parts 7225/0/0/88, 1252420 nodes; 88 commit:count: calls with more than one buffer, 7577 command buffers in all; 0 contexts cut short of their parts, 0 empty or mismatched parts
ds4: backend request Metal 4 feedback after completion: 3398 waits, 65.148 ms
ds4: backend request Metal 3 command execution after Metal 4 selection: 0 (refused 0); Metal 3 queues created before selection 0, after 0; full expert address table uses 0
ds4: backend request background: keepalive M3 0 M4 151, pacer M3 0 M4 0 (cumulative)
1007 00:59:23 ds4-server: token trace: 0 128803 261 13721 1561 44844 305 78756 1750 5706 295 15143 89 14158 16 31065 201 11475 21537 270 6326 1188 294 270 38398 114646 734 15391 14 11602 362 38798 14 995 936 201 42774 1559 362 260 26339 3825 45555 16 455 12505 56574 87934 295 280 22469 1154 1277 30525 201 9336 29780 1494 10965 16 5795 270 25131 14 270 115921 75496 418 5828 201 20850 481 339 47 3444 12652 42313 295 270 41273 4772 16 2566 15965 4371 260 41815 14 23047 436 989 458 10274 304 13769 28428 16 455 25550 86508 936 14376 9754 418 270 3469 1137 50219 9575 14 37266 14 1843 97989 14 110088 14 305 260 2767 9616 1225 79213 1353 201 32568 832 851 1114 554 1747 2727 2239 339 35 109871 74898 1610 19305 18310 305 19152 270 20227 509 9045 270 1748 4712 16 10272 396 1975 11219 14 55394 515 14037 270 1167 14657 13031 16 110278 8398 270 18538 295 3345 14 9101 270 86508 362 260 4712 14 305 1539 10274 304 270 8577 73845 294 270 58523 339 4690 1257 2900 270 58523 86456 294 38398 14 9641 14 305 110251 20928 16 33926 601 26577 201 1805 645 386 418 260 44056 6403 62339 1202 834 7931 14 30308 20408 336 75800 1960 260 201 113004 294 270 64383 15844 4851 270 7536 93324 16 82146 936 23865 304 11284 270 201 85 2960 14742 1936 69832 14 790 270 91731 47475 832 59143 396 6660 201 6452 3195 554 304 7746 1066 16 660 270 95042 8667 14 3330 4853 51489 21537 53900 201 8848 260 1888 34011 41151 295 260 26166 19900 16 3011 834 515 295 260 53582 14 1754 201 45182 89 14158 8599 513 41949 305 10180 14 554 513 270 71293 377 270 19951 28757 339 671 5613 51141 110278 8398 9575 295 13769 28428 14 3214 5159 14 1754 5159 28428 1960 201 1129 6192 15294 1747 1277 5476 99651 273 16 2566 16818 33926 601 305 82146 2281 270 201 72 39360 14 1539 5144 260 2562 943 270 7469 33935 16 5334 9575 2915 77603 1055 201 26758 6744 28 270 3605 294 260 92683 14 270 537 10592 32820 294 260 9778 14 270 1722 260 5823 201 2438 529 10083 1561 436 936 1047 31691 16056 339 47 3444 7431 5524 6731 411 3072 110658 943 260 50645 3077 14 790 1225 26577 436 798 1754 436 515 554 411 18538 305 1687 554 9028 295 270 4087 2310 339 4546 45366 270 3194 936 11300 418 82362 294 280 7002 14 32032 6103 14 49766 69943 14 305 201 39020 14692 16 27170 31004 3659 362 3853 560 1901 16358 34226 304 260 104614 201 50095 260 14560 396 8743 304 2334 59125 1750 1014 468 1094 1129 436 16 455 6949 201 27747 936 12852 1820 14 790 29780 12141 377 1082 14 832 1750 15391 53140 16789 260 201 59206 6857 305 53733 436 418 11198 339 47 3444 3825 5854 270 3799 11162 69 699 305 43697 270 2173 734 17229 2818 1055 270 201 61403 3578 86508 16 2566 18428 17229 2818 2455 16 45836 75950 2818 4127 201 6135 45386 14 58792 14 305 1482 995 37344 1060 969 16884 16 87986 201 60037 13721 30278 14 3825 1910 14 305 5750 3980 1936 7918 16243 339 1124 270 16232 14 260 93437 362 270 113450 50565 1946 31744 270 15106 6337 603 47 21443 9023 260 71040 294 80005 9220 1407 270 18544 1901 55394 1733 201 12678 538 260 27640 11314 16 45789 936 28035 270 17408 2727 8295 377 270 52312 989 458 2038 1482 18288 943 3920 260 65326 17408 515 7837 304 366 7139 603 671 9517 40107 5827 1099 270 11219 339 671 86508 3997 2526 377 260 18496 16 110278 9026 436 37205 418 1234 11316 23441 201 5356 270 18992 16 2566 11516 995 48112 270 31363 44183 14 995 10274 270 201 94786 109871 14 305 995 16026 270 12070 4332 56295 16 455 58941 515 18715 201 25287 1082 270 6949 515 554 339 16422 288 7068 260 12426 4213 305 270 5706 294 16056 8513 1902 6059 3234 834 1561 201 58264 16 12741 4789 10082 7457 38271 1055 270 14677 14085 14 1479 270 9319 936 201 64583 15518 50093 3514 436 86456 39375 367 294 11128 16 55394 2006 260 6644 10549 201 84037 270 5823 305 83119 436 304 270 8806 6791 418 260 7155 396 1359 14 5880 989 4 23299 891 4331 47 3444 13577 270 39317 294 270 14085 418 270 86508 27546 304 969 15142 16 2566 201 18988 8838 396 2239 9616 25342 2455 6352 111461 3137 16 334 12070 201 10911 14 260 7956 12240 14 260 37370 2329 14 260 1167 14037 2503 27566 1137 47484 881 270 2924 396 3859 1960 4880 294 5675 3006 339 72829 13721 1561 44844 305 78756 1750 5706 295 15143 89 14158 16 82146 201 11475 21537 270 6326 1188 294 270 38398 114646 734 15391 14 11602 362 71595 14 995 936 201 42774 1559 362 260 26339 3825 45555 16 455 12505 56574 87934 295 280 22469 1154 1277 30525 201 9336 29780 1494 10965 16 5795 270 25131 14 270 115921 75496 418 5828 201 20850 481 339 47 3444 12652 42313 295 270 41273 4772 16 2566 15965 4371 260 41815 14 23047 436 989 458 10274 304 13769 28428 16 455 25550 86508 936 14376 9754 418 270 3469 1137 50219 9575 14 37266 14 1843 97989 14 110088 14 305 260 2767 9616 1225 79213 1353 201 32568 832 851 1114 554 1747 2727 2239 339 4690 1257 2900 270 58523 86456 294 38398 14 9641 14 305 110251 20928 16 38798 26577 201 1805 645 386 418 260 44056 6403 62339 1202 834 7931 14 30308 20408 336 75800 1960 260 201 113004 294 270 64383 15844 4851 270 7536 93324 16 57715 936 23865 304 11284 270 201 85 2960 14742 1936 69832 14 790 270 91731 47475 832 59143 396 6660 201 6452 3195 554 304 7746 1066 16 660 270 95042 8667 14 3330 4853 51489 21537 53900 201 8848 260 1888 34011 41151 295 260 26166 19900 16 3011 834 515 295 260 53582 14 1754 201 45182 89 14158 8599 513 41949 305 10180 14 554 513 270 71293 377 270 19951 28757 339 671 5613 51141 110278 8398 9575 295 13769 28428 14 3214 5159 14 1754 5159 28428 1960 201 1129 6192 15294 1747 1277 5476 99651 273 16 2566 16818 38798 305 57715 2281 270 201 72 39360 14 1539 5144 260 2562 943 270 7469 33935 16 5334 9575 2915 77603 1055 201 26758 6744 28 270 3605 294 260 92683 14 270 537 10592 32820 294 260 9778 14 270 1722 260 5823 201 2438 529 10083 1561 436 936 1047 31691 16056 339 4546 45366 270 3194 936 11300 418 82362 294 280 7002 14 32032 6103 14 49766 69943 14 305 201 39020 14692 16 657 5287 31004 3659 362 3853 560 1901 71595 34226 304 260 104614 201 50095 260 14560 396 8743 304 2334 59125 1750 1014 468 1094 1129 436 16 455 6949 201 27747 936 12852 1820 14 790 29780 12141 377 1082 14 832 1750 15391 53140 16789 260 201 59206 6857 305 53733 436 418 11198 339 47 3444 3825 5854 270 3799 11162 69 699 305 43697 270 2173 734 17229 2818 1055 270 201 61403 3578 86508 16 2566 18428 17229 2818 2455 16 45836 75950 2818 4127 201 6135 45386 14 58792 14 305 1482 995 37344 1060 969 16884 16 87986 201 60037 13721 30278 14 3825 1910 14 305 5750 3980 1936 7918 16243 339 1124 270 16232 14 260 93437 362 270 113450 50565 1946 31744 270 15106 6337 603 39 97038 9023 260 71040 294 80005 9220 1407 270 18544 1901 12741 4789 1733 201 12678 538 260 27640 11314 16 45789 936 28035 270 17408 2727 8295 377 270 52312 989 458 2038 1482 18288 943 3920 260 65326 17408 515 7837 304 366 7139 603 671 9517 40107 5827 1099 270 11219 339 671 86508 3997 2526 377 260 18496 16 110278 9026 436 37205 418 1234 11316 23441 201 5356 270 18992 16 2566 11516 995 48112 270 31363 44183 14 995 10274 270 201 94786 109871 14 305 995 16026 270 12070 4332 56295 16 455 58941 515 18715 201 25287 1082 270 6949 515 554 339 16422 288 7068 260 12426 4213 305 270 5706 294 16056 8513 1902 6059 3234 834 1561 201 58264 16 79780 10082 7457 38271 1055 270 14677 14085 14 1479 270 9319 936 201 64583 15518 50093 3514 436 86456 39375 367 294 11128 16 33926 601 2006 260 6644 10549 201 84037 270 5823 305 83119 436 304 270 8806 6791 418 260 7155 396 1359 14 5880 989 4 23299 891 4331 47 3444 13577 270 39317 294 270 14085 418 270 86508 27546 304 969 15142 16 2566 201 18988 8838 396 2239 9616 25342 2455 6352 111461 3137 16 334 12070 201 10911 14 260 7956 12240 14 260 37370 2329 14 260 1167 14037 2503 27566 1137 47484 881 270 2924 396 3859 1960 4880 294 5675 3006 339 72829 13721 1561 44844 305 78756 1750 5706 295 15143 89 14158 16 57715 201 11475 21537 270 6326 1188 294 270 38398 114646 734 15391 14 11602 362 657 5287 14 995 936 201 42774 1559 362 260 26339 3825 45555 16 455 12505 56574 87934 295 280 22469 1154 1277 30525 201 9336 29780 1494 10965 16 5795 270 25131 14 270 115921 75496 418 5828 201 20850 481 339 47 3444 12652 42313 295 270 41273 4772 16 2566 15965 4371 260 41815 14 23047 436 989 458 10274 304 13769 28428 16 455 25550 86508 936 14376 9754 418 270 3469 1137 50219 9575 14 37266 14 1843 97989 14 110088 14 305 260 2767 9616 1225 79213 1353 201 32568 832 851 1114 554 1747 2727 2239 339 47 3444 7431 5524 6731 411 3072 110658 943 260 50645 3077 14 790 1225 26577 436 798 1754 436 515 554 411 18538 305 1687 554 9028 295 270 4087 2310 339 4690 1257 2900 270 58523 86456 294 38398 14 9641 14 305 110251 20928 16 33926 601 26577 201 1805 645 386 418 260 44056 6403 62339 1202 834 7931 14 30308 20408 336 75800 1960 260 201 113004 294 270 64383 15844 4851 270 7536 93324 16 657 5287 936 23865 304 11284 270 201 85 2960 14742 1936 69832 14 790 270 91731 47475 832 59143 396 6660 201 6452 3195 554 304 7746 1066 16 660 270 95042 8667 14 3330 4853 51489 21537 53900 201 8848 260 1888 34011 41151 295 260 26166 19900 16 3011 834 515 295 260 53582 14 1754 201 45182 89 14158 8599 513 41949 305 10180 14 554 513 270 71293 377 270 19951 28757 339 671 5613 51141 110278 8398 9575 295 13769 28428 14 3214 5159 14 1754 5159 28428 1960 201 1129 6192 15294 1747 1277 5476 99651 273 16 2566 16818 33926 601 305 657 5287 2281 270 201 72 39360 14 1539 5144 260 2562 943 270 7469 33935 16 5334 9575 2915 77603 1055 201 26758 6744 28 270 3605 294 260 92683 14 270 537 10592 32820 294 260 9778 14 270 1722 260 5823 201 2438 529 10083 1561 436 936 1047 31691 16056 339 671 17132 515 19441 4387 14 1539 44056 1055 270 2591 294 270 2173 734 2818 16 10272 396 1975 11219 14 27170 515 14037 270 1167 13063 16459 16 110278 8398 270 18538 295 3345 14 9101 270 86508 362 260 4712 14 305 1539 10274 304 270 8577 73845 294 270 58523 339 4546 45366 270 3194 936 11300 418 82362 294 280 7002 14 32032 6103 14 49766 69943 14 305 201 39020 14692 16 657 5287 31004 3659 362 3853 560 1901 55394 34226 304 260 104614 201 50095 260 14560 396 8743 304 2334 59125 1750 1014 468 1094 1129 436 16 455 6949 201 27747 936 12852 1820 14 790 29780 12141 377 1082 14 832 1750 15391 53140 16789 260 201 59206 6857 305 53733 436 418 11198 339 47 3444 3825 5854 270 3799 11162 69 699 305 43697 270 2173 734 17229 2818 1055 270 201 61403 3578 86508 16 2566 18428 17229 2818 2455 16 45836 75950 2818 4127 201 6135 45386 14 58792 14 305 1482 995 37344 1060 969 16884 16 87986 201 60037 13721 30278 14 3825 1910 14 305 5750 3980 1936 7918 16243 339 1124 270 16232 14 260 93437 362 270 113450 50565 1946 31744 270 15106 6337 603 72585 9023 260 71040 294 80005 9220 1407 270 18544 1901 71595 1733 201 12678 538 260 27640 11314 16 45789 936 28035 270 17408 2727 8295 377 270 52312 989 458 2038 1482 18288 943 3920 260 65326 17408 515 7837 304 366 7139 603 671 9517 40107 5827 1099 270 11219 339 671 86508 3997 2526 377 260 18496 16 110278 9026 436 37205 418 1234 11316 23441 201 5356 270 18992 16 2566 11516 995 48112 270 31363 44183 14 995 10274 270 201 94786 109871 14 305 995 16026 270 12070 4332 56295 16 455 58941 515 18715 201 25287 1082 270 6949 515 554 339 16422 288 7068 260 12426 4213 305 270 5706 294 16056 8513 1902 6059 3234 834 1561 201 58264 16 57715 10082 7457 38271 1055 270 14677 14085 14 1479 270 9319 936 201 64583 15518 50093 3514 436 86456 39375 367 294 11128 16 31065 2006 260 6644 10549 201 84037 270 5823 305 83119 436 304 270 8806 6791 418 260 7155 396 1359 14 5880 989 4 23299 891 4331 47 3444 13577 270 39317 294 270 14085 418 270 86508 27546 304 969 15142 16 2566 201 18988 8838 396 2239 9616 25342 2455 6352 111461 3137 16 334 12070 201 10911 14 260 7956 12240 14 260 37370 2329 14 260 1167 14037 2503 27566 1137 47484 881 270 2924 396 3859 1960 4880 294 5675 3006 339 72829 13721 1561 44844 305 78756 1750 5706 295 15143 89 14158 16 57715 201 11475 21537 270 6326 1188 294 270 38398 114646 734 15391 14 11602 362 82146 14 995 936 201 42774 1559 362 260 26339 3825 45555 16 455 12505 56574 87934 295 280 22469 1154 1277 30525 201 9336 29780 1494 10965 16 5795 270 25131 14 270 115921 75496 418 5828 201 20850 481 339 47 3444 12652 42313 295 270 41273 4772 16 2566 15965 4371 260 41815 14 23047 436 989 458 10274 304 13769 28428 16 455 25550 86508 936 14376 9754 418 270 3469 1137 50219 9575 14 37266 14 1843 97989 14 110088 14 305 260 2767 9616 1225 79213 1353 201 32568 832 851 1114 554 1747 2727 2239 339 4690 1257 2900 270 58523 86456 294 38398 14 9641 14 305 110251 20928 16 31065 26577 201 1805 645 386 418 260 44056 6403 62339 1202 834 7931 14 30308 20408 336 75800 1960 260 201 113004 294 270 64383 15844 4851 270 7536 93324 16 12741 4789 936 23865 304 11284 270 201 85 2960 14742 1936 69832 14 790 270 91731 47475 832 59143 396 6660 201 6452 3195 554 304 7746 1066 16 660 270 95042 8667 14 3330 4853 51489 21537 53900 201 8848 260 1888 34011 41151 295 260 26166 19900 16 3011 834 515 295 260 53582 14 1754 201 45182 89 14158 8599 513 41949 305 10180 14 554 513 270 71293 377 270 19951 28757 339 671 5613 51141 110278 8398 9575 295 13769 28428 14 3214 5159 14 1754 5159 28428 1960 201 1129 6192 15294 1747 1277 5476 99651 273 16 2566 16818 31065 305 12741 4789 2281 270 201 72 39360 14 1539 5144 260 2562 943 270 7469 33935 16 5334 9575 2915 77603 1055 201 26758 6744 28 270 3605 294 260 92683 14 270 537 10592 32820 294 260 9778 14 270 1722 260 5823 201 2438 529 10083 1561 436 936 1047 31691 16056 339 4546 45366 270 3194 936 11300 418 82362 294 280 7002 14 32032 6103 14 49766 69943 14 305 201 39020 14692 16 33926 601 31004 3659 362 3853 560 1901 71595 34226 304 260 104614 201 50095 260 14560 396 8743 304 2334 59125 1750 1014 468 1094 1129 436 16 455 6949 201 27747 936 12852 1820 14 790 29780 12141 377 1082 14 832 1750 15391 53140 16789 260 201 59206 6857 305 53733 436 418 11198 339 47 3444 3825 5854 270 3799 11162 69 699 305 43697 270 2173 734 17229 2818 1055 270 201 61403 3578 86508 16 2566 18428 17229 2818 2455 16 45836 75950 2818 4127 201 6135 45386 14 58792 14 305 1482 995 37344 1060 969 16884 16 87986 201 60037 13721 30278 14 3825 1910 14 305 5750 3980 1936 7918 16243 339 1124 270 16232 14 260 93437 362 270 113450 50565 1946 31744 270 15106 6337 603 41 59209 9023 260 71040 294 80005 9220 1407 270 18544 1901 27170 1733 201 12678 538 260 27640 11314 16 45789 936 28035 270 17408 2727 8295 377 270 52312 989 458 2038 1482 18288 943 3920 260 65326 17408 515 7837 304 366 7139 603 671 9517 40107 5827 1099 270 11219 339 671 86508 3997 2526 377 260 18496 16 110278 9026 436 37205 418 1234 11316 23441 201 5356 270 18992 16 2566 11516 995 48112 270 31363 44183 14 995 10274 270 201 94786 109871 14 305 995 16026 270 12070 4332 56295 16 455 58941 515 18715 201 25287 1082 270 6949 515 554 339 16422 288 7068 260 12426 4213 305 270 5706 294 16056 8513 1902 6059 3234 834 1561 201 58264 16 27170 10082 7457 38271 1055 270 14677 14085 14 1479 270 9319 936 201 64583 15518 50093 3514 436 86456 39375 367 294 11128 16 106044 2006 260 6644 10549 201 84037 270 5823 305 83119 436 304 270 8806 6791 418 260 7155 396 1359 14 5880 989 4 23299 891 4331 47 3444 13577 270 39317 294 270 14085 418 270 86508 27546 304 969 15142 16 2566 201 18988 8838 396 2239 9616 25342 2455 6352 111461 3137 16 334 12070 201 10911 14 260 7956 12240 14 260 37370 2329 14 260 1167 14037 2503 27566 1137 47484 881 270 2924 396 3859 1960 4880 294 5675 3006 339 47 3444 7431 5524 6731 411 3072 110658 943 260 50645 3077 14 790 1225 26577 436 798 1754 436 515 554 411 18538 305 1687 554 9028 295 270 4087 2310 339 72829 13721 1561 44844 305 78756 1750 5706 295 15143 89 14158 16 82146 201 11475 21537 270 6326 1188 294 270 38398 114646 734 15391 14 11602 362 57715 14 995 936 201 42774 1559 362 260 26339 3825 45555 16 455 12505 56574 87934 295 280 22469 1154 1277 30525 201 9336 29780 1494 10965 16 5795 270 25131 14 270 115921 75496 418 5828 201 20850 481 339 47 3444 12652 42313 295 270 41273 4772 16 2566 15965 4371 260 41815 14 23047 436 989 458 10274 304 13769 28428 16 455 25550 86508 936 14376 9754 418 270 3469 1137 50219 9575 14 37266 14 1843 97989 14 110088 14 305 260 2767 9616 1225 79213 1353 201 32568 832 851 1114 554 1747 2727 2239 339 4690 1257 2900 270 58523 86456 294 38398 14 9641 14 305 110251 20928 16 106044 26577 201 1805 645 386 418 260 44056 6403 62339 1202 834 7931 14 30308 20408 336 75800 1960 260 201 113004 294 270 64383 15844 4851 270 7536 93324 16 16358 936 23865 304 11284 270 201 85 2960 14742 1936 69832 14 790 270 91731 47475 832 59143 396 6660 201 6452 3195 554 304 7746 1066 16 660 270 95042 8667 14 3330 4853 51489 21537 53900 201 8848 260 1888 34011 41151 295 260 26166 19900 16 3011 834 515 295 260 53582 14 1754 201 45182 89 14158 8599 513 41949 305 10180 14 554 513 270 71293 377 270 19951 28757 339 671 5613 51141 110278 8398 9575 295 13769 28428 14 3214 5159 14 1754 5159 28428 1960 201 1129 6192 15294 1747 1277 5476 99651 273 16 2566 16818 106044 305 16358 2281 270 201 72 39360 14 1539 5144 260 2562 943 270 7469 33935 16 5334 9575 2915 77603 1055 201 26758 6744 28 270 3605 294 260 92683 14 270 537 10592 32820 294 260 9778 14 270 1722 260 5823 201 2438 529 10083 1561 436 936 1047 31691 16056 339 35 15391 1520 77289 260 16110 295 16372 3345 14 790 9572 305 55288 881 554 18538 3737 14 832 110278 21168 1066 339 4546 45366 270 3194 936 11300 418 82362 294 280 7002 14 32032 6103 14 49766 69943 14 305 201 39020 14692 16 31065 31004 3659 362 3853 560 1901 33926 601 34226 304 260 104614 201 50095 260 14560 396 8743 304 2334 59125 1750 1014 468 1094 1129 436 16 455 6949 201 27747 936 12852 1820 14 790 29780 12141 377 1082 14 832 1750 15391 53140 16789 260 201 59206 6857 305 53733 436 418 11198 339 47 3444 3825 5854 270 3799 11162 69 699 305 43697 270 2173 734 17229 2818 1055 270 201 61403 3578 86508 16 2566 18428 17229 2818 2455 16 45836 75950 2818 4127 201 6135 45386 14 58792 14 305 1482 995 37344 1060 969 16884 16 87986 201 60037 13721 30278 14 3825 1910 14 305 5750 3980 1936 7918 16243 339 4484 834 10202 270 10451 1277 260 30063 14 778 344 3939 436 28303 41668 16 10272 396 1975 11219 14 71595 515 14037 270 1167 37287 16 110278 8398 270 18538 295 3345 14 9101 270 86508 362 260 4712 14 305 1539 10274 304 270 8577 73845 294 270 58523 339 1124 270 16232 14 260 93437 362 270 113450 50565 1946 31744 270 15106 6337 603 16874 2710 9023 260 71040 294 80005 9220 1407 270 18544 1901 79780 1733 201 12678 538 260 27640 11314 16 45789 936 28035 270 17408 2727 8295 377 270 52312 989 458 2038 1482 18288 943 3920 260 65326 17408 515 7837 304 366 7139 603 671 9517 40107 5827 1099 270 11219 339 671 86508 3997 2526 377 260 18496 16 110278 9026 436 37205 418 1234 11316 23441 201 5356 270 18992 16 2566 11516 995 48112 270 31363 44183 14 995 10274 270 201 94786 109871 14 305 995 16026 270 12070 4332 56295 16 455 58941 515 18715 201 25287 1082 270 6949 515 554 339 16422 288 7068 260 12426 4213 305 270 5706 294 16056 8513 1902 6059 3234 834 1561 201 58264 16 82146 10082 7457 38271 1055 270 14677 14085 14 1479 270 9319 936 201 64583 15518 50093 3514 436 86456 39375 367 294 11128 16 71595 2006 260 6644 10549 201 84037 270 5823 305 83119 436 304 270 8806 6791 418 260 7155 396 1359 14 5880 989 4 23299 891 4331 47 3444 13577 270 39317 294 270 14085 418 270 86508 27546 304 969 15142 16 2566 201 18988 8838 396 2239 9616 25342 2455 6352 111461 3137 16 334 12070 201 10911 14 260 7956 12240 14 260 37370 2329 14 260 1167 14037 2503 27566 1137 47484 881 270 2924 396 3859 1960 4880 294 5675 3006 339 72829 13721 1561 44844 305 78756 1750 5706 295 15143 89 14158 16 106044 201 11475 21537 270 6326 1188 294 270 38398 114646 734 15391 14 11602 362 657 5287 14 995 936 201 42774 1559 362 260 26339 3825 45555 16 455 12505 56574 87934 295 280 22469 1154 1277 30525 201 9336 29780 1494 10965 16 5795 270 25131 14 270 115921 75496 418 5828 201 20850 481 339 47 3444 12652 42313 295 270 41273 4772 16 2566 15965 4371 260 41815 14 23047 436 989 458 10274 304 13769 28428 16 455 25550 86508 936 14376 9754 418 270 3469 1137 50219 9575 14 37266 14 1843 97989 14 110088 14 305 260 2767 9616 1225 79213 1353 201 32568 832 851 1114 554 1747 2727 2239 339 4690 1257 2900 270 58523 86456 294 38398 14 9641 14 305 110251 20928 16 106044 26577 201 1805 645 386 418 260 44056 6403 62339 1202 834 7931 14 30308 20408 336 75800 1960 260 201 113004 294 270 64383 15844 4851 270 7536 93324 16 55394 936 23865 304 11284 270 201 85 2960 14742 1936 69832 14 790 270 91731 47475 832 59143 396 6660 201 6452 3195 554 304 7746 1066 16 660 270 95042 8667 14 3330 4853 51489 21537 53900 201 8848 260 1888 34011 41151 295 260 26166 19900 16 3011 834 515 295 260 53582 14 1754 201 45182 89 14158 8599 513 41949 305 10180 14 554 513 270 71293 377 270 19951 28757 339 671 5613 51141 110278 8398 9575 295 13769 28428 14 3214 5159 14 1754 5159 28428 1960 201 1129 6192 15294 1747 1277 5476 99651 273 16 2566 16818 106044 305 55394 2281 270 201 72 39360 14 1539 5144 260 2562 943 270 7469 33935 16 5334 9575 2915 77603 1055 201 26758 6744 28 270 3605 294 260 92683 14 270 537 10592 32820 294 260 9778 14 270 1722 260 5823 201 2438 529 10083 1561 436 936 1047 31691 16056 339 4546 45366 270 3194 936 11300 418 82362 294 280 7002 14 32032 6103 14 49766 69943 14 305 201 39020 14692 16 55394 31004 3659 362 3853 560 1901 79780 34226 304 260 104614 201 50095 260 14560 396 8743 304 2334 59125 1750 1014 468 1094 1129 436 16 455 6949 201 27747 936 12852 1820 14 790 29780 12141 377 1082 14 832 1750 15391 53140 16789 260 201 59206 6857 305 53733 436 418 11198 339 47 3444 3825 5854 270 3799 11162 69 699 305 43697 270 2173 734 17229 2818 1055 270 201 61403 3578 86508 16 2566 18428 17229 2818 2455 16 45836 75950 2818 4127 201 6135 45386 14 58792 14 305 1482 995 37344 1060 969 16884 16 87986 201 60037 13721 30278 14 3825 1910 14 305 5750 3980 1936 7918 16243 339 1124 270 16232 14 260 93437 362 270 113450 50565 1946 31744 270 15106 6337 603 124167 9023 260 71040 294 80005 9220 1407 270 18544 1901 106044 1733 201 12678 538 260 27640 11314 16 45789 936 28035 270 17408 2727 8295 377 270 52312 989 458 2038 1482 18288 943 3920 260 65326 17408 515 7837 304 366 7139 603 671 9517 40107 5827 1099 270 11219 339 671 86508 3997 2526 377 260 18496 16 110278 9026 436 37205 418 1234 11316 23441 201 5356 270 18992 16 2566 11516 995 48112 270 31363 44183 14 995 10274 270 201 94786 109871 14 305 995 16026 270 12070 4332 56295 16 455 58941 515 18715 201 25287 1082 270 6949 515 554 339 47 3444 7431 5524 6731 411 3072 110658 943 260 50645 3077 14 790 1225 26577 436 798 1754 436 515 554 411 18538 305 1687 554 9028 295 270 4087 2310 339 16422 288 7068 260 12426 4213 305 270 5706 294 16056 8513 1902 6059 3234 834 1561 201 58264 16 16358 10082 7457 38271 1055 270 14677 14085 14 1479 270 9319 936 201 64583 15518 50093 3514 436 86456 39375 367 294 11128 16 106044 2006 260 6644 10549 201 84037 270 5823 305 83119 436 304 270 8806 6791 418 260 7155 396 1359 14 5880 989 4 23299 891 4331 47 3444 13577 270 39317 294 270 14085 418 270 86508 27546 304 969 15142 16 2566 201 18988 8838 396 2239 9616 25342 2455 6352 111461 3137 16 334 12070 201 10911 14 260 7956 12240 14 260 37370 2329 14 260 1167 14037 418 293 271 101859 1387 270 4093 832 3706 16 128804 128822 | 45182 89 14158 344 260 58523 6949 396 12122 377 41949 305 10180 4562 1099 69799 469 71293 16 455 4093 7226 260 4031 2173 1407 3586 54693 44258 28 9641 39529 1561 44844 14 1482 11602 1202 270 38398 114646 442 85 6326 1188 14 270 115921 111869 377 270 25131 14 305 270 5613 51141 110278 11779 270 25550 86508 295 13769
1007 00:59:23 ds4-server: metal 4 at request end: 7313 commits, 7313 feedback, 0 errors, residency 0 entries 0.0 MiB
1007 00:59:23 ds4-server: router finalize so far: 13219 fused, 240 generic, 240 fallback; compare 0 calls, mismatches 0 probs 0 ids 0 weights
1007 00:59:23 ds4-server: transition compare words differing so far: mix 0 split 0 sum 0 norm 0 residual 0 pre 0 kv 0 window 0 low 0 rows 0 expand 0 expand-sum 0 expand-norm 0 route-proj 0 route-select 0, over 0 comparisons
1007 00:59:23 ds4-server: chat ctx=0..4796:4796 gen=64 finish=length 85.217s
1007 00:59:23 ds4-server: shutdown requested, draining requests
ds4: Metal cleanup discarded 1 live tensor handles
ds4: memory budget: peak 80.00 GiB allocated of 80.00 GiB; 2 slab(s) given back, 0 allocation(s) refused, cache growth stopped 2082 time(s)
ds4: expert directory: 0 pinned hits, 0 cache hits, 15880 loads; 0 address mismatches, 0 missing with a non-zero slot, 0 selected and missing; 0 pinned experts given back to the budget
