ds4: abort gate on for the first 40 layers
ds4: Metal device Apple M5 Max, 128.00 GiB RAM
ds4: Metal 4 tensor API enabled for Tensor kernels
ds4: drift-patch flags hc_stable=on norm_unify=on kv_raw_f32=off rope_exp2_log2=off math_safe=off tensor_matmul=on
ds4: Metal backend: Metal 4
ds4: Metal SSD streaming mode enabled; full model residency and warmup are skipped
ds4: Metal SSD static weights locked 9.37 GiB; pageable 0.00 GiB
ds4: SSD streaming initial metal model map (569 spans, 9.37 GiB tensor span)
ds4: metal backend initialized for graph diagnostics
ds4: expert cache prewarmed from the built-in V4.1 hotlist: 2046 experts (0 failed), 18.97 GiB in 1.52 s; stopped where the cache was full
ds4: memory: KV 0.06 GiB (raw 0.01 + compressed 0.05) + buffers 3.36 GiB + resident model 9.37 GiB + expert cache 18.98 GiB = 31.78 GiB planned
ds4: memory detail: ctx=8192 prefill_cap=4096 raw_kv_rows=128 compressed_kv_rows=8193 backend=metal
ds4: sharded queue warm is Metal 3 only and the Metal 4 backend is selected
ds4: V4.1 executor ABI 3, arena align 256, rev b9bd1e11d3f3-dirty, built Oct  6 2026 15:50:40
ds4: V4.1 static context buffers 3503.03 MiB (ctx=8192), Engram disk-only
ds4: V4.1 static context buffers 3503.03 MiB (ctx=8192), Engram disk-only
ds4: shared/routed FFN overlap ran, mode 1
ds4:   decode path so far: 64 single-row steps (113.4 ms each inside the graph over the last 64), 0 K-row verification steps over 0 positions, 0 batch-fusion sites taken; candidate K none
ds4: gate over tokens 1-64: 34.50 command buffers, 30.03 aborts, 240.0 expert ids accounted, 699.31 MiB loaded a token; 0 the gate failed to switch off, 0 it could not gate
ds4:   one token, exclusive, same window: entry 0.00 + encode 4.07 + commit-to-done 65.23 + repair-load 34.76 + accounting 0.04 + tail 0.39 = 104.48 of a 112.75 ms wall, residual 8.27
ds4:   GPU busy 60.93 ms of the token's wall (the union of its buffers' spans), idle 51.82 ms
ds4:   1484.9 gated dispatches a token, 22.9 of them behind an abort; 932.7 sent plain ahead of a buffer's first validate
ds4:   encode-ahead: 3.47 segments used, 28.44 dropped, 6.49 ms a token spent encoding under the GPU
ds4:   concurrent sections: 358.94 attempted, 358.94 opened a token
ds4:   speculation: 0.00 layers a token, 0.00 lanes computed, 0.00 matched, 0.00 GEMVs actually saved, 0.00 left to compute; compared 0.00 lanes, 0.00 floats differ, 0.00 by more than an ulp
ds4:   Metal 4: 63.17 command buffers sent, 5015.6 dispatches a token; 0 pieces of Metal 3 work so far
ds4:   Metal 4 a token: 63.17 contexts in 63.17 command buffers (0.00 split); 5338.0 nodes = 5015.6 dispatches + 322.4 copies; barriers 3853.3 from the graph, 126.3 queue; engine asked for 181.3 barriers and 751.0 section ends, neither encoded; 20960.5 buffer and 5839.8 constant bindings (532318 B), 0.0 with no stated length; 63.17 blocking waits, 64.11 ms
ds4:   expert cache over the last 64 tokens: 205.92 hits, 105.64 misses, 73.64 evictions a token; 2048 of 2048 entries live (100.0%)
ds4:   of the address-table holes repaired a token: 0.00 already resident, 105.64 genuinely absent
ds4:   of the repair a token: readahead 22.04 ms, slot preparation 12.72 ms, reads 21.96 ms, install 0.17 ms, over 105.64 loads
ds4:   Engram rows written at step start in 64 steps; layer-13 drains 0
ds4:   residency a token: 0.00 adds, 0.00 removes, 0.00 commits
ds4:   decode path so far: 128 single-row steps (100.0 ms each inside the graph over the last 64), 0 K-row verification steps over 0 positions, 0 batch-fusion sites taken; candidate K none
ds4: gate over tokens 65-128: 25.25 command buffers, 16.69 aborts, 240.0 expert ids accounted, 317.40 MiB loaded a token; 0 the gate failed to switch off, 0 it could not gate
ds4:   one token, exclusive, same window: entry 0.00 + encode 2.97 + commit-to-done 62.58 + repair-load 23.26 + accounting 0.04 + tail 2.28 = 91.13 of a 98.20 ms wall, residual 7.07
ds4:   GPU busy 64.11 ms of the token's wall (the union of its buffers' spans), idle 34.08 ms
ds4:   1367.3 gated dispatches a token, 12.6 of them behind an abort; 527.0 sent plain ahead of a buffer's first validate
ds4:   encode-ahead: 7.56 segments used, 15.88 dropped, 6.01 ms a token spent encoding under the GPU
ds4:   concurrent sections: 234.34 attempted, 234.34 opened a token
ds4:   speculation: 0.00 layers a token, 0.00 lanes computed, 0.00 matched, 0.00 GEMVs actually saved, 0.00 left to compute; compared 0.00 lanes, 0.00 floats differ, 0.00 by more than an ulp
ds4:   Metal 4: 42.12 command buffers sent, 3345.6 dispatches a token; 0 pieces of Metal 3 work so far
ds4:   Metal 4 a token: 42.12 contexts in 42.12 command buffers (0.00 split); 3537.9 nodes = 3345.6 dispatches + 192.3 copies; barriers 2570.7 from the graph, 84.2 queue; engine asked for 123.9 barriers and 494.1 section ends, neither encoded; 13969.6 buffer and 3875.6 constant bindings (354879 B), 0.0 with no stated length; 42.12 blocking waits, 62.80 ms
ds4:   expert cache over the last 64 tokens: 239.66 hits, 33.44 misses, 33.44 evictions a token; 2048 of 2048 entries live (100.0%)
ds4:   of the address-table holes repaired a token: 0.00 already resident, 33.44 genuinely absent
ds4:   of the repair a token: readahead 13.01 ms, slot preparation 0.46 ms, reads 8.78 ms, install 0.08 ms, over 33.44 loads
ds4:   Engram rows written at step start in 128 steps; layer-13 drains 0
ds4:   residency a token: 0.00 adds, 0.00 removes, 0.00 commits
ds4:   decode path so far: 192 single-row steps (98.1 ms each inside the graph over the last 64), 0 K-row verification steps over 0 positions, 0 batch-fusion sites taken; candidate K none
ds4: gate over tokens 129-192: 26.25 command buffers, 18.03 aborts, 240.0 expert ids accounted, 361.15 MiB loaded a token; 0 the gate failed to switch off, 0 it could not gate
ds4:   one token, exclusive, same window: entry 0.00 + encode 3.66 + commit-to-done 56.20 + repair-load 26.51 + accounting 0.04 + tail 2.02 = 88.43 of a 96.63 ms wall, residual 8.20
ds4:   GPU busy 57.18 ms of the token's wall (the union of its buffers' spans), idle 39.45 ms
ds4:   1384.7 gated dispatches a token, 12.2 of them behind an abort; 569.6 sent plain ahead of a buffer's first validate
ds4:   encode-ahead: 7.22 segments used, 17.22 dropped, 7.33 ms a token spent encoding under the GPU
ds4:   concurrent sections: 247.91 attempted, 247.91 opened a token
ds4:   speculation: 0.00 layers a token, 0.00 lanes computed, 0.00 matched, 0.00 GEMVs actually saved, 0.00 left to compute; compared 0.00 lanes, 0.00 floats differ, 0.00 by more than an ulp
ds4:   Metal 4: 44.47 command buffers sent, 3536.1 dispatches a token; 0 pieces of Metal 3 work so far
ds4:   Metal 4 a token: 44.47 contexts in 44.47 command buffers (0.00 split); 3745.4 nodes = 3536.1 dispatches + 209.3 copies; barriers 2717.5 from the graph, 88.9 queue; engine asked for 130.4 barriers and 522.2 section ends, neither encoded; 14760.1 buffer and 4096.3 constant bindings (375123 B), 0.0 with no stated length; 44.47 blocking waits, 55.51 ms
ds4:   expert cache over the last 64 tokens: 236.66 hits, 38.05 misses, 38.05 evictions a token; 2048 of 2048 entries live (100.0%)
ds4:   of the address-table holes repaired a token: 0.00 already resident, 38.05 genuinely absent
ds4:   of the repair a token: readahead 13.09 ms, slot preparation 0.53 ms, reads 11.66 ms, install 0.11 ms, over 38.05 loads
ds4:   Engram rows written at step start in 192 steps; layer-13 drains 0
ds4:   residency a token: 0.00 adds, 0.00 removes, 0.00 commits
ds4:   decode path so far: 256 single-row steps (99.6 ms each inside the graph over the last 64), 0 K-row verification steps over 0 positions, 0 batch-fusion sites taken; candidate K none
ds4: gate over tokens 193-256: 25.05 command buffers, 16.50 aborts, 240.0 expert ids accounted, 312.65 MiB loaded a token; 0 the gate failed to switch off, 0 it could not gate
ds4:   one token, exclusive, same window: entry 0.00 + encode 3.39 + commit-to-done 56.64 + repair-load 27.49 + accounting 0.05 + tail 2.12 = 89.69 of a 98.08 ms wall, residual 8.39
ds4:   GPU busy 57.65 ms of the token's wall (the union of its buffers' spans), idle 40.44 ms
ds4:   1360.7 gated dispatches a token, 11.2 of them behind an abort; 522.6 sent plain ahead of a buffer's first validate
ds4:   encode-ahead: 7.55 segments used, 15.75 dropped, 7.54 ms a token spent encoding under the GPU
ds4:   concurrent sections: 232.97 attempted, 232.97 opened a token
ds4:   speculation: 0.00 layers a token, 0.00 lanes computed, 0.00 matched, 0.00 GEMVs actually saved, 0.00 left to compute; compared 0.00 lanes, 0.00 floats differ, 0.00 by more than an ulp
ds4:   Metal 4: 41.80 command buffers sent, 3333.0 dispatches a token; 0 pieces of Metal 3 work so far
ds4:   Metal 4 a token: 41.80 contexts in 41.80 command buffers (0.00 split); 3523.9 nodes = 3333.0 dispatches + 190.9 copies; barriers 2561.6 from the graph, 83.6 queue; engine asked for 123.3 barriers and 491.2 section ends, neither encoded; 13909.8 buffer and 3860.1 constant bindings (353503 B), 0.0 with no stated length; 41.80 blocking waits, 55.85 ms
ds4:   expert cache over the last 64 tokens: 238.17 hits, 32.94 misses, 32.94 evictions a token; 2048 of 2048 entries live (100.0%)
ds4:   of the address-table holes repaired a token: 0.00 already resident, 32.94 genuinely absent
ds4:   of the repair a token: readahead 14.58 ms, slot preparation 0.61 ms, reads 11.17 ms, install 0.09 ms, over 32.94 loads
ds4:   Engram rows written at step start in 256 steps; layer-13 drains 0
ds4:   residency a token: 0.00 adds, 0.00 removes, 0.00 commits
ds4:   decode path so far: 320 single-row steps (95.5 ms each inside the graph over the last 64), 0 K-row verification steps over 0 positions, 0 batch-fusion sites taken; candidate K none
ds4: gate over tokens 257-320: 25.53 command buffers, 16.97 aborts, 240.0 expert ids accounted, 311.02 MiB loaded a token; 0 the gate failed to switch off, 0 it could not gate
ds4:   one token, exclusive, same window: entry 0.00 + encode 3.40 + commit-to-done 56.71 + repair-load 23.06 + accounting 0.04 + tail 2.05 = 85.26 of a 93.56 ms wall, residual 8.30
ds4:   GPU busy 57.89 ms of the token's wall (the union of its buffers' spans), idle 35.67 ms
ds4:   1419.2 gated dispatches a token, 12.1 of them behind an abort; 552.3 sent plain ahead of a buffer's first validate
ds4:   encode-ahead: 7.56 segments used, 16.22 dropped, 7.49 ms a token spent encoding under the GPU
ds4:   concurrent sections: 238.28 attempted, 238.28 opened a token
ds4:   speculation: 0.00 layers a token, 0.00 lanes computed, 0.00 matched, 0.00 GEMVs actually saved, 0.00 left to compute; compared 0.00 lanes, 0.00 floats differ, 0.00 by more than an ulp
ds4:   Metal 4: 42.75 command buffers sent, 3509.6 dispatches a token; 0 pieces of Metal 3 work so far
ds4:   Metal 4 a token: 42.75 contexts in 42.75 command buffers (0.00 split); 3702.3 nodes = 3509.6 dispatches + 192.7 copies; barriers 2619.0 from the graph, 85.5 queue; engine asked for 126.0 barriers and 502.3 section ends, neither encoded; 14423.7 buffer and 4048.6 constant bindings (361808 B), 0.0 with no stated length; 42.75 blocking waits, 55.85 ms
ds4:   expert cache over the last 64 tokens: 239.58 hits, 32.77 misses, 32.77 evictions a token; 2048 of 2048 entries live (100.0%)
ds4:   of the address-table holes repaired a token: 0.00 already resident, 32.77 genuinely absent
ds4:   of the repair a token: readahead 11.10 ms, slot preparation 0.65 ms, reads 10.28 ms, install 0.09 ms, over 32.77 loads
ds4:   Engram rows written at step start in 320 steps; layer-13 drains 0
ds4:   residency a token: 0.00 adds, 0.00 removes, 0.00 commits
ds4:   decode path so far: 384 single-row steps (92.8 ms each inside the graph over the last 64), 0 K-row verification steps over 0 positions, 0 batch-fusion sites taken; candidate K none
ds4: gate over tokens 321-384: 24.28 command buffers, 15.17 aborts, 240.0 expert ids accounted, 262.81 MiB loaded a token; 0 the gate failed to switch off, 0 it could not gate
ds4:   one token, exclusive, same window: entry 0.00 + encode 3.01 + commit-to-done 56.02 + repair-load 22.01 + accounting 0.04 + tail 2.08 = 83.16 of a 90.76 ms wall, residual 7.59
ds4:   GPU busy 58.11 ms of the token's wall (the union of its buffers' spans), idle 32.65 ms
ds4:   1399.6 gated dispatches a token, 14.0 of them behind an abort; 496.1 sent plain ahead of a buffer's first validate
ds4:   encode-ahead: 8.11 segments used, 14.38 dropped, 6.79 ms a token spent encoding under the GPU
ds4:   concurrent sections: 220.41 attempted, 220.41 opened a token
ds4:   speculation: 0.00 layers a token, 0.00 lanes computed, 0.00 matched, 0.00 GEMVs actually saved, 0.00 left to compute; compared 0.00 lanes, 0.00 floats differ, 0.00 by more than an ulp
ds4:   Metal 4: 39.66 command buffers sent, 3258.7 dispatches a token; 0 pieces of Metal 3 work so far
ds4:   Metal 4 a token: 39.66 contexts in 39.66 command buffers (0.00 split); 3432.0 nodes = 3258.7 dispatches + 173.3 copies; barriers 2432.4 from the graph, 79.3 queue; engine asked for 117.5 barriers and 465.3 section ends, neither encoded; 13390.4 buffer and 3757.8 constant bindings (335856 B), 0.0 with no stated length; 39.66 blocking waits, 55.83 ms
ds4:   expert cache over the last 64 tokens: 239.69 hits, 27.69 misses, 27.69 evictions a token; 2048 of 2048 entries live (100.0%)
ds4:   of the address-table holes repaired a token: 0.00 already resident, 27.69 genuinely absent
ds4:   of the repair a token: readahead 11.88 ms, slot preparation 0.55 ms, reads 8.75 ms, install 0.08 ms, over 27.69 loads
ds4:   Engram rows written at step start in 384 steps; layer-13 drains 0
ds4:   residency a token: 0.00 adds, 0.00 removes, 0.00 commits
ds4:   decode path so far: 448 single-row steps (89.6 ms each inside the graph over the last 64), 0 K-row verification steps over 0 positions, 0 batch-fusion sites taken; candidate K none
ds4: gate over tokens 385-448: 24.11 command buffers, 14.95 aborts, 240.0 expert ids accounted, 265.63 MiB loaded a token; 0 the gate failed to switch off, 0 it could not gate
ds4:   one token, exclusive, same window: entry 0.00 + encode 3.01 + commit-to-done 56.17 + repair-load 19.16 + accounting 0.04 + tail 2.08 = 80.46 of a 87.84 ms wall, residual 7.38
ds4:   GPU busy 58.41 ms of the token's wall (the union of its buffers' spans), idle 29.43 ms
ds4:   1396.7 gated dispatches a token, 14.5 of them behind an abort; 489.4 sent plain ahead of a buffer's first validate
ds4:   encode-ahead: 8.16 segments used, 14.12 dropped, 6.62 ms a token spent encoding under the GPU
ds4:   concurrent sections: 217.91 attempted, 217.91 opened a token
ds4:   speculation: 0.00 layers a token, 0.00 lanes computed, 0.00 matched, 0.00 GEMVs actually saved, 0.00 left to compute; compared 0.00 lanes, 0.00 floats differ, 0.00 by more than an ulp
ds4:   Metal 4: 39.23 command buffers sent, 3222.8 dispatches a token; 0 pieces of Metal 3 work so far
ds4:   Metal 4 a token: 39.23 contexts in 39.23 command buffers (0.00 split); 3393.3 nodes = 3222.8 dispatches + 170.5 copies; barriers 2405.5 from the graph, 78.5 queue; engine asked for 116.3 barriers and 460.1 section ends, neither encoded; 13242.6 buffer and 3716.4 constant bindings (332131 B), 0.0 with no stated length; 39.23 blocking waits, 56.01 ms
ds4:   expert cache over the last 64 tokens: 239.67 hits, 27.98 misses, 27.98 evictions a token; 2048 of 2048 entries live (100.0%)
ds4:   of the address-table holes repaired a token: 0.00 already resident, 27.98 genuinely absent
ds4:   of the repair a token: readahead 9.82 ms, slot preparation 0.55 ms, reads 7.94 ms, install 0.08 ms, over 27.98 loads
ds4:   Engram rows written at step start in 448 steps; layer-13 drains 0
ds4:   residency a token: 0.00 adds, 0.00 removes, 0.00 commits
ds4:   decode path so far: 512 single-row steps (92.4 ms each inside the graph over the last 64), 0 K-row verification steps over 0 positions, 0 batch-fusion sites taken; candidate K none
ds4: gate over tokens 449-512: 24.70 command buffers, 15.92 aborts, 240.0 expert ids accounted, 287.88 MiB loaded a token; 0 the gate failed to switch off, 0 it could not gate
ds4:   one token, exclusive, same window: entry 0.00 + encode 3.08 + commit-to-done 57.44 + repair-load 20.56 + accounting 0.04 + tail 2.09 = 83.21 of a 90.55 ms wall, residual 7.34
ds4:   GPU busy 59.77 ms of the token's wall (the union of its buffers' spans), idle 30.79 ms
ds4:   1394.2 gated dispatches a token, 14.0 of them behind an abort; 516.6 sent plain ahead of a buffer's first validate
ds4:   encode-ahead: 7.78 segments used, 15.05 dropped, 6.49 ms a token spent encoding under the GPU
ds4:   concurrent sections: 226.53 attempted, 226.53 opened a token
ds4:   speculation: 0.00 layers a token, 0.00 lanes computed, 0.00 matched, 0.00 GEMVs actually saved, 0.00 left to compute; compared 0.00 lanes, 0.00 floats differ, 0.00 by more than an ulp
ds4:   Metal 4: 40.75 command buffers sent, 3336.2 dispatches a token; 0 pieces of Metal 3 work so far
ds4:   Metal 4 a token: 40.75 contexts in 40.75 command buffers (0.00 split); 3519.4 nodes = 3336.2 dispatches + 183.2 copies; barriers 2492.0 from the graph, 81.5 queue; engine asked for 120.2 barriers and 477.9 section ends, neither encoded; 13720.6 buffer and 3848.9 constant bindings (344240 B), 0.0 with no stated length; 40.75 blocking waits, 57.27 ms
ds4:   expert cache over the last 64 tokens: 239.86 hits, 30.33 misses, 30.33 evictions a token; 2048 of 2048 entries live (100.0%)
ds4:   of the address-table holes repaired a token: 0.00 already resident, 30.33 genuinely absent
ds4:   of the repair a token: readahead 11.03 ms, slot preparation 0.50 ms, reads 8.07 ms, install 0.08 ms, over 30.33 loads
ds4:   Engram rows written at step start in 512 steps; layer-13 drains 0
ds4:   residency a token: 0.00 adds, 0.00 removes, 0.00 commits
ds4:   decode path so far: 576 single-row steps (91.5 ms each inside the graph over the last 64), 0 K-row verification steps over 0 positions, 0 batch-fusion sites taken; candidate K none
ds4: gate over tokens 513-576: 26.27 command buffers, 18.08 aborts, 240.0 expert ids accounted, 348.69 MiB loaded a token; 0 the gate failed to switch off, 0 it could not gate
ds4:   one token, exclusive, same window: entry 0.00 + encode 3.42 + commit-to-done 56.59 + repair-load 19.64 + accounting 0.04 + tail 2.01 = 81.70 of a 89.50 ms wall, residual 7.80
ds4:   GPU busy 58.52 ms of the token's wall (the union of its buffers' spans), idle 30.99 ms
ds4:   1422.2 gated dispatches a token, 14.0 of them behind an abort; 586.7 sent plain ahead of a buffer's first validate
ds4:   encode-ahead: 7.19 segments used, 17.22 dropped, 6.86 ms a token spent encoding under the GPU
ds4:   concurrent sections: 247.94 attempted, 247.94 opened a token
ds4:   speculation: 0.00 layers a token, 0.00 lanes computed, 0.00 matched, 0.00 GEMVs actually saved, 0.00 left to compute; compared 0.00 lanes, 0.00 floats differ, 0.00 by more than an ulp
ds4:   Metal 4: 44.48 command buffers sent, 3639.2 dispatches a token; 0 pieces of Metal 3 work so far
ds4:   Metal 4 a token: 44.48 contexts in 44.48 command buffers (0.00 split); 3846.5 nodes = 3639.2 dispatches + 207.3 copies; barriers 2714.8 from the graph, 89.0 queue; engine asked for 130.3 barriers and 522.3 section ends, neither encoded; 14962.2 buffer and 4199.5 constant bindings (375249 B), 0.0 with no stated length; 44.48 blocking waits, 56.13 ms
ds4:   expert cache over the last 64 tokens: 236.72 hits, 36.73 misses, 36.73 evictions a token; 2048 of 2048 entries live (100.0%)
ds4:   of the address-table holes repaired a token: 0.00 already resident, 36.73 genuinely absent
ds4:   of the repair a token: readahead 8.81 ms, slot preparation 0.53 ms, reads 9.18 ms, install 0.10 ms, over 36.73 loads
ds4:   Engram rows written at step start in 576 steps; layer-13 drains 0
ds4:   residency a token: 0.00 adds, 0.00 removes, 0.00 commits
ds4:   decode path so far: 640 single-row steps (91.6 ms each inside the graph over the last 64), 0 K-row verification steps over 0 positions, 0 batch-fusion sites taken; candidate K none
ds4: gate over tokens 577-640: 25.20 command buffers, 16.61 aborts, 240.0 expert ids accounted, 321.40 MiB loaded a token; 0 the gate failed to switch off, 0 it could not gate
ds4:   one token, exclusive, same window: entry 0.00 + encode 3.18 + commit-to-done 57.75 + repair-load 18.17 + accounting 0.04 + tail 2.06 = 81.20 of a 88.57 ms wall, residual 7.37
ds4:   GPU busy 59.72 ms of the token's wall (the union of its buffers' spans), idle 28.85 ms
ds4:   1404.3 gated dispatches a token, 14.5 of them behind an abort; 539.5 sent plain ahead of a buffer's first validate
ds4:   encode-ahead: 7.59 segments used, 15.67 dropped, 6.49 ms a token spent encoding under the GPU
ds4:   concurrent sections: 232.81 attempted, 232.81 opened a token
ds4:   speculation: 0.00 layers a token, 0.00 lanes computed, 0.00 matched, 0.00 GEMVs actually saved, 0.00 left to compute; compared 0.00 lanes, 0.00 floats differ, 0.00 by more than an ulp
ds4:   Metal 4: 41.88 command buffers sent, 3425.6 dispatches a token; 0 pieces of Metal 3 work so far
ds4:   Metal 4 a token: 41.88 contexts in 41.88 command buffers (0.00 split); 3616.9 nodes = 3425.6 dispatches + 191.3 copies; barriers 2556.0 from the graph, 83.8 queue; engine asked for 123.1 barriers and 490.9 section ends, neither encoded; 14081.8 buffer and 3952.1 constant bindings (353176 B), 0.0 with no stated length; 41.88 blocking waits, 57.49 ms
ds4:   expert cache over the last 64 tokens: 239.70 hits, 33.86 misses, 33.86 evictions a token; 2048 of 2048 entries live (100.0%)
ds4:   of the address-table holes repaired a token: 0.00 already resident, 33.86 genuinely absent
ds4:   of the repair a token: readahead 7.99 ms, slot preparation 0.48 ms, reads 8.66 ms, install 0.09 ms, over 33.86 loads
ds4:   Engram rows written at step start in 640 steps; layer-13 drains 0
ds4:   residency a token: 0.00 adds, 0.00 removes, 0.00 commits
ds4:   decode path so far: 704 single-row steps (89.8 ms each inside the graph over the last 64), 0 K-row verification steps over 0 positions, 0 batch-fusion sites taken; candidate K none
ds4: gate over tokens 641-704: 24.11 command buffers, 15.08 aborts, 240.0 expert ids accounted, 254.36 MiB loaded a token; 0 the gate failed to switch off, 0 it could not gate
ds4:   one token, exclusive, same window: entry 0.00 + encode 2.79 + commit-to-done 57.72 + repair-load 18.33 + accounting 0.04 + tail 2.15 = 81.03 of a 87.91 ms wall, residual 6.88
ds4:   GPU busy 60.31 ms of the token's wall (the union of its buffers' spans), idle 27.60 ms
ds4:   1389.0 gated dispatches a token, 10.2 of them behind an abort; 491.9 sent plain ahead of a buffer's first validate
ds4:   encode-ahead: 8.03 segments used, 14.34 dropped, 6.03 ms a token spent encoding under the GPU
ds4:   concurrent sections: 218.91 attempted, 218.91 opened a token
ds4:   speculation: 0.00 layers a token, 0.00 lanes computed, 0.00 matched, 0.00 GEMVs actually saved, 0.00 left to compute; compared 0.00 lanes, 0.00 floats differ, 0.00 by more than an ulp
ds4:   Metal 4: 39.45 command buffers sent, 3237.7 dispatches a token; 0 pieces of Metal 3 work so far
ds4:   Metal 4 a token: 39.45 contexts in 39.45 command buffers (0.00 split); 3408.2 nodes = 3237.7 dispatches + 170.5 copies; barriers 2417.0 from the graph, 78.9 queue; engine asked for 116.8 barriers and 462.2 section ends, neither encoded; 13302.0 buffer and 3733.4 constant bindings (333665 B), 0.0 with no stated length; 39.45 blocking waits, 57.84 ms
ds4:   expert cache over the last 64 tokens: 239.81 hits, 26.80 misses, 26.80 evictions a token; 2048 of 2048 entries live (100.0%)
ds4:   of the address-table holes repaired a token: 0.00 already resident, 26.80 genuinely absent
ds4:   of the repair a token: readahead 9.11 ms, slot preparation 0.54 ms, reads 7.91 ms, install 0.07 ms, over 26.80 loads
ds4:   Engram rows written at step start in 704 steps; layer-13 drains 0
ds4:   residency a token: 0.00 adds, 0.00 removes, 0.00 commits
ds4:   decode path so far: 768 single-row steps (90.2 ms each inside the graph over the last 64), 0 K-row verification steps over 0 positions, 0 batch-fusion sites taken; candidate K none
ds4: gate over tokens 705-768: 25.38 command buffers, 16.77 aborts, 240.0 expert ids accounted, 316.65 MiB loaded a token; 0 the gate failed to switch off, 0 it could not gate
ds4:   one token, exclusive, same window: entry 0.00 + encode 3.03 + commit-to-done 57.38 + repair-load 19.13 + accounting 0.04 + tail 1.99 = 81.59 of a 88.74 ms wall, residual 7.16
ds4:   GPU busy 59.49 ms of the token's wall (the union of its buffers' spans), idle 29.26 ms
ds4:   1410.7 gated dispatches a token, 13.1 of them behind an abort; 546.4 sent plain ahead of a buffer's first validate
ds4:   encode-ahead: 7.61 segments used, 15.98 dropped, 6.26 ms a token spent encoding under the GPU
ds4:   concurrent sections: 235.62 attempted, 235.62 opened a token
ds4:   speculation: 0.00 layers a token, 0.00 lanes computed, 0.00 matched, 0.00 GEMVs actually saved, 0.00 left to compute; compared 0.00 lanes, 0.00 floats differ, 0.00 by more than an ulp
ds4:   Metal 4: 42.36 command buffers sent, 3464.9 dispatches a token; 0 pieces of Metal 3 work so far
ds4:   Metal 4 a token: 42.36 contexts in 42.36 command buffers (0.00 split); 3658.1 nodes = 3464.9 dispatches + 193.2 copies; barriers 2587.5 from the graph, 84.7 queue; engine asked for 124.6 barriers and 496.8 section ends, neither encoded; 14250.5 buffer and 3997.8 constant bindings (357514 B), 0.0 with no stated length; 42.36 blocking waits, 57.15 ms
ds4:   expert cache over the last 64 tokens: 239.52 hits, 33.36 misses, 33.36 evictions a token; 2048 of 2048 entries live (100.0%)
ds4:   of the address-table holes repaired a token: 0.00 already resident, 33.36 genuinely absent
ds4:   of the repair a token: readahead 9.42 ms, slot preparation 0.48 ms, reads 8.25 ms, install 0.08 ms, over 33.36 loads
ds4:   Engram rows written at step start in 768 steps; layer-13 drains 0
ds4:   residency a token: 0.00 adds, 0.00 removes, 0.00 commits
ds4:   decode path so far: 832 single-row steps (91.6 ms each inside the graph over the last 64), 0 K-row verification steps over 0 positions, 0 batch-fusion sites taken; candidate K none
ds4: gate over tokens 769-832: 25.59 command buffers, 17.22 aborts, 240.0 expert ids accounted, 327.63 MiB loaded a token; 0 the gate failed to switch off, 0 it could not gate
ds4:   one token, exclusive, same window: entry 0.00 + encode 3.16 + commit-to-done 57.15 + repair-load 20.12 + accounting 0.04 + tail 2.03 = 82.50 of a 89.81 ms wall, residual 7.31
ds4:   GPU busy 59.38 ms of the token's wall (the union of its buffers' spans), idle 30.43 ms
ds4:   1409.6 gated dispatches a token, 9.7 of them behind an abort; 560.5 sent plain ahead of a buffer's first validate
ds4:   encode-ahead: 7.38 segments used, 16.48 dropped, 6.39 ms a token spent encoding under the GPU
ds4:   concurrent sections: 239.91 attempted, 239.91 opened a token
ds4:   speculation: 0.00 layers a token, 0.00 lanes computed, 0.00 matched, 0.00 GEMVs actually saved, 0.00 left to compute; compared 0.00 lanes, 0.00 floats differ, 0.00 by more than an ulp
ds4:   Metal 4: 43.08 command buffers sent, 3528.6 dispatches a token; 0 pieces of Metal 3 work so far
ds4:   Metal 4 a token: 43.08 contexts in 43.08 command buffers (0.00 split); 3725.4 nodes = 3528.6 dispatches + 196.8 copies; barriers 2632.8 from the graph, 86.2 queue; engine asked for 126.6 barriers and 505.7 section ends, neither encoded; 14504.6 buffer and 4071.0 constant bindings (363802 B), 0.0 with no stated length; 43.08 blocking waits, 56.90 ms
ds4:   expert cache over the last 64 tokens: 238.08 hits, 34.52 misses, 34.52 evictions a token; 2048 of 2048 entries live (100.0%)
ds4:   of the address-table holes repaired a token: 0.00 already resident, 34.52 genuinely absent
ds4:   of the repair a token: readahead 10.12 ms, slot preparation 0.52 ms, reads 8.47 ms, install 0.09 ms, over 34.52 loads
ds4:   Engram rows written at step start in 832 steps; layer-13 drains 0
ds4:   residency a token: 0.00 adds, 0.00 removes, 0.00 commits
ds4:   decode path so far: 896 single-row steps (91.1 ms each inside the graph over the last 64), 0 K-row verification steps over 0 positions, 0 batch-fusion sites taken; candidate K none
ds4: gate over tokens 833-896: 25.36 command buffers, 16.77 aborts, 240.0 expert ids accounted, 322.14 MiB loaded a token; 0 the gate failed to switch off, 0 it could not gate
ds4:   one token, exclusive, same window: entry 0.00 + encode 3.12 + commit-to-done 57.59 + repair-load 18.82 + accounting 0.04 + tail 2.11 = 81.68 of a 88.99 ms wall, residual 7.30
ds4:   GPU busy 59.70 ms of the token's wall (the union of its buffers' spans), idle 29.29 ms
ds4:   1415.1 gated dispatches a token, 13.5 of them behind an abort; 544.7 sent plain ahead of a buffer's first validate
ds4:   encode-ahead: 7.59 segments used, 15.95 dropped, 6.43 ms a token spent encoding under the GPU
ds4:   concurrent sections: 235.88 attempted, 235.88 opened a token
ds4:   speculation: 0.00 layers a token, 0.00 lanes computed, 0.00 matched, 0.00 GEMVs actually saved, 0.00 left to compute; compared 0.00 lanes, 0.00 floats differ, 0.00 by more than an ulp
ds4:   Metal 4: 42.31 command buffers sent, 3473.9 dispatches a token; 0 pieces of Metal 3 work so far
ds4:   Metal 4 a token: 42.31 contexts in 42.31 command buffers (0.00 split); 3666.4 nodes = 3473.9 dispatches + 192.5 copies; barriers 2592.5 from the graph, 84.6 queue; engine asked for 124.7 barriers and 497.3 section ends, neither encoded; 14277.5 buffer and 4007.5 constant bindings (358143 B), 0.0 with no stated length; 42.31 blocking waits, 57.39 ms
ds4:   expert cache over the last 64 tokens: 238.80 hits, 33.94 misses, 33.94 evictions a token; 2048 of 2048 entries live (100.0%)
ds4:   of the address-table holes repaired a token: 0.00 already resident, 33.94 genuinely absent
ds4:   of the repair a token: readahead 8.76 ms, slot preparation 0.47 ms, reads 8.55 ms, install 0.09 ms, over 33.94 loads
ds4:   Engram rows written at step start in 896 steps; layer-13 drains 0
ds4:   residency a token: 0.00 adds, 0.00 removes, 0.00 commits
ds4:   decode path so far: 960 single-row steps (92.1 ms each inside the graph over the last 64), 0 K-row verification steps over 0 positions, 0 batch-fusion sites taken; candidate K none
ds4: gate over tokens 897-960: 25.55 command buffers, 17.25 aborts, 240.0 expert ids accounted, 320.51 MiB loaded a token; 0 the gate failed to switch off, 0 it could not gate
ds4:   one token, exclusive, same window: entry 0.00 + encode 3.35 + commit-to-done 55.54 + repair-load 21.27 + accounting 0.04 + tail 2.00 = 82.21 of a 89.80 ms wall, residual 7.60
ds4:   GPU busy 57.35 ms of the token's wall (the union of its buffers' spans), idle 32.46 ms
ds4:   1403.8 gated dispatches a token, 12.6 of them behind an abort; 563.1 sent plain ahead of a buffer's first validate
ds4:   encode-ahead: 7.30 segments used, 16.47 dropped, 6.76 ms a token spent encoding under the GPU
ds4:   concurrent sections: 239.94 attempted, 239.94 opened a token
ds4:   speculation: 0.00 layers a token, 0.00 lanes computed, 0.00 matched, 0.00 GEMVs actually saved, 0.00 left to compute; compared 0.00 lanes, 0.00 floats differ, 0.00 by more than an ulp
ds4:   Metal 4: 43.02 command buffers sent, 3528.9 dispatches a token; 0 pieces of Metal 3 work so far
ds4:   Metal 4 a token: 43.02 contexts in 43.02 command buffers (0.00 split); 3725.0 nodes = 3528.9 dispatches + 196.1 copies; barriers 2633.0 from the graph, 86.0 queue; engine asked for 126.5 barriers and 505.6 section ends, neither encoded; 14503.5 buffer and 4071.5 constant bindings (363831 B), 0.0 with no stated length; 43.02 blocking waits, 55.08 ms
ds4:   expert cache over the last 64 tokens: 237.11 hits, 33.77 misses, 33.77 evictions a token; 2048 of 2048 entries live (100.0%)
ds4:   of the address-table holes repaired a token: 0.00 already resident, 33.77 genuinely absent
ds4:   of the repair a token: readahead 10.84 ms, slot preparation 0.55 ms, reads 8.83 ms, install 0.09 ms, over 33.77 loads
ds4:   Engram rows written at step start in 960 steps; layer-13 drains 0
ds4:   residency a token: 0.00 adds, 0.00 removes, 0.00 commits
ds4:   decode path so far: 1024 single-row steps (88.5 ms each inside the graph over the last 64), 0 K-row verification steps over 0 positions, 0 batch-fusion sites taken; candidate K none
ds4: gate over tokens 961-1024: 24.92 command buffers, 16.19 aborts, 240.0 expert ids accounted, 310.42 MiB loaded a token; 0 the gate failed to switch off, 0 it could not gate
ds4:   one token, exclusive, same window: entry 0.00 + encode 3.03 + commit-to-done 55.67 + repair-load 18.88 + accounting 0.04 + tail 2.08 = 79.70 of a 86.86 ms wall, residual 7.16
ds4:   GPU busy 57.89 ms of the token's wall (the union of its buffers' spans), idle 28.97 ms
ds4:   1401.5 gated dispatches a token, 15.4 of them behind an abort; 527.1 sent plain ahead of a buffer's first validate
ds4:   encode-ahead: 7.73 segments used, 15.34 dropped, 6.38 ms a token spent encoding under the GPU
ds4:   concurrent sections: 229.12 attempted, 229.12 opened a token
ds4:   speculation: 0.00 layers a token, 0.00 lanes computed, 0.00 matched, 0.00 GEMVs actually saved, 0.00 left to compute; compared 0.00 lanes, 0.00 floats differ, 0.00 by more than an ulp
ds4:   Metal 4: 41.27 command buffers sent, 3375.2 dispatches a token; 0 pieces of Metal 3 work so far
ds4:   Metal 4 a token: 41.27 contexts in 41.27 command buffers (0.00 split); 3563.2 nodes = 3375.2 dispatches + 188.0 copies; barriers 2521.2 from the graph, 82.5 queue; engine asked for 121.5 barriers and 483.3 section ends, neither encoded; 13876.4 buffer and 3893.5 constant bindings (348206 B), 0.0 with no stated length; 41.27 blocking waits, 55.45 ms
ds4:   expert cache over the last 64 tokens: 239.62 hits, 32.70 misses, 32.70 evictions a token; 2048 of 2048 entries live (100.0%)
ds4:   of the address-table holes repaired a token: 0.00 already resident, 32.70 genuinely absent
ds4:   of the repair a token: readahead 9.18 ms, slot preparation 0.48 ms, reads 8.24 ms, install 0.09 ms, over 32.70 loads
ds4:   Engram rows written at step start in 1024 steps; layer-13 drains 0
ds4:   residency a token: 0.00 adds, 0.00 removes, 0.00 commits
ds4:   decode path so far: 1088 single-row steps (90.6 ms each inside the graph over the last 64), 0 K-row verification steps over 0 positions, 0 batch-fusion sites taken; candidate K none
ds4: gate over tokens 1025-1088: 24.64 command buffers, 15.84 aborts, 240.0 expert ids accounted, 311.02 MiB loaded a token; 0 the gate failed to switch off, 0 it could not gate
ds4:   one token, exclusive, same window: entry 0.00 + encode 3.00 + commit-to-done 56.90 + repair-load 19.44 + accounting 0.04 + tail 2.11 = 81.49 of a 88.52 ms wall, residual 7.03
ds4:   GPU busy 58.83 ms of the token's wall (the union of its buffers' spans), idle 29.69 ms
ds4:   1378.4 gated dispatches a token, 10.8 of them behind an abort; 510.6 sent plain ahead of a buffer's first validate
ds4:   encode-ahead: 7.80 segments used, 15.09 dropped, 6.21 ms a token spent encoding under the GPU
ds4:   concurrent sections: 226.47 attempted, 226.47 opened a token
ds4:   speculation: 0.00 layers a token, 0.00 lanes computed, 0.00 matched, 0.00 GEMVs actually saved, 0.00 left to compute; compared 0.00 lanes, 0.00 floats differ, 0.00 by more than an ulp
ds4:   Metal 4: 40.73 command buffers sent, 3290.6 dispatches a token; 0 pieces of Metal 3 work so far
ds4:   Metal 4 a token: 40.73 contexts in 40.73 command buffers (0.00 split); 3474.1 nodes = 3290.6 dispatches + 183.4 copies; barriers 2443.0 from the graph, 81.5 queue; engine asked for 120.3 barriers and 477.8 section ends, neither encoded; 13533.1 buffer and 3803.2 constant bindings (339153 B), 0.0 with no stated length; 40.73 blocking waits, 56.78 ms
ds4:   expert cache over the last 64 tokens: 239.59 hits, 32.77 misses, 32.77 evictions a token; 2048 of 2048 entries live (100.0%)
ds4:   of the address-table holes repaired a token: 0.00 already resident, 32.77 genuinely absent
ds4:   of the repair a token: readahead 9.35 ms, slot preparation 0.46 ms, reads 8.65 ms, install 0.09 ms, over 32.77 loads
ds4:   Engram rows written at step start in 1088 steps; layer-13 drains 0
ds4:   residency a token: 0.00 adds, 0.00 removes, 0.00 commits
ds4:   decode path so far: 1152 single-row steps (94.3 ms each inside the graph over the last 64), 0 K-row verification steps over 0 positions, 0 batch-fusion sites taken; candidate K none
ds4: gate over tokens 1089-1152: 27.44 command buffers, 19.80 aborts, 240.0 expert ids accounted, 417.36 MiB loaded a token; 0 the gate failed to switch off, 0 it could not gate
ds4:   one token, exclusive, same window: entry 0.00 + encode 3.71 + commit-to-done 54.46 + repair-load 24.58 + accounting 0.04 + tail 1.95 = 84.75 of a 92.68 ms wall, residual 7.93
ds4:   GPU busy 55.90 ms of the token's wall (the union of its buffers' spans), idle 36.78 ms
ds4:   1418.2 gated dispatches a token, 13.6 of them behind an abort; 630.5 sent plain ahead of a buffer's first validate
ds4:   encode-ahead: 6.64 segments used, 18.91 dropped, 7.03 ms a token spent encoding under the GPU
ds4:   concurrent sections: 263.56 attempted, 263.56 opened a token
ds4:   speculation: 0.00 layers a token, 0.00 lanes computed, 0.00 matched, 0.00 GEMVs actually saved, 0.00 left to compute; compared 0.00 lanes, 0.00 floats differ, 0.00 by more than an ulp
ds4:   Metal 4: 47.34 command buffers sent, 3798.1 dispatches a token; 0 pieces of Metal 3 work so far
ds4:   Metal 4 a token: 47.34 contexts in 47.34 command buffers (0.00 split); 4029.0 nodes = 3798.1 dispatches + 231.0 copies; barriers 2819.2 from the graph, 94.7 queue; engine asked for 137.5 barriers and 554.7 section ends, neither encoded; 15625.9 buffer and 4392.8 constant bindings (391747 B), 0.0 with no stated length; 47.34 blocking waits, 53.68 ms
ds4:   expert cache over the last 64 tokens: 233.27 hits, 43.97 misses, 43.97 evictions a token; 2048 of 2048 entries live (100.0%)
ds4:   of the address-table holes repaired a token: 0.00 already resident, 43.97 genuinely absent
ds4:   of the repair a token: readahead 12.08 ms, slot preparation 0.50 ms, reads 10.64 ms, install 0.11 ms, over 43.97 loads
ds4:   Engram rows written at step start in 1152 steps; layer-13 drains 0
ds4:   residency a token: 0.00 adds, 0.00 removes, 0.00 commits
ds4:   decode path so far: 1216 single-row steps (89.4 ms each inside the graph over the last 64), 0 K-row verification steps over 0 positions, 0 batch-fusion sites taken; candidate K none
ds4: gate over tokens 1153-1216: 25.89 command buffers, 17.50 aborts, 240.0 expert ids accounted, 344.09 MiB loaded a token; 0 the gate failed to switch off, 0 it could not gate
ds4:   one token, exclusive, same window: entry 0.00 + encode 3.31 + commit-to-done 55.38 + repair-load 19.16 + accounting 0.04 + tail 1.98 = 79.88 of a 87.40 ms wall, residual 7.52
ds4:   GPU busy 57.36 ms of the token's wall (the union of its buffers' spans), idle 30.04 ms
ds4:   1402.7 gated dispatches a token, 12.2 of them behind an abort; 559.8 sent plain ahead of a buffer's first validate
ds4:   encode-ahead: 7.39 segments used, 16.70 dropped, 6.66 ms a token spent encoding under the GPU
ds4:   concurrent sections: 242.97 attempted, 242.97 opened a token
ds4:   speculation: 0.00 layers a token, 0.00 lanes computed, 0.00 matched, 0.00 GEMVs actually saved, 0.00 left to compute; compared 0.00 lanes, 0.00 floats differ, 0.00 by more than an ulp
ds4:   Metal 4: 43.59 command buffers sent, 3520.2 dispatches a token; 0 pieces of Metal 3 work so far
ds4:   Metal 4 a token: 43.59 contexts in 43.59 command buffers (0.00 split); 3724.8 nodes = 3520.2 dispatches + 204.7 copies; barriers 2613.4 from the graph, 87.2 queue; engine asked for 128.1 barriers and 512.0 section ends, neither encoded; 14475.9 buffer and 4069.5 constant bindings (362895 B), 0.0 with no stated length; 43.59 blocking waits, 54.92 ms
ds4:   expert cache over the last 64 tokens: 238.78 hits, 36.25 misses, 36.25 evictions a token; 2048 of 2048 entries live (100.0%)
ds4:   of the address-table holes repaired a token: 0.00 already resident, 36.25 genuinely absent
ds4:   of the repair a token: readahead 8.58 ms, slot preparation 0.49 ms, reads 8.98 ms, install 0.10 ms, over 36.25 loads
ds4:   Engram rows written at step start in 1216 steps; layer-13 drains 0
ds4:   residency a token: 0.00 adds, 0.00 removes, 0.00 commits
ds4:   decode path so far: 1280 single-row steps (90.9 ms each inside the graph over the last 64), 0 K-row verification steps over 0 positions, 0 batch-fusion sites taken; candidate K none
ds4: gate over tokens 1217-1280: 25.52 command buffers, 17.06 aborts, 240.0 expert ids accounted, 325.26 MiB loaded a token; 0 the gate failed to switch off, 0 it could not gate
ds4:   one token, exclusive, same window: entry 0.00 + encode 3.07 + commit-to-done 55.77 + repair-load 20.53 + accounting 0.04 + tail 2.01 = 81.44 of a 88.46 ms wall, residual 7.03
ds4:   GPU busy 57.67 ms of the token's wall (the union of its buffers' spans), idle 30.79 ms
ds4:   1388.2 gated dispatches a token, 12.2 of them behind an abort; 544.8 sent plain ahead of a buffer's first validate
ds4:   encode-ahead: 7.45 segments used, 16.20 dropped, 6.19 ms a token spent encoding under the GPU
ds4:   concurrent sections: 237.94 attempted, 237.94 opened a token
ds4:   speculation: 0.00 layers a token, 0.00 lanes computed, 0.00 matched, 0.00 GEMVs actually saved, 0.00 left to compute; compared 0.00 lanes, 0.00 floats differ, 0.00 by more than an ulp
ds4:   Metal 4: 42.72 command buffers sent, 3445.6 dispatches a token; 0 pieces of Metal 3 work so far
ds4:   Metal 4 a token: 42.72 contexts in 42.72 command buffers (0.00 split); 3640.8 nodes = 3445.6 dispatches + 195.1 copies; barriers 2560.7 from the graph, 85.4 queue; engine asked for 125.6 barriers and 501.5 section ends, neither encoded; 14176.4 buffer and 3983.7 constant bindings (355552 B), 0.0 with no stated length; 42.72 blocking waits, 55.48 ms
ds4:   expert cache over the last 64 tokens: 239.34 hits, 34.27 misses, 34.27 evictions a token; 2048 of 2048 entries live (100.0%)
ds4:   of the address-table holes repaired a token: 0.00 already resident, 34.27 genuinely absent
ds4:   of the repair a token: readahead 10.47 ms, slot preparation 0.46 ms, reads 8.56 ms, install 0.09 ms, over 34.27 loads
ds4:   Engram rows written at step start in 1280 steps; layer-13 drains 0
ds4:   residency a token: 0.00 adds, 0.00 removes, 0.00 commits
ds4:   decode path so far: 1344 single-row steps (88.4 ms each inside the graph over the last 64), 0 K-row verification steps over 0 positions, 0 batch-fusion sites taken; candidate K none
ds4: gate over tokens 1281-1344: 25.81 command buffers, 17.44 aborts, 240.0 expert ids accounted, 339.35 MiB loaded a token; 0 the gate failed to switch off, 0 it could not gate
ds4:   one token, exclusive, same window: entry 0.00 + encode 3.13 + commit-to-done 55.72 + repair-load 18.62 + accounting 0.05 + tail 2.00 = 79.52 of a 86.62 ms wall, residual 7.11
ds4:   GPU busy 57.51 ms of the token's wall (the union of its buffers' spans), idle 29.11 ms
ds4:   1401.4 gated dispatches a token, 11.7 of them behind an abort; 558.6 sent plain ahead of a buffer's first validate
ds4:   encode-ahead: 7.38 segments used, 16.62 dropped, 6.27 ms a token spent encoding under the GPU
ds4:   concurrent sections: 241.94 attempted, 241.94 opened a token
ds4:   speculation: 0.00 layers a token, 0.00 lanes computed, 0.00 matched, 0.00 GEMVs actually saved, 0.00 left to compute; compared 0.00 lanes, 0.00 floats differ, 0.00 by more than an ulp
ds4:   Metal 4: 43.44 command buffers sent, 3504.2 dispatches a token; 0 pieces of Metal 3 work so far
ds4:   Metal 4 a token: 43.44 contexts in 43.44 command buffers (0.00 split); 3706.3 nodes = 3504.2 dispatches + 202.0 copies; barriers 2601.3 from the graph, 86.9 queue; engine asked for 127.5 barriers and 509.9 section ends, neither encoded; 14412.2 buffer and 4051.2 constant bindings (361265 B), 0.0 with no stated length; 43.44 blocking waits, 55.37 ms
ds4:   expert cache over the last 64 tokens: 238.45 hits, 35.75 misses, 35.75 evictions a token; 2048 of 2048 entries live (100.0%)
ds4:   of the address-table holes repaired a token: 0.00 already resident, 35.75 genuinely absent
ds4:   of the repair a token: readahead 8.42 ms, slot preparation 0.49 ms, reads 8.66 ms, install 0.09 ms, over 35.75 loads
ds4:   Engram rows written at step start in 1344 steps; layer-13 drains 0
ds4:   residency a token: 0.00 adds, 0.00 removes, 0.00 commits
ds4:   decode path so far: 1408 single-row steps (87.8 ms each inside the graph over the last 64), 0 K-row verification steps over 0 positions, 0 batch-fusion sites taken; candidate K none
ds4: gate over tokens 1345-1408: 25.11 command buffers, 16.47 aborts, 240.0 expert ids accounted, 305.23 MiB loaded a token; 0 the gate failed to switch off, 0 it could not gate
ds4:   one token, exclusive, same window: entry 0.00 + encode 2.99 + commit-to-done 55.45 + repair-load 18.69 + accounting 0.04 + tail 2.04 = 79.21 of a 86.18 ms wall, residual 6.98
ds4:   GPU busy 57.54 ms of the token's wall (the union of its buffers' spans), idle 28.64 ms
ds4:   1386.7 gated dispatches a token, 10.3 of them behind an abort; 529.9 sent plain ahead of a buffer's first validate
ds4:   encode-ahead: 7.64 segments used, 15.75 dropped, 6.14 ms a token spent encoding under the GPU
ds4:   concurrent sections: 233.31 attempted, 233.31 opened a token
ds4:   speculation: 0.00 layers a token, 0.00 lanes computed, 0.00 matched, 0.00 GEMVs actually saved, 0.00 left to compute; compared 0.00 lanes, 0.00 floats differ, 0.00 by more than an ulp
ds4:   Metal 4: 41.86 command buffers sent, 3388.1 dispatches a token; 0 pieces of Metal 3 work so far
ds4:   Metal 4 a token: 41.86 contexts in 41.86 command buffers (0.00 split); 3577.2 nodes = 3388.1 dispatches + 189.0 copies; barriers 2515.4 from the graph, 83.7 queue; engine asked for 123.6 barriers and 492.0 section ends, neither encoded; 13931.7 buffer and 3916.1 constant bindings (349214 B), 0.0 with no stated length; 41.86 blocking waits, 55.26 ms
ds4:   expert cache over the last 64 tokens: 239.61 hits, 32.16 misses, 32.16 evictions a token; 2048 of 2048 entries live (100.0%)
ds4:   of the address-table holes repaired a token: 0.00 already resident, 32.16 genuinely absent
ds4:   of the repair a token: readahead 9.12 ms, slot preparation 0.49 ms, reads 8.12 ms, install 0.08 ms, over 32.16 loads
ds4:   Engram rows written at step start in 1408 steps; layer-13 drains 0
ds4:   residency a token: 0.00 adds, 0.00 removes, 0.00 commits
ds4:   decode path so far: 1472 single-row steps (89.1 ms each inside the graph over the last 64), 0 K-row verification steps over 0 positions, 0 batch-fusion sites taken; candidate K none
ds4: gate over tokens 1409-1472: 24.80 command buffers, 16.22 aborts, 240.0 expert ids accounted, 295.44 MiB loaded a token; 0 the gate failed to switch off, 0 it could not gate
ds4:   one token, exclusive, same window: entry 0.00 + encode 2.94 + commit-to-done 55.68 + repair-load 20.13 + accounting 0.04 + tail 2.02 = 80.81 of a 87.62 ms wall, residual 6.81
ds4:   GPU busy 57.71 ms of the token's wall (the union of its buffers' spans), idle 29.92 ms
ds4:   1376.4 gated dispatches a token, 13.6 of them behind an abort; 520.1 sent plain ahead of a buffer's first validate
ds4:   encode-ahead: 7.58 segments used, 15.33 dropped, 5.99 ms a token spent encoding under the GPU
ds4:   concurrent sections: 228.44 attempted, 228.44 opened a token
ds4:   speculation: 0.00 layers a token, 0.00 lanes computed, 0.00 matched, 0.00 GEMVs actually saved, 0.00 left to compute; compared 0.00 lanes, 0.00 floats differ, 0.00 by more than an ulp
ds4:   Metal 4: 41.12 command buffers sent, 3316.1 dispatches a token; 0 pieces of Metal 3 work so far
ds4:   Metal 4 a token: 41.12 contexts in 41.12 command buffers (0.00 split); 3502.6 nodes = 3316.1 dispatches + 186.6 copies; barriers 2462.2 from the graph, 82.2 queue; engine asked for 120.9 barriers and 481.8 section ends, neither encoded; 13635.7 buffer and 3832.8 constant bindings (341823 B), 0.0 with no stated length; 41.12 blocking waits, 55.47 ms
ds4:   expert cache over the last 64 tokens: 239.03 hits, 31.12 misses, 31.12 evictions a token; 2048 of 2048 entries live (100.0%)
ds4:   of the address-table holes repaired a token: 0.00 already resident, 31.12 genuinely absent
ds4:   of the repair a token: readahead 10.93 ms, slot preparation 0.50 ms, reads 7.78 ms, install 0.08 ms, over 31.12 loads
ds4:   Engram rows written at step start in 1472 steps; layer-13 drains 0
ds4:   residency a token: 0.00 adds, 0.00 removes, 0.00 commits
ds4:   decode path so far: 1536 single-row steps (87.0 ms each inside the graph over the last 64), 0 K-row verification steps over 0 positions, 0 batch-fusion sites taken; candidate K none
ds4: gate over tokens 1473-1536: 25.11 command buffers, 16.45 aborts, 240.0 expert ids accounted, 304.79 MiB loaded a token; 0 the gate failed to switch off, 0 it could not gate
ds4:   one token, exclusive, same window: entry 0.00 + encode 2.98 + commit-to-done 54.91 + repair-load 18.21 + accounting 0.04 + tail 1.99 = 78.13 of a 85.01 ms wall, residual 6.88
ds4:   GPU busy 56.99 ms of the token's wall (the union of its buffers' spans), idle 28.02 ms
ds4:   1382.7 gated dispatches a token, 12.2 of them behind an abort; 527.8 sent plain ahead of a buffer's first validate
ds4:   encode-ahead: 7.66 segments used, 15.62 dropped, 6.10 ms a token spent encoding under the GPU
ds4:   concurrent sections: 232.06 attempted, 232.06 opened a token
ds4:   speculation: 0.00 layers a token, 0.00 lanes computed, 0.00 matched, 0.00 GEMVs actually saved, 0.00 left to compute; compared 0.00 lanes, 0.00 floats differ, 0.00 by more than an ulp
ds4:   Metal 4: 41.73 command buffers sent, 3367.9 dispatches a token; 0 pieces of Metal 3 work so far
ds4:   Metal 4 a token: 41.73 contexts in 41.73 command buffers (0.00 split); 3555.3 nodes = 3367.9 dispatches + 187.4 copies; barriers 2503.0 from the graph, 83.5 queue; engine asked for 122.9 barriers and 489.4 section ends, neither encoded; 13852.2 buffer and 3892.9 constant bindings (347414 B), 0.0 with no stated length; 41.73 blocking waits, 54.61 ms
ds4:   expert cache over the last 64 tokens: 239.67 hits, 32.11 misses, 32.11 evictions a token; 2048 of 2048 entries live (100.0%)
ds4:   of the address-table holes repaired a token: 0.00 already resident, 32.11 genuinely absent
ds4:   of the repair a token: readahead 8.84 ms, slot preparation 0.49 ms, reads 7.93 ms, install 0.08 ms, over 32.11 loads
ds4:   Engram rows written at step start in 1536 steps; layer-13 drains 0
ds4:   residency a token: 0.00 adds, 0.00 removes, 0.00 commits
ds4:   decode path so far: 1600 single-row steps (87.5 ms each inside the graph over the last 64), 0 K-row verification steps over 0 positions, 0 batch-fusion sites taken; candidate K none
ds4: gate over tokens 1537-1600: 25.62 command buffers, 17.11 aborts, 240.0 expert ids accounted, 323.03 MiB loaded a token; 0 the gate failed to switch off, 0 it could not gate
ds4:   one token, exclusive, same window: entry 0.00 + encode 3.09 + commit-to-done 55.44 + repair-load 18.29 + accounting 0.04 + tail 1.98 = 78.84 of a 85.90 ms wall, residual 7.06
ds4:   GPU busy 57.50 ms of the token's wall (the union of its buffers' spans), idle 28.40 ms
ds4:   1402.4 gated dispatches a token, 15.0 of them behind an abort; 549.6 sent plain ahead of a buffer's first validate
ds4:   encode-ahead: 7.52 segments used, 16.20 dropped, 6.21 ms a token spent encoding under the GPU
ds4:   concurrent sections: 238.97 attempted, 238.97 opened a token
ds4:   speculation: 0.00 layers a token, 0.00 lanes computed, 0.00 matched, 0.00 GEMVs actually saved, 0.00 left to compute; compared 0.00 lanes, 0.00 floats differ, 0.00 by more than an ulp
ds4:   Metal 4: 42.83 command buffers sent, 3466.4 dispatches a token; 0 pieces of Metal 3 work so far
ds4:   Metal 4 a token: 42.83 contexts in 42.83 command buffers (0.00 split); 3662.9 nodes = 3466.4 dispatches + 196.5 copies; barriers 2573.8 from the graph, 85.7 queue; engine asked for 126.1 barriers and 503.7 section ends, neither encoded; 14252.1 buffer and 4006.9 constant bindings (357320 B), 0.0 with no stated length; 42.83 blocking waits, 55.10 ms
ds4:   expert cache over the last 64 tokens: 239.14 hits, 34.03 misses, 34.03 evictions a token; 2048 of 2048 entries live (100.0%)
ds4:   of the address-table holes repaired a token: 0.00 already resident, 34.03 genuinely absent
ds4:   of the repair a token: readahead 7.95 ms, slot preparation 0.50 ms, reads 8.83 ms, install 0.09 ms, over 34.03 loads
ds4:   Engram rows written at step start in 1600 steps; layer-13 drains 0
ds4:   residency a token: 0.00 adds, 0.00 removes, 0.00 commits
ds4:   decode path so far: 1664 single-row steps (88.7 ms each inside the graph over the last 64), 0 K-row verification steps over 0 positions, 0 batch-fusion sites taken; candidate K none
ds4: gate over tokens 1601-1664: 25.28 command buffers, 16.77 aborts, 240.0 expert ids accounted, 316.36 MiB loaded a token; 0 the gate failed to switch off, 0 it could not gate
ds4:   one token, exclusive, same window: entry 0.00 + encode 3.03 + commit-to-done 54.49 + repair-load 20.35 + accounting 0.04 + tail 1.98 = 79.89 of a 86.81 ms wall, residual 6.93
ds4:   GPU busy 56.35 ms of the token's wall (the union of its buffers' spans), idle 30.46 ms
ds4:   1381.6 gated dispatches a token, 13.6 of them behind an abort; 537.9 sent plain ahead of a buffer's first validate
ds4:   encode-ahead: 7.52 segments used, 15.94 dropped, 6.12 ms a token spent encoding under the GPU
ds4:   concurrent sections: 234.66 attempted, 234.66 opened a token
ds4:   speculation: 0.00 layers a token, 0.00 lanes computed, 0.00 matched, 0.00 GEMVs actually saved, 0.00 left to compute; compared 0.00 lanes, 0.00 floats differ, 0.00 by more than an ulp
ds4:   Metal 4: 42.22 command buffers sent, 3403.7 dispatches a token; 0 pieces of Metal 3 work so far
ds4:   Metal 4 a token: 42.22 contexts in 42.22 command buffers (0.00 split); 3595.9 nodes = 3403.7 dispatches + 192.2 copies; barriers 2527.1 from the graph, 84.4 queue; engine asked for 124.0 barriers and 494.8 section ends, neither encoded; 13997.1 buffer and 3934.3 constant bindings (350860 B), 0.0 with no stated length; 42.22 blocking waits, 54.19 ms
ds4:   expert cache over the last 64 tokens: 239.03 hits, 33.33 misses, 33.33 evictions a token; 2048 of 2048 entries live (100.0%)
ds4:   of the address-table holes repaired a token: 0.00 already resident, 33.33 genuinely absent
ds4:   of the repair a token: readahead 10.40 ms, slot preparation 0.47 ms, reads 8.47 ms, install 0.09 ms, over 33.33 loads
ds4:   Engram rows written at step start in 1664 steps; layer-13 drains 0
ds4:   residency a token: 0.00 adds, 0.00 removes, 0.00 commits
ds4:   decode path so far: 1728 single-row steps (84.7 ms each inside the graph over the last 64), 0 K-row verification steps over 0 positions, 0 batch-fusion sites taken; candidate K none
ds4: gate over tokens 1665-1728: 24.48 command buffers, 15.72 aborts, 240.0 expert ids accounted, 277.20 MiB loaded a token; 0 the gate failed to switch off, 0 it could not gate
ds4:   one token, exclusive, same window: entry 0.00 + encode 2.81 + commit-to-done 55.77 + repair-load 15.64 + accounting 0.04 + tail 1.99 = 76.26 of a 82.95 ms wall, residual 6.69
ds4:   GPU busy 58.28 ms of the token's wall (the union of its buffers' spans), idle 24.68 ms
ds4:   1373.1 gated dispatches a token, 13.6 of them behind an abort; 505.7 sent plain ahead of a buffer's first validate
ds4:   encode-ahead: 7.77 segments used, 14.98 dropped, 5.89 ms a token spent encoding under the GPU
ds4:   concurrent sections: 225.03 attempted, 225.03 opened a token
ds4:   speculation: 0.00 layers a token, 0.00 lanes computed, 0.00 matched, 0.00 GEMVs actually saved, 0.00 left to compute; compared 0.00 lanes, 0.00 floats differ, 0.00 by more than an ulp
ds4:   Metal 4: 40.47 command buffers sent, 3270.8 dispatches a token; 0 pieces of Metal 3 work so far
ds4:   Metal 4 a token: 40.47 contexts in 40.47 command buffers (0.00 split); 3447.5 nodes = 3270.8 dispatches + 176.6 copies; barriers 2428.2 from the graph, 80.9 queue; engine asked for 119.5 barriers and 474.8 section ends, neither encoded; 13449.5 buffer and 3780.2 constant bindings (337072 B), 0.0 with no stated length; 40.47 blocking waits, 55.66 ms
ds4:   expert cache over the last 64 tokens: 239.86 hits, 29.20 misses, 29.20 evictions a token; 2048 of 2048 entries live (100.0%)
ds4:   of the address-table holes repaired a token: 0.00 already resident, 29.20 genuinely absent
ds4:   of the repair a token: readahead 6.92 ms, slot preparation 0.51 ms, reads 7.37 ms, install 0.08 ms, over 29.20 loads
ds4:   Engram rows written at step start in 1728 steps; layer-13 drains 0
ds4:   residency a token: 0.00 adds, 0.00 removes, 0.00 commits
ds4:   decode path so far: 1792 single-row steps (84.4 ms each inside the graph over the last 64), 0 K-row verification steps over 0 positions, 0 batch-fusion sites taken; candidate K none
ds4: gate over tokens 1729-1792: 23.98 command buffers, 14.98 aborts, 240.0 expert ids accounted, 267.71 MiB loaded a token; 0 the gate failed to switch off, 0 it could not gate
ds4:   one token, exclusive, same window: entry 0.00 + encode 2.63 + commit-to-done 56.53 + repair-load 14.58 + accounting 0.04 + tail 2.04 = 75.82 of a 82.26 ms wall, residual 6.44
ds4:   GPU busy 58.89 ms of the token's wall (the union of its buffers' spans), idle 23.37 ms
ds4:   1363.0 gated dispatches a token, 11.2 of them behind an abort; 484.1 sent plain ahead of a buffer's first validate
ds4:   encode-ahead: 8.00 segments used, 14.23 dropped, 5.65 ms a token spent encoding under the GPU
ds4:   concurrent sections: 218.31 attempted, 218.31 opened a token
ds4:   speculation: 0.00 layers a token, 0.00 lanes computed, 0.00 matched, 0.00 GEMVs actually saved, 0.00 left to compute; compared 0.00 lanes, 0.00 floats differ, 0.00 by more than an ulp
ds4:   Metal 4: 39.22 command buffers sent, 3179.5 dispatches a token; 0 pieces of Metal 3 work so far
ds4:   Metal 4 a token: 39.22 contexts in 39.22 command buffers (0.00 split); 3350.1 nodes = 3179.5 dispatches + 170.6 copies; barriers 2364.0 from the graph, 78.4 queue; engine asked for 116.4 barriers and 460.9 section ends, neither encoded; 13076.9 buffer and 3674.1 constant bindings (327963 B), 0.0 with no stated length; 39.22 blocking waits, 56.55 ms
ds4:   expert cache over the last 64 tokens: 239.91 hits, 28.20 misses, 28.20 evictions a token; 2048 of 2048 entries live (100.0%)
ds4:   of the address-table holes repaired a token: 0.00 already resident, 28.20 genuinely absent
ds4:   of the repair a token: readahead 6.22 ms, slot preparation 0.48 ms, reads 7.08 ms, install 0.07 ms, over 28.20 loads
ds4:   Engram rows written at step start in 1792 steps; layer-13 drains 0
ds4:   residency a token: 0.00 adds, 0.00 removes, 0.00 commits
ds4:   decode path so far: 1856 single-row steps (89.2 ms each inside the graph over the last 64), 0 K-row verification steps over 0 positions, 0 batch-fusion sites taken; candidate K none
ds4: gate over tokens 1793-1856: 25.62 command buffers, 17.09 aborts, 240.0 expert ids accounted, 336.08 MiB loaded a token; 0 the gate failed to switch off, 0 it could not gate
ds4:   one token, exclusive, same window: entry 0.00 + encode 3.06 + commit-to-done 55.43 + repair-load 18.72 + accounting 0.04 + tail 2.00 = 79.24 of a 86.21 ms wall, residual 6.97
ds4:   GPU busy 57.19 ms of the token's wall (the union of its buffers' spans), idle 29.02 ms
ds4:   1393.5 gated dispatches a token, 12.7 of them behind an abort; 547.0 sent plain ahead of a buffer's first validate
ds4:   encode-ahead: 7.53 segments used, 16.23 dropped, 6.14 ms a token spent encoding under the GPU
ds4:   concurrent sections: 237.88 attempted, 237.88 opened a token
ds4:   speculation: 0.00 layers a token, 0.00 lanes computed, 0.00 matched, 0.00 GEMVs actually saved, 0.00 left to compute; compared 0.00 lanes, 0.00 floats differ, 0.00 by more than an ulp
ds4:   Metal 4: 42.86 command buffers sent, 3447.9 dispatches a token; 0 pieces of Metal 3 work so far
ds4:   Metal 4 a token: 42.86 contexts in 42.86 command buffers (0.00 split); 3646.3 nodes = 3447.9 dispatches + 198.4 copies; barriers 2560.0 from the graph, 85.7 queue; engine asked for 125.6 barriers and 501.5 section ends, neither encoded; 14180.5 buffer and 3985.7 constant bindings (355453 B), 0.0 with no stated length; 42.86 blocking waits, 55.13 ms
ds4:   expert cache over the last 64 tokens: 239.36 hits, 35.41 misses, 35.41 evictions a token; 2048 of 2048 entries live (100.0%)
ds4:   of the address-table holes repaired a token: 0.00 already resident, 35.41 genuinely absent
ds4:   of the repair a token: readahead 8.46 ms, slot preparation 0.48 ms, reads 8.74 ms, install 0.09 ms, over 35.41 loads
ds4:   Engram rows written at step start in 1856 steps; layer-13 drains 0
ds4:   residency a token: 0.00 adds, 0.00 removes, 0.00 commits
ds4:   decode path so far: 1920 single-row steps (83.8 ms each inside the graph over the last 64), 0 K-row verification steps over 0 positions, 0 batch-fusion sites taken; candidate K none
ds4: gate over tokens 1857-1920: 23.48 command buffers, 14.31 aborts, 240.0 expert ids accounted, 262.07 MiB loaded a token; 0 the gate failed to switch off, 0 it could not gate
ds4:   one token, exclusive, same window: entry 0.00 + encode 2.52 + commit-to-done 55.42 + repair-load 14.89 + accounting 0.05 + tail 2.04 = 74.90 of a 81.08 ms wall, residual 6.18
ds4:   GPU busy 57.81 ms of the token's wall (the union of its buffers' spans), idle 23.27 ms
ds4:   1354.2 gated dispatches a token, 10.3 of them behind an abort; 460.3 sent plain ahead of a buffer's first validate
ds4:   encode-ahead: 8.17 segments used, 13.61 dropped, 5.48 ms a token spent encoding under the GPU
ds4:   concurrent sections: 210.94 attempted, 210.94 opened a token
ds4:   speculation: 0.00 layers a token, 0.00 lanes computed, 0.00 matched, 0.00 GEMVs actually saved, 0.00 left to compute; compared 0.00 lanes, 0.00 floats differ, 0.00 by more than an ulp
ds4:   Metal 4: 38.09 command buffers sent, 3076.6 dispatches a token; 0 pieces of Metal 3 work so far
ds4:   Metal 4 a token: 38.09 contexts in 38.09 command buffers (0.00 split); 3240.5 nodes = 3076.6 dispatches + 163.9 copies; barriers 2284.8 from the graph, 76.2 queue; engine asked for 112.9 barriers and 445.7 section ends, neither encoded; 12650.8 buffer and 3554.5 constant bindings (317014 B), 0.0 with no stated length; 38.09 blocking waits, 55.46 ms
ds4:   expert cache over the last 64 tokens: 239.66 hits, 27.61 misses, 27.61 evictions a token; 2048 of 2048 entries live (100.0%)
ds4:   of the address-table holes repaired a token: 0.00 already resident, 27.61 genuinely absent
ds4:   of the repair a token: readahead 6.24 ms, slot preparation 0.47 ms, reads 7.42 ms, install 0.07 ms, over 27.61 loads
ds4:   Engram rows written at step start in 1920 steps; layer-13 drains 0
ds4:   residency a token: 0.00 adds, 0.00 removes, 0.00 commits
ds4:   decode path so far: 1984 single-row steps (89.5 ms each inside the graph over the last 64), 0 K-row verification steps over 0 positions, 0 batch-fusion sites taken; candidate K none
ds4: gate over tokens 1921-1984: 26.95 command buffers, 19.12 aborts, 240.0 expert ids accounted, 390.96 MiB loaded a token; 0 the gate failed to switch off, 0 it could not gate
ds4:   one token, exclusive, same window: entry 0.00 + encode 3.38 + commit-to-done 54.54 + repair-load 20.57 + accounting 0.04 + tail 1.97 = 80.50 of a 87.78 ms wall, residual 7.28
ds4:   GPU busy 56.15 ms of the token's wall (the union of its buffers' spans), idle 31.63 ms
ds4:   1411.0 gated dispatches a token, 15.5 of them behind an abort; 613.2 sent plain ahead of a buffer's first validate
ds4:   encode-ahead: 6.83 segments used, 18.17 dropped, 6.44 ms a token spent encoding under the GPU
ds4:   concurrent sections: 257.47 attempted, 257.47 opened a token
ds4:   speculation: 0.00 layers a token, 0.00 lanes computed, 0.00 matched, 0.00 GEMVs actually saved, 0.00 left to compute; compared 0.00 lanes, 0.00 floats differ, 0.00 by more than an ulp
ds4:   Metal 4: 46.12 command buffers sent, 3717.3 dispatches a token; 0 pieces of Metal 3 work so far
ds4:   Metal 4 a token: 46.12 contexts in 46.12 command buffers (0.00 split); 3939.0 nodes = 3717.3 dispatches + 221.7 copies; barriers 2759.5 from the graph, 92.2 queue; engine asked for 134.6 barriers and 541.9 section ends, neither encoded; 15288.8 buffer and 4298.7 constant bindings (383359 B), 0.0 with no stated length; 46.12 blocking waits, 53.92 ms
ds4:   expert cache over the last 64 tokens: 235.83 hits, 41.19 misses, 41.19 evictions a token; 2048 of 2048 entries live (100.0%)
ds4:   of the address-table holes repaired a token: 0.00 already resident, 41.19 genuinely absent
ds4:   of the repair a token: readahead 8.93 ms, slot preparation 0.46 ms, reads 9.94 ms, install 0.10 ms, over 41.19 loads
ds4:   Engram rows written at step start in 1984 steps; layer-13 drains 0
ds4:   residency a token: 0.00 adds, 0.00 removes, 0.00 commits
ds4:   decode path so far: 2048 single-row steps (88.1 ms each inside the graph over the last 64), 0 K-row verification steps over 0 positions, 0 batch-fusion sites taken; candidate K none
ds4: gate over tokens 1985-2048: 25.38 command buffers, 16.86 aborts, 240.0 expert ids accounted, 324.37 MiB loaded a token; 0 the gate failed to switch off, 0 it could not gate
ds4:   one token, exclusive, same window: entry 0.00 + encode 3.07 + commit-to-done 54.69 + repair-load 19.39 + accounting 0.04 + tail 2.00 = 79.19 of a 86.15 ms wall, residual 6.96
ds4:   GPU busy 56.66 ms of the token's wall (the union of its buffers' spans), idle 29.48 ms
ds4:   1385.3 gated dispatches a token, 12.2 of them behind an abort; 540.4 sent plain ahead of a buffer's first validate
ds4:   encode-ahead: 7.52 segments used, 16.05 dropped, 6.16 ms a token spent encoding under the GPU
ds4:   concurrent sections: 236.22 attempted, 236.22 opened a token
ds4:   speculation: 0.00 layers a token, 0.00 lanes computed, 0.00 matched, 0.00 GEMVs actually saved, 0.00 left to compute; compared 0.00 lanes, 0.00 floats differ, 0.00 by more than an ulp
ds4:   Metal 4: 42.42 command buffers sent, 3425.5 dispatches a token; 0 pieces of Metal 3 work so far
ds4:   Metal 4 a token: 42.42 contexts in 42.42 command buffers (0.00 split); 3621.1 nodes = 3425.5 dispatches + 195.6 copies; barriers 2546.1 from the graph, 84.8 queue; engine asked for 124.8 barriers and 498.0 section ends, neither encoded; 14089.3 buffer and 3959.8 constant bindings (353411 B), 0.0 with no stated length; 42.42 blocking waits, 54.37 ms
ds4:   expert cache over the last 64 tokens: 239.30 hits, 34.17 misses, 34.17 evictions a token; 2048 of 2048 entries live (100.0%)
ds4:   of the address-table holes repaired a token: 0.00 already resident, 34.17 genuinely absent
ds4:   of the repair a token: readahead 9.46 ms, slot preparation 0.49 ms, reads 8.43 ms, install 0.09 ms, over 34.17 loads
ds4:   Engram rows written at step start in 2048 steps; layer-13 drains 0
ds4:   residency a token: 0.00 adds, 0.00 removes, 0.00 commits
ds4:   decode path so far: 2112 single-row steps (85.5 ms each inside the graph over the last 64), 0 K-row verification steps over 0 positions, 0 batch-fusion sites taken; candidate K none
ds4: gate over tokens 2049-2112: 24.12 command buffers, 15.19 aborts, 240.0 expert ids accounted, 267.12 MiB loaded a token; 0 the gate failed to switch off, 0 it could not gate
ds4:   one token, exclusive, same window: entry 0.00 + encode 2.57 + commit-to-done 55.40 + repair-load 17.54 + accounting 0.04 + tail 1.97 = 77.52 of a 83.75 ms wall, residual 6.23
ds4:   GPU busy 57.37 ms of the token's wall (the union of its buffers' spans), idle 26.38 ms
ds4:   1348.1 gated dispatches a token, 11.2 of them behind an abort; 479.8 sent plain ahead of a buffer's first validate
ds4:   encode-ahead: 7.94 segments used, 14.33 dropped, 5.50 ms a token spent encoding under the GPU
ds4:   concurrent sections: 218.00 attempted, 218.00 opened a token
ds4:   speculation: 0.00 layers a token, 0.00 lanes computed, 0.00 matched, 0.00 GEMVs actually saved, 0.00 left to compute; compared 0.00 lanes, 0.00 floats differ, 0.00 by more than an ulp
ds4:   Metal 4: 39.45 command buffers sent, 3142.2 dispatches a token; 0 pieces of Metal 3 work so far
ds4:   Metal 4 a token: 39.45 contexts in 39.45 command buffers (0.00 split); 3314.9 nodes = 3142.2 dispatches + 172.7 copies; barriers 2325.5 from the graph, 78.9 queue; engine asked for 116.1 barriers and 460.3 section ends, neither encoded; 12910.0 buffer and 3635.5 constant bindings (323872 B), 0.0 with no stated length; 39.45 blocking waits, 55.34 ms
ds4:   expert cache over the last 64 tokens: 239.70 hits, 28.14 misses, 28.14 evictions a token; 2048 of 2048 entries live (100.0%)
ds4:   of the address-table holes repaired a token: 0.00 already resident, 28.14 genuinely absent
ds4:   of the repair a token: readahead 8.90 ms, slot preparation 0.50 ms, reads 7.36 ms, install 0.07 ms, over 28.14 loads
ds4:   Engram rows written at step start in 2112 steps; layer-13 drains 0
ds4:   residency a token: 0.00 adds, 0.00 removes, 0.00 commits
ds4:   decode path so far: 2176 single-row steps (85.2 ms each inside the graph over the last 64), 0 K-row verification steps over 0 positions, 0 batch-fusion sites taken; candidate K none
ds4: gate over tokens 2113-2176: 24.66 command buffers, 15.86 aborts, 240.0 expert ids accounted, 287.44 MiB loaded a token; 0 the gate failed to switch off, 0 it could not gate
ds4:   one token, exclusive, same window: entry 0.00 + encode 2.83 + commit-to-done 54.36 + repair-load 17.53 + accounting 0.04 + tail 1.98 = 76.75 of a 83.40 ms wall, residual 6.65
ds4:   GPU busy 56.42 ms of the token's wall (the union of its buffers' spans), idle 26.98 ms
ds4:   1365.1 gated dispatches a token, 15.0 of them behind an abort; 507.2 sent plain ahead of a buffer's first validate
ds4:   encode-ahead: 7.80 segments used, 14.98 dropped, 5.95 ms a token spent encoding under the GPU
ds4:   concurrent sections: 225.75 attempted, 225.75 opened a token
ds4:   speculation: 0.00 layers a token, 0.00 lanes computed, 0.00 matched, 0.00 GEMVs actually saved, 0.00 left to compute; compared 0.00 lanes, 0.00 floats differ, 0.00 by more than an ulp
ds4:   Metal 4: 40.64 command buffers sent, 3251.0 dispatches a token; 0 pieces of Metal 3 work so far
ds4:   Metal 4 a token: 40.64 contexts in 40.64 command buffers (0.00 split); 3432.7 nodes = 3251.0 dispatches + 181.7 copies; barriers 2406.1 from the graph, 81.3 queue; engine asked for 119.8 barriers and 476.3 section ends, neither encoded; 13356.1 buffer and 3761.8 constant bindings (335127 B), 0.0 with no stated length; 40.64 blocking waits, 54.08 ms
ds4:   expert cache over the last 64 tokens: 239.83 hits, 30.28 misses, 30.28 evictions a token; 2048 of 2048 entries live (100.0%)
ds4:   of the address-table holes repaired a token: 0.00 already resident, 30.28 genuinely absent
ds4:   of the repair a token: readahead 8.41 ms, slot preparation 0.46 ms, reads 7.75 ms, install 0.08 ms, over 30.28 loads
ds4:   Engram rows written at step start in 2176 steps; layer-13 drains 0
ds4:   residency a token: 0.00 adds, 0.00 removes, 0.00 commits
ds4:   decode path so far: 2240 single-row steps (85.3 ms each inside the graph over the last 64), 0 K-row verification steps over 0 positions, 0 batch-fusion sites taken; candidate K none
ds4: gate over tokens 2177-2240: 24.53 command buffers, 15.61 aborts, 240.0 expert ids accounted, 268.75 MiB loaded a token; 0 the gate failed to switch off, 0 it could not gate
ds4:   one token, exclusive, same window: entry 0.00 + encode 2.65 + commit-to-done 55.21 + repair-load 16.32 + accounting 0.04 + tail 2.00 = 76.23 of a 82.59 ms wall, residual 6.36
ds4:   GPU busy 57.46 ms of the token's wall (the union of its buffers' spans), idle 25.14 ms
ds4:   1367.0 gated dispatches a token, 12.7 of them behind an abort; 498.7 sent plain ahead of a buffer's first validate
ds4:   encode-ahead: 7.92 segments used, 14.81 dropped, 5.58 ms a token spent encoding under the GPU
ds4:   concurrent sections: 224.28 attempted, 224.28 opened a token
ds4:   speculation: 0.00 layers a token, 0.00 lanes computed, 0.00 matched, 0.00 GEMVs actually saved, 0.00 left to compute; compared 0.00 lanes, 0.00 floats differ, 0.00 by more than an ulp
ds4:   Metal 4: 40.34 command buffers sent, 3233.2 dispatches a token; 0 pieces of Metal 3 work so far
ds4:   Metal 4 a token: 40.34 contexts in 40.34 command buffers (0.00 split); 3408.7 nodes = 3233.2 dispatches + 175.5 copies; barriers 2393.1 from the graph, 80.7 queue; engine asked for 119.3 barriers and 473.3 section ends, neither encoded; 13283.2 buffer and 3741.0 constant bindings (333274 B), 0.0 with no stated length; 40.34 blocking waits, 55.17 ms
ds4:   expert cache over the last 64 tokens: 239.69 hits, 28.31 misses, 28.31 evictions a token; 2048 of 2048 entries live (100.0%)
ds4:   of the address-table holes repaired a token: 0.00 already resident, 28.31 genuinely absent
ds4:   of the repair a token: readahead 8.01 ms, slot preparation 0.51 ms, reads 7.02 ms, install 0.07 ms, over 28.31 loads
ds4:   Engram rows written at step start in 2240 steps; layer-13 drains 0
ds4:   residency a token: 0.00 adds, 0.00 removes, 0.00 commits
ds4:   decode path so far: 2304 single-row steps (83.1 ms each inside the graph over the last 64), 0 K-row verification steps over 0 positions, 0 batch-fusion sites taken; candidate K none
ds4: gate over tokens 2241-2304: 24.34 command buffers, 15.22 aborts, 240.0 expert ids accounted, 261.18 MiB loaded a token; 0 the gate failed to switch off, 0 it could not gate
ds4:   one token, exclusive, same window: entry 0.00 + encode 2.52 + commit-to-done 55.31 + repair-load 15.24 + accounting 0.04 + tail 2.02 = 75.13 of a 81.33 ms wall, residual 6.20
ds4:   GPU busy 57.52 ms of the token's wall (the union of its buffers' spans), idle 23.81 ms
ds4:   1363.3 gated dispatches a token, 9.8 of them behind an abort; 485.7 sent plain ahead of a buffer's first validate
ds4:   encode-ahead: 8.12 segments used, 14.42 dropped, 5.47 ms a token spent encoding under the GPU
ds4:   concurrent sections: 220.59 attempted, 220.59 opened a token
ds4:   speculation: 0.00 layers a token, 0.00 lanes computed, 0.00 matched, 0.00 GEMVs actually saved, 0.00 left to compute; compared 0.00 lanes, 0.00 floats differ, 0.00 by more than an ulp
ds4:   Metal 4: 39.77 command buffers sent, 3182.6 dispatches a token; 0 pieces of Metal 3 work so far
ds4:   Metal 4 a token: 39.77 contexts in 39.77 command buffers (0.00 split); 3356.0 nodes = 3182.6 dispatches + 173.4 copies; barriers 2357.7 from the graph, 79.5 queue; engine asked for 117.6 barriers and 465.7 section ends, neither encoded; 13077.5 buffer and 3682.1 constant bindings (328247 B), 0.0 with no stated length; 39.77 blocking waits, 55.32 ms
ds4:   expert cache over the last 64 tokens: 239.47 hits, 27.52 misses, 27.52 evictions a token; 2048 of 2048 entries live (100.0%)
ds4:   of the address-table holes repaired a token: 0.00 already resident, 27.52 genuinely absent
ds4:   of the repair a token: readahead 7.25 ms, slot preparation 0.49 ms, reads 6.74 ms, install 0.07 ms, over 27.52 loads
ds4:   Engram rows written at step start in 2304 steps; layer-13 drains 0
ds4:   residency a token: 0.00 adds, 0.00 removes, 0.00 commits
ds4:   decode path so far: 2368 single-row steps (84.7 ms each inside the graph over the last 64), 0 K-row verification steps over 0 positions, 0 batch-fusion sites taken; candidate K none
ds4: gate over tokens 2305-2368: 25.08 command buffers, 16.48 aborts, 240.0 expert ids accounted, 307.75 MiB loaded a token; 0 the gate failed to switch off, 0 it could not gate
ds4:   one token, exclusive, same window: entry 0.00 + encode 2.83 + commit-to-done 54.96 + repair-load 16.69 + accounting 0.04 + tail 2.00 = 76.51 of a 83.08 ms wall, residual 6.57
ds4:   GPU busy 57.01 ms of the token's wall (the union of its buffers' spans), idle 26.06 ms
ds4:   1367.4 gated dispatches a token, 13.6 of them behind an abort; 523.5 sent plain ahead of a buffer's first validate
ds4:   encode-ahead: 7.59 segments used, 15.59 dropped, 5.81 ms a token spent encoding under the GPU
ds4:   concurrent sections: 231.84 attempted, 231.84 opened a token
ds4:   speculation: 0.00 layers a token, 0.00 lanes computed, 0.00 matched, 0.00 GEMVs actually saved, 0.00 left to compute; compared 0.00 lanes, 0.00 floats differ, 0.00 by more than an ulp
ds4:   Metal 4: 41.67 command buffers sent, 3332.1 dispatches a token; 0 pieces of Metal 3 work so far
ds4:   Metal 4 a token: 41.67 contexts in 41.67 command buffers (0.00 split); 3521.2 nodes = 3332.1 dispatches + 189.1 copies; barriers 2465.6 from the graph, 83.3 queue; engine asked for 122.6 barriers and 488.9 section ends, neither encoded; 13693.3 buffer and 3856.6 constant bindings (343546 B), 0.0 with no stated length; 41.67 blocking waits, 54.75 ms
ds4:   expert cache over the last 64 tokens: 239.52 hits, 32.42 misses, 32.42 evictions a token; 2048 of 2048 entries live (100.0%)
ds4:   of the address-table holes repaired a token: 0.00 already resident, 32.42 genuinely absent
ds4:   of the repair a token: readahead 7.46 ms, slot preparation 0.47 ms, reads 7.82 ms, install 0.08 ms, over 32.42 loads
ds4:   Engram rows written at step start in 2368 steps; layer-13 drains 0
ds4:   residency a token: 0.00 adds, 0.00 removes, 0.00 commits
ds4:   decode path so far: 2432 single-row steps (88.5 ms each inside the graph over the last 64), 0 K-row verification steps over 0 positions, 0 batch-fusion sites taken; candidate K none
ds4: gate over tokens 2369-2432: 25.58 command buffers, 17.14 aborts, 240.0 expert ids accounted, 319.92 MiB loaded a token; 0 the gate failed to switch off, 0 it could not gate
ds4:   one token, exclusive, same window: entry 0.00 + encode 2.96 + commit-to-done 54.91 + repair-load 19.65 + accounting 0.04 + tail 2.03 = 79.61 of a 86.37 ms wall, residual 6.76
ds4:   GPU busy 56.90 ms of the token's wall (the union of its buffers' spans), idle 29.47 ms
ds4:   1381.8 gated dispatches a token, 12.7 of them behind an abort; 543.4 sent plain ahead of a buffer's first validate
ds4:   encode-ahead: 7.44 segments used, 16.25 dropped, 5.95 ms a token spent encoding under the GPU
ds4:   concurrent sections: 238.59 attempted, 238.59 opened a token
ds4:   speculation: 0.00 layers a token, 0.00 lanes computed, 0.00 matched, 0.00 GEMVs actually saved, 0.00 left to compute; compared 0.00 lanes, 0.00 floats differ, 0.00 by more than an ulp
ds4:   Metal 4: 42.83 command buffers sent, 3423.2 dispatches a token; 0 pieces of Metal 3 work so far
ds4:   Metal 4 a token: 42.83 contexts in 42.83 command buffers (0.00 split); 3619.7 nodes = 3423.2 dispatches + 196.5 copies; barriers 2532.6 from the graph, 85.7 queue; engine asked for 125.8 barriers and 502.9 section ends, neither encoded; 14070.8 buffer and 3962.7 constant bindings (352999 B), 0.0 with no stated length; 42.83 blocking waits, 54.70 ms
ds4:   expert cache over the last 64 tokens: 237.22 hits, 33.70 misses, 33.70 evictions a token; 2048 of 2048 entries live (100.0%)
ds4:   of the address-table holes repaired a token: 0.00 already resident, 33.70 genuinely absent
ds4:   of the repair a token: readahead 9.97 ms, slot preparation 0.48 ms, reads 8.22 ms, install 0.08 ms, over 33.70 loads
ds4:   Engram rows written at step start in 2432 steps; layer-13 drains 0
ds4:   residency a token: 0.00 adds, 0.00 removes, 0.00 commits
ds4:   decode path so far: 2496 single-row steps (83.5 ms each inside the graph over the last 64), 0 K-row verification steps over 0 positions, 0 batch-fusion sites taken; candidate K none
ds4: gate over tokens 2433-2496: 24.62 command buffers, 15.91 aborts, 240.0 expert ids accounted, 276.76 MiB loaded a token; 0 the gate failed to switch off, 0 it could not gate
ds4:   one token, exclusive, same window: entry 0.00 + encode 2.80 + commit-to-done 54.18 + repair-load 16.16 + accounting 0.04 + tail 1.98 = 75.16 of a 81.76 ms wall, residual 6.60
ds4:   GPU busy 56.57 ms of the token's wall (the union of its buffers' spans), idle 25.19 ms
ds4:   1355.5 gated dispatches a token, 10.8 of them behind an abort; 506.1 sent plain ahead of a buffer's first validate
ds4:   encode-ahead: 7.72 segments used, 15.09 dropped, 5.84 ms a token spent encoding under the GPU
ds4:   concurrent sections: 225.53 attempted, 225.53 opened a token
ds4:   speculation: 0.00 layers a token, 0.00 lanes computed, 0.00 matched, 0.00 GEMVs actually saved, 0.00 left to compute; compared 0.00 lanes, 0.00 floats differ, 0.00 by more than an ulp
ds4:   Metal 4: 40.72 command buffers sent, 3247.8 dispatches a token; 0 pieces of Metal 3 work so far
ds4:   Metal 4 a token: 40.72 contexts in 40.72 command buffers (0.00 split); 3428.4 nodes = 3247.8 dispatches + 180.6 copies; barriers 2404.1 from the graph, 81.4 queue; engine asked for 119.7 barriers and 475.9 section ends, neither encoded; 13341.3 buffer and 3758.0 constant bindings (334809 B), 0.0 with no stated length; 40.72 blocking waits, 54.02 ms
ds4:   expert cache over the last 64 tokens: 239.36 hits, 29.16 misses, 29.16 evictions a token; 2048 of 2048 entries live (100.0%)
ds4:   of the address-table holes repaired a token: 0.00 already resident, 29.16 genuinely absent
ds4:   of the repair a token: readahead 7.31 ms, slot preparation 0.53 ms, reads 7.50 ms, install 0.07 ms, over 29.16 loads
ds4:   Engram rows written at step start in 2496 steps; layer-13 drains 0
ds4:   residency a token: 0.00 adds, 0.00 removes, 0.00 commits
ds4:   decode path so far: 2560 single-row steps (84.8 ms each inside the graph over the last 64), 0 K-row verification steps over 0 positions, 0 batch-fusion sites taken; candidate K none
ds4: gate over tokens 2497-2560: 24.28 command buffers, 15.28 aborts, 240.0 expert ids accounted, 295.59 MiB loaded a token; 0 the gate failed to switch off, 0 it could not gate
ds4:   one token, exclusive, same window: entry 0.00 + encode 2.71 + commit-to-done 55.34 + repair-load 16.01 + accounting 0.04 + tail 2.03 = 76.14 of a 82.65 ms wall, residual 6.50
ds4:   GPU busy 57.81 ms of the token's wall (the union of its buffers' spans), idle 24.84 ms
ds4:   1356.6 gated dispatches a token, 12.7 of them behind an abort; 487.7 sent plain ahead of a buffer's first validate
ds4:   encode-ahead: 8.00 segments used, 14.44 dropped, 5.75 ms a token spent encoding under the GPU
ds4:   concurrent sections: 219.91 attempted, 219.91 opened a token
ds4:   speculation: 0.00 layers a token, 0.00 lanes computed, 0.00 matched, 0.00 GEMVs actually saved, 0.00 left to compute; compared 0.00 lanes, 0.00 floats differ, 0.00 by more than an ulp
ds4:   Metal 4: 39.72 command buffers sent, 3169.4 dispatches a token; 0 pieces of Metal 3 work so far
ds4:   Metal 4 a token: 39.72 contexts in 39.72 command buffers (0.00 split); 3348.0 nodes = 3169.4 dispatches + 178.6 copies; barriers 2348.7 from the graph, 79.4 queue; engine asked for 117.1 barriers and 464.2 section ends, neither encoded; 13024.4 buffer and 3667.2 constant bindings (326979 B), 0.0 with no stated length; 39.72 blocking waits, 55.28 ms
ds4:   expert cache over the last 64 tokens: 239.66 hits, 31.14 misses, 31.14 evictions a token; 2048 of 2048 entries live (100.0%)
ds4:   of the address-table holes repaired a token: 0.00 already resident, 31.14 genuinely absent
ds4:   of the repair a token: readahead 7.14 ms, slot preparation 0.44 ms, reads 7.52 ms, install 0.08 ms, over 31.14 loads
ds4:   Engram rows written at step start in 2560 steps; layer-13 drains 0
ds4:   residency a token: 0.00 adds, 0.00 removes, 0.00 commits
ds4:   decode path so far: 2624 single-row steps (84.3 ms each inside the graph over the last 64), 0 K-row verification steps over 0 positions, 0 batch-fusion sites taken; candidate K none
ds4: gate over tokens 2561-2624: 24.78 command buffers, 16.02 aborts, 240.0 expert ids accounted, 288.18 MiB loaded a token; 0 the gate failed to switch off, 0 it could not gate
ds4:   one token, exclusive, same window: entry 0.00 + encode 2.73 + commit-to-done 54.66 + repair-load 15.80 + accounting 0.04 + tail 2.02 = 75.25 of a 81.76 ms wall, residual 6.51
ds4:   GPU busy 56.80 ms of the token's wall (the union of its buffers' spans), idle 24.96 ms
ds4:   1368.2 gated dispatches a token, 12.7 of them behind an abort; 509.8 sent plain ahead of a buffer's first validate
ds4:   encode-ahead: 7.77 segments used, 15.17 dropped, 5.72 ms a token spent encoding under the GPU
ds4:   concurrent sections: 227.38 attempted, 227.38 opened a token
ds4:   speculation: 0.00 layers a token, 0.00 lanes computed, 0.00 matched, 0.00 GEMVs actually saved, 0.00 left to compute; compared 0.00 lanes, 0.00 floats differ, 0.00 by more than an ulp
ds4:   Metal 4: 40.95 command buffers sent, 3273.9 dispatches a token; 0 pieces of Metal 3 work so far
ds4:   Metal 4 a token: 40.95 contexts in 40.95 command buffers (0.00 split); 3456.2 nodes = 3273.9 dispatches + 182.3 copies; barriers 2423.1 from the graph, 81.9 queue; engine asked for 120.6 barriers and 479.7 section ends, neither encoded; 13450.6 buffer and 3788.4 constant bindings (337499 B), 0.0 with no stated length; 40.95 blocking waits, 54.57 ms
ds4:   expert cache over the last 64 tokens: 239.41 hits, 30.36 misses, 30.36 evictions a token; 2048 of 2048 entries live (100.0%)
ds4:   of the address-table holes repaired a token: 0.00 already resident, 30.36 genuinely absent
ds4:   of the repair a token: readahead 6.93 ms, slot preparation 0.50 ms, reads 7.52 ms, install 0.08 ms, over 30.36 loads
ds4:   Engram rows written at step start in 2624 steps; layer-13 drains 0
ds4:   residency a token: 0.00 adds, 0.00 removes, 0.00 commits
ds4:   decode path so far: 2688 single-row steps (85.7 ms each inside the graph over the last 64), 0 K-row verification steps over 0 positions, 0 batch-fusion sites taken; candidate K none
ds4: gate over tokens 2625-2688: 25.09 command buffers, 16.38 aborts, 240.0 expert ids accounted, 290.70 MiB loaded a token; 0 the gate failed to switch off, 0 it could not gate
ds4:   one token, exclusive, same window: entry 0.00 + encode 2.65 + commit-to-done 54.69 + repair-load 18.52 + accounting 0.04 + tail 1.99 = 77.90 of a 84.15 ms wall, residual 6.26
ds4:   GPU busy 56.72 ms of the token's wall (the union of its buffers' spans), idle 27.43 ms
ds4:   1373.5 gated dispatches a token, 12.2 of them behind an abort; 519.8 sent plain ahead of a buffer's first validate
ds4:   encode-ahead: 7.72 segments used, 15.47 dropped, 5.49 ms a token spent encoding under the GPU
ds4:   concurrent sections: 230.56 attempted, 230.56 opened a token
ds4:   speculation: 0.00 layers a token, 0.00 lanes computed, 0.00 matched, 0.00 GEMVs actually saved, 0.00 left to compute; compared 0.00 lanes, 0.00 floats differ, 0.00 by more than an ulp
ds4:   Metal 4: 41.56 command buffers sent, 3314.0 dispatches a token; 0 pieces of Metal 3 work so far
ds4:   Metal 4 a token: 41.56 contexts in 41.56 command buffers (0.00 split); 3500.1 nodes = 3314.0 dispatches + 186.1 copies; barriers 2452.0 from the graph, 83.1 queue; engine asked for 122.1 barriers and 486.3 section ends, neither encoded; 13619.5 buffer and 3835.5 constant bindings (341667 B), 0.0 with no stated length; 41.56 blocking waits, 54.58 ms
ds4:   expert cache over the last 64 tokens: 239.73 hits, 30.62 misses, 30.62 evictions a token; 2048 of 2048 entries live (100.0%)
ds4:   of the address-table holes repaired a token: 0.00 already resident, 30.62 genuinely absent
ds4:   of the repair a token: readahead 9.70 ms, slot preparation 0.49 ms, reads 7.50 ms, install 0.07 ms, over 30.62 loads
ds4:   Engram rows written at step start in 2688 steps; layer-13 drains 0
ds4:   residency a token: 0.00 adds, 0.00 removes, 0.00 commits
ds4:   decode path so far: 2752 single-row steps (82.1 ms each inside the graph over the last 64), 0 K-row verification steps over 0 positions, 0 batch-fusion sites taken; candidate K none
ds4: gate over tokens 2689-2752: 24.17 command buffers, 15.28 aborts, 240.0 expert ids accounted, 267.41 MiB loaded a token; 0 the gate failed to switch off, 0 it could not gate
ds4:   one token, exclusive, same window: entry 0.00 + encode 2.47 + commit-to-done 55.69 + repair-load 12.77 + accounting 0.04 + tail 2.02 = 72.99 of a 79.01 ms wall, residual 6.02
ds4:   GPU busy 57.92 ms of the token's wall (the union of its buffers' spans), idle 21.08 ms
ds4:   1347.9 gated dispatches a token, 14.1 of them behind an abort; 488.5 sent plain ahead of a buffer's first validate
ds4:   encode-ahead: 7.89 segments used, 14.42 dropped, 5.26 ms a token spent encoding under the GPU
ds4:   concurrent sections: 219.69 attempted, 219.69 opened a token
ds4:   speculation: 0.00 layers a token, 0.00 lanes computed, 0.00 matched, 0.00 GEMVs actually saved, 0.00 left to compute; compared 0.00 lanes, 0.00 floats differ, 0.00 by more than an ulp
ds4:   Metal 4: 39.59 command buffers sent, 3167.6 dispatches a token; 0 pieces of Metal 3 work so far
ds4:   Metal 4 a token: 39.59 contexts in 39.59 command buffers (0.00 split); 3341.2 nodes = 3167.6 dispatches + 173.6 copies; barriers 2344.8 from the graph, 79.2 queue; engine asked for 116.9 barriers and 463.7 section ends, neither encoded; 13012.9 buffer and 3665.0 constant bindings (326537 B), 0.0 with no stated length; 39.59 blocking waits, 55.75 ms
ds4:   expert cache over the last 64 tokens: 239.62 hits, 28.17 misses, 28.17 evictions a token; 2048 of 2048 entries live (100.0%)
ds4:   of the address-table holes repaired a token: 0.00 already resident, 28.17 genuinely absent
ds4:   of the repair a token: readahead 4.81 ms, slot preparation 0.50 ms, reads 6.73 ms, install 0.07 ms, over 28.17 loads
ds4:   Engram rows written at step start in 2752 steps; layer-13 drains 0
ds4:   residency a token: 0.00 adds, 0.00 removes, 0.00 commits
ds4:   decode path so far: 2816 single-row steps (81.6 ms each inside the graph over the last 64), 0 K-row verification steps over 0 positions, 0 batch-fusion sites taken; candidate K none
ds4: gate over tokens 2753-2816: 23.53 command buffers, 14.25 aborts, 240.0 expert ids accounted, 242.64 MiB loaded a token; 0 the gate failed to switch off, 0 it could not gate
ds4:   one token, exclusive, same window: entry 0.00 + encode 2.30 + commit-to-done 55.34 + repair-load 14.13 + accounting 0.04 + tail 1.98 = 73.80 of a 79.62 ms wall, residual 5.82
ds4:   GPU busy 57.69 ms of the token's wall (the union of its buffers' spans), idle 21.94 ms
ds4:   1342.0 gated dispatches a token, 11.7 of them behind an abort; 454.9 sent plain ahead of a buffer's first validate
ds4:   encode-ahead: 8.28 segments used, 13.52 dropped, 5.12 ms a token spent encoding under the GPU
ds4:   concurrent sections: 210.72 attempted, 210.72 opened a token
ds4:   speculation: 0.00 layers a token, 0.00 lanes computed, 0.00 matched, 0.00 GEMVs actually saved, 0.00 left to compute; compared 0.00 lanes, 0.00 floats differ, 0.00 by more than an ulp
ds4:   Metal 4: 38.05 command buffers sent, 3047.8 dispatches a token; 0 pieces of Metal 3 work so far
ds4:   Metal 4 a token: 38.05 contexts in 38.05 command buffers (0.00 split); 3209.1 nodes = 3047.8 dispatches + 161.3 copies; barriers 2258.6 from the graph, 76.1 queue; engine asked for 112.9 barriers and 445.2 section ends, neither encoded; 12521.8 buffer and 3525.3 constant bindings (314326 B), 0.0 with no stated length; 38.05 blocking waits, 55.47 ms
ds4:   expert cache over the last 64 tokens: 239.69 hits, 25.56 misses, 25.56 evictions a token; 2048 of 2048 entries live (100.0%)
ds4:   of the address-table holes repaired a token: 0.00 already resident, 25.56 genuinely absent
ds4:   of the repair a token: readahead 6.58 ms, slot preparation 0.46 ms, reads 6.40 ms, install 0.06 ms, over 25.56 loads
ds4:   Engram rows written at step start in 2816 steps; layer-13 drains 0
ds4:   residency a token: 0.00 adds, 0.00 removes, 0.00 commits
ds4:   decode path so far: 2880 single-row steps (84.1 ms each inside the graph over the last 64), 0 K-row verification steps over 0 positions, 0 batch-fusion sites taken; candidate K none
ds4: gate over tokens 2817-2880: 24.77 command buffers, 15.97 aborts, 240.0 expert ids accounted, 295.30 MiB loaded a token; 0 the gate failed to switch off, 0 it could not gate
ds4:   one token, exclusive, same window: entry 0.00 + encode 2.59 + commit-to-done 55.49 + repair-load 15.62 + accounting 0.04 + tail 1.97 = 75.71 of a 81.82 ms wall, residual 6.12
ds4:   GPU busy 57.42 ms of the token's wall (the union of its buffers' spans), idle 24.40 ms
ds4:   1364.9 gated dispatches a token, 15.0 of them behind an abort; 508.5 sent plain ahead of a buffer's first validate
ds4:   encode-ahead: 7.80 segments used, 15.05 dropped, 5.38 ms a token spent encoding under the GPU
ds4:   concurrent sections: 226.72 attempted, 226.72 opened a token
ds4:   speculation: 0.00 layers a token, 0.00 lanes computed, 0.00 matched, 0.00 GEMVs actually saved, 0.00 left to compute; compared 0.00 lanes, 0.00 floats differ, 0.00 by more than an ulp
ds4:   Metal 4: 40.81 command buffers sent, 3262.0 dispatches a token; 0 pieces of Metal 3 work so far
ds4:   Metal 4 a token: 40.81 contexts in 40.81 command buffers (0.00 split); 3443.6 nodes = 3262.0 dispatches + 181.6 copies; barriers 2413.8 from the graph, 81.6 queue; engine asked for 120.2 barriers and 478.3 section ends, neither encoded; 13405.2 buffer and 3775.0 constant bindings (336285 B), 0.0 with no stated length; 40.81 blocking waits, 55.39 ms
ds4:   expert cache over the last 64 tokens: 239.47 hits, 31.11 misses, 31.11 evictions a token; 2048 of 2048 entries live (100.0%)
ds4:   of the address-table holes repaired a token: 0.00 already resident, 31.11 genuinely absent
ds4:   of the repair a token: readahead 6.97 ms, slot preparation 0.45 ms, reads 7.35 ms, install 0.07 ms, over 31.11 loads
ds4:   Engram rows written at step start in 2880 steps; layer-13 drains 0
ds4:   residency a token: 0.00 adds, 0.00 removes, 0.00 commits
ds4:   decode path so far: 2944 single-row steps (84.8 ms each inside the graph over the last 64), 0 K-row verification steps over 0 positions, 0 batch-fusion sites taken; candidate K none
ds4: gate over tokens 2881-2944: 24.52 command buffers, 15.62 aborts, 240.0 expert ids accounted, 282.84 MiB loaded a token; 0 the gate failed to switch off, 0 it could not gate
ds4:   one token, exclusive, same window: entry 0.00 + encode 2.51 + commit-to-done 54.93 + repair-load 17.39 + accounting 0.04 + tail 1.97 = 76.84 of a 82.90 ms wall, residual 6.06
ds4:   GPU busy 57.09 ms of the token's wall (the union of its buffers' spans), idle 25.81 ms
ds4:   1361.4 gated dispatches a token, 10.8 of them behind an abort; 496.4 sent plain ahead of a buffer's first validate
ds4:   encode-ahead: 7.89 segments used, 14.83 dropped, 5.31 ms a token spent encoding under the GPU
ds4:   concurrent sections: 223.53 attempted, 223.53 opened a token
ds4:   speculation: 0.00 layers a token, 0.00 lanes computed, 0.00 matched, 0.00 GEMVs actually saved, 0.00 left to compute; compared 0.00 lanes, 0.00 floats differ, 0.00 by more than an ulp
ds4:   Metal 4: 40.34 command buffers sent, 3222.2 dispatches a token; 0 pieces of Metal 3 work so far
ds4:   Metal 4 a token: 40.34 contexts in 40.34 command buffers (0.00 split); 3401.9 nodes = 3222.2 dispatches + 179.7 copies; barriers 2385.3 from the graph, 80.7 queue; engine asked for 118.9 barriers and 471.8 section ends, neither encoded; 13235.9 buffer and 3728.0 constant bindings (332135 B), 0.0 with no stated length; 40.34 blocking waits, 54.92 ms
ds4:   expert cache over the last 64 tokens: 239.55 hits, 29.80 misses, 29.80 evictions a token; 2048 of 2048 entries live (100.0%)
ds4:   of the address-table holes repaired a token: 0.00 already resident, 29.80 genuinely absent
ds4:   of the repair a token: readahead 8.32 ms, slot preparation 0.47 ms, reads 7.81 ms, install 0.07 ms, over 29.80 loads
ds4:   Engram rows written at step start in 2944 steps; layer-13 drains 0
ds4:   residency a token: 0.00 adds, 0.00 removes, 0.00 commits
ds4:   decode path so far: 3008 single-row steps (84.4 ms each inside the graph over the last 64), 0 K-row verification steps over 0 positions, 0 batch-fusion sites taken; candidate K none
ds4: gate over tokens 2945-3008: 24.62 command buffers, 15.94 aborts, 240.0 expert ids accounted, 288.18 MiB loaded a token; 0 the gate failed to switch off, 0 it could not gate
ds4:   one token, exclusive, same window: entry 0.00 + encode 2.56 + commit-to-done 55.64 + repair-load 16.27 + accounting 0.04 + tail 2.00 = 76.51 of a 82.61 ms wall, residual 6.11
ds4:   GPU busy 57.60 ms of the token's wall (the union of its buffers' spans), idle 25.01 ms
ds4:   1357.3 gated dispatches a token, 12.2 of them behind an abort; 506.6 sent plain ahead of a buffer's first validate
ds4:   encode-ahead: 7.69 segments used, 15.09 dropped, 5.34 ms a token spent encoding under the GPU
ds4:   concurrent sections: 225.91 attempted, 225.91 opened a token
ds4:   speculation: 0.00 layers a token, 0.00 lanes computed, 0.00 matched, 0.00 GEMVs actually saved, 0.00 left to compute; compared 0.00 lanes, 0.00 floats differ, 0.00 by more than an ulp
ds4:   Metal 4: 40.72 command buffers sent, 3249.7 dispatches a token; 0 pieces of Metal 3 work so far
ds4:   Metal 4 a token: 40.72 contexts in 40.72 command buffers (0.00 split); 3431.4 nodes = 3249.7 dispatches + 181.7 copies; barriers 2404.8 from the graph, 81.4 queue; engine asked for 119.8 barriers and 476.6 section ends, neither encoded; 13354.2 buffer and 3760.8 constant bindings (335023 B), 0.0 with no stated length; 40.72 blocking waits, 55.59 ms
ds4:   expert cache over the last 64 tokens: 239.67 hits, 30.36 misses, 30.36 evictions a token; 2048 of 2048 entries live (100.0%)
ds4:   of the address-table holes repaired a token: 0.00 already resident, 30.36 genuinely absent
ds4:   of the repair a token: readahead 7.57 ms, slot preparation 0.47 ms, reads 7.41 ms, install 0.07 ms, over 30.36 loads
ds4:   Engram rows written at step start in 3008 steps; layer-13 drains 0
ds4:   residency a token: 0.00 adds, 0.00 removes, 0.00 commits
ds4:   decode path so far: 3072 single-row steps (84.1 ms each inside the graph over the last 64), 0 K-row verification steps over 0 positions, 0 batch-fusion sites taken; candidate K none
ds4: gate over tokens 3009-3072: 24.97 command buffers, 16.16 aborts, 240.0 expert ids accounted, 300.64 MiB loaded a token; 0 the gate failed to switch off, 0 it could not gate
ds4:   one token, exclusive, same window: entry 0.00 + encode 2.60 + commit-to-done 55.11 + repair-load 16.57 + accounting 0.04 + tail 1.99 = 76.32 of a 82.50 ms wall, residual 6.18
ds4:   GPU busy 57.18 ms of the token's wall (the union of its buffers' spans), idle 25.32 ms
ds4:   1372.4 gated dispatches a token, 13.6 of them behind an abort; 513.3 sent plain ahead of a buffer's first validate
ds4:   encode-ahead: 7.81 segments used, 15.28 dropped, 5.44 ms a token spent encoding under the GPU
ds4:   concurrent sections: 228.91 attempted, 228.91 opened a token
ds4:   speculation: 0.00 layers a token, 0.00 lanes computed, 0.00 matched, 0.00 GEMVs actually saved, 0.00 left to compute; compared 0.00 lanes, 0.00 floats differ, 0.00 by more than an ulp
ds4:   Metal 4: 41.25 command buffers sent, 3293.8 dispatches a token; 0 pieces of Metal 3 work so far
ds4:   Metal 4 a token: 41.25 contexts in 41.25 command buffers (0.00 split); 3480.7 nodes = 3293.8 dispatches + 186.9 copies; barriers 2439.9 from the graph, 82.5 queue; engine asked for 121.4 barriers and 482.9 section ends, neither encoded; 13535.8 buffer and 3811.7 constant bindings (339796 B), 0.0 with no stated length; 41.25 blocking waits, 54.99 ms
ds4:   expert cache over the last 64 tokens: 239.62 hits, 31.67 misses, 31.67 evictions a token; 2048 of 2048 entries live (100.0%)
ds4:   of the address-table holes repaired a token: 0.00 already resident, 31.67 genuinely absent
ds4:   of the repair a token: readahead 7.84 ms, slot preparation 0.45 ms, reads 7.41 ms, install 0.07 ms, over 31.67 loads
ds4:   Engram rows written at step start in 3072 steps; layer-13 drains 0
ds4:   residency a token: 0.00 adds, 0.00 removes, 0.00 commits
ds4:   decode path so far: 3136 single-row steps (83.5 ms each inside the graph over the last 64), 0 K-row verification steps over 0 positions, 0 batch-fusion sites taken; candidate K none
ds4: gate over tokens 3073-3136: 23.23 command buffers, 13.80 aborts, 240.0 expert ids accounted, 235.23 MiB loaded a token; 0 the gate failed to switch off, 0 it could not gate
ds4:   one token, exclusive, same window: entry 0.00 + encode 2.29 + commit-to-done 55.27 + repair-load 16.17 + accounting 0.04 + tail 2.00 = 75.77 of a 81.58 ms wall, residual 5.80
ds4:   GPU busy 57.79 ms of the token's wall (the union of its buffers' spans), idle 23.78 ms
ds4:   1350.0 gated dispatches a token, 10.8 of them behind an abort; 442.3 sent plain ahead of a buffer's first validate
ds4:   encode-ahead: 8.44 segments used, 13.12 dropped, 5.11 ms a token spent encoding under the GPU
ds4:   concurrent sections: 206.81 attempted, 206.81 opened a token
ds4:   speculation: 0.00 layers a token, 0.00 lanes computed, 0.00 matched, 0.00 GEMVs actually saved, 0.00 left to compute; compared 0.00 lanes, 0.00 floats differ, 0.00 by more than an ulp
ds4:   Metal 4: 37.36 command buffers sent, 2997.1 dispatches a token; 0 pieces of Metal 3 work so far
ds4:   Metal 4 a token: 37.36 contexts in 37.36 command buffers (0.00 split); 3156.3 nodes = 2997.1 dispatches + 159.2 copies; barriers 2219.1 from the graph, 74.7 queue; engine asked for 111.2 barriers and 437.2 section ends, neither encoded; 12309.1 buffer and 3466.0 constant bindings (308810 B), 0.0 with no stated length; 37.36 blocking waits, 55.45 ms
ds4:   expert cache over the last 64 tokens: 239.81 hits, 24.78 misses, 24.78 evictions a token; 2048 of 2048 entries live (100.0%)
ds4:   of the address-table holes repaired a token: 0.00 already resident, 24.78 genuinely absent
ds4:   of the repair a token: readahead 9.05 ms, slot preparation 0.46 ms, reads 6.00 ms, install 0.06 ms, over 24.78 loads
ds4:   Engram rows written at step start in 3136 steps; layer-13 drains 0
ds4:   residency a token: 0.00 adds, 0.00 removes, 0.00 commits
ds4:   decode path so far: 3200 single-row steps (86.5 ms each inside the graph over the last 64), 0 K-row verification steps over 0 positions, 0 batch-fusion sites taken; candidate K none
ds4: gate over tokens 3137-3200: 26.30 command buffers, 18.16 aborts, 240.0 expert ids accounted, 350.91 MiB loaded a token; 0 the gate failed to switch off, 0 it could not gate
ds4:   one token, exclusive, same window: entry 0.00 + encode 3.15 + commit-to-done 53.60 + repair-load 18.90 + accounting 0.04 + tail 1.98 = 77.68 of a 84.67 ms wall, residual 6.99
ds4:   GPU busy 55.40 ms of the token's wall (the union of its buffers' spans), idle 29.27 ms
ds4:   1388.5 gated dispatches a token, 13.1 of them behind an abort; 576.0 sent plain ahead of a buffer's first validate
ds4:   encode-ahead: 7.14 segments used, 17.30 dropped, 6.19 ms a token spent encoding under the GPU
ds4:   concurrent sections: 248.41 attempted, 248.41 opened a token
ds4:   speculation: 0.00 layers a token, 0.00 lanes computed, 0.00 matched, 0.00 GEMVs actually saved, 0.00 left to compute; compared 0.00 lanes, 0.00 floats differ, 0.00 by more than an ulp
ds4:   Metal 4: 44.59 command buffers sent, 3559.2 dispatches a token; 0 pieces of Metal 3 work so far
ds4:   Metal 4 a token: 44.59 contexts in 44.59 command buffers (0.00 split); 3767.1 nodes = 3559.2 dispatches + 207.9 copies; barriers 2633.3 from the graph, 89.2 queue; engine asked for 130.5 barriers and 523.2 section ends, neither encoded; 14627.3 buffer and 4120.5 constant bindings (367042 B), 0.0 with no stated length; 44.59 blocking waits, 53.17 ms
ds4:   expert cache over the last 64 tokens: 237.97 hits, 36.97 misses, 36.97 evictions a token; 2048 of 2048 entries live (100.0%)
ds4:   of the address-table holes repaired a token: 0.00 already resident, 36.97 genuinely absent
ds4:   of the repair a token: readahead 8.42 ms, slot preparation 0.49 ms, reads 8.92 ms, install 0.09 ms, over 36.97 loads
ds4:   Engram rows written at step start in 3200 steps; layer-13 drains 0
ds4:   residency a token: 0.00 adds, 0.00 removes, 0.00 commits
ds4:   decode path so far: 3264 single-row steps (84.4 ms each inside the graph over the last 64), 0 K-row verification steps over 0 positions, 0 batch-fusion sites taken; candidate K none
ds4: gate over tokens 3201-3264: 24.95 command buffers, 16.25 aborts, 240.0 expert ids accounted, 293.96 MiB loaded a token; 0 the gate failed to switch off, 0 it could not gate
ds4:   one token, exclusive, same window: entry 0.00 + encode 2.73 + commit-to-done 54.92 + repair-load 16.16 + accounting 0.04 + tail 1.94 = 75.80 of a 82.13 ms wall, residual 6.33
ds4:   GPU busy 56.78 ms of the token's wall (the union of its buffers' spans), idle 25.35 ms
ds4:   1371.9 gated dispatches a token, 13.1 of them behind an abort; 515.6 sent plain ahead of a buffer's first validate
ds4:   encode-ahead: 7.70 segments used, 15.36 dropped, 5.60 ms a token spent encoding under the GPU
ds4:   concurrent sections: 229.44 attempted, 229.44 opened a token
ds4:   speculation: 0.00 layers a token, 0.00 lanes computed, 0.00 matched, 0.00 GEMVs actually saved, 0.00 left to compute; compared 0.00 lanes, 0.00 floats differ, 0.00 by more than an ulp
ds4:   Metal 4: 41.31 command buffers sent, 3298.6 dispatches a token; 0 pieces of Metal 3 work so far
ds4:   Metal 4 a token: 41.31 contexts in 41.31 command buffers (0.00 split); 3483.1 nodes = 3298.6 dispatches + 184.5 copies; barriers 2441.0 from the graph, 82.6 queue; engine asked for 121.5 barriers and 483.9 section ends, neither encoded; 13556.3 buffer and 3817.6 constant bindings (340101 B), 0.0 with no stated length; 41.31 blocking waits, 54.68 ms
ds4:   expert cache over the last 64 tokens: 239.41 hits, 30.97 misses, 30.97 evictions a token; 2048 of 2048 entries live (100.0%)
ds4:   of the address-table holes repaired a token: 0.00 already resident, 30.97 genuinely absent
ds4:   of the repair a token: readahead 7.29 ms, slot preparation 0.50 ms, reads 7.52 ms, install 0.08 ms, over 30.97 loads
ds4:   Engram rows written at step start in 3264 steps; layer-13 drains 0
ds4:   residency a token: 0.00 adds, 0.00 removes, 0.00 commits
ds4:   decode path so far: 3328 single-row steps (82.5 ms each inside the graph over the last 64), 0 K-row verification steps over 0 positions, 0 batch-fusion sites taken; candidate K none
ds4: gate over tokens 3265-3328: 24.67 command buffers, 15.64 aborts, 240.0 expert ids accounted, 277.94 MiB loaded a token; 0 the gate failed to switch off, 0 it could not gate
ds4:   one token, exclusive, same window: entry 0.00 + encode 2.53 + commit-to-done 54.82 + repair-load 14.86 + accounting 0.04 + tail 1.99 = 74.23 of a 80.34 ms wall, residual 6.11
ds4:   GPU busy 57.07 ms of the token's wall (the union of its buffers' spans), idle 23.27 ms
ds4:   1370.9 gated dispatches a token, 13.1 of them behind an abort; 497.8 sent plain ahead of a buffer's first validate
ds4:   encode-ahead: 8.03 segments used, 14.77 dropped, 5.35 ms a token spent encoding under the GPU
ds4:   concurrent sections: 224.06 attempted, 224.06 opened a token
ds4:   speculation: 0.00 layers a token, 0.00 lanes computed, 0.00 matched, 0.00 GEMVs actually saved, 0.00 left to compute; compared 0.00 lanes, 0.00 floats differ, 0.00 by more than an ulp
ds4:   Metal 4: 40.44 command buffers sent, 3225.3 dispatches a token; 0 pieces of Metal 3 work so far
ds4:   Metal 4 a token: 40.44 contexts in 40.44 command buffers (0.00 split); 3403.1 nodes = 3225.3 dispatches + 177.8 copies; barriers 2389.5 from the graph, 80.9 queue; engine asked for 119.2 barriers and 472.9 section ends, neither encoded; 13257.6 buffer and 3732.3 constant bindings (332754 B), 0.0 with no stated length; 40.44 blocking waits, 54.79 ms
ds4:   expert cache over the last 64 tokens: 239.36 hits, 29.28 misses, 29.28 evictions a token; 2048 of 2048 entries live (100.0%)
ds4:   of the address-table holes repaired a token: 0.00 already resident, 29.28 genuinely absent
ds4:   of the repair a token: readahead 6.64 ms, slot preparation 0.48 ms, reads 6.96 ms, install 0.07 ms, over 29.28 loads
ds4:   Engram rows written at step start in 3328 steps; layer-13 drains 0
ds4:   residency a token: 0.00 adds, 0.00 removes, 0.00 commits
ds4:   decode path so far: 3392 single-row steps (86.5 ms each inside the graph over the last 64), 0 K-row verification steps over 0 positions, 0 batch-fusion sites taken; candidate K none
ds4: gate over tokens 3329-3392: 24.36 command buffers, 15.31 aborts, 240.0 expert ids accounted, 289.51 MiB loaded a token; 0 the gate failed to switch off, 0 it could not gate
ds4:   one token, exclusive, same window: entry 0.00 + encode 2.62 + commit-to-done 55.27 + repair-load 18.46 + accounting 0.04 + tail 1.98 = 78.37 of a 84.66 ms wall, residual 6.29
ds4:   GPU busy 57.24 ms of the token's wall (the union of its buffers' spans), idle 27.42 ms
ds4:   1363.7 gated dispatches a token, 12.7 of them behind an abort; 487.9 sent plain ahead of a buffer's first validate
ds4:   encode-ahead: 8.05 segments used, 14.47 dropped, 5.55 ms a token spent encoding under the GPU
ds4:   concurrent sections: 221.38 attempted, 221.38 opened a token
ds4:   speculation: 0.00 layers a token, 0.00 lanes computed, 0.00 matched, 0.00 GEMVs actually saved, 0.00 left to compute; compared 0.00 lanes, 0.00 floats differ, 0.00 by more than an ulp
ds4:   Metal 4: 39.83 command buffers sent, 3193.6 dispatches a token; 0 pieces of Metal 3 work so far
ds4:   Metal 4 a token: 39.83 contexts in 39.83 command buffers (0.00 split); 3369.8 nodes = 3193.6 dispatches + 176.1 copies; barriers 2364.1 from the graph, 79.7 queue; engine asked for 117.9 barriers and 467.3 section ends, neither encoded; 13120.0 buffer and 3694.9 constant bindings (329185 B), 0.0 with no stated length; 39.83 blocking waits, 55.20 ms
ds4:   expert cache over the last 64 tokens: 239.62 hits, 30.50 misses, 30.50 evictions a token; 2048 of 2048 entries live (100.0%)
ds4:   of the address-table holes repaired a token: 0.00 already resident, 30.50 genuinely absent
ds4:   of the repair a token: readahead 9.03 ms, slot preparation 0.46 ms, reads 8.11 ms, install 0.08 ms, over 30.50 loads
ds4:   Engram rows written at step start in 3392 steps; layer-13 drains 0
ds4:   residency a token: 0.00 adds, 0.00 removes, 0.00 commits
ds4:   decode path so far: 3456 single-row steps (91.1 ms each inside the graph over the last 64), 0 K-row verification steps over 0 positions, 0 batch-fusion sites taken; candidate K none
ds4: gate over tokens 3393-3456: 25.45 command buffers, 16.73 aborts, 240.0 expert ids accounted, 356.25 MiB loaded a token; 0 the gate failed to switch off, 0 it could not gate
ds4:   one token, exclusive, same window: entry 0.00 + encode 3.26 + commit-to-done 54.25 + repair-load 23.70 + accounting 0.04 + tail 2.00 = 83.24 of a 90.69 ms wall, residual 7.45
ds4:   GPU busy 55.94 ms of the token's wall (the union of its buffers' spans), idle 34.75 ms
ds4:   1388.3 gated dispatches a token, 13.1 of them behind an abort; 530.7 sent plain ahead of a buffer's first validate
ds4:   encode-ahead: 7.72 segments used, 15.86 dropped, 6.67 ms a token spent encoding under the GPU
ds4:   concurrent sections: 235.97 attempted, 235.97 opened a token
ds4:   speculation: 0.00 layers a token, 0.00 lanes computed, 0.00 matched, 0.00 GEMVs actually saved, 0.00 left to compute; compared 0.00 lanes, 0.00 floats differ, 0.00 by more than an ulp
ds4:   Metal 4: 42.31 command buffers sent, 3393.8 dispatches a token; 0 pieces of Metal 3 work so far
ds4:   Metal 4 a token: 42.31 contexts in 42.31 command buffers (0.00 split); 3593.7 nodes = 3393.8 dispatches + 199.9 copies; barriers 2511.8 from the graph, 84.6 queue; engine asked for 124.8 barriers and 497.5 section ends, neither encoded; 13944.4 buffer and 3927.7 constant bindings (349915 B), 0.0 with no stated length; 42.31 blocking waits, 53.80 ms
ds4:   expert cache over the last 64 tokens: 236.62 hits, 37.53 misses, 37.53 evictions a token; 2048 of 2048 entries live (100.0%)
ds4:   of the address-table holes repaired a token: 0.00 already resident, 37.53 genuinely absent
ds4:   of the repair a token: readahead 11.87 ms, slot preparation 0.49 ms, reads 10.24 ms, install 0.10 ms, over 37.53 loads
ds4:   Engram rows written at step start in 3456 steps; layer-13 drains 0
ds4:   residency a token: 0.00 adds, 0.00 removes, 0.00 commits
ds4:   decode path so far: 3520 single-row steps (99.1 ms each inside the graph over the last 64), 0 K-row verification steps over 0 positions, 0 batch-fusion sites taken; candidate K none
ds4: gate over tokens 3457-3520: 28.28 command buffers, 21.20 aborts, 240.0 expert ids accounted, 448.06 MiB loaded a token; 0 the gate failed to switch off, 0 it could not gate
ds4:   one token, exclusive, same window: entry 0.00 + encode 4.15 + commit-to-done 49.33 + repair-load 33.24 + accounting 0.04 + tail 1.78 = 88.55 of a 96.99 ms wall, residual 8.44
ds4:   GPU busy 48.97 ms of the token's wall (the union of its buffers' spans), idle 48.02 ms
ds4:   1416.6 gated dispatches a token, 15.5 of them behind an abort; 672.8 sent plain ahead of a buffer's first validate
ds4:   encode-ahead: 6.08 segments used, 20.28 dropped, 7.73 ms a token spent encoding under the GPU
ds4:   concurrent sections: 277.62 attempted, 277.62 opened a token
ds4:   speculation: 0.00 layers a token, 0.00 lanes computed, 0.00 matched, 0.00 GEMVs actually saved, 0.00 left to compute; compared 0.00 lanes, 0.00 floats differ, 0.00 by more than an ulp
ds4:   Metal 4: 49.56 command buffers sent, 3952.2 dispatches a token; 0 pieces of Metal 3 work so far
ds4:   Metal 4 a token: 49.56 contexts in 49.56 command buffers (0.00 split); 4192.8 nodes = 3952.2 dispatches + 240.6 copies; barriers 2922.4 from the graph, 99.1 queue; engine asked for 144.0 barriers and 583.6 section ends, neither encoded; 16250.6 buffer and 4578.5 constant bindings (407777 B), 0.0 with no stated length; 49.56 blocking waits, 48.03 ms
ds4:   expert cache over the last 64 tokens: 231.48 hits, 47.20 misses, 47.20 evictions a token; 2048 of 2048 entries live (100.0%)
ds4:   of the address-table holes repaired a token: 0.00 already resident, 47.20 genuinely absent
ds4:   of the repair a token: readahead 18.43 ms, slot preparation 0.55 ms, reads 12.75 ms, install 0.13 ms, over 47.20 loads
ds4:   Engram rows written at step start in 3520 steps; layer-13 drains 0
ds4:   residency a token: 0.00 adds, 0.00 removes, 0.00 commits
ds4:   decode path so far: 3584 single-row steps (93.1 ms each inside the graph over the last 64), 0 K-row verification steps over 0 positions, 0 batch-fusion sites taken; candidate K none
ds4: gate over tokens 3521-3584: 27.69 command buffers, 20.36 aborts, 240.0 expert ids accounted, 429.82 MiB loaded a token; 0 the gate failed to switch off, 0 it could not gate
ds4:   one token, exclusive, same window: entry 0.00 + encode 3.78 + commit-to-done 50.87 + repair-load 27.87 + accounting 0.04 + tail 1.80 = 84.38 of a 92.13 ms wall, residual 7.75
ds4:   GPU busy 50.61 ms of the token's wall (the union of its buffers' spans), idle 41.52 ms
ds4:   1400.2 gated dispatches a token, 14.0 of them behind an abort; 642.6 sent plain ahead of a buffer's first validate
ds4:   encode-ahead: 6.33 segments used, 19.47 dropped, 7.08 ms a token spent encoding under the GPU
ds4:   concurrent sections: 268.97 attempted, 268.97 opened a token
ds4:   speculation: 0.00 layers a token, 0.00 lanes computed, 0.00 matched, 0.00 GEMVs actually saved, 0.00 left to compute; compared 0.00 lanes, 0.00 floats differ, 0.00 by more than an ulp
ds4:   Metal 4: 48.16 command buffers sent, 3826.6 dispatches a token; 0 pieces of Metal 3 work so far
ds4:   Metal 4 a token: 48.16 contexts in 48.16 command buffers (0.00 split); 4062.7 nodes = 3826.6 dispatches + 236.0 copies; barriers 2833.6 from the graph, 96.3 queue; engine asked for 139.9 barriers and 565.7 section ends, neither encoded; 15747.6 buffer and 4433.5 constant bindings (395315 B), 0.0 with no stated length; 48.16 blocking waits, 49.73 ms
ds4:   expert cache over the last 64 tokens: 233.33 hits, 45.28 misses, 45.28 evictions a token; 2048 of 2048 entries live (100.0%)
ds4:   of the address-table holes repaired a token: 0.00 already resident, 45.28 genuinely absent
ds4:   of the repair a token: readahead 13.53 ms, slot preparation 0.51 ms, reads 12.44 ms, install 0.12 ms, over 45.28 loads
ds4:   Engram rows written at step start in 3584 steps; layer-13 drains 0
ds4:   residency a token: 0.00 adds, 0.00 removes, 0.00 commits
ds4:   decode path so far: 3648 single-row steps (90.1 ms each inside the graph over the last 64), 0 K-row verification steps over 0 positions, 0 batch-fusion sites taken; candidate K none
ds4: gate over tokens 3585-3648: 25.20 command buffers, 16.53 aborts, 240.0 expert ids accounted, 320.21 MiB loaded a token; 0 the gate failed to switch off, 0 it could not gate
ds4:   one token, exclusive, same window: entry 0.00 + encode 3.07 + commit-to-done 51.92 + repair-load 24.15 + accounting 0.04 + tail 1.92 = 81.11 of a 88.12 ms wall, residual 7.01
ds4:   GPU busy 53.18 ms of the token's wall (the union of its buffers' spans), idle 34.94 ms
ds4:   1380.2 gated dispatches a token, 12.2 of them behind an abort; 526.1 sent plain ahead of a buffer's first validate
ds4:   encode-ahead: 7.67 segments used, 15.73 dropped, 6.36 ms a token spent encoding under the GPU
ds4:   concurrent sections: 232.88 attempted, 232.88 opened a token
ds4:   speculation: 0.00 layers a token, 0.00 lanes computed, 0.00 matched, 0.00 GEMVs actually saved, 0.00 left to compute; compared 0.00 lanes, 0.00 floats differ, 0.00 by more than an ulp
ds4:   Metal 4: 41.94 command buffers sent, 3349.4 dispatches a token; 0 pieces of Metal 3 work so far
ds4:   Metal 4 a token: 41.94 contexts in 41.94 command buffers (0.00 split); 3539.7 nodes = 3349.4 dispatches + 190.3 copies; barriers 2478.7 from the graph, 83.9 queue; engine asked for 123.3 barriers and 491.2 section ends, neither encoded; 13761.5 buffer and 3876.2 constant bindings (345302 B), 0.0 with no stated length; 41.94 blocking waits, 51.41 ms
ds4:   expert cache over the last 64 tokens: 238.69 hits, 33.73 misses, 33.73 evictions a token; 2048 of 2048 entries live (100.0%)
ds4:   of the address-table holes repaired a token: 0.00 already resident, 33.73 genuinely absent
ds4:   of the repair a token: readahead 13.45 ms, slot preparation 0.48 ms, reads 9.19 ms, install 0.09 ms, over 33.73 loads
ds4:   Engram rows written at step start in 3648 steps; layer-13 drains 0
ds4:   residency a token: 0.00 adds, 0.00 removes, 0.00 commits
ds4:   decode path so far: 3712 single-row steps (91.2 ms each inside the graph over the last 64), 0 K-row verification steps over 0 positions, 0 batch-fusion sites taken; candidate K none
ds4: gate over tokens 3649-3712: 28.38 command buffers, 21.05 aborts, 240.0 expert ids accounted, 445.24 MiB loaded a token; 0 the gate failed to switch off, 0 it could not gate
ds4:   one token, exclusive, same window: entry 0.00 + encode 3.72 + commit-to-done 51.85 + repair-load 25.29 + accounting 0.04 + tail 1.87 = 82.78 of a 90.47 ms wall, residual 7.69
ds4:   GPU busy 52.33 ms of the token's wall (the union of its buffers' spans), idle 38.14 ms
ds4:   1424.4 gated dispatches a token, 14.1 of them behind an abort; 665.9 sent plain ahead of a buffer's first validate
ds4:   encode-ahead: 6.33 segments used, 20.09 dropped, 6.89 ms a token spent encoding under the GPU
ds4:   concurrent sections: 276.56 attempted, 276.56 opened a token
ds4:   speculation: 0.00 layers a token, 0.00 lanes computed, 0.00 matched, 0.00 GEMVs actually saved, 0.00 left to compute; compared 0.00 lanes, 0.00 floats differ, 0.00 by more than an ulp
ds4:   Metal 4: 49.47 command buffers sent, 3939.2 dispatches a token; 0 pieces of Metal 3 work so far
ds4:   Metal 4 a token: 49.47 contexts in 49.47 command buffers (0.00 split); 4183.1 nodes = 3939.2 dispatches + 243.9 copies; barriers 2912.8 from the graph, 98.9 queue; engine asked for 143.7 barriers and 581.5 section ends, neither encoded; 16196.9 buffer and 4563.0 constant bindings (406410 B), 0.0 with no stated length; 49.47 blocking waits, 50.85 ms
ds4:   expert cache over the last 64 tokens: 233.03 hits, 46.91 misses, 46.91 evictions a token; 2048 of 2048 entries live (100.0%)
ds4:   of the address-table holes repaired a token: 0.00 already resident, 46.91 genuinely absent
ds4:   of the repair a token: readahead 11.97 ms, slot preparation 0.51 ms, reads 11.40 ms, install 0.12 ms, over 46.91 loads
ds4:   Engram rows written at step start in 3712 steps; layer-13 drains 0
ds4:   residency a token: 0.00 adds, 0.00 removes, 0.00 commits
ds4:   decode path so far: 3776 single-row steps (94.5 ms each inside the graph over the last 64), 0 K-row verification steps over 0 positions, 0 batch-fusion sites taken; candidate K none
ds4: gate over tokens 3713-3776: 26.00 command buffers, 17.70 aborts, 240.0 expert ids accounted, 339.64 MiB loaded a token; 0 the gate failed to switch off, 0 it could not gate
ds4:   one token, exclusive, same window: entry 0.00 + encode 3.84 + commit-to-done 52.58 + repair-load 24.33 + accounting 0.05 + tail 1.95 = 82.75 of a 91.36 ms wall, residual 8.61
ds4:   GPU busy 53.70 ms of the token's wall (the union of its buffers' spans), idle 37.65 ms
ds4:   1383.3 gated dispatches a token, 14.1 of them behind an abort; 562.2 sent plain ahead of a buffer's first validate
ds4:   encode-ahead: 7.30 segments used, 16.83 dropped, 7.85 ms a token spent encoding under the GPU
ds4:   concurrent sections: 244.19 attempted, 244.19 opened a token
ds4:   speculation: 0.00 layers a token, 0.00 lanes computed, 0.00 matched, 0.00 GEMVs actually saved, 0.00 left to compute; compared 0.00 lanes, 0.00 floats differ, 0.00 by more than an ulp
ds4:   Metal 4: 43.83 command buffers sent, 3502.8 dispatches a token; 0 pieces of Metal 3 work so far
ds4:   Metal 4 a token: 43.83 contexts in 43.83 command buffers (0.00 split); 3703.4 nodes = 3502.8 dispatches + 200.6 copies; barriers 2591.9 from the graph, 87.7 queue; engine asked for 128.5 barriers and 514.5 section ends, neither encoded; 14393.6 buffer and 4054.8 constant bindings (361186 B), 0.0 with no stated length; 43.83 blocking waits, 51.38 ms
ds4:   expert cache over the last 64 tokens: 237.61 hits, 35.78 misses, 35.78 evictions a token; 2048 of 2048 entries live (100.0%)
ds4:   of the address-table holes repaired a token: 0.00 already resident, 35.78 genuinely absent
ds4:   of the repair a token: readahead 11.90 ms, slot preparation 0.58 ms, reads 10.62 ms, install 0.10 ms, over 35.78 loads
ds4:   Engram rows written at step start in 3776 steps; layer-13 drains 0
ds4:   residency a token: 0.00 adds, 0.00 removes, 0.00 commits
ds4:   decode path so far: 3840 single-row steps (94.6 ms each inside the graph over the last 64), 0 K-row verification steps over 0 positions, 0 batch-fusion sites taken; candidate K none
ds4: gate over tokens 3777-3840: 28.27 command buffers, 20.98 aborts, 240.0 expert ids accounted, 436.79 MiB loaded a token; 0 the gate failed to switch off, 0 it could not gate
ds4:   one token, exclusive, same window: entry 0.00 + encode 3.97 + commit-to-done 49.94 + repair-load 28.66 + accounting 0.04 + tail 1.80 = 84.41 of a 93.07 ms wall, residual 8.65
ds4:   GPU busy 50.41 ms of the token's wall (the union of its buffers' spans), idle 42.65 ms
ds4:   1415.6 gated dispatches a token, 15.0 of them behind an abort; 661.4 sent plain ahead of a buffer's first validate
ds4:   encode-ahead: 6.28 segments used, 20.03 dropped, 7.86 ms a token spent encoding under the GPU
ds4:   concurrent sections: 275.09 attempted, 275.09 opened a token
ds4:   speculation: 0.00 layers a token, 0.00 lanes computed, 0.00 matched, 0.00 GEMVs actually saved, 0.00 left to compute; compared 0.00 lanes, 0.00 floats differ, 0.00 by more than an ulp
ds4:   Metal 4: 49.30 command buffers sent, 3914.8 dispatches a token; 0 pieces of Metal 3 work so far
ds4:   Metal 4 a token: 49.30 contexts in 49.30 command buffers (0.00 split); 4154.0 nodes = 3914.8 dispatches + 239.2 copies; barriers 2896.8 from the graph, 98.6 queue; engine asked for 142.9 barriers and 578.5 section ends, neither encoded; 16102.0 buffer and 4535.2 constant bindings (404157 B), 0.0 with no stated length; 49.30 blocking waits, 48.61 ms
ds4:   expert cache over the last 64 tokens: 231.78 hits, 46.02 misses, 46.02 evictions a token; 2048 of 2048 entries live (100.0%)
ds4:   of the address-table holes repaired a token: 0.00 already resident, 46.02 genuinely absent
ds4:   of the repair a token: readahead 13.81 ms, slot preparation 0.52 ms, reads 12.88 ms, install 0.12 ms, over 46.02 loads
ds4:   Engram rows written at step start in 3840 steps; layer-13 drains 0
ds4:   residency a token: 0.00 adds, 0.00 removes, 0.00 commits
ds4:   decode path so far: 3904 single-row steps (101.0 ms each inside the graph over the last 64), 0 K-row verification steps over 0 positions, 0 batch-fusion sites taken; candidate K none
ds4: gate over tokens 3841-3904: 28.83 command buffers, 21.78 aborts, 240.0 expert ids accounted, 482.17 MiB loaded a token; 0 the gate failed to switch off, 0 it could not gate
ds4:   one token, exclusive, same window: entry 0.00 + encode 5.55 + commit-to-done 47.09 + repair-load 35.61 + accounting 0.05 + tail 1.82 = 90.13 of a 101.13 ms wall, residual 11.01
ds4:   GPU busy 47.32 ms of the token's wall (the union of its buffers' spans), idle 53.81 ms
ds4:   1424.6 gated dispatches a token, 14.1 of them behind an abort; 687.2 sent plain ahead of a buffer's first validate
ds4:   encode-ahead: 6.05 segments used, 20.81 dropped, 10.20 ms a token spent encoding under the GPU
ds4:   concurrent sections: 282.78 attempted, 282.78 opened a token
ds4:   speculation: 0.00 layers a token, 0.00 lanes computed, 0.00 matched, 0.00 GEMVs actually saved, 0.00 left to compute; compared 0.00 lanes, 0.00 floats differ, 0.00 by more than an ulp
ds4:   Metal 4: 50.64 command buffers sent, 4019.9 dispatches a token; 0 pieces of Metal 3 work so far
ds4:   Metal 4 a token: 50.64 contexts in 50.64 command buffers (0.00 split); 4274.2 nodes = 4019.9 dispatches + 254.3 copies; barriers 2972.0 from the graph, 101.3 queue; engine asked for 146.5 barriers and 594.4 section ends, neither encoded; 16532.3 buffer and 4657.5 constant bindings (414783 B), 0.0 with no stated length; 50.64 blocking waits, 44.49 ms
ds4:   expert cache over the last 64 tokens: 230.17 hits, 50.80 misses, 50.80 evictions a token; 2048 of 2048 entries live (100.0%)
ds4:   of the address-table holes repaired a token: 0.00 already resident, 50.80 genuinely absent
ds4:   of the repair a token: readahead 17.05 ms, slot preparation 0.62 ms, reads 15.82 ms, install 0.16 ms, over 50.80 loads
ds4:   Engram rows written at step start in 3904 steps; layer-13 drains 0
ds4:   residency a token: 0.00 adds, 0.00 removes, 0.00 commits
ds4:   decode path so far: 3968 single-row steps (101.9 ms each inside the graph over the last 64), 0 K-row verification steps over 0 positions, 0 batch-fusion sites taken; candidate K none
ds4: gate over tokens 3905-3968: 30.11 command buffers, 23.53 aborts, 240.0 expert ids accounted, 513.76 MiB loaded a token; 0 the gate failed to switch off, 0 it could not gate
ds4:   one token, exclusive, same window: entry 0.00 + encode 5.39 + commit-to-done 47.08 + repair-load 35.18 + accounting 0.05 + tail 1.76 = 89.47 of a 100.20 ms wall, residual 10.73
ds4:   GPU busy 47.44 ms of the token's wall (the union of its buffers' spans), idle 52.75 ms
ds4:   1449.7 gated dispatches a token, 15.9 of them behind an abort; 740.8 sent plain ahead of a buffer's first validate
ds4:   encode-ahead: 5.58 segments used, 22.55 dropped, 9.79 ms a token spent encoding under the GPU
ds4:   concurrent sections: 300.47 attempted, 300.47 opened a token
ds4:   speculation: 0.00 layers a token, 0.00 lanes computed, 0.00 matched, 0.00 GEMVs actually saved, 0.00 left to compute; compared 0.00 lanes, 0.00 floats differ, 0.00 by more than an ulp
ds4:   Metal 4: 53.66 command buffers sent, 4260.9 dispatches a token; 0 pieces of Metal 3 work so far
ds4:   Metal 4 a token: 53.66 contexts in 53.66 command buffers (0.00 split); 4526.5 nodes = 4260.9 dispatches + 265.6 copies; barriers 3149.4 from the graph, 107.3 queue; engine asked for 154.8 barriers and 631.1 section ends, neither encoded; 17526.6 buffer and 4937.9 constant bindings (439729 B), 0.0 with no stated length; 53.66 blocking waits, 44.65 ms
ds4:   expert cache over the last 64 tokens: 227.55 hits, 54.12 misses, 54.12 evictions a token; 2048 of 2048 entries live (100.0%)
ds4:   of the address-table holes repaired a token: 0.00 already resident, 54.12 genuinely absent
ds4:   of the repair a token: readahead 16.30 ms, slot preparation 0.70 ms, reads 16.00 ms, install 0.16 ms, over 54.12 loads
ds4:   Engram rows written at step start in 3968 steps; layer-13 drains 0
ds4:   residency a token: 0.00 adds, 0.00 removes, 0.00 commits
ds4:   decode path so far: 4032 single-row steps (95.9 ms each inside the graph over the last 64), 0 K-row verification steps over 0 positions, 0 batch-fusion sites taken; candidate K none
ds4: gate over tokens 3969-4032: 30.00 command buffers, 23.48 aborts, 240.0 expert ids accounted, 504.27 MiB loaded a token; 0 the gate failed to switch off, 0 it could not gate
ds4:   one token, exclusive, same window: entry 0.00 + encode 5.25 + commit-to-done 46.32 + repair-load 29.72 + accounting 0.05 + tail 1.75 = 83.09 of a 93.51 ms wall, residual 10.42
ds4:   GPU busy 46.97 ms of the token's wall (the union of its buffers' spans), idle 46.54 ms
ds4:   1439.4 gated dispatches a token, 16.9 of them behind an abort; 739.2 sent plain ahead of a buffer's first validate
ds4:   encode-ahead: 5.52 segments used, 22.42 dropped, 9.53 ms a token spent encoding under the GPU
ds4:   concurrent sections: 299.22 attempted, 299.22 opened a token
ds4:   speculation: 0.00 layers a token, 0.00 lanes computed, 0.00 matched, 0.00 GEMVs actually saved, 0.00 left to compute; compared 0.00 lanes, 0.00 floats differ, 0.00 by more than an ulp
ds4:   Metal 4: 53.42 command buffers sent, 4242.9 dispatches a token; 0 pieces of Metal 3 work so far
ds4:   Metal 4 a token: 53.42 contexts in 53.42 command buffers (0.00 split); 4509.7 nodes = 4242.9 dispatches + 266.8 copies; barriers 3136.3 from the graph, 106.8 queue; engine asked for 154.1 barriers and 628.4 section ends, neither encoded; 17450.8 buffer and 4917.0 constant bindings (437885 B), 0.0 with no stated length; 53.42 blocking waits, 43.92 ms
ds4:   expert cache over the last 64 tokens: 228.55 hits, 53.12 misses, 53.12 evictions a token; 2048 of 2048 entries live (100.0%)
ds4:   of the address-table holes repaired a token: 0.00 already resident, 53.12 genuinely absent
ds4:   of the repair a token: readahead 11.96 ms, slot preparation 0.72 ms, reads 14.91 ms, install 0.16 ms, over 53.12 loads
ds4:   Engram rows written at step start in 4032 steps; layer-13 drains 0
ds4:   residency a token: 0.00 adds, 0.00 removes, 0.00 commits
ds4:   decode path so far: 4096 single-row steps (98.7 ms each inside the graph over the last 64), 0 K-row verification steps over 0 positions, 0 batch-fusion sites taken; candidate K none
ds4: gate over tokens 4033-4096: 29.33 command buffers, 22.58 aborts, 240.0 expert ids accounted, 469.86 MiB loaded a token; 0 the gate failed to switch off, 0 it could not gate
ds4:   one token, exclusive, same window: entry 0.00 + encode 4.89 + commit-to-done 47.65 + repair-load 33.24 + accounting 0.05 + tail 1.79 = 87.62 of a 97.80 ms wall, residual 10.19
ds4:   GPU busy 48.15 ms of the token's wall (the union of its buffers' spans), idle 49.66 ms
ds4:   1427.2 gated dispatches a token, 15.0 of them behind an abort; 711.7 sent plain ahead of a buffer's first validate
ds4:   encode-ahead: 5.75 segments used, 21.62 dropped, 9.30 ms a token spent encoding under the GPU
ds4:   concurrent sections: 290.41 attempted, 290.41 opened a token
ds4:   speculation: 0.00 layers a token, 0.00 lanes computed, 0.00 matched, 0.00 GEMVs actually saved, 0.00 left to compute; compared 0.00 lanes, 0.00 floats differ, 0.00 by more than an ulp
ds4:   Metal 4: 51.95 command buffers sent, 4119.7 dispatches a token; 0 pieces of Metal 3 work so far
ds4:   Metal 4 a token: 51.95 contexts in 51.95 command buffers (0.00 split); 4375.4 nodes = 4119.7 dispatches + 255.7 copies; barriers 3049.6 from the graph, 103.9 queue; engine asked for 150.0 barriers and 610.2 section ends, neither encoded; 16951.5 buffer and 4774.2 constant bindings (425615 B), 0.0 with no stated length; 51.95 blocking waits, 45.44 ms
ds4:   expert cache over the last 64 tokens: 228.86 hits, 49.50 misses, 49.50 evictions a token; 2048 of 2048 entries live (100.0%)
ds4:   of the address-table holes repaired a token: 0.00 already resident, 49.50 genuinely absent
ds4:   of the repair a token: readahead 16.14 ms, slot preparation 0.67 ms, reads 14.52 ms, install 0.15 ms, over 49.50 loads
ds4:   Engram rows written at step start in 4096 steps; layer-13 drains 0
ds4:   residency a token: 0.00 adds, 0.00 removes, 0.00 commits
ds4: Metal cleanup discarded 1 live tensor handles
ds4: memory budget: peak 34.79 GiB allocated of 80.00 GiB; 0 slab(s) given back, 0 allocation(s) refused, cache growth stopped 0 time(s)
ds4: expert directory: 0 pinned hits, 0 cache hits, 147922 loads; 0 address mismatches, 0 missing with a non-zero slot, 0 selected and missing; 0 pinned experts given back to the budget
warmup     model views touched: ok; Metal 4 commits +1, encoders +2; Metal 3 commands +0
refusal    a Metal 3-only call returned 0; refusals +1, Metal 3 commands +0
short      prompt    26 tokens,  2048 steps: logits differ at 0 of 2049 evaluations (first -1), tokens first differ at -1, ids 13607d993a447227 / 13607d993a447227
PASS
