ds4: abort gate on for the first 40 layers
ds4: Metal device Apple M5 Max, 128.00 GiB RAM
ds4: Metal 4 tensor API enabled for Tensor kernels
ds4: drift-patch flags hc_stable=on norm_unify=on kv_raw_f32=off rope_exp2_log2=off math_safe=off tensor_matmul=on
ds4: V4.1 SSD cache fitted from 10268 to 7041 experts for context/runtime headroom
ds4: Metal backend: Metal 4
ds4: Metal SSD streaming mode enabled; full model residency and warmup are skipped
ds4: metal SSD streaming cache target 65.27 GiB; effective 65.27 GiB = 7.12 GiB prefill headroom + 58.15 GiB dynamic cache (6273 experts, 9.49 MiB each)
ds4: Metal SSD static weights locked 9.37 GiB; pageable 0.00 GiB
ds4: SSD streaming initial metal model map (569 spans, 9.37 GiB tensor span)
ds4: metal backend initialized for graph diagnostics
ds4: expert cache prewarmed from the built-in V4.1 hotlist: 6270 experts (0 failed), 58.12 GiB in 6.12 s; stopped where the cache was full
ds4: memory: KV 0.06 GiB (raw 0.01 + compressed 0.05) + buffers 3.30 GiB + resident model 9.37 GiB + expert cache 58.15 GiB + prefill expert reserve 7.12 GiB = 77.99 GiB planned
ds4: memory detail: ctx=8192 prefill_cap=4096 raw_kv_rows=128 compressed_kv_rows=8193 backend=metal
1004 12:31:18 ds4-server: context buffers 3435.75 MiB (ctx=8192, backend=metal, prefill_chunk=4096, raw_kv_rows=128, compressed_kv_rows=8193)
ds4: V4.1 executor ABI 3, arena align 256, rev 6749f9548d5f, built Oct  4 2026 11:50:52
ds4: V4.1 static context buffers 3435.75 MiB (ctx=8192), Engram disk-only
1004 12:31:18 ds4-server: listening on http://127.0.0.1:8019
1004 12:31:20 ds4-server: chat ctx=0..49:49 prompt start
1004 12:31:20 ds4-server: metal 4 at request start: 0 commits, 0 feedback, 0 errors, residency 0 entries 0.0 MiB
ds4: shared/routed FFN overlap ran, mode 1
1004 12:31:20 ds4-server: chat ctx=0..49:49 prefill chunk 1/49 (2.0%) chunk=0.00 t/s avg=3.03 t/s 0.330s
1004 12:31:20 ds4-server: chat ctx=0..49:49 prefill chunk 2/49 (4.1%) chunk=6.57 t/s avg=4.14 t/s 0.483s
1004 12:31:20 ds4-server: chat ctx=0..49:49 prefill chunk 3/49 (6.1%) chunk=8.98 t/s avg=5.05 t/s 0.594s
1004 12:31:21 ds4-server: chat ctx=0..49:49 prefill chunk 4/49 (8.2%) chunk=8.20 t/s avg=5.59 t/s 0.716s
1004 12:31:21 ds4-server: chat ctx=0..49:49 prefill chunk 5/49 (10.2%) chunk=12.87 t/s avg=6.30 t/s 0.794s
1004 12:31:21 ds4-server: chat ctx=0..49:49 prefill chunk 6/49 (12.2%) chunk=10.72 t/s avg=6.76 t/s 0.887s
1004 12:31:21 ds4-server: chat ctx=0..49:49 prefill chunk 7/49 (14.3%) chunk=10.84 t/s avg=7.15 t/s 0.979s
1004 12:31:21 ds4-server: chat ctx=0..49:49 prefill chunk 8/49 (16.3%) chunk=5.38 t/s avg=6.87 t/s 1.165s
1004 12:31:21 ds4-server: chat ctx=0..49:49 prefill chunk 9/49 (18.4%) chunk=12.10 t/s avg=7.21 t/s 1.248s
1004 12:31:21 ds4-server: chat ctx=0..49:49 prefill chunk 10/49 (20.4%) chunk=11.23 t/s avg=7.48 t/s 1.337s
1004 12:31:21 ds4-server: chat ctx=0..49:49 prefill chunk 11/49 (22.4%) chunk=10.13 t/s avg=7.66 t/s 1.436s
1004 12:31:21 ds4-server: chat ctx=0..49:49 prefill chunk 12/49 (24.5%) chunk=12.35 t/s avg=7.91 t/s 1.517s
1004 12:31:21 ds4-server: chat ctx=0..49:49 prefill chunk 13/49 (26.5%) chunk=13.13 t/s avg=8.16 t/s 1.593s
1004 12:31:21 ds4-server: chat ctx=0..49:49 prefill chunk 14/49 (28.6%) chunk=11.23 t/s avg=8.32 t/s 1.682s
1004 12:31:22 ds4-server: chat ctx=0..49:49 prefill chunk 15/49 (30.6%) chunk=9.40 t/s avg=8.39 t/s 1.788s
1004 12:31:22 ds4-server: chat ctx=0..49:49 prefill chunk 16/49 (32.7%) chunk=11.68 t/s avg=8.54 t/s 1.874s
1004 12:31:22 ds4-server: chat ctx=0..49:49 prefill chunk 17/49 (34.7%) chunk=14.56 t/s avg=8.75 t/s 1.942s
1004 12:31:22 ds4-server: chat ctx=0..49:49 prefill chunk 18/49 (36.7%) chunk=13.95 t/s avg=8.94 t/s 2.014s
1004 12:31:22 ds4-server: chat ctx=0..49:49 prefill chunk 19/49 (38.8%) chunk=13.88 t/s avg=9.11 t/s 2.086s
1004 12:31:22 ds4-server: chat ctx=0..49:49 prefill chunk 20/49 (40.8%) chunk=10.99 t/s avg=9.19 t/s 2.177s
1004 12:31:22 ds4-server: chat ctx=0..49:49 prefill chunk 21/49 (42.9%) chunk=20.55 t/s avg=9.43 t/s 2.226s
1004 12:31:22 ds4-server: chat ctx=0..49:49 prefill chunk 22/49 (44.9%) chunk=16.63 t/s avg=9.62 t/s 2.286s
1004 12:31:22 ds4-server: chat ctx=0..49:49 prefill chunk 23/49 (46.9%) chunk=22.47 t/s avg=9.87 t/s 2.330s
1004 12:31:22 ds4-server: chat ctx=0..49:49 prefill chunk 24/49 (49.0%) chunk=14.73 t/s avg=10.01 t/s 2.398s
1004 12:31:22 ds4-server: chat ctx=0..49:49 prefill chunk 25/49 (51.0%) chunk=16.33 t/s avg=10.16 t/s 2.460s
1004 12:31:22 ds4-server: chat ctx=0..49:49 prefill chunk 26/49 (53.1%) chunk=17.97 t/s avg=10.34 t/s 2.515s
1004 12:31:22 ds4-server: chat ctx=0..49:49 prefill chunk 27/49 (55.1%) chunk=18.74 t/s avg=10.51 t/s 2.569s
1004 12:31:22 ds4-server: chat ctx=0..49:49 prefill chunk 28/49 (57.1%) chunk=14.54 t/s avg=10.62 t/s 2.637s
1004 12:31:23 ds4-server: chat ctx=0..49:49 prefill chunk 29/49 (59.2%) chunk=15.24 t/s avg=10.73 t/s 2.703s
1004 12:31:23 ds4-server: chat ctx=0..49:49 prefill chunk 30/49 (61.2%) chunk=14.85 t/s avg=10.83 t/s 2.770s
1004 12:31:23 ds4-server: chat ctx=0..49:49 prefill chunk 31/49 (63.3%) chunk=22.84 t/s avg=11.02 t/s 2.814s
1004 12:31:23 ds4-server: chat ctx=0..49:49 prefill chunk 32/49 (65.3%) chunk=16.68 t/s avg=11.13 t/s 2.874s
1004 12:31:23 ds4-server: chat ctx=0..49:49 prefill chunk 33/49 (67.3%) chunk=15.22 t/s avg=11.23 t/s 2.940s
1004 12:31:23 ds4-server: chat ctx=0..49:49 prefill chunk 34/49 (69.4%) chunk=15.39 t/s avg=11.32 t/s 3.005s
1004 12:31:23 ds4-server: chat ctx=0..49:49 prefill chunk 35/49 (71.4%) chunk=15.77 t/s avg=11.41 t/s 3.068s
1004 12:31:23 ds4-server: chat ctx=0..49:49 prefill chunk 36/49 (73.5%) chunk=18.23 t/s avg=11.53 t/s 3.123s
1004 12:31:23 ds4-server: chat ctx=0..49:49 prefill chunk 37/49 (75.5%) chunk=19.07 t/s avg=11.65 t/s 3.175s
1004 12:31:23 ds4-server: chat ctx=0..49:49 prefill chunk 38/49 (77.6%) chunk=20.33 t/s avg=11.78 t/s 3.225s
1004 12:31:23 ds4-server: chat ctx=0..49:49 prefill chunk 39/49 (79.6%) chunk=13.80 t/s avg=11.83 t/s 3.297s
1004 12:31:23 ds4-server: chat ctx=0..49:49 prefill chunk 40/49 (81.6%) chunk=5.60 t/s avg=11.51 t/s 3.476s
1004 12:31:23 ds4-server: chat ctx=0..49:49 prefill chunk 41/49 (83.7%) chunk=15.64 t/s avg=11.58 t/s 3.540s
1004 12:31:23 ds4-server: chat ctx=0..49:49 prefill chunk 42/49 (85.7%) chunk=15.47 t/s avg=11.65 t/s 3.604s
1004 12:31:23 ds4-server: chat ctx=0..49:49 prefill chunk 43/49 (87.8%) chunk=14.95 t/s avg=11.71 t/s 3.671s
1004 12:31:24 ds4-server: chat ctx=0..49:49 prefill chunk 44/49 (89.8%) chunk=20.76 t/s avg=11.83 t/s 3.719s
1004 12:31:24 ds4-server: chat ctx=0..49:49 prefill chunk 45/49 (91.8%) chunk=18.59 t/s avg=11.93 t/s 3.773s
1004 12:31:24 ds4-server: chat ctx=0..49:49 prefill chunk 46/49 (93.9%) chunk=22.75 t/s avg=12.05 t/s 3.817s
1004 12:31:24 ds4-server: chat ctx=0..49:49 prefill chunk 47/49 (95.9%) chunk=28.18 t/s avg=12.20 t/s 3.853s
1004 12:31:24 ds4-server: chat ctx=0..49:49 prefill chunk 48/49 (98.0%) chunk=15.57 t/s avg=12.25 t/s 3.917s
1004 12:31:24 ds4-server: chat ctx=0..49:49 prefill chunk 49/49 (100.0%) chunk=14.33 t/s avg=12.29 t/s 3.987s
ds4: expert cache lent the prefill headroom for decode: 6273 -> 7041 experts
1004 12:31:24 ds4-server: chat ctx=0..49:49 prompt done 3.988s
ds4:   decode path so far: 64 single-row steps (80.4 ms each inside the graph over the last 64), 0 K-row verification steps over 0 positions, 0 batch-fusion sites taken; candidate K none
ds4: gate over tokens 1-64: 29.17 command buffers, 22.67 aborts, 240.0 expert ids accounted, 348.99 MiB loaded a token; 0 the gate failed to switch off, 0 it could not gate
ds4:   one token, exclusive, same window: entry 0.00 + encode 2.26 + commit-to-done 36.20 + repair-load 37.44 + accounting 0.04 + tail 0.33 = 76.27 of a 82.76 ms wall, residual 6.49
ds4:   GPU busy 33.61 ms of the token's wall (the union of its buffers' spans), idle 49.15 ms
ds4:   1408.9 gated dispatches a token, 22.9 of them behind an abort; 714.1 sent plain ahead of a buffer's first validate
ds4:   encode-ahead: 5.50 segments used, 21.38 dropped, 5.62 ms a token spent encoding under the GPU
ds4:   concurrent sections: 287.81 attempted, 287.81 opened a token
ds4:   speculation: 0.00 layers a token, 0.00 lanes computed, 0.00 matched, 0.00 GEMVs actually saved, 0.00 left to compute; compared 0.00 lanes, 0.00 floats differ, 0.00 by more than an ulp
ds4:   Metal 4: 50.80 command buffers sent, 4075.6 dispatches a token; 0 pieces of Metal 3 work so far
ds4:   Metal 4 a token: 50.80 contexts in 50.80 command buffers (0.00 split); 4283.0 nodes = 4075.6 dispatches + 207.3 copies; barriers 3133.1 from the graph, 101.6 queue; engine asked for 148.1 barriers and 603.8 section ends, neither encoded; 16995.6 buffer and 4723.9 constant bindings (431087 B), 0.0 with no stated length; 50.80 blocking waits, 34.83 ms
ds4:   expert cache over the last 64 tokens: 227.95 hits, 134.73 misses, 29.52 evictions a token; 6734 of 7041 entries live (95.6%)
ds4:   of the address-table holes repaired a token: 0.00 already resident, 134.73 genuinely absent
ds4:   of the repair a token: readahead 41.79 ms, slot preparation 46.17 ms, reads 44.21 ms, install 0.18 ms, over 134.73 loads
ds4:   Engram rows written at step start in 64 steps; layer-13 drains 0
ds4:   residency a token: 0.00 adds, 0.00 removes, 0.00 commits
1004 12:31:29 ds4-server: chat ctx=49..99:50 gen=50 decoding chunk=10.53 t/s avg=10.53 t/s 4.747s
ds4:   decode path so far: 128 single-row steps (92.3 ms each inside the graph over the last 64), 0 K-row verification steps over 0 positions, 0 batch-fusion sites taken; candidate K none
ds4: gate over tokens 65-128: 23.45 command buffers, 14.33 aborts, 240.0 expert ids accounted, 173.83 MiB loaded a token; 0 the gate failed to switch off, 0 it could not gate
ds4:   one token, exclusive, same window: entry 0.00 + encode 1.84 + commit-to-done 57.04 + repair-load 23.54 + accounting 0.04 + tail 2.02 = 84.49 of a 89.56 ms wall, residual 5.07
ds4:   GPU busy 58.11 ms of the token's wall (the union of its buffers' spans), idle 31.44 ms
ds4:   1335.0 gated dispatches a token, 16.4 of them behind an abort; 457.4 sent plain ahead of a buffer's first validate
ds4:   encode-ahead: 8.12 segments used, 13.36 dropped, 4.39 ms a token spent encoding under the GPU
ds4:   concurrent sections: 208.50 attempted, 208.50 opened a token
ds4:   speculation: 0.00 layers a token, 0.00 lanes computed, 0.00 matched, 0.00 GEMVs actually saved, 0.00 left to compute; compared 0.00 lanes, 0.00 floats differ, 0.00 by more than an ulp
ds4:   Metal 4: 37.81 command buffers sent, 3008.7 dispatches a token; 0 pieces of Metal 3 work so far
ds4:   Metal 4 a token: 37.81 contexts in 37.81 command buffers (0.00 split); 3138.6 nodes = 3008.7 dispatches + 129.9 copies; barriers 2314.3 from the graph, 75.6 queue; engine asked for 111.4 barriers and 440.5 section ends, neither encoded; 12532.8 buffer and 3480.8 constant bindings (317786 B), 0.0 with no stated length; 37.81 blocking waits, 57.58 ms
ds4:   expert cache over the last 64 tokens: 239.98 hits, 18.31 misses, 13.52 evictions a token; 7041 of 7041 entries live (100.0%)
ds4:   of the address-table holes repaired a token: 0.00 already resident, 18.31 genuinely absent
ds4:   of the repair a token: readahead 13.14 ms, slot preparation 2.01 ms, reads 8.04 ms, install 0.04 ms, over 18.31 loads
ds4:   Engram rows written at step start in 128 steps; layer-13 drains 0
ds4:   residency a token: 0.00 adds, 0.00 removes, 0.00 commits
1004 12:31:32 ds4-server: chat ctx=99..149:50 gen=100 decoding chunk=12.62 t/s avg=11.48 t/s 8.708s
ds4:   decode path so far: 192 single-row steps (79.9 ms each inside the graph over the last 64), 0 K-row verification steps over 0 positions, 0 batch-fusion sites taken; candidate K none
ds4: gate over tokens 129-192: 21.81 command buffers, 11.64 aborts, 240.0 expert ids accounted, 135.41 MiB loaded a token; 0 the gate failed to switch off, 0 it could not gate
ds4:   one token, exclusive, same window: entry 0.00 + encode 1.67 + commit-to-done 51.68 + repair-load 18.46 + accounting 0.04 + tail 2.02 = 73.88 of a 78.94 ms wall, residual 5.07
ds4:   GPU busy 54.28 ms of the token's wall (the union of its buffers' spans), idle 24.66 ms
ds4:   1374.8 gated dispatches a token, 18.9 of them behind an abort; 384.5 sent plain ahead of a buffer's first validate
ds4:   encode-ahead: 9.17 segments used, 10.72 dropped, 4.52 ms a token spent encoding under the GPU
ds4:   concurrent sections: 184.59 attempted, 184.59 opened a token
ds4:   speculation: 0.00 layers a token, 0.00 lanes computed, 0.00 matched, 0.00 GEMVs actually saved, 0.00 left to compute; compared 0.00 lanes, 0.00 floats differ, 0.00 by more than an ulp
ds4:   Metal 4: 33.53 command buffers sent, 2770.6 dispatches a token; 0 pieces of Metal 3 work so far
ds4:   Metal 4 a token: 33.53 contexts in 33.53 command buffers (0.00 split); 2889.8 nodes = 2770.6 dispatches + 119.2 copies; barriers 2070.7 from the graph, 67.1 queue; engine asked for 100.5 barriers and 391.1 section ends, neither encoded; 11361.3 buffer and 3189.9 constant bindings (284359 B), 0.0 with no stated length; 33.53 blocking waits, 52.29 ms
ds4:   expert cache over the last 64 tokens: 239.97 hits, 14.27 misses, 14.27 evictions a token; 7041 of 7041 entries live (100.0%)
ds4:   of the address-table holes repaired a token: 0.00 already resident, 14.27 genuinely absent
ds4:   of the repair a token: readahead 10.84 ms, slot preparation 0.77 ms, reads 6.52 ms, install 0.03 ms, over 14.27 loads
ds4:   Engram rows written at step start in 192 steps; layer-13 drains 0
ds4:   residency a token: 0.00 adds, 0.00 removes, 0.00 commits
1004 12:31:37 ds4-server: chat ctx=149..199:50 gen=150 decoding chunk=12.32 t/s avg=11.75 t/s 12.767s
1004 12:31:41 ds4-server: chat ctx=199..249:50 gen=200 decoding chunk=11.81 t/s avg=11.76 t/s 17.003s
ds4:   decode path so far: 256 single-row steps (81.5 ms each inside the graph over the last 64), 0 K-row verification steps over 0 positions, 0 batch-fusion sites taken; candidate K none
ds4: gate over tokens 193-256: 21.44 command buffers, 10.91 aborts, 240.0 expert ids accounted, 121.77 MiB loaded a token; 0 the gate failed to switch off, 0 it could not gate
ds4:   one token, exclusive, same window: entry 0.00 + encode 1.75 + commit-to-done 52.74 + repair-load 18.68 + accounting 0.04 + tail 1.99 = 75.21 of a 80.68 ms wall, residual 5.47
ds4:   GPU busy 55.88 ms of the token's wall (the union of its buffers' spans), idle 24.80 ms
ds4:   1375.7 gated dispatches a token, 7.3 of them behind an abort; 363.9 sent plain ahead of a buffer's first validate
ds4:   encode-ahead: 9.53 segments used, 10.47 dropped, 4.91 ms a token spent encoding under the GPU
ds4:   concurrent sections: 181.03 attempted, 181.03 opened a token
ds4:   speculation: 0.00 layers a token, 0.00 lanes computed, 0.00 matched, 0.00 GEMVs actually saved, 0.00 left to compute; compared 0.00 lanes, 0.00 floats differ, 0.00 by more than an ulp
ds4:   Metal 4: 32.91 command buffers sent, 2727.8 dispatches a token; 0 pieces of Metal 3 work so far
ds4:   Metal 4 a token: 32.91 contexts in 32.91 command buffers (0.00 split); 2841.1 nodes = 2727.8 dispatches + 113.3 copies; barriers 2040.1 from the graph, 65.8 queue; engine asked for 99.6 barriers and 384.1 section ends, neither encoded; 11187.4 buffer and 3139.5 constant bindings (279989 B), 0.0 with no stated length; 32.91 blocking waits, 53.29 ms
ds4:   expert cache over the last 64 tokens: 239.98 hits, 12.83 misses, 12.83 evictions a token; 7041 of 7041 entries live (100.0%)
ds4:   of the address-table holes repaired a token: 0.00 already resident, 12.83 genuinely absent
ds4:   of the repair a token: readahead 11.75 ms, slot preparation 0.83 ms, reads 5.82 ms, install 0.03 ms, over 12.83 loads
ds4:   Engram rows written at step start in 256 steps; layer-13 drains 0
ds4:   residency a token: 0.00 adds, 0.00 removes, 0.00 commits
1004 12:31:45 ds4-server: chat ctx=249..299:50 gen=250 decoding chunk=13.32 t/s avg=12.04 t/s 20.756s
ds4:   decode path so far: 320 single-row steps (76.4 ms each inside the graph over the last 64), 0 K-row verification steps over 0 positions, 0 batch-fusion sites taken; candidate K none
ds4: gate over tokens 257-320: 19.55 command buffers, 8.30 aborts, 240.0 expert ids accounted, 87.36 MiB loaded a token; 0 the gate failed to switch off, 0 it could not gate
ds4:   one token, exclusive, same window: entry 0.00 + encode 1.42 + commit-to-done 52.56 + repair-load 14.48 + accounting 0.04 + tail 1.99 = 70.50 of a 75.52 ms wall, residual 5.02
ds4:   GPU busy 55.96 ms of the token's wall (the union of its buffers' spans), idle 19.55 ms
ds4:   1356.4 gated dispatches a token, 5.8 of them behind an abort; 285.4 sent plain ahead of a buffer's first validate
ds4:   encode-ahead: 10.25 segments used, 8.02 dropped, 4.58 ms a token spent encoding under the GPU
ds4:   concurrent sections: 157.41 attempted, 157.41 opened a token
ds4:   speculation: 0.00 layers a token, 0.00 lanes computed, 0.00 matched, 0.00 GEMVs actually saved, 0.00 left to compute; compared 0.00 lanes, 0.00 floats differ, 0.00 by more than an ulp
ds4:   Metal 4: 28.56 command buffers sent, 2408.0 dispatches a token; 0 pieces of Metal 3 work so far
ds4:   Metal 4 a token: 28.56 contexts in 28.56 command buffers (0.00 split); 2500.8 nodes = 2408.0 dispatches + 92.7 copies; barriers 1802.4 from the graph, 57.1 queue; engine asked for 88.7 barriers and 335.1 section ends, neither encoded; 9859.4 buffer and 2767.7 constant bindings (246797 B), 0.0 with no stated length; 28.56 blocking waits, 53.31 ms
ds4:   expert cache over the last 64 tokens: 239.98 hits, 9.20 misses, 9.20 evictions a token; 7041 of 7041 entries live (100.0%)
ds4:   of the address-table holes repaired a token: 0.00 already resident, 9.20 genuinely absent
ds4:   of the repair a token: readahead 9.30 ms, slot preparation 0.69 ms, reads 4.33 ms, install 0.03 ms, over 9.20 loads
ds4:   Engram rows written at step start in 320 steps; layer-13 drains 0
ds4:   residency a token: 0.00 adds, 0.00 removes, 0.00 commits
1004 12:31:48 ds4-server: chat ctx=299..349:50 gen=300 decoding chunk=13.03 t/s avg=12.20 t/s 24.593s
ds4:   decode path so far: 384 single-row steps (74.3 ms each inside the graph over the last 64), 0 K-row verification steps over 0 positions, 0 batch-fusion sites taken; candidate K none
ds4: gate over tokens 321-384: 18.30 command buffers, 6.48 aborts, 240.0 expert ids accounted, 69.86 MiB loaded a token; 0 the gate failed to switch off, 0 it could not gate
ds4:   one token, exclusive, same window: entry 0.00 + encode 1.13 + commit-to-done 52.90 + repair-load 12.62 + accounting 0.04 + tail 2.00 = 68.69 of a 73.28 ms wall, residual 4.59
ds4:   GPU busy 56.47 ms of the token's wall (the union of its buffers' spans), idle 16.81 ms
ds4:   1336.0 gated dispatches a token, 9.7 of them behind an abort; 223.9 sent plain ahead of a buffer's first validate
ds4:   encode-ahead: 10.81 segments used, 6.09 dropped, 4.23 ms a token spent encoding under the GPU
ds4:   concurrent sections: 139.06 attempted, 139.06 opened a token
ds4:   speculation: 0.00 layers a token, 0.00 lanes computed, 0.00 matched, 0.00 GEMVs actually saved, 0.00 left to compute; compared 0.00 lanes, 0.00 floats differ, 0.00 by more than an ulp
ds4:   Metal 4: 25.39 command buffers sent, 2152.9 dispatches a token; 0 pieces of Metal 3 work so far
ds4:   Metal 4 a token: 25.39 contexts in 25.39 command buffers (0.00 split); 2231.4 nodes = 2152.9 dispatches + 78.5 copies; barriers 1614.0 from the graph, 50.8 queue; engine asked for 80.0 barriers and 297.0 section ends, neither encoded; 8805.1 buffer and 2471.7 constant bindings (220555 B), 0.0 with no stated length; 25.39 blocking waits, 53.78 ms
ds4:   expert cache over the last 64 tokens: 240.00 hits, 7.36 misses, 7.36 evictions a token; 7041 of 7041 entries live (100.0%)
ds4:   of the address-table holes repaired a token: 0.00 already resident, 7.36 genuinely absent
ds4:   of the repair a token: readahead 8.55 ms, slot preparation 0.53 ms, reads 3.39 ms, install 0.02 ms, over 7.36 loads
ds4:   Engram rows written at step start in 384 steps; layer-13 drains 0
ds4:   residency a token: 0.00 adds, 0.00 removes, 0.00 commits
1004 12:31:52 ds4-server: chat ctx=349..399:50 gen=350 decoding chunk=14.01 t/s avg=12.43 t/s 28.162s
ds4:   decode path so far: 448 single-row steps (71.1 ms each inside the graph over the last 64), 0 K-row verification steps over 0 positions, 0 batch-fusion sites taken; candidate K none
ds4: gate over tokens 385-448: 17.55 command buffers, 4.97 aborts, 240.0 expert ids accounted, 49.98 MiB loaded a token; 0 the gate failed to switch off, 0 it could not gate
ds4:   one token, exclusive, same window: entry 0.00 + encode 0.93 + commit-to-done 55.25 + repair-load 7.70 + accounting 0.04 + tail 2.10 = 66.02 of a 70.43 ms wall, residual 4.41
ds4:   GPU busy 59.40 ms of the token's wall (the union of its buffers' spans), idle 11.04 ms
ds4:   1350.4 gated dispatches a token, 2.9 of them behind an abort; 175.6 sent plain ahead of a buffer's first validate
ds4:   encode-ahead: 11.58 segments used, 4.78 dropped, 4.12 ms a token spent encoding under the GPU
ds4:   concurrent sections: 126.69 attempted, 126.69 opened a token
ds4:   speculation: 0.00 layers a token, 0.00 lanes computed, 0.00 matched, 0.00 GEMVs actually saved, 0.00 left to compute; compared 0.00 lanes, 0.00 floats differ, 0.00 by more than an ulp
ds4:   Metal 4: 23.33 command buffers sent, 1982.3 dispatches a token; 0 pieces of Metal 3 work so far
ds4:   Metal 4 a token: 23.33 contexts in 23.33 command buffers (0.00 split); 2047.0 nodes = 1982.3 dispatches + 64.7 copies; barriers 1485.9 from the graph, 46.7 queue; engine asked for 74.7 barriers and 271.7 section ends, neither encoded; 8107.4 buffer and 2273.8 constant bindings (202839 B), 0.0 with no stated length; 23.33 blocking waits, 56.36 ms
ds4:   expert cache over the last 64 tokens: 240.00 hits, 5.27 misses, 5.27 evictions a token; 7041 of 7041 entries live (100.0%)
ds4:   of the address-table holes repaired a token: 0.00 already resident, 5.27 genuinely absent
ds4:   of the repair a token: readahead 4.20 ms, slot preparation 0.47 ms, reads 2.96 ms, install 0.02 ms, over 5.27 loads
ds4:   Engram rows written at step start in 448 steps; layer-13 drains 0
ds4:   residency a token: 0.00 adds, 0.00 removes, 0.00 commits
1004 12:31:56 ds4-server: chat ctx=399..449:50 gen=400 decoding chunk=13.93 t/s avg=12.60 t/s 31.752s
1004 12:31:59 ds4-server: chat ctx=449..499:50 gen=450 decoding chunk=13.57 t/s avg=12.70 t/s 35.436s
ds4:   decode path so far: 512 single-row steps (73.2 ms each inside the graph over the last 64), 0 K-row verification steps over 0 positions, 0 batch-fusion sites taken; candidate K none
ds4: gate over tokens 449-512: 18.45 command buffers, 6.47 aborts, 240.0 expert ids accounted, 70.00 MiB loaded a token; 0 the gate failed to switch off, 0 it could not gate
ds4:   one token, exclusive, same window: entry 0.00 + encode 1.12 + commit-to-done 52.95 + repair-load 12.15 + accounting 0.04 + tail 1.99 = 68.26 of a 72.87 ms wall, residual 4.61
ds4:   GPU busy 56.78 ms of the token's wall (the union of its buffers' spans), idle 16.09 ms
ds4:   1345.7 gated dispatches a token, 4.8 of them behind an abort; 226.3 sent plain ahead of a buffer's first validate
ds4:   encode-ahead: 10.98 segments used, 6.27 dropped, 4.24 ms a token spent encoding under the GPU
ds4:   concurrent sections: 140.56 attempted, 140.56 opened a token
ds4:   speculation: 0.00 layers a token, 0.00 lanes computed, 0.00 matched, 0.00 GEMVs actually saved, 0.00 left to compute; compared 0.00 lanes, 0.00 floats differ, 0.00 by more than an ulp
ds4:   Metal 4: 25.72 command buffers sent, 2176.7 dispatches a token; 0 pieces of Metal 3 work so far
ds4:   Metal 4 a token: 25.72 contexts in 25.72 command buffers (0.00 split); 2256.4 nodes = 2176.7 dispatches + 79.6 copies; barriers 1632.3 from the graph, 51.4 queue; engine asked for 81.1 barriers and 300.4 section ends, neither encoded; 8904.2 buffer and 2498.9 constant bindings (223073 B), 0.0 with no stated length; 25.72 blocking waits, 53.88 ms
ds4:   expert cache over the last 64 tokens: 239.94 hits, 7.38 misses, 7.38 evictions a token; 7041 of 7041 entries live (100.0%)
ds4:   of the address-table holes repaired a token: 0.00 already resident, 7.38 genuinely absent
ds4:   of the repair a token: readahead 8.15 ms, slot preparation 0.53 ms, reads 3.32 ms, install 0.02 ms, over 7.38 loads
ds4:   Engram rows written at step start in 512 steps; layer-13 drains 0
ds4:   residency a token: 0.00 adds, 0.00 removes, 0.00 commits
1004 12:32:03 ds4-server: chat ctx=499..549:50 gen=500 decoding chunk=13.41 t/s avg=12.77 t/s 39.164s
1004 12:32:04 ds4-server: chat ctx=549..561:12 gen=512 decoding chunk=11.44 t/s avg=12.73 t/s 40.213s
1004 12:32:04 ds4-server: token ids: 512, hash 9f19ba69c62168f8, stop output limit token -1, every 64: 8a25d201,0ed89011,c54c464c,ac1403df,8c84e574,a520e497,0c004a31,9f19ba69
ds4: backend request Metal 4 encoder batch                  encoder=1579616
ds4: backend request Metal 4 tensor_copy                    blit=9022
ds4: backend request Metal 4 segment                        commit=17922
ds4: backend request Metal 4 wait                           wait=17922
ds4: backend request Metal 4 tensor_read                    readback=513
ds4: backend request totals over 512 tokens (selected Metal 4): M3 commit=0 wait=0 signal=0 evwait=0 blit=0 encoder=0 readback=0 M4 commit=17922 wait=17922 signal=0 evwait=0 blit=9022 encoder=1579616 readback=513; Metal 3 fallback 0; site table overflow 0
ds4: backend request boundary flush          pc 0x1000c4e2c 11827
ds4: backend request boundary flush          pc 0x1000c5208 10946
ds4: backend request boundary wait mark      pc 0x1000c51e8 10946
ds4: backend request boundary wait           pc 0x1000c52f8 5582
ds4: backend request boundary wait           pc 0x1000c524c 881
ds4: backend request boundary end            pc 0x1000c63a8 561
ds4: backend request boundary end            pc 0x1000cb780 513
ds4: Metal 4 bindings with no stated length: 0 at 0 call sites
ds4: backend request Metal 4 feedback after completion: 16787 waits, 255.056 ms
ds4: backend request Metal 3 command execution after Metal 4 selection: 0 (refused 0); Metal 3 queues created before selection 0, after 0; full expert address table uses 0
ds4: backend request background: keepalive M3 0 M4 50, pacer M3 0 M4 0 (cumulative)
1004 12:32:04 ds4-server: token trace: 0 128803 39708 378 1576 24355 101742 2539 410 20367 10230 253 34036 2539 20230 22137 2479 86797 25653 20853 2593 59952 44090 60714 10729 40209 320 24355 4825 52877 4825 62116 2747 80953 19 48644 101742 2298 3910 9320 410 110927 30484 2747 72802 95130 320 128804 128822 | 9854 6541 201 52979 45840 22224 1018 43274 15096 1281 5154 3816 51704 1018 85786 44106 1281 34217 15 26 3816 85786 2329 1281 69406 4 3445 1281 12356 70654 27239 14 6069 16057 31 19 16 18 3816 104101 32 86797 25653 20853 2593 59952 44090 1718 10212 1018 94344 1018 223 982 875 361 11624 28 223 18 510 361 18953 28 223 18 510 361 6485 116505 28 9491 37057 510 223 1554 223 3197 875 361 6951 28 1823 19 67 19 67 20 71 510 361 5514 28 7397 510 361 19741 24126 28 6354 510 361 12628 41779 28 6354 510 361 1550 47904 28 223 1457 62331 510 361 10173 36941 28 905 33373 5670 22095 1780 22477 80985 510 361 37126 28 14414 510 223 1554 223 1823 29675 46391 875 361 3609 28 8321 510 223 1554 223 33578 875 361 5514 28 5603 510 361 6951 28 1823 10669 907 71 510 361 9491 41913 28 223 26 5438 510 361 6485 48219 28 223 18 223 18 223 1059 5438 60367 10 18 14 223 792 14 223 9489 14 223 18 16 21 833 361 33751 28 10803 510 223 1554 223 1823 22337 875 361 3609 28 14148 510 361 2656 28 223 553 5438 510 361 3001 28 223 856 5438 510 361 3605 28 1823 504 70 22 617 510 361 10173 17809 28 223 926 5438 510 361 10173 29364 28 21089 510 361 3051 48219 28 223 18 223 18 223 26 5438 60367 10 18 14 223 12326 14 223 9489 14 223 18 16 24 833 361 25019 5457 37339 28 10803 510 223 1554 223 1823 20400 875 361 3609 28 14148 510 361 2656 28 223 1328 27913 361 3001 28 223 1328 27913 361 6779 28 28295 7414 1328 6467 565 1328 7 833 361 3605 28 1823 52396 510 361 10173 17809 28 223 1449 5438 510 361 10173 29364 28 21089 510 361 3051 30271 28 6354 510 361 3051 48219 28 223 18 223 18 223 856 5438 60367 10 18 14 223 12326 14 223 9489 14 223 18 16 26 833 361 25019 5457 37339 28 10803 510 361 2562 47904 28 223 19 16 24 510 223 1554 223 1823 20400 2395 875 361 5514 28 5603 510 361 10173 17809 28 223 926 5438 510 361 3605 28 1823 504 70 22 617 510 361 11624 27370 28 223 553 5438 510 223 1554 1718 8618 1018 1718 3846 1018 49140 1018 16099 4099 1281 29675 46391 3816 223 818 105458 4099 1281 105458 4 8411 1281 6391 4 7039 1281 12747 11387 105458 1018 223 818 2512 4099 1281 22337 3320 6421 14925 10194 28 818 6019 4099 1281 21603 3320 18 1718 6019 32 369 223 8484 4553 47616 15587 28 818 6019 4099 1281 78 1769 3320 21 1718 6019 7339 2512 1018 223 818 2512 4099 1281 20400 11387 2512 1018 1718 2512 4697 41831 1018 30629 1393 875
1004 12:32:04 ds4-server: metal 4 at request end: 17922 commits, 17922 feedback, 0 errors, residency 0 entries 0.0 MiB
1004 12:32:04 ds4-server: router finalize so far: 43605 fused, 0 generic, 0 fallback; compare 0 calls, mismatches 0 probs 0 ids 0 weights
1004 12:32:04 ds4-server: transition compare words differing so far: mix 0 split 0 sum 0 norm 0 residual 0 pre 0 kv 0 window 0 low 0 rows 0 expand 0 expand-sum 0 expand-norm 0 route-proj 0 route-select 0, over 0 comparisons
1004 12:32:04 ds4-server: chat ctx=0..49:49 gen=512 finish=length 44.202s
1004 12:32:04 ds4-server: live kv cache miss live=561 prompt=19 common=2 vision=match reason=token-mismatch
1004 12:32:04 ds4-server: chat ctx=0..19:19 prompt start
1004 12:32:04 ds4-server: metal 4 at request start: 17922 commits, 17922 feedback, 0 errors, residency 0 entries 0.0 MiB
ds4: memory budget: the expert cache returned a slab of 337 experts (3.13 GiB); it now has 6704 slots
ds4: memory budget: the expert cache returned a slab of 431 experts (4.00 GiB); it now has 6273 slots
1004 12:32:05 ds4-server: chat ctx=0..19:19 prefill chunk 1/19 (5.3%) chunk=0.00 t/s avg=1.91 t/s 0.522s
1004 12:32:05 ds4-server: chat ctx=0..19:19 prefill chunk 2/19 (10.5%) chunk=6.37 t/s avg=2.94 t/s 0.679s
1004 12:32:05 ds4-server: chat ctx=0..19:19 prefill chunk 3/19 (15.8%) chunk=7.09 t/s avg=3.66 t/s 0.820s
1004 12:32:05 ds4-server: chat ctx=0..19:19 prefill chunk 4/19 (21.1%) chunk=7.17 t/s avg=4.17 t/s 0.960s
1004 12:32:05 ds4-server: chat ctx=0..19:19 prefill chunk 5/19 (26.3%) chunk=9.39 t/s avg=4.69 t/s 1.066s
1004 12:32:05 ds4-server: chat ctx=0..19:19 prefill chunk 6/19 (31.6%) chunk=7.18 t/s avg=4.98 t/s 1.205s
1004 12:32:05 ds4-server: chat ctx=0..19:19 prefill chunk 7/19 (36.8%) chunk=7.21 t/s avg=5.21 t/s 1.344s
1004 12:32:05 ds4-server: chat ctx=0..19:19 prefill chunk 8/19 (42.1%) chunk=7.71 t/s avg=5.43 t/s 1.474s
1004 12:32:06 ds4-server: chat ctx=0..19:19 prefill chunk 9/19 (47.4%) chunk=8.89 t/s avg=5.67 t/s 1.586s
1004 12:32:06 ds4-server: chat ctx=0..19:19 prefill chunk 10/19 (52.6%) chunk=7.89 t/s avg=5.84 t/s 1.713s
1004 12:32:06 ds4-server: chat ctx=0..19:19 prefill chunk 11/19 (57.9%) chunk=11.25 t/s avg=6.10 t/s 1.802s
1004 12:32:06 ds4-server: chat ctx=0..19:19 prefill chunk 12/19 (63.2%) chunk=4.03 t/s avg=5.85 t/s 2.050s
1004 12:32:06 ds4-server: chat ctx=0..19:19 prefill chunk 13/19 (68.4%) chunk=5.62 t/s avg=5.84 t/s 2.228s
1004 12:32:06 ds4-server: chat ctx=0..19:19 prefill chunk 14/19 (73.7%) chunk=9.18 t/s avg=5.99 t/s 2.337s
ds4:   decode path so far: 576 single-row steps (92.4 ms each inside the graph over the last 64), 0 K-row verification steps over 0 positions, 0 batch-fusion sites taken; candidate K none
ds4: gate over tokens 513-576: 23.62 command buffers, 14.36 aborts, 240.0 expert ids accounted, 228.70 MiB loaded a token; 0 the gate failed to switch off, 0 it could not gate
ds4:   one token, exclusive, same window: entry 0.00 + encode 2.10 + commit-to-done 54.20 + repair-load 28.39 + accounting 0.04 + tail 1.52 = 86.26 of a 91.86 ms wall, residual 5.60
ds4:   GPU busy 54.56 ms of the token's wall (the union of its buffers' spans), idle 37.30 ms
ds4:   1370.1 gated dispatches a token, 9.8 of them behind an abort; 462.1 sent plain ahead of a buffer's first validate
ds4:   encode-ahead: 8.27 segments used, 13.67 dropped, 5.01 ms a token spent encoding under the GPU
ds4:   concurrent sections: 213.59 attempted, 213.59 opened a token
ds4:   speculation: 0.00 layers a token, 0.00 lanes computed, 0.00 matched, 0.00 GEMVs actually saved, 0.00 left to compute; compared 0.00 lanes, 0.00 floats differ, 0.00 by more than an ulp
ds4:   Metal 4: 38.06 command buffers sent, 3119.0 dispatches a token; 0 pieces of Metal 3 work so far
ds4:   Metal 4 a token: 38.06 contexts in 38.06 command buffers (0.00 split); 3287.2 nodes = 3119.0 dispatches + 168.2 copies; barriers 2354.4 from the graph, 76.1 queue; engine asked for 114.4 barriers and 450.9 section ends, neither encoded; 12877.8 buffer and 3603.4 constant bindings (324102 B), 0.0 with no stated length; 38.06 blocking waits, 54.03 ms
ds4:   expert cache over the last 64 tokens: 239.94 hits, 24.09 misses, 36.09 evictions a token; 6273 of 6273 entries live (100.0%)
ds4:   of the address-table holes repaired a token: 0.00 already resident, 24.09 genuinely absent
ds4:   of the repair a token: readahead 14.74 ms, slot preparation 0.77 ms, reads 12.07 ms, install 0.05 ms, over 24.09 loads
ds4:   Engram rows written at step start in 576 steps; layer-13 drains 0
ds4:   residency a token: 0.00 adds, 0.00 removes, 0.00 commits
1004 12:32:06 ds4-server: chat ctx=0..19:19 prefill chunk 15/19 (78.9%) chunk=8.55 t/s avg=6.11 t/s 2.454s
1004 12:32:07 ds4-server: chat ctx=0..19:19 prefill chunk 16/19 (84.2%) chunk=9.97 t/s avg=6.26 t/s 2.554s
1004 12:32:07 ds4-server: chat ctx=0..19:19 prefill chunk 17/19 (89.5%) chunk=10.03 t/s avg=6.41 t/s 2.654s
1004 12:32:07 ds4-server: chat ctx=0..19:19 prefill chunk 18/19 (94.7%) chunk=15.10 t/s avg=6.62 t/s 2.720s
1004 12:32:07 ds4-server: chat ctx=0..19:19 prefill chunk 19/19 (100.0%) chunk=12.25 t/s avg=6.78 t/s 2.802s
ds4: expert cache lent the prefill headroom for decode: 6273 -> 7041 experts
1004 12:32:07 ds4-server: chat ctx=0..19:19 prompt done 2.803s
1004 12:32:12 ds4-server: chat ctx=19..69:50 gen=50 decoding chunk=9.72 t/s avg=9.72 t/s 5.145s
ds4:   decode path so far: 640 single-row steps (96.9 ms each inside the graph over the last 64), 0 K-row verification steps over 0 positions, 0 batch-fusion sites taken; candidate K none
ds4: gate over tokens 577-640: 26.41 command buffers, 18.62 aborts, 240.0 expert ids accounted, 238.05 MiB loaded a token; 0 the gate failed to switch off, 0 it could not gate
ds4:   one token, exclusive, same window: entry 0.00 + encode 2.87 + commit-to-done 47.10 + repair-load 36.99 + accounting 0.04 + tail 1.67 = 88.67 of a 95.32 ms wall, residual 6.65
ds4:   GPU busy 47.05 ms of the token's wall (the union of its buffers' spans), idle 48.27 ms
ds4:   1382.7 gated dispatches a token, 16.4 of them behind an abort; 587.0 sent plain ahead of a buffer's first validate
ds4:   encode-ahead: 6.78 segments used, 17.72 dropped, 5.97 ms a token spent encoding under the GPU
ds4:   concurrent sections: 250.56 attempted, 250.56 opened a token
ds4:   speculation: 0.00 layers a token, 0.00 lanes computed, 0.00 matched, 0.00 GEMVs actually saved, 0.00 left to compute; compared 0.00 lanes, 0.00 floats differ, 0.00 by more than an ulp
ds4:   Metal 4: 45.08 command buffers sent, 3581.2 dispatches a token; 0 pieces of Metal 3 work so far
ds4:   Metal 4 a token: 45.08 contexts in 45.08 command buffers (0.00 split); 3738.1 nodes = 3581.2 dispatches + 156.8 copies; barriers 2753.0 from the graph, 90.2 queue; engine asked for 131.2 barriers and 527.6 section ends, neither encoded; 14921.8 buffer and 4146.9 constant bindings (378533 B), 0.0 with no stated length; 45.08 blocking waits, 46.58 ms
ds4:   expert cache over the last 64 tokens: 239.95 hits, 25.08 misses, 13.08 evictions a token; 7041 of 7041 entries live (100.0%)
ds4:   of the address-table holes repaired a token: 0.00 already resident, 25.08 genuinely absent
ds4:   of the repair a token: readahead 17.74 ms, slot preparation 9.19 ms, reads 9.58 ms, install 0.06 ms, over 25.08 loads
ds4:   Engram rows written at step start in 640 steps; layer-13 drains 0
ds4:   residency a token: 0.00 adds, 0.00 removes, 0.00 commits
1004 12:32:16 ds4-server: chat ctx=69..119:50 gen=100 decoding chunk=12.40 t/s avg=10.90 t/s 9.177s
ds4:   decode path so far: 704 single-row steps (81.9 ms each inside the graph over the last 64), 0 K-row verification steps over 0 positions, 0 batch-fusion sites taken; candidate K none
ds4: gate over tokens 641-704: 23.22 command buffers, 13.84 aborts, 240.0 expert ids accounted, 163.44 MiB loaded a token; 0 the gate failed to switch off, 0 it could not gate
ds4:   one token, exclusive, same window: entry 0.00 + encode 2.34 + commit-to-done 47.81 + repair-load 22.90 + accounting 0.04 + tail 1.86 = 74.95 of a 81.24 ms wall, residual 6.29
ds4:   GPU busy 50.00 ms of the token's wall (the union of its buffers' spans), idle 31.24 ms
ds4:   1344.3 gated dispatches a token, 9.9 of them behind an abort; 448.0 sent plain ahead of a buffer's first validate
ds4:   encode-ahead: 8.38 segments used, 13.12 dropped, 5.72 ms a token spent encoding under the GPU
ds4:   concurrent sections: 206.75 attempted, 206.75 opened a token
ds4:   speculation: 0.00 layers a token, 0.00 lanes computed, 0.00 matched, 0.00 GEMVs actually saved, 0.00 left to compute; compared 0.00 lanes, 0.00 floats differ, 0.00 by more than an ulp
ds4:   Metal 4: 37.34 command buffers sent, 3016.9 dispatches a token; 0 pieces of Metal 3 work so far
ds4:   Metal 4 a token: 37.34 contexts in 37.34 command buffers (0.00 split); 3161.7 nodes = 3016.9 dispatches + 144.8 copies; barriers 2308.4 from the graph, 74.7 queue; engine asked for 111.0 barriers and 437.0 section ends, neither encoded; 12513.2 buffer and 3485.6 constant bindings (316732 B), 0.0 with no stated length; 37.34 blocking waits, 47.75 ms
ds4:   expert cache over the last 64 tokens: 239.97 hits, 17.22 misses, 17.22 evictions a token; 7041 of 7041 entries live (100.0%)
ds4:   of the address-table holes repaired a token: 0.00 already resident, 17.22 genuinely absent
ds4:   of the repair a token: readahead 14.04 ms, slot preparation 1.07 ms, reads 7.31 ms, install 0.05 ms, over 17.22 loads
ds4:   Engram rows written at step start in 704 steps; layer-13 drains 0
ds4:   residency a token: 0.00 adds, 0.00 removes, 0.00 commits
1004 12:32:20 ds4-server: chat ctx=119..169:50 gen=150 decoding chunk=12.05 t/s avg=11.26 t/s 13.327s
ds4:   decode path so far: 768 single-row steps (79.5 ms each inside the graph over the last 64), 0 K-row verification steps over 0 positions, 0 batch-fusion sites taken; candidate K none
ds4: gate over tokens 705-768: 21.62 command buffers, 11.89 aborts, 240.0 expert ids accounted, 132.74 MiB loaded a token; 0 the gate failed to switch off, 0 it could not gate
ds4:   one token, exclusive, same window: entry 0.00 + encode 2.03 + commit-to-done 48.66 + repair-load 20.17 + accounting 0.04 + tail 1.86 = 72.76 of a 78.55 ms wall, residual 5.78
ds4:   GPU busy 51.45 ms of the token's wall (the union of its buffers' spans), idle 27.10 ms
ds4:   1353.1 gated dispatches a token, 11.6 of them behind an abort; 398.9 sent plain ahead of a buffer's first validate
ds4:   encode-ahead: 8.73 segments used, 11.36 dropped, 5.26 ms a token spent encoding under the GPU
ds4:   concurrent sections: 187.88 attempted, 187.88 opened a token
ds4:   speculation: 0.00 layers a token, 0.00 lanes computed, 0.00 matched, 0.00 GEMVs actually saved, 0.00 left to compute; compared 0.00 lanes, 0.00 floats differ, 0.00 by more than an ulp
ds4:   Metal 4: 33.98 command buffers sent, 2818.8 dispatches a token; 0 pieces of Metal 3 work so far
ds4:   Metal 4 a token: 33.98 contexts in 33.98 command buffers (0.00 split); 2942.9 nodes = 2818.8 dispatches + 124.1 copies; barriers 2106.9 from the graph, 68.0 queue; engine asked for 102.1 barriers and 397.8 section ends, neither encoded; 11557.7 buffer and 3245.6 constant bindings (289322 B), 0.0 with no stated length; 33.98 blocking waits, 48.88 ms
ds4:   expert cache over the last 64 tokens: 240.00 hits, 13.98 misses, 13.98 evictions a token; 7041 of 7041 entries live (100.0%)
ds4:   of the address-table holes repaired a token: 0.00 already resident, 13.98 genuinely absent
ds4:   of the repair a token: readahead 12.46 ms, slot preparation 0.94 ms, reads 6.45 ms, install 0.04 ms, over 13.98 loads
ds4:   Engram rows written at step start in 768 steps; layer-13 drains 0
ds4:   residency a token: 0.00 adds, 0.00 removes, 0.00 commits
1004 12:32:24 ds4-server: chat ctx=169..219:50 gen=200 decoding chunk=12.47 t/s avg=11.54 t/s 17.336s
1004 12:32:28 ds4-server: chat ctx=219..269:50 gen=250 decoding chunk=13.62 t/s avg=11.90 t/s 21.008s
ds4:   decode path so far: 832 single-row steps (78.0 ms each inside the graph over the last 64), 0 K-row verification steps over 0 positions, 0 batch-fusion sites taken; candidate K none
ds4: gate over tokens 769-832: 20.02 command buffers, 8.92 aborts, 240.0 expert ids accounted, 96.11 MiB loaded a token; 0 the gate failed to switch off, 0 it could not gate
ds4:   one token, exclusive, same window: entry 0.00 + encode 1.51 + commit-to-done 50.44 + repair-load 17.74 + accounting 0.04 + tail 1.96 = 71.69 of a 76.64 ms wall, residual 4.95
ds4:   GPU busy 53.24 ms of the token's wall (the union of its buffers' spans), idle 23.39 ms
ds4:   1346.2 gated dispatches a token, 9.7 of them behind an abort; 303.5 sent plain ahead of a buffer's first validate
ds4:   encode-ahead: 10.09 segments used, 8.41 dropped, 4.51 ms a token spent encoding under the GPU
ds4:   concurrent sections: 160.97 attempted, 160.97 opened a token
ds4:   speculation: 0.00 layers a token, 0.00 lanes computed, 0.00 matched, 0.00 GEMVs actually saved, 0.00 left to compute; compared 0.00 lanes, 0.00 floats differ, 0.00 by more than an ulp
ds4:   Metal 4: 29.42 command buffers sent, 2452.7 dispatches a token; 0 pieces of Metal 3 work so far
ds4:   Metal 4 a token: 29.42 contexts in 29.42 command buffers (0.00 split); 2551.6 nodes = 2452.7 dispatches + 99.0 copies; barriers 1837.1 from the graph, 58.8 queue; engine asked for 90.1 barriers and 342.4 section ends, neither encoded; 10040.2 buffer and 2819.8 constant bindings (251546 B), 0.0 with no stated length; 29.42 blocking waits, 51.07 ms
ds4:   expert cache over the last 64 tokens: 239.97 hits, 10.12 misses, 10.12 evictions a token; 7041 of 7041 entries live (100.0%)
ds4:   of the address-table holes repaired a token: 0.00 already resident, 10.12 genuinely absent
ds4:   of the repair a token: readahead 12.18 ms, slot preparation 0.74 ms, reads 4.63 ms, install 0.03 ms, over 10.12 loads
ds4:   Engram rows written at step start in 832 steps; layer-13 drains 0
ds4:   residency a token: 0.00 adds, 0.00 removes, 0.00 commits
1004 12:32:32 ds4-server: chat ctx=269..319:50 gen=300 decoding chunk=12.69 t/s avg=12.03 t/s 24.947s
ds4:   decode path so far: 896 single-row steps (76.6 ms each inside the graph over the last 64), 0 K-row verification steps over 0 positions, 0 batch-fusion sites taken; candidate K none
ds4: gate over tokens 833-896: 20.33 command buffers, 9.33 aborts, 240.0 expert ids accounted, 102.34 MiB loaded a token; 0 the gate failed to switch off, 0 it could not gate
ds4:   one token, exclusive, same window: entry 0.00 + encode 1.53 + commit-to-done 51.68 + repair-load 15.71 + accounting 0.04 + tail 1.95 = 70.91 of a 75.98 ms wall, residual 5.07
ds4:   GPU busy 54.80 ms of the token's wall (the union of its buffers' spans), idle 21.18 ms
ds4:   1358.6 gated dispatches a token, 6.3 of them behind an abort; 312.4 sent plain ahead of a buffer's first validate
ds4:   encode-ahead: 10.00 segments used, 8.92 dropped, 4.61 ms a token spent encoding under the GPU
ds4:   concurrent sections: 166.03 attempted, 166.03 opened a token
ds4:   speculation: 0.00 layers a token, 0.00 lanes computed, 0.00 matched, 0.00 GEMVs actually saved, 0.00 left to compute; compared 0.00 lanes, 0.00 floats differ, 0.00 by more than an ulp
ds4:   Metal 4: 30.25 command buffers sent, 2526.7 dispatches a token; 0 pieces of Metal 3 work so far
ds4:   Metal 4 a token: 30.25 contexts in 30.25 command buffers (0.00 split); 2629.9 nodes = 2526.7 dispatches + 103.2 copies; barriers 1890.8 from the graph, 60.5 queue; engine asked for 92.6 barriers and 353.0 section ends, neither encoded; 10345.2 buffer and 2905.2 constant bindings (258994 B), 0.0 with no stated length; 30.25 blocking waits, 52.31 ms
ds4:   expert cache over the last 64 tokens: 239.98 hits, 10.78 misses, 10.78 evictions a token; 7041 of 7041 entries live (100.0%)
ds4:   of the address-table holes repaired a token: 0.00 already resident, 10.78 genuinely absent
ds4:   of the repair a token: readahead 10.04 ms, slot preparation 0.72 ms, reads 4.72 ms, install 0.03 ms, over 10.78 loads
ds4:   Engram rows written at step start in 896 steps; layer-13 drains 0
ds4:   residency a token: 0.00 adds, 0.00 removes, 0.00 commits
1004 12:32:36 ds4-server: chat ctx=319..369:50 gen=350 decoding chunk=13.35 t/s avg=12.20 t/s 28.692s
ds4:   decode path so far: 960 single-row steps (78.5 ms each inside the graph over the last 64), 0 K-row verification steps over 0 positions, 0 batch-fusion sites taken; candidate K none
ds4: gate over tokens 897-960: 20.38 command buffers, 9.59 aborts, 240.0 expert ids accounted, 106.34 MiB loaded a token; 0 the gate failed to switch off, 0 it could not gate
ds4:   one token, exclusive, same window: entry 0.00 + encode 1.57 + commit-to-done 52.52 + repair-load 16.19 + accounting 0.04 + tail 1.98 = 72.30 of a 77.41 ms wall, residual 5.12
ds4:   GPU busy 55.76 ms of the token's wall (the union of its buffers' spans), idle 21.65 ms
ds4:   1348.0 gated dispatches a token, 14.0 of them behind an abort; 319.8 sent plain ahead of a buffer's first validate
ds4:   encode-ahead: 9.78 segments used, 8.95 dropped, 4.62 ms a token spent encoding under the GPU
ds4:   concurrent sections: 166.75 attempted, 166.75 opened a token
ds4:   speculation: 0.00 layers a token, 0.00 lanes computed, 0.00 matched, 0.00 GEMVs actually saved, 0.00 left to compute; compared 0.00 lanes, 0.00 floats differ, 0.00 by more than an ulp
ds4:   Metal 4: 30.33 command buffers sent, 2530.5 dispatches a token; 0 pieces of Metal 3 work so far
ds4:   Metal 4 a token: 30.33 contexts in 30.33 command buffers (0.00 split); 2635.5 nodes = 2530.5 dispatches + 105.0 copies; barriers 1894.1 from the graph, 60.7 queue; engine asked for 92.5 barriers and 354.2 section ends, neither encoded; 10365.6 buffer and 2910.5 constant bindings (259586 B), 0.0 with no stated length; 30.33 blocking waits, 53.18 ms
ds4:   expert cache over the last 64 tokens: 239.97 hits, 11.20 misses, 11.20 evictions a token; 7041 of 7041 entries live (100.0%)
ds4:   of the address-table holes repaired a token: 0.00 already resident, 11.20 genuinely absent
ds4:   of the repair a token: readahead 10.24 ms, slot preparation 0.75 ms, reads 4.95 ms, install 0.03 ms, over 11.20 loads
ds4:   Engram rows written at step start in 960 steps; layer-13 drains 0
ds4:   residency a token: 0.00 adds, 0.00 removes, 0.00 commits
1004 12:32:40 ds4-server: chat ctx=369..419:50 gen=400 decoding chunk=12.51 t/s avg=12.24 t/s 32.691s
ds4:   decode path so far: 1024 single-row steps (77.8 ms each inside the graph over the last 64), 0 K-row verification steps over 0 positions, 0 batch-fusion sites taken; candidate K none
ds4: gate over tokens 961-1024: 19.84 command buffers, 8.78 aborts, 240.0 expert ids accounted, 94.03 MiB loaded a token; 0 the gate failed to switch off, 0 it could not gate
ds4:   one token, exclusive, same window: entry 0.00 + encode 1.61 + commit-to-done 52.82 + repair-load 14.83 + accounting 0.04 + tail 1.97 = 71.28 of a 76.79 ms wall, residual 5.51
ds4:   GPU busy 56.28 ms of the token's wall (the union of its buffers' spans), idle 20.51 ms
ds4:   1355.2 gated dispatches a token, 7.3 of them behind an abort; 295.1 sent plain ahead of a buffer's first validate
ds4:   encode-ahead: 10.06 segments used, 8.34 dropped, 5.03 ms a token spent encoding under the GPU
ds4:   concurrent sections: 161.03 attempted, 161.03 opened a token
ds4:   speculation: 0.00 layers a token, 0.00 lanes computed, 0.00 matched, 0.00 GEMVs actually saved, 0.00 left to compute; compared 0.00 lanes, 0.00 floats differ, 0.00 by more than an ulp
ds4:   Metal 4: 29.19 command buffers sent, 2455.5 dispatches a token; 0 pieces of Metal 3 work so far
ds4:   Metal 4 a token: 29.19 contexts in 29.19 command buffers (0.00 split); 2552.6 nodes = 2455.5 dispatches + 97.1 copies; barriers 1837.6 from the graph, 58.4 queue; engine asked for 90.1 barriers and 342.5 section ends, neither encoded; 10055.1 buffer and 2823.1 constant bindings (251688 B), 0.0 with no stated length; 29.19 blocking waits, 53.42 ms
ds4:   expert cache over the last 64 tokens: 240.00 hits, 9.91 misses, 9.91 evictions a token; 7041 of 7041 entries live (100.0%)
ds4:   of the address-table holes repaired a token: 0.00 already resident, 9.91 genuinely absent
ds4:   of the repair a token: readahead 9.46 ms, slot preparation 0.78 ms, reads 4.38 ms, install 0.03 ms, over 9.91 loads
ds4:   Engram rows written at step start in 1024 steps; layer-13 drains 0
ds4:   residency a token: 0.00 adds, 0.00 removes, 0.00 commits
1004 12:32:43 ds4-server: chat ctx=419..469:50 gen=450 decoding chunk=13.14 t/s avg=12.33 t/s 36.495s
1004 12:32:48 ds4-server: chat ctx=469..519:50 gen=500 decoding chunk=11.08 t/s avg=12.19 t/s 41.008s
ds4:   decode path so far: 1088 single-row steps (86.1 ms each inside the graph over the last 64), 0 K-row verification steps over 0 positions, 0 batch-fusion sites taken; candidate K none
ds4: gate over tokens 1025-1088: 24.19 command buffers, 15.19 aborts, 240.0 expert ids accounted, 183.61 MiB loaded a token; 0 the gate failed to switch off, 0 it could not gate
ds4:   one token, exclusive, same window: entry 0.00 + encode 2.51 + commit-to-done 47.75 + repair-load 26.85 + accounting 0.04 + tail 1.79 = 78.95 of a 85.44 ms wall, residual 6.49
ds4:   GPU busy 49.29 ms of the token's wall (the union of its buffers' spans), idle 36.15 ms
ds4:   1389.0 gated dispatches a token, 9.2 of them behind an abort; 496.5 sent plain ahead of a buffer's first validate
ds4:   encode-ahead: 8.00 segments used, 14.50 dropped, 5.92 ms a token spent encoding under the GPU
ds4:   concurrent sections: 220.62 attempted, 220.62 opened a token
ds4:   speculation: 0.00 layers a token, 0.00 lanes computed, 0.00 matched, 0.00 GEMVs actually saved, 0.00 left to compute; compared 0.00 lanes, 0.00 floats differ, 0.00 by more than an ulp
ds4:   Metal 4: 39.69 command buffers sent, 3268.5 dispatches a token; 0 pieces of Metal 3 work so far
ds4:   Metal 4 a token: 39.69 contexts in 39.69 command buffers (0.00 split); 3427.0 nodes = 3268.5 dispatches + 158.5 copies; barriers 2440.4 from the graph, 79.4 queue; engine asked for 117.6 barriers and 465.8 section ends, neither encoded; 13407.6 buffer and 3768.2 constant bindings (335802 B), 0.0 with no stated length; 39.69 blocking waits, 47.48 ms
ds4:   expert cache over the last 64 tokens: 239.91 hits, 19.34 misses, 19.34 evictions a token; 7041 of 7041 entries live (100.0%)
ds4:   of the address-table holes repaired a token: 0.00 already resident, 19.34 genuinely absent
ds4:   of the repair a token: readahead 17.06 ms, slot preparation 1.10 ms, reads 8.11 ms, install 0.05 ms, over 19.34 loads
ds4:   Engram rows written at step start in 1088 steps; layer-13 drains 0
ds4:   residency a token: 0.00 adds, 0.00 removes, 0.00 commits
1004 12:32:49 ds4-server: chat ctx=519..531:12 gen=512 decoding chunk=12.79 t/s avg=12.21 t/s 41.947s
1004 12:32:49 ds4-server: token ids: 512, hash e82f85fc82364d42, stop output limit token -1, every 64: 6b445bfa,3623e0d0,33495f0d,6975733f,4cddfb5d,9ee4eaac,5b5331cc,e82f85fc
ds4: backend request Metal 4 encoder batch                  encoder=1648123
ds4: backend request Metal 4 tensor_copy                    blit=9421
ds4: backend request Metal 4 segment                        commit=18791
ds4: backend request Metal 4 wait                           wait=18791
ds4: backend request Metal 4 tensor_read                    readback=513
ds4: backend request totals over 512 tokens (selected Metal 4): M3 commit=0 wait=0 signal=0 evwait=0 blit=0 encoder=0 readback=0 M4 commit=18791 wait=18791 signal=0 evwait=0 blit=9421 encoder=1648123 readback=513; Metal 3 fallback 0; site table overflow 0
ds4: backend request boundary flush          pc 0x1000c4e2c 11903
ds4: backend request boundary flush          pc 0x1000c5208 11037
ds4: backend request boundary wait mark      pc 0x1000c51e8 11037
ds4: backend request boundary wait           pc 0x1000c52f8 6375
ds4: backend request boundary wait           pc 0x1000c524c 866
ds4: backend request boundary end            pc 0x1000c63a8 531
ds4: backend request boundary end            pc 0x1000cb780 513
ds4: Metal 4 bindings with no stated length: 0 at 0 call sites
ds4: backend request Metal 4 feedback after completion: 17811 waits, 277.649 ms
ds4: backend request Metal 3 command execution after Metal 4 selection: 0 (refused 0); Metal 3 queues created before selection 0, after 0; full expert address table uses 0
ds4: backend request background: keepalive M3 0 M4 91, pacer M3 0 M4 0 (cumulative)
1004 12:32:49 ds4-server: token trace: 0 128803 21750 260 645 9780 482 295 345 418 411 11394 294 270 23635 3132 16 128804 128822 | 5 2853 9780 482 295 345 271 372 455 9909 271 9854 69 201 6201 818 21968 5196 4697 9723 98343 1234 18392 295 2445 5286 15514 3815 30376 5047 982 67 14 688 982 68 11 875 361 688 21699 438 982 67 510 361 982 67 438 982 68 510 361 982 68 438 21699 510 2365 23108 982 94409 270 1241 7386 3522 61 4979 426 6366 63 2448 260 35005 603 982 27669 270 4087 5508 294 270 35005 603 8963 982 49112 270 93691 10621 13120 418 270 2336 4885 412 270 35005 603 5286 15514 688 23635 5047 3522 43872 688 3330 14 688 19346 11 875 361 688 35005 438 3522 61 6366 14573 1445 15420 7238 2336 4885 412 35005 5286 361 688 1008 438 3330 565 223 19 29 9819 15420 1008 15844 270 16429 294 582 90770 818 35005 4 21529 361 362 343 650 597 438 3330 29 597 818 19346 29 597 9661 875 528 855 343 3570 11293 63 8593 35005 11 875 775 1008 13843 775 30376 18625 3570 3166 3031 1051 3570 11293 12185 528 1554 361 2376 361 15420 15330 270 35005 1469 270 38322 35005 4 305 582 32 35005 4 9551 5286 361 30376 18625 3570 3166 940 223 19 3031 1051 3570 61 6366 12185 361 1354 1008 940 223 19 510 2365 9723 7662 42225 645 9780 482 1060 3522 61 4979 426 6366 63 5286 6483 645 9780 482 5047 3522 43872 688 3330 14 688 19346 11 875 361 855 343 4979 11620 19346 11 1354 29 290 15420 223 18 469 223 19 4885 28 4006 24216 21529 361 688 280 438 23635 18561 14 3330 14 19346 833 361 645 9780 482 18561 14 3330 14 280 565 223 19 833 361 645 9780 482 18561 14 280 940 223 19 14 19346 833 2365 9723 74919 2247 58283 5286 6483 5803 5047 3522 43872 688 313 11 875 361 855 343 80 1955 223 19 11 645 9780 482 18561 14 223 18 14 313 565 223 19 833 2365 9723 11569 72698 11569 5286 650 1840 40374 11 875 361 688 3522 5071 438 680 553 14 223 25 14 223 26 14 223 27 14 223 19 14 223 23 14 223 21 14 223 24 14 223 20 14 223 22 12774 361 688 313 438 36220 18561 11 1492 36220 18561 61 18 43869 361 5803 18561 14 313 3039 361 362 343 650 1008 438 223 18 29 1008 818 313 29 1008 9661 13128 13692 70 16862 3522 3166 12185 361 13128 22150 80 4913 361 1354 223 18 510 1778 20759 372 1730 270 94409 8850 6266 271 671 3608 92960 66 2019 46811 9325 3608 3570 61 4979 426 6366 63 66 832 396 1561 436 10340 979 15 9198 4885 304 270 2619 4589 666 294 270 10274 5508 344 3608 20069 35005 16153 15 455 4885 2619 268 666 270 10274 5508 344 270 35005 201 15
1004 12:32:49 ds4-server: metal 4 at request end: 36713 commits, 36713 feedback, 0 errors, residency 0 entries 0.0 MiB
1004 12:32:49 ds4-server: router finalize so far: 88907 fused, 0 generic, 0 fallback; compare 0 calls, mismatches 0 probs 0 ids 0 weights
1004 12:32:49 ds4-server: transition compare words differing so far: mix 0 split 0 sum 0 norm 0 residual 0 pre 0 kv 0 window 0 low 0 rows 0 expand 0 expand-sum 0 expand-norm 0 route-proj 0 route-select 0, over 0 comparisons
1004 12:32:49 ds4-server: chat ctx=0..19:19 gen=512 finish=length 44.750s
1004 12:32:49 ds4-server: live kv cache miss live=531 prompt=21 common=2 vision=match reason=token-mismatch
1004 12:32:49 ds4-server: chat ctx=0..21:21 prompt start
1004 12:32:49 ds4-server: metal 4 at request start: 36713 commits, 36713 feedback, 0 errors, residency 0 entries 0.0 MiB
ds4: memory budget: the expert cache returned a slab of 337 experts (3.13 GiB); it now has 6704 slots
ds4: memory budget: the expert cache returned a slab of 431 experts (4.00 GiB); it now has 6273 slots
1004 12:32:49 ds4-server: chat ctx=0..21:21 prefill chunk 1/21 (4.8%) chunk=0.00 t/s avg=1.84 t/s 0.544s
1004 12:32:50 ds4-server: chat ctx=0..21:21 prefill chunk 2/21 (9.5%) chunk=2.92 t/s avg=2.25 t/s 0.887s
1004 12:32:50 ds4-server: chat ctx=0..21:21 prefill chunk 3/21 (14.3%) chunk=5.53 t/s avg=2.81 t/s 1.068s
1004 12:32:50 ds4-server: chat ctx=0..21:21 prefill chunk 4/21 (19.0%) chunk=5.30 t/s avg=3.18 t/s 1.256s
1004 12:32:50 ds4-server: chat ctx=0..21:21 prefill chunk 5/21 (23.8%) chunk=7.19 t/s avg=3.58 t/s 1.396s
1004 12:32:50 ds4-server: chat ctx=0..21:21 prefill chunk 6/21 (28.6%) chunk=9.79 t/s avg=4.01 t/s 1.498s
1004 12:32:50 ds4-server: chat ctx=0..21:21 prefill chunk 7/21 (33.3%) chunk=10.38 t/s avg=4.39 t/s 1.594s
1004 12:32:50 ds4-server: chat ctx=0..21:21 prefill chunk 8/21 (38.1%) chunk=15.49 t/s avg=4.82 t/s 1.659s
1004 12:32:51 ds4-server: chat ctx=0..21:21 prefill chunk 9/21 (42.9%) chunk=12.34 t/s avg=5.17 t/s 1.740s
1004 12:32:51 ds4-server: chat ctx=0..21:21 prefill chunk 10/21 (47.6%) chunk=8.69 t/s avg=5.39 t/s 1.855s
1004 12:32:51 ds4-server: chat ctx=0..21:21 prefill chunk 11/21 (52.4%) chunk=11.69 t/s avg=5.67 t/s 1.940s
1004 12:32:51 ds4-server: chat ctx=0..21:21 prefill chunk 12/21 (57.1%) chunk=15.23 t/s avg=5.98 t/s 2.006s
1004 12:32:51 ds4-server: chat ctx=0..21:21 prefill chunk 13/21 (61.9%) chunk=9.13 t/s avg=6.15 t/s 2.115s
1004 12:32:51 ds4-server: chat ctx=0..21:21 prefill chunk 14/21 (66.7%) chunk=17.73 t/s avg=6.45 t/s 2.172s
1004 12:32:51 ds4-server: chat ctx=0..21:21 prefill chunk 15/21 (71.4%) chunk=10.48 t/s avg=6.62 t/s 2.267s
1004 12:32:51 ds4-server: chat ctx=0..21:21 prefill chunk 16/21 (76.2%) chunk=18.90 t/s avg=6.90 t/s 2.320s
1004 12:32:51 ds4-server: chat ctx=0..21:21 prefill chunk 17/21 (81.0%) chunk=14.70 t/s avg=7.12 t/s 2.388s
1004 12:32:51 ds4-server: chat ctx=0..21:21 prefill chunk 18/21 (85.7%) chunk=13.03 t/s avg=7.30 t/s 2.465s
1004 12:32:51 ds4-server: chat ctx=0..21:21 prefill chunk 19/21 (90.5%) chunk=17.29 t/s avg=7.53 t/s 2.523s
1004 12:32:51 ds4-server: chat ctx=0..21:21 prefill chunk 20/21 (95.2%) chunk=13.36 t/s avg=7.70 t/s 2.598s
1004 12:32:51 ds4-server: chat ctx=0..21:21 prefill chunk 21/21 (100.0%) chunk=13.64 t/s avg=7.86 t/s 2.671s
ds4: expert cache lent the prefill headroom for decode: 6273 -> 7041 experts
1004 12:32:51 ds4-server: chat ctx=0..21:21 prompt done 2.672s
ds4:   decode path so far: 1152 single-row steps (106.3 ms each inside the graph over the last 64), 0 K-row verification steps over 0 positions, 0 batch-fusion sites taken; candidate K none
ds4: gate over tokens 1089-1152: 26.53 command buffers, 18.52 aborts, 240.0 expert ids accounted, 272.16 MiB loaded a token; 0 the gate failed to switch off, 0 it could not gate
ds4:   one token, exclusive, same window: entry 0.00 + encode 2.97 + commit-to-done 50.29 + repair-load 43.37 + accounting 0.04 + tail 1.31 = 97.97 of a 105.02 ms wall, residual 7.05
ds4:   GPU busy 48.93 ms of the token's wall (the union of its buffers' spans), idle 56.09 ms
ds4:   1394.1 gated dispatches a token, 12.2 of them behind an abort; 585.2 sent plain ahead of a buffer's first validate
ds4:   encode-ahead: 7.02 segments used, 17.80 dropped, 6.25 ms a token spent encoding under the GPU
ds4:   concurrent sections: 253.31 attempted, 253.31 opened a token
ds4:   speculation: 0.00 layers a token, 0.00 lanes computed, 0.00 matched, 0.00 GEMVs actually saved, 0.00 left to compute; compared 0.00 lanes, 0.00 floats differ, 0.00 by more than an ulp
ds4:   Metal 4: 45.02 command buffers sent, 3631.4 dispatches a token; 0 pieces of Metal 3 work so far
ds4:   Metal 4 a token: 45.02 contexts in 45.02 command buffers (0.00 split); 3802.0 nodes = 3631.4 dispatches + 170.6 copies; barriers 2789.7 from the graph, 90.0 queue; engine asked for 133.0 barriers and 533.1 section ends, neither encoded; 15121.8 buffer and 4203.8 constant bindings (383421 B), 0.0 with no stated length; 45.02 blocking waits, 49.48 ms
ds4:   expert cache over the last 64 tokens: 239.97 hits, 28.67 misses, 29.28 evictions a token; 7002 of 7041 entries live (99.4%)
ds4:   of the address-table holes repaired a token: 0.00 already resident, 28.67 genuinely absent
ds4:   of the repair a token: readahead 19.35 ms, slot preparation 10.77 ms, reads 12.54 ms, install 0.07 ms, over 28.67 loads
ds4:   Engram rows written at step start in 1152 steps; layer-13 drains 0
ds4:   residency a token: 0.00 adds, 0.00 removes, 0.00 commits
1004 12:32:56 ds4-server: chat ctx=21..71:50 gen=50 decoding chunk=10.47 t/s avg=10.47 t/s 4.774s
1004 12:33:00 ds4-server: chat ctx=71..121:50 gen=100 decoding chunk=12.62 t/s avg=11.45 t/s 8.736s
ds4:   decode path so far: 1216 single-row steps (76.2 ms each inside the graph over the last 64), 0 K-row verification steps over 0 positions, 0 batch-fusion sites taken; candidate K none
ds4: gate over tokens 1153-1216: 20.75 command buffers, 10.11 aborts, 240.0 expert ids accounted, 108.27 MiB loaded a token; 0 the gate failed to switch off, 0 it could not gate
ds4:   one token, exclusive, same window: entry 0.00 + encode 1.80 + commit-to-done 48.18 + repair-load 17.53 + accounting 0.04 + tail 1.90 = 69.46 of a 75.12 ms wall, residual 5.67
ds4:   GPU busy 51.24 ms of the token's wall (the union of its buffers' spans), idle 23.88 ms
ds4:   1318.8 gated dispatches a token, 6.5 of them behind an abort; 326.3 sent plain ahead of a buffer's first validate
ds4:   encode-ahead: 9.64 segments used, 9.56 dropped, 5.19 ms a token spent encoding under the GPU
ds4:   concurrent sections: 171.75 attempted, 171.75 opened a token
ds4:   speculation: 0.00 layers a token, 0.00 lanes computed, 0.00 matched, 0.00 GEMVs actually saved, 0.00 left to compute; compared 0.00 lanes, 0.00 floats differ, 0.00 by more than an ulp
ds4:   Metal 4: 31.31 command buffers sent, 2525.0 dispatches a token; 0 pieces of Metal 3 work so far
ds4:   Metal 4 a token: 31.31 contexts in 31.31 command buffers (0.00 split); 2631.8 nodes = 2525.0 dispatches + 106.8 copies; barriers 1945.8 from the graph, 62.6 queue; engine asked for 95.0 barriers and 364.7 section ends, neither encoded; 10502.2 buffer and 2916.0 constant bindings (266402 B), 0.0 with no stated length; 31.31 blocking waits, 48.54 ms
ds4:   expert cache over the last 64 tokens: 240.00 hits, 11.41 misses, 10.80 evictions a token; 7041 of 7041 entries live (100.0%)
ds4:   of the address-table holes repaired a token: 0.00 already resident, 11.41 genuinely absent
ds4:   of the repair a token: readahead 11.25 ms, slot preparation 1.03 ms, reads 5.03 ms, install 0.03 ms, over 11.41 loads
ds4:   Engram rows written at step start in 1216 steps; layer-13 drains 0
ds4:   residency a token: 0.00 adds, 0.00 removes, 0.00 commits
1004 12:33:01 ds4-server: chat ctx=121..129:8 gen=108 decoding chunk=13.54 t/s avg=11.58 t/s 9.327s
1004 12:33:01 ds4-server: token ids: 108, hash ee17f87455d1628f, stop stop token token 1, every 64: 663ed561
ds4: backend request Metal 4 encoder batch                  encoder=423040
ds4: backend request Metal 4 tensor_copy                    blit=2452
ds4: backend request Metal 4 segment                        commit=4912
ds4: backend request Metal 4 wait                           wait=4912
ds4: backend request Metal 4 tensor_read                    readback=109
ds4: backend request totals over 108 tokens (selected Metal 4): M3 commit=0 wait=0 signal=0 evwait=0 blit=0 encoder=0 readback=0 M4 commit=4912 wait=4912 signal=0 evwait=0 blit=2452 encoder=423040 readback=109; Metal 3 fallback 0; site table overflow 0
ds4: backend request boundary flush          pc 0x1000c4e2c 3043
ds4: backend request boundary flush          pc 0x1000c5208 2831
ds4: backend request boundary wait mark      pc 0x1000c51e8 2831
ds4: backend request boundary wait           pc 0x1000c52f8 1760
ds4: backend request boundary wait           pc 0x1000c524c 212
ds4: backend request boundary end            pc 0x1000c63a8 129
ds4: backend request boundary end            pc 0x1000cb780 109
ds4: Metal 4 bindings with no stated length: 0 at 0 call sites
ds4: backend request Metal 4 feedback after completion: 4523 waits, 71.313 ms
ds4: backend request Metal 3 command execution after Metal 4 selection: 0 (refused 0); Metal 3 queues created before selection 0, after 0; full expert address table uses 0
ds4: backend request background: keepalive M3 0 M4 103, pacer M3 0 M4 0 (cumulative)
1004 12:33:01 ds4-server: token trace: 0 128803 683 114 3716 2747 1131 8943 410 4955 10967 2747 24302 47409 3532 257 38177 40209 320 128804 128822 | 683 114 3716 2747 1131 8943 410 4955 10967 2747 24302 47409 3532 257 12242 15999 478 666 53866 1237 4040 1227 5866 2214 11944 5537 201 4358 525 2298 92695 4591 201 760 1576 2654 103399 271 666 69412 1237 5138 1227 5866 17723 1661 9197 201 2601 249 2747 1454 8413 201 3516 1576 2218 271 666 106594 1237 6216 1227 5866 1266 1576 4507 201 66414 760 2747 10813 61009 201 3838 8943 104516 271 4955 10967 2841 24678 2298 3064 2214 11944 5537 76924 4040 13968 3064 17723 1661 76924 5138 13968 3064 1266 76924 6216 1227 8262 320 2246 4196 2936 89140 320
1004 12:33:01 ds4-server: metal 4 at request end: 41625 commits, 41625 feedback, 0 errors, residency 0 entries 0.0 MiB
1004 12:33:01 ds4-server: router finalize so far: 100735 fused, 0 generic, 0 fallback; compare 0 calls, mismatches 0 probs 0 ids 0 weights
1004 12:33:01 ds4-server: transition compare words differing so far: mix 0 split 0 sum 0 norm 0 residual 0 pre 0 kv 0 window 0 low 0 rows 0 expand 0 expand-sum 0 expand-norm 0 route-proj 0 route-select 0, over 0 comparisons
1004 12:33:01 ds4-server: chat ctx=0..21:21 gen=108 finish=stop 11.999s
1004 12:33:01 ds4-server: live kv cache miss live=129 prompt=17 common=2 vision=match reason=token-mismatch
1004 12:33:01 ds4-server: chat ctx=0..17:17 prompt start
1004 12:33:01 ds4-server: metal 4 at request start: 41625 commits, 41625 feedback, 0 errors, residency 0 entries 0.0 MiB
ds4: memory budget: the expert cache returned a slab of 337 experts (3.13 GiB); it now has 6704 slots
ds4: memory budget: the expert cache returned a slab of 431 experts (4.00 GiB); it now has 6273 slots
1004 12:33:01 ds4-server: chat ctx=0..17:17 prefill chunk 1/17 (5.9%) chunk=0.00 t/s avg=3.02 t/s 0.331s
1004 12:33:01 ds4-server: chat ctx=0..17:17 prefill chunk 2/17 (11.8%) chunk=24.97 t/s avg=5.39 t/s 0.371s
1004 12:33:01 ds4-server: chat ctx=0..17:17 prefill chunk 3/17 (17.6%) chunk=13.22 t/s avg=6.71 t/s 0.447s
1004 12:33:01 ds4-server: chat ctx=0..17:17 prefill chunk 4/17 (23.5%) chunk=6.68 t/s avg=6.70 t/s 0.597s
1004 12:33:02 ds4-server: chat ctx=0..17:17 prefill chunk 5/17 (29.4%) chunk=6.74 t/s avg=6.71 t/s 0.745s
1004 12:33:02 ds4-server: chat ctx=0..17:17 prefill chunk 6/17 (35.3%) chunk=8.25 t/s avg=6.93 t/s 0.866s
1004 12:33:02 ds4-server: chat ctx=0..17:17 prefill chunk 7/17 (41.2%) chunk=8.19 t/s avg=7.08 t/s 0.988s
1004 12:33:02 ds4-server: chat ctx=0..17:17 prefill chunk 8/17 (47.1%) chunk=17.10 t/s avg=7.64 t/s 1.047s
1004 12:33:02 ds4-server: chat ctx=0..17:17 prefill chunk 9/17 (52.9%) chunk=7.13 t/s avg=7.58 t/s 1.187s
1004 12:33:02 ds4-server: chat ctx=0..17:17 prefill chunk 10/17 (58.8%) chunk=9.98 t/s avg=7.77 t/s 1.287s
1004 12:33:02 ds4-server: chat ctx=0..17:17 prefill chunk 11/17 (64.7%) chunk=10.15 t/s avg=7.94 t/s 1.386s
1004 12:33:02 ds4-server: chat ctx=0..17:17 prefill chunk 12/17 (70.6%) chunk=4.26 t/s avg=7.40 t/s 1.621s
1004 12:33:02 ds4-server: chat ctx=0..17:17 prefill chunk 13/17 (76.5%) chunk=11.16 t/s avg=7.60 t/s 1.710s
1004 12:33:03 ds4-server: chat ctx=0..17:17 prefill chunk 14/17 (82.4%) chunk=10.92 t/s avg=7.77 t/s 1.802s
1004 12:33:03 ds4-server: chat ctx=0..17:17 prefill chunk 15/17 (88.2%) chunk=13.92 t/s avg=8.01 t/s 1.874s
1004 12:33:03 ds4-server: chat ctx=0..17:17 prefill chunk 16/17 (94.1%) chunk=14.34 t/s avg=8.23 t/s 1.943s
1004 12:33:03 ds4-server: chat ctx=0..17:17 prefill chunk 17/17 (100.0%) chunk=16.72 t/s avg=8.49 t/s 2.003s
ds4: expert cache lent the prefill headroom for decode: 6273 -> 7041 experts
1004 12:33:03 ds4-server: chat ctx=0..17:17 prompt done 2.005s
ds4:   decode path so far: 1280 single-row steps (95.8 ms each inside the graph over the last 64), 0 K-row verification steps over 0 positions, 0 batch-fusion sites taken; candidate K none
ds4: gate over tokens 1217-1280: 26.55 command buffers, 19.03 aborts, 240.0 expert ids accounted, 269.34 MiB loaded a token; 0 the gate failed to switch off, 0 it could not gate
ds4:   one token, exclusive, same window: entry 0.00 + encode 2.88 + commit-to-done 44.30 + repair-load 40.62 + accounting 0.04 + tail 1.24 = 89.08 of a 95.60 ms wall, residual 6.51
ds4:   GPU busy 43.20 ms of the token's wall (the union of its buffers' spans), idle 52.40 ms
ds4:   1371.7 gated dispatches a token, 19.7 of them behind an abort; 607.3 sent plain ahead of a buffer's first validate
ds4:   encode-ahead: 6.52 segments used, 17.97 dropped, 5.88 ms a token spent encoding under the GPU
ds4:   concurrent sections: 254.50 attempted, 254.50 opened a token
ds4:   speculation: 0.00 layers a token, 0.00 lanes computed, 0.00 matched, 0.00 GEMVs actually saved, 0.00 left to compute; compared 0.00 lanes, 0.00 floats differ, 0.00 by more than an ulp
ds4:   Metal 4: 45.27 command buffers sent, 3633.4 dispatches a token; 0 pieces of Metal 3 work so far
ds4:   Metal 4 a token: 45.27 contexts in 45.27 command buffers (0.00 split); 3800.7 nodes = 3633.4 dispatches + 167.3 copies; barriers 2792.9 from the graph, 90.5 queue; engine asked for 132.7 barriers and 535.2 section ends, neither encoded; 15140.3 buffer and 4208.1 constant bindings (384036 B), 0.0 with no stated length; 45.27 blocking waits, 43.35 ms
ds4:   expert cache over the last 64 tokens: 239.92 hits, 28.38 misses, 28.38 evictions a token; 7041 of 7041 entries live (100.0%)
ds4:   of the address-table holes repaired a token: 0.00 already resident, 28.38 genuinely absent
ds4:   of the repair a token: readahead 15.18 ms, slot preparation 10.57 ms, reads 14.26 ms, install 0.07 ms, over 28.38 loads
ds4:   Engram rows written at step start in 1280 steps; layer-13 drains 0
ds4:   residency a token: 0.00 adds, 0.00 removes, 0.00 commits
1004 12:33:08 ds4-server: chat ctx=17..67:50 gen=50 decoding chunk=9.60 t/s avg=9.60 t/s 5.211s
1004 12:33:12 ds4-server: chat ctx=67..117:50 gen=100 decoding chunk=12.07 t/s avg=10.69 t/s 9.352s
ds4:   decode path so far: 1344 single-row steps (93.8 ms each inside the graph over the last 64), 0 K-row verification steps over 0 positions, 0 batch-fusion sites taken; candidate K none
ds4: gate over tokens 1281-1344: 24.05 command buffers, 15.30 aborts, 240.0 expert ids accounted, 190.88 MiB loaded a token; 0 the gate failed to switch off, 0 it could not gate
ds4:   one token, exclusive, same window: entry 0.00 + encode 2.60 + commit-to-done 51.15 + repair-load 29.84 + accounting 0.04 + tail 1.89 = 85.53 of a 92.10 ms wall, residual 6.57
ds4:   GPU busy 52.38 ms of the token's wall (the union of its buffers' spans), idle 39.72 ms
ds4:   1339.3 gated dispatches a token, 14.0 of them behind an abort; 486.6 sent plain ahead of a buffer's first validate
ds4:   encode-ahead: 7.75 segments used, 14.38 dropped, 5.89 ms a token spent encoding under the GPU
ds4:   concurrent sections: 218.59 attempted, 218.59 opened a token
ds4:   speculation: 0.00 layers a token, 0.00 lanes computed, 0.00 matched, 0.00 GEMVs actually saved, 0.00 left to compute; compared 0.00 lanes, 0.00 floats differ, 0.00 by more than an ulp
ds4:   Metal 4: 39.42 command buffers sent, 3150.8 dispatches a token; 0 pieces of Metal 3 work so far
ds4:   Metal 4 a token: 39.42 contexts in 39.42 command buffers (0.00 split); 3310.3 nodes = 3150.8 dispatches + 159.5 copies; barriers 2424.2 from the graph, 78.8 queue; engine asked for 116.1 barriers and 461.3 section ends, neither encoded; 13120.5 buffer and 3645.6 constant bindings (332889 B), 0.0 with no stated length; 39.42 blocking waits, 51.03 ms
ds4:   expert cache over the last 64 tokens: 239.98 hits, 20.11 misses, 20.11 evictions a token; 7041 of 7041 entries live (100.0%)
ds4:   of the address-table holes repaired a token: 0.00 already resident, 20.11 genuinely absent
ds4:   of the repair a token: readahead 19.55 ms, slot preparation 1.10 ms, reads 8.51 ms, install 0.06 ms, over 20.11 loads
ds4:   Engram rows written at step start in 1344 steps; layer-13 drains 0
ds4:   residency a token: 0.00 adds, 0.00 removes, 0.00 commits
1004 12:33:16 ds4-server: chat ctx=117..167:50 gen=150 decoding chunk=11.62 t/s avg=10.98 t/s 13.657s
ds4:   decode path so far: 1408 single-row steps (81.8 ms each inside the graph over the last 64), 0 K-row verification steps over 0 positions, 0 batch-fusion sites taken; candidate K none
ds4: gate over tokens 1345-1408: 22.75 command buffers, 13.53 aborts, 240.0 expert ids accounted, 159.59 MiB loaded a token; 0 the gate failed to switch off, 0 it could not gate
ds4:   one token, exclusive, same window: entry 0.00 + encode 2.35 + commit-to-done 46.84 + repair-load 23.67 + accounting 0.04 + tail 1.79 = 74.69 of a 80.97 ms wall, residual 6.28
ds4:   GPU busy 48.91 ms of the token's wall (the union of its buffers' spans), idle 32.06 ms
ds4:   1357.7 gated dispatches a token, 11.6 of them behind an abort; 446.8 sent plain ahead of a buffer's first validate
ds4:   encode-ahead: 8.22 segments used, 12.94 dropped, 5.74 ms a token spent encoding under the GPU
ds4:   concurrent sections: 203.75 attempted, 203.75 opened a token
ds4:   speculation: 0.00 layers a token, 0.00 lanes computed, 0.00 matched, 0.00 GEMVs actually saved, 0.00 left to compute; compared 0.00 lanes, 0.00 floats differ, 0.00 by more than an ulp
ds4:   Metal 4: 36.69 command buffers sent, 3032.9 dispatches a token; 0 pieces of Metal 3 work so far
ds4:   Metal 4 a token: 36.69 contexts in 36.69 command buffers (0.00 split); 3173.8 nodes = 3032.9 dispatches + 140.8 copies; barriers 2271.3 from the graph, 73.4 queue; engine asked for 109.5 barriers and 430.7 section ends, neither encoded; 12454.1 buffer and 3495.1 constant bindings (312111 B), 0.0 with no stated length; 36.69 blocking waits, 46.71 ms
ds4:   expert cache over the last 64 tokens: 239.98 hits, 16.81 misses, 16.81 evictions a token; 7041 of 7041 entries live (100.0%)
ds4:   of the address-table holes repaired a token: 0.00 already resident, 16.81 genuinely absent
ds4:   of the repair a token: readahead 15.00 ms, slot preparation 1.04 ms, reads 7.14 ms, install 0.05 ms, over 16.81 loads
ds4:   Engram rows written at step start in 1408 steps; layer-13 drains 0
ds4:   residency a token: 0.00 adds, 0.00 removes, 0.00 commits
1004 12:33:21 ds4-server: chat ctx=167..217:50 gen=200 decoding chunk=12.01 t/s avg=11.22 t/s 17.821s
ds4:   decode path so far: 1472 single-row steps (80.8 ms each inside the graph over the last 64), 0 K-row verification steps over 0 positions, 0 batch-fusion sites taken; candidate K none
ds4: gate over tokens 1409-1472: 20.23 command buffers, 9.09 aborts, 240.0 expert ids accounted, 99.67 MiB loaded a token; 0 the gate failed to switch off, 0 it could not gate
ds4:   one token, exclusive, same window: entry 0.00 + encode 1.80 + commit-to-done 50.29 + repair-load 19.83 + accounting 0.04 + tail 1.94 = 73.90 of a 79.86 ms wall, residual 5.95
ds4:   GPU busy 53.26 ms of the token's wall (the union of its buffers' spans), idle 26.59 ms
ds4:   1364.2 gated dispatches a token, 9.2 of them behind an abort; 309.8 sent plain ahead of a buffer's first validate
ds4:   encode-ahead: 10.14 segments used, 8.67 dropped, 5.52 ms a token spent encoding under the GPU
ds4:   concurrent sections: 164.47 attempted, 164.47 opened a token
ds4:   speculation: 0.00 layers a token, 0.00 lanes computed, 0.00 matched, 0.00 GEMVs actually saved, 0.00 left to compute; compared 0.00 lanes, 0.00 floats differ, 0.00 by more than an ulp
ds4:   Metal 4: 29.91 command buffers sent, 2507.6 dispatches a token; 0 pieces of Metal 3 work so far
ds4:   Metal 4 a token: 29.91 contexts in 29.91 command buffers (0.00 split); 2608.3 nodes = 2507.6 dispatches + 100.7 copies; barriers 1877.0 from the graph, 59.8 queue; engine asked for 92.0 barriers and 349.8 section ends, neither encoded; 10264.5 buffer and 2882.8 constant bindings (257050 B), 0.0 with no stated length; 29.91 blocking waits, 50.67 ms
ds4:   expert cache over the last 64 tokens: 240.00 hits, 10.50 misses, 10.50 evictions a token; 7041 of 7041 entries live (100.0%)
ds4:   of the address-table holes repaired a token: 0.00 already resident, 10.50 genuinely absent
ds4:   of the repair a token: readahead 13.60 ms, slot preparation 0.86 ms, reads 5.11 ms, install 0.03 ms, over 10.50 loads
ds4:   Engram rows written at step start in 1472 steps; layer-13 drains 0
ds4:   residency a token: 0.00 adds, 0.00 removes, 0.00 commits
1004 12:33:24 ds4-server: chat ctx=217..267:50 gen=250 decoding chunk=13.31 t/s avg=11.59 t/s 21.579s
ds4:   decode path so far: 1536 single-row steps (73.9 ms each inside the graph over the last 64), 0 K-row verification steps over 0 positions, 0 batch-fusion sites taken; candidate K none
ds4: gate over tokens 1473-1536: 19.64 command buffers, 8.19 aborts, 240.0 expert ids accounted, 89.43 MiB loaded a token; 0 the gate failed to switch off, 0 it could not gate
ds4:   one token, exclusive, same window: entry 0.00 + encode 1.52 + commit-to-done 51.09 + repair-load 12.97 + accounting 0.04 + tail 1.96 = 67.58 of a 72.93 ms wall, residual 5.34
ds4:   GPU busy 54.48 ms of the token's wall (the union of its buffers' spans), idle 18.45 ms
ds4:   1364.8 gated dispatches a token, 9.2 of them behind an abort; 275.3 sent plain ahead of a buffer's first validate
ds4:   encode-ahead: 10.45 segments used, 7.69 dropped, 4.93 ms a token spent encoding under the GPU
ds4:   concurrent sections: 154.69 attempted, 154.69 opened a token
ds4:   speculation: 0.00 layers a token, 0.00 lanes computed, 0.00 matched, 0.00 GEMVs actually saved, 0.00 left to compute; compared 0.00 lanes, 0.00 floats differ, 0.00 by more than an ulp
ds4:   Metal 4: 28.33 command buffers sent, 2365.7 dispatches a token; 0 pieces of Metal 3 work so far
ds4:   Metal 4 a token: 28.33 contexts in 28.33 command buffers (0.00 split); 2458.2 nodes = 2365.7 dispatches + 92.5 copies; barriers 1771.5 from the graph, 56.7 queue; engine asked for 87.3 barriers and 329.5 section ends, neither encoded; 9686.7 buffer and 2718.9 constant bindings (242523 B), 0.0 with no stated length; 28.33 blocking waits, 51.70 ms
ds4:   expert cache over the last 64 tokens: 239.98 hits, 9.42 misses, 9.42 evictions a token; 7041 of 7041 entries live (100.0%)
ds4:   of the address-table holes repaired a token: 0.00 already resident, 9.42 genuinely absent
ds4:   of the repair a token: readahead 7.67 ms, slot preparation 0.71 ms, reads 4.37 ms, install 0.03 ms, over 9.42 loads
ds4:   Engram rows written at step start in 1536 steps; layer-13 drains 0
ds4:   residency a token: 0.00 adds, 0.00 removes, 0.00 commits
1004 12:33:28 ds4-server: chat ctx=267..317:50 gen=300 decoding chunk=13.53 t/s avg=11.87 t/s 25.274s
1004 12:33:32 ds4-server: chat ctx=317..367:50 gen=350 decoding chunk=12.98 t/s avg=12.02 t/s 29.125s
ds4:   decode path so far: 1600 single-row steps (74.2 ms each inside the graph over the last 64), 0 K-row verification steps over 0 positions, 0 batch-fusion sites taken; candidate K none
ds4: gate over tokens 1537-1600: 18.80 command buffers, 7.59 aborts, 240.0 expert ids accounted, 81.87 MiB loaded a token; 0 the gate failed to switch off, 0 it could not gate
ds4:   one token, exclusive, same window: entry 0.00 + encode 1.36 + commit-to-done 50.96 + repair-load 14.00 + accounting 0.04 + tail 1.96 = 68.32 of a 73.21 ms wall, residual 4.89
ds4:   GPU busy 54.18 ms of the token's wall (the union of its buffers' spans), idle 19.03 ms
ds4:   1323.3 gated dispatches a token, 7.3 of them behind an abort; 260.5 sent plain ahead of a buffer's first validate
ds4:   encode-ahead: 10.20 segments used, 7.19 dropped, 4.52 ms a token spent encoding under the GPU
ds4:   concurrent sections: 148.00 attempted, 148.00 opened a token
ds4:   speculation: 0.00 layers a token, 0.00 lanes computed, 0.00 matched, 0.00 GEMVs actually saved, 0.00 left to compute; compared 0.00 lanes, 0.00 floats differ, 0.00 by more than an ulp
ds4:   Metal 4: 26.98 command buffers sent, 2271.5 dispatches a token; 0 pieces of Metal 3 work so far
ds4:   Metal 4 a token: 26.98 contexts in 26.98 command buffers (0.00 split); 2359.0 nodes = 2271.5 dispatches + 87.5 copies; barriers 1701.0 from the graph, 54.0 queue; engine asked for 83.8 barriers and 315.4 section ends, neither encoded; 9296.2 buffer and 2610.0 constant bindings (232771 B), 0.0 with no stated length; 26.98 blocking waits, 51.66 ms
ds4:   expert cache over the last 64 tokens: 240.00 hits, 8.62 misses, 8.62 evictions a token; 7041 of 7041 entries live (100.0%)
ds4:   of the address-table holes repaired a token: 0.00 already resident, 8.62 genuinely absent
ds4:   of the repair a token: readahead 9.17 ms, slot preparation 0.66 ms, reads 4.00 ms, install 0.03 ms, over 8.62 loads
ds4:   Engram rows written at step start in 1600 steps; layer-13 drains 0
ds4:   residency a token: 0.00 adds, 0.00 removes, 0.00 commits
1004 12:33:36 ds4-server: chat ctx=367..417:50 gen=400 decoding chunk=13.42 t/s avg=12.18 t/s 32.850s
ds4:   decode path so far: 1664 single-row steps (78.8 ms each inside the graph over the last 64), 0 K-row verification steps over 0 positions, 0 batch-fusion sites taken; candidate K none
ds4: gate over tokens 1601-1664: 18.75 command buffers, 7.05 aborts, 240.0 expert ids accounted, 76.83 MiB loaded a token; 0 the gate failed to switch off, 0 it could not gate
ds4:   one token, exclusive, same window: entry 0.00 + encode 1.35 + commit-to-done 55.40 + repair-load 13.66 + accounting 0.04 + tail 2.09 = 72.55 of a 77.65 ms wall, residual 5.10
ds4:   GPU busy 59.04 ms of the token's wall (the union of its buffers' spans), idle 18.61 ms
ds4:   1337.3 gated dispatches a token, 10.2 of them behind an abort; 240.6 sent plain ahead of a buffer's first validate
ds4:   encode-ahead: 10.70 segments used, 6.61 dropped, 4.70 ms a token spent encoding under the GPU
ds4:   concurrent sections: 143.75 attempted, 143.75 opened a token
ds4:   speculation: 0.00 layers a token, 0.00 lanes computed, 0.00 matched, 0.00 GEMVs actually saved, 0.00 left to compute; compared 0.00 lanes, 0.00 floats differ, 0.00 by more than an ulp
ds4:   Metal 4: 26.36 command buffers sent, 2213.6 dispatches a token; 0 pieces of Metal 3 work so far
ds4:   Metal 4 a token: 26.36 contexts in 26.36 command buffers (0.00 split); 2296.8 nodes = 2213.6 dispatches + 83.2 copies; barriers 1658.8 from the graph, 52.7 queue; engine asked for 82.1 barriers and 306.8 section ends, neither encoded; 9059.8 buffer and 2542.6 constant bindings (226860 B), 0.0 with no stated length; 26.36 blocking waits, 56.25 ms
ds4:   expert cache over the last 64 tokens: 240.00 hits, 8.09 misses, 8.09 evictions a token; 7041 of 7041 entries live (100.0%)
ds4:   of the address-table holes repaired a token: 0.00 already resident, 8.09 genuinely absent
ds4:   of the repair a token: readahead 9.09 ms, slot preparation 0.65 ms, reads 3.74 ms, install 0.03 ms, over 8.09 loads
ds4:   Engram rows written at step start in 1664 steps; layer-13 drains 0
ds4:   residency a token: 0.00 adds, 0.00 removes, 0.00 commits
1004 12:33:40 ds4-server: chat ctx=417..467:50 gen=450 decoding chunk=12.74 t/s avg=12.24 t/s 36.775s
ds4:   decode path so far: 1728 single-row steps (73.6 ms each inside the graph over the last 64), 0 K-row verification steps over 0 positions, 0 batch-fusion sites taken; candidate K none
ds4: gate over tokens 1665-1728: 18.41 command buffers, 6.58 aborts, 240.0 expert ids accounted, 69.56 MiB loaded a token; 0 the gate failed to switch off, 0 it could not gate
ds4:   one token, exclusive, same window: entry 0.00 + encode 1.30 + commit-to-done 51.83 + repair-load 13.19 + accounting 0.04 + tail 1.92 = 68.29 of a 73.25 ms wall, residual 4.96
ds4:   GPU busy 55.42 ms of the token's wall (the union of its buffers' spans), idle 17.83 ms
ds4:   1339.0 gated dispatches a token, 7.8 of them behind an abort; 229.5 sent plain ahead of a buffer's first validate
ds4:   encode-ahead: 10.83 segments used, 6.27 dropped, 4.62 ms a token spent encoding under the GPU
ds4:   concurrent sections: 140.88 attempted, 140.88 opened a token
ds4:   speculation: 0.00 layers a token, 0.00 lanes computed, 0.00 matched, 0.00 GEMVs actually saved, 0.00 left to compute; compared 0.00 lanes, 0.00 floats differ, 0.00 by more than an ulp
ds4:   Metal 4: 25.67 command buffers sent, 2177.5 dispatches a token; 0 pieces of Metal 3 work so far
ds4:   Metal 4 a token: 25.67 contexts in 25.67 command buffers (0.00 split); 2256.0 nodes = 2177.5 dispatches + 78.5 copies; barriers 1631.2 from the graph, 51.3 queue; engine asked for 81.0 barriers and 300.8 section ends, neither encoded; 8909.0 buffer and 2500.5 constant bindings (222988 B), 0.0 with no stated length; 25.67 blocking waits, 52.53 ms
ds4:   expert cache over the last 64 tokens: 239.98 hits, 7.33 misses, 7.33 evictions a token; 7041 of 7041 entries live (100.0%)
ds4:   of the address-table holes repaired a token: 0.00 already resident, 7.33 genuinely absent
ds4:   of the repair a token: readahead 9.20 ms, slot preparation 0.60 ms, reads 3.24 ms, install 0.02 ms, over 7.33 loads
ds4:   Engram rows written at step start in 1728 steps; layer-13 drains 0
ds4:   residency a token: 0.00 adds, 0.00 removes, 0.00 commits
1004 12:33:43 ds4-server: chat ctx=467..517:50 gen=500 decoding chunk=13.95 t/s avg=12.39 t/s 40.360s
1004 12:33:44 ds4-server: chat ctx=517..529:12 gen=512 decoding chunk=12.92 t/s avg=12.40 t/s 41.289s
1004 12:33:44 ds4-server: token ids: 512, hash 49517c6b8a27bccd, stop output limit token -1, every 64: a0b620f3,55ece7e1,31b3da7b,51a26f80,e4cc88f1,a28c2d58,290a0268,49517c6b
ds4: backend request Metal 4 encoder batch                  encoder=1491365
ds4: backend request Metal 4 tensor_copy                    blit=8607
ds4: backend request Metal 4 segment                        commit=16925
ds4: backend request Metal 4 wait                           wait=16925
ds4: backend request Metal 4 tensor_read                    readback=513
ds4: backend request totals over 512 tokens (selected Metal 4): M3 commit=0 wait=0 signal=0 evwait=0 blit=0 encoder=0 readback=0 M4 commit=16925 wait=16925 signal=0 evwait=0 blit=8607 encoder=1491365 readback=513; Metal 3 fallback 0; site table overflow 0
ds4: backend request boundary flush          pc 0x1000c4e2c 11113
ds4: backend request boundary flush          pc 0x1000c5208 10284
ds4: backend request boundary wait mark      pc 0x1000c51e8 10284
ds4: backend request boundary wait           pc 0x1000c52f8 5299
ds4: backend request boundary wait           pc 0x1000c524c 829
ds4: backend request boundary end            pc 0x1000c63a8 529
ds4: backend request boundary end            pc 0x1000cb780 513
ds4: Metal 4 bindings with no stated length: 0 at 0 call sites
ds4: backend request Metal 4 feedback after completion: 16202 waits, 255.365 ms
ds4: backend request Metal 3 command execution after Metal 4 selection: 0 (refused 0); Metal 3 queues created before selection 0, after 0; full expert address table uses 0
ds4: backend request background: keepalive M3 0 M4 142, pacer M3 0 M4 0 (cumulative)
1004 12:33:44 ds4-server: token trace: 0 128803 31151 260 26639 37913 362 260 11202 56710 305 8470 1660 2994 16 128804 128822 | 5 26639 46573 362 260 12942 19895 271 43606 344 260 26639 46573 343 70 4420 223 939 18 15 736 11 362 260 11202 56710 14 7128 513 411 11394 294 1660 2994 339 372 455 46573 271 9854 14479 201 2054 223 24090 79538 3362 582 5395 2272 14479 1715 19851 3964 6761 4420 17 939 18 15 736 2283 19851 3955 223 24090 329 3362 582 5395 2272 30357 3964 2283 1034 8380 122414 2846 33204 23074 3955 223 582 10212 3362 582 46127 19895 3955 223 582 20855 3362 582 35 56710 294 26832 8566 10087 5607 513 260 11202 64465 223 582 4611 3362 582 10325 3955 223 582 24486 3362 20584 69 33204 22602 1760 582 114908 46677 223 582 68838 3362 875 361 582 69 33204 22602 3362 875 1445 582 4611 3362 582 4463 3955 1445 582 43693 3362 98049 7387 70 9452 3335 7387 70 9452 3335 7387 70 13 6 3955 1445 582 20855 3362 582 46627 9002 6013 294 270 56710 37913 14258 361 7413 361 582 17930 638 4690 3362 875 1445 582 4611 3362 582 4463 3955 1445 582 12082 3362 582 4367 8337 3955 1445 582 20855 3362 582 39413 223 26553 19 53625 294 1082 270 56710 515 65633 14258 361 7413 361 582 114908 3362 875 1445 582 4611 3362 582 7386 3955 1445 582 1930 23695 3362 223 18 989 1445 582 17173 3362 680 24090 5044 3362 37546 56524 3465 85 17 24694 4 1554 361 1554 223 7413 223 24090 3465 85 3362 875 361 582 24694 3362 875 1445 582 4611 3362 582 10325 3955 1445 582 24486 3362 20584 329 1760 582 10212 1760 582 4611 1760 582 19027 46677 1445 582 102970 34520 3362 5062 989 1445 582 68838 3362 875 528 582 329 3362 875 3392 582 4611 3362 582 4463 3955 3392 582 43693 3362 98049 61 35 22765 67 26831 18 15 27 47423 33188 22 14 2111 12222 3955 3392 582 20855 3362 582 1400 679 14 5463 34972 362 270 3676 14258 528 7413 528 582 10212 3362 875 3392 582 4611 3362 582 4463 3955 3392 582 1930 13004 3362 223 19 989 3392 582 9047 13004 3362 223 3712 201 528 7413 528 582 5635 10212 3362 680 582 4611 3362 582 4463 1760 582 9047 13004 3362 223 3712 7413 528 582 4611 3362 875 3392 582 4611 3362 582 4463 3955 3392 582 47002 3362 20584 4835 1760 582 46163 1760 582 35392 13513 1760 582 10865 1760 582 63073 1760 582 44789 1760 582 24949 1760 582 1805 12556 1760 582 1672 35043 528 7413 528 582 106146 3362 875 3392 582 4611 3362 582 7386 3955 3392 582 1930 23695 3362 223 18 989 3392 582 17173 3362 680 24090 5044 3362 37546 56524 3465 85 17 74294 12913 4 1554 528 7413 528 582 284 9008 3362 875 3392 582 4611 3362 582 7386 3955 3392 582 17173 3362 680 24090 5044 3362 37546 56524 3465 85 17
1004 12:33:44 ds4-server: metal 4 at request end: 58550 commits, 58550 feedback, 0 errors, residency 0 entries 0.0 MiB
1004 12:33:44 ds4-server: router finalize so far: 141855 fused, 0 generic, 0 fallback; compare 0 calls, mismatches 0 probs 0 ids 0 weights
1004 12:33:44 ds4-server: transition compare words differing so far: mix 0 split 0 sum 0 norm 0 residual 0 pre 0 kv 0 window 0 low 0 rows 0 expand 0 expand-sum 0 expand-norm 0 route-proj 0 route-select 0, over 0 comparisons
1004 12:33:44 ds4-server: chat ctx=0..17:17 gen=512 finish=length 43.294s
1004 12:33:44 ds4-server: live kv cache miss live=529 prompt=17 common=2 vision=match reason=token-mismatch
1004 12:33:44 ds4-server: chat ctx=0..17:17 prompt start
1004 12:33:44 ds4-server: metal 4 at request start: 58550 commits, 58550 feedback, 0 errors, residency 0 entries 0.0 MiB
ds4: memory budget: the expert cache returned a slab of 337 experts (3.13 GiB); it now has 6704 slots
ds4: memory budget: the expert cache returned a slab of 431 experts (4.00 GiB); it now has 6273 slots
1004 12:33:46 ds4-server: chat ctx=0..17:17 prefill chunk 1/17 (5.9%) chunk=0.00 t/s avg=0.58 t/s 1.731s
1004 12:33:46 ds4-server: chat ctx=0..17:17 prefill chunk 2/17 (11.8%) chunk=6.10 t/s avg=1.06 t/s 1.895s
1004 12:33:46 ds4-server: chat ctx=0..17:17 prefill chunk 3/17 (17.6%) chunk=7.95 t/s avg=1.48 t/s 2.020s
1004 12:33:46 ds4-server: chat ctx=0..17:17 prefill chunk 4/17 (23.5%) chunk=6.06 t/s avg=1.83 t/s 2.185s
1004 12:33:46 ds4-server: chat ctx=0..17:17 prefill chunk 5/17 (29.4%) chunk=9.40 t/s avg=2.18 t/s 2.292s
1004 12:33:46 ds4-server: chat ctx=0..17:17 prefill chunk 6/17 (35.3%) chunk=10.30 t/s avg=2.51 t/s 2.389s
1004 12:33:47 ds4-server: chat ctx=0..17:17 prefill chunk 7/17 (41.2%) chunk=7.69 t/s avg=2.78 t/s 2.519s
1004 12:33:47 ds4-server: chat ctx=0..17:17 prefill chunk 8/17 (47.1%) chunk=10.12 t/s avg=3.06 t/s 2.618s
1004 12:33:47 ds4-server: chat ctx=0..17:17 prefill chunk 9/17 (52.9%) chunk=13.44 t/s avg=3.34 t/s 2.692s
1004 12:33:47 ds4-server: chat ctx=0..17:17 prefill chunk 10/17 (58.8%) chunk=10.99 t/s avg=3.59 t/s 2.783s
1004 12:33:47 ds4-server: chat ctx=0..17:17 prefill chunk 11/17 (64.7%) chunk=11.26 t/s avg=3.83 t/s 2.872s
1004 12:33:47 ds4-server: chat ctx=0..17:17 prefill chunk 12/17 (70.6%) chunk=11.54 t/s avg=4.06 t/s 2.959s
1004 12:33:47 ds4-server: chat ctx=0..17:17 prefill chunk 13/17 (76.5%) chunk=11.17 t/s avg=4.27 t/s 3.048s
1004 12:33:47 ds4-server: chat ctx=0..17:17 prefill chunk 14/17 (82.4%) chunk=8.88 t/s avg=4.43 t/s 3.161s
1004 12:33:47 ds4-server: chat ctx=0..17:17 prefill chunk 15/17 (88.2%) chunk=10.47 t/s avg=4.61 t/s 3.256s
1004 12:33:47 ds4-server: chat ctx=0..17:17 prefill chunk 16/17 (94.1%) chunk=10.99 t/s avg=4.78 t/s 3.347s
1004 12:33:48 ds4-server: chat ctx=0..17:17 prefill chunk 17/17 (100.0%) chunk=4.83 t/s avg=4.78 t/s 3.554s
ds4: expert cache lent the prefill headroom for decode: 6273 -> 7041 experts
1004 12:33:48 ds4-server: chat ctx=0..17:17 prompt done 3.557s
ds4:   decode path so far: 1792 single-row steps (94.8 ms each inside the graph over the last 64), 0 K-row verification steps over 0 positions, 0 batch-fusion sites taken; candidate K none
ds4: gate over tokens 1729-1792: 26.42 command buffers, 18.83 aborts, 240.0 expert ids accounted, 289.66 MiB loaded a token; 0 the gate failed to switch off, 0 it could not gate
ds4:   one token, exclusive, same window: entry 0.00 + encode 2.38 + commit-to-done 46.37 + repair-load 36.47 + accounting 0.04 + tail 1.29 = 86.55 of a 94.11 ms wall, residual 7.56
ds4:   GPU busy 45.15 ms of the token's wall (the union of its buffers' spans), idle 48.96 ms
ds4:   1367.8 gated dispatches a token, 12.6 of them behind an abort; 597.9 sent plain ahead of a buffer's first validate
ds4:   encode-ahead: 6.59 segments used, 17.94 dropped, 6.67 ms a token spent encoding under the GPU
ds4:   concurrent sections: 252.62 attempted, 252.62 opened a token
ds4:   speculation: 0.00 layers a token, 0.00 lanes computed, 0.00 matched, 0.00 GEMVs actually saved, 0.00 left to compute; compared 0.00 lanes, 0.00 floats differ, 0.00 by more than an ulp
ds4:   Metal 4: 45.11 command buffers sent, 3620.6 dispatches a token; 0 pieces of Metal 3 work so far
ds4:   Metal 4 a token: 45.11 contexts in 45.11 command buffers (0.00 split); 3796.1 nodes = 3620.6 dispatches + 175.5 copies; barriers 2768.3 from the graph, 90.2 queue; engine asked for 132.0 barriers and 531.5 section ends, neither encoded; 15046.2 buffer and 4191.0 constant bindings (380766 B), 0.0 with no stated length; 45.11 blocking waits, 46.02 ms
ds4:   expert cache over the last 64 tokens: 239.94 hits, 30.52 misses, 31.38 evictions a token; 6986 of 7041 entries live (99.2%)
ds4:   of the address-table holes repaired a token: 0.00 already resident, 30.52 genuinely absent
ds4:   of the repair a token: readahead 15.71 ms, slot preparation 6.51 ms, reads 13.58 ms, install 0.06 ms, over 30.52 loads
ds4:   Engram rows written at step start in 1792 steps; layer-13 drains 0
ds4:   residency a token: 0.00 adds, 0.00 removes, 0.00 commits
1004 12:33:53 ds4-server: chat ctx=17..67:50 gen=50 decoding chunk=9.63 t/s avg=9.63 t/s 5.190s
ds4:   decode path so far: 1856 single-row steps (92.5 ms each inside the graph over the last 64), 0 K-row verification steps over 0 positions, 0 batch-fusion sites taken; candidate K none
ds4: gate over tokens 1793-1856: 22.84 command buffers, 13.47 aborts, 240.0 expert ids accounted, 151.58 MiB loaded a token; 0 the gate failed to switch off, 0 it could not gate
ds4:   one token, exclusive, same window: entry 0.00 + encode 2.12 + commit-to-done 56.17 + repair-load 24.61 + accounting 0.04 + tail 2.05 = 84.98 of a 90.78 ms wall, residual 5.80
ds4:   GPU busy 58.19 ms of the token's wall (the union of its buffers' spans), idle 32.60 ms
ds4:   1325.8 gated dispatches a token, 11.2 of them behind an abort; 434.7 sent plain ahead of a buffer's first validate
ds4:   encode-ahead: 8.38 segments used, 12.77 dropped, 5.06 ms a token spent encoding under the GPU
ds4:   concurrent sections: 202.28 attempted, 202.28 opened a token
ds4:   speculation: 0.00 layers a token, 0.00 lanes computed, 0.00 matched, 0.00 GEMVs actually saved, 0.00 left to compute; compared 0.00 lanes, 0.00 floats differ, 0.00 by more than an ulp
ds4:   Metal 4: 36.61 command buffers sent, 2931.3 dispatches a token; 0 pieces of Metal 3 work so far
ds4:   Metal 4 a token: 36.61 contexts in 36.61 command buffers (0.00 split); 3068.3 nodes = 2931.3 dispatches + 137.0 copies; barriers 2255.5 from the graph, 73.2 queue; engine asked for 108.8 barriers and 427.7 section ends, neither encoded; 12206.5 buffer and 3389.9 constant bindings (309658 B), 0.0 with no stated length; 36.61 blocking waits, 56.63 ms
ds4:   expert cache over the last 64 tokens: 239.97 hits, 15.97 misses, 15.11 evictions a token; 7041 of 7041 entries live (100.0%)
ds4:   of the address-table holes repaired a token: 0.00 already resident, 15.97 genuinely absent
ds4:   of the repair a token: readahead 15.89 ms, slot preparation 1.39 ms, reads 6.97 ms, install 0.04 ms, over 15.97 loads
ds4:   Engram rows written at step start in 1856 steps; layer-13 drains 0
ds4:   residency a token: 0.00 adds, 0.00 removes, 0.00 commits
1004 12:33:57 ds4-server: chat ctx=67..117:50 gen=100 decoding chunk=12.92 t/s avg=11.04 t/s 9.059s
1004 12:34:01 ds4-server: chat ctx=117..167:50 gen=150 decoding chunk=12.13 t/s avg=11.38 t/s 13.179s
ds4:   decode path so far: 1920 single-row steps (81.1 ms each inside the graph over the last 64), 0 K-row verification steps over 0 positions, 0 batch-fusion sites taken; candidate K none
ds4: gate over tokens 1857-1920: 21.36 command buffers, 10.73 aborts, 240.0 expert ids accounted, 122.81 MiB loaded a token; 0 the gate failed to switch off, 0 it could not gate
ds4:   one token, exclusive, same window: entry 0.00 + encode 1.81 + commit-to-done 51.68 + repair-load 19.01 + accounting 0.04 + tail 1.94 = 74.48 of a 80.02 ms wall, residual 5.55
ds4:   GPU busy 54.41 ms of the token's wall (the union of its buffers' spans), idle 25.61 ms
ds4:   1358.3 gated dispatches a token, 16.2 of them behind an abort; 352.1 sent plain ahead of a buffer's first validate
ds4:   encode-ahead: 9.62 segments used, 10.00 dropped, 5.02 ms a token spent encoding under the GPU
ds4:   concurrent sections: 178.06 attempted, 178.06 opened a token
ds4:   speculation: 0.00 layers a token, 0.00 lanes computed, 0.00 matched, 0.00 GEMVs actually saved, 0.00 left to compute; compared 0.00 lanes, 0.00 floats differ, 0.00 by more than an ulp
ds4:   Metal 4: 32.36 command buffers sent, 2656.0 dispatches a token; 0 pieces of Metal 3 work so far
ds4:   Metal 4 a token: 32.36 contexts in 32.36 command buffers (0.00 split); 2771.2 nodes = 2656.0 dispatches + 115.2 copies; barriers 2008.1 from the graph, 64.7 queue; engine asked for 97.9 barriers and 377.8 section ends, neither encoded; 10947.6 buffer and 3061.0 constant bindings (275381 B), 0.0 with no stated length; 32.36 blocking waits, 52.09 ms
ds4:   expert cache over the last 64 tokens: 239.98 hits, 12.94 misses, 12.94 evictions a token; 7041 of 7041 entries live (100.0%)
ds4:   of the address-table holes repaired a token: 0.00 already resident, 12.94 genuinely absent
ds4:   of the repair a token: readahead 11.62 ms, slot preparation 0.85 ms, reads 6.21 ms, install 0.04 ms, over 12.94 loads
ds4:   Engram rows written at step start in 1920 steps; layer-13 drains 0
ds4:   residency a token: 0.00 adds, 0.00 removes, 0.00 commits
1004 12:34:05 ds4-server: chat ctx=167..217:50 gen=200 decoding chunk=13.52 t/s avg=11.85 t/s 16.879s
ds4:   decode path so far: 1984 single-row steps (74.4 ms each inside the graph over the last 64), 0 K-row verification steps over 0 positions, 0 batch-fusion sites taken; candidate K none
ds4: gate over tokens 1921-1984: 18.78 command buffers, 7.02 aborts, 240.0 expert ids accounted, 73.86 MiB loaded a token; 0 the gate failed to switch off, 0 it could not gate
ds4:   one token, exclusive, same window: entry 0.00 + encode 1.28 + commit-to-done 52.54 + repair-load 12.76 + accounting 0.04 + tail 2.04 = 68.66 of a 73.61 ms wall, residual 4.95
ds4:   GPU busy 56.43 ms of the token's wall (the union of its buffers' spans), idle 17.19 ms
ds4:   1350.8 gated dispatches a token, 4.4 of them behind an abort; 241.1 sent plain ahead of a buffer's first validate
ds4:   encode-ahead: 10.77 segments used, 6.73 dropped, 4.53 ms a token spent encoding under the GPU
ds4:   concurrent sections: 145.53 attempted, 145.53 opened a token
ds4:   speculation: 0.00 layers a token, 0.00 lanes computed, 0.00 matched, 0.00 GEMVs actually saved, 0.00 left to compute; compared 0.00 lanes, 0.00 floats differ, 0.00 by more than an ulp
ds4:   Metal 4: 26.52 command buffers sent, 2246.9 dispatches a token; 0 pieces of Metal 3 work so far
ds4:   Metal 4 a token: 26.52 contexts in 26.52 command buffers (0.00 split); 2329.6 nodes = 2246.9 dispatches + 82.7 copies; barriers 1683.3 from the graph, 53.0 queue; engine asked for 83.2 barriers and 310.6 section ends, neither encoded; 9189.7 buffer and 2580.2 constant bindings (230132 B), 0.0 with no stated length; 26.52 blocking waits, 53.44 ms
ds4:   expert cache over the last 64 tokens: 240.00 hits, 7.78 misses, 7.78 evictions a token; 7041 of 7041 entries live (100.0%)
ds4:   of the address-table holes repaired a token: 0.00 already resident, 7.78 genuinely absent
ds4:   of the repair a token: readahead 8.26 ms, slot preparation 0.62 ms, reads 3.74 ms, install 0.02 ms, over 7.78 loads
ds4:   Engram rows written at step start in 1984 steps; layer-13 drains 0
ds4:   residency a token: 0.00 adds, 0.00 removes, 0.00 commits
1004 12:34:08 ds4-server: chat ctx=217..267:50 gen=250 decoding chunk=13.59 t/s avg=12.16 t/s 20.558s
ds4:   decode path so far: 2048 single-row steps (75.0 ms each inside the graph over the last 64), 0 K-row verification steps over 0 positions, 0 batch-fusion sites taken; candidate K none
ds4: gate over tokens 1985-2048: 18.62 command buffers, 6.81 aborts, 240.0 expert ids accounted, 70.89 MiB loaded a token; 0 the gate failed to switch off, 0 it could not gate
ds4:   one token, exclusive, same window: entry 0.00 + encode 1.18 + commit-to-done 51.55 + repair-load 14.44 + accounting 0.04 + tail 1.99 = 69.19 of a 73.84 ms wall, residual 4.64
ds4:   GPU busy 55.07 ms of the token's wall (the union of its buffers' spans), idle 18.76 ms
ds4:   1339.4 gated dispatches a token, 4.8 of them behind an abort; 229.6 sent plain ahead of a buffer's first validate
ds4:   encode-ahead: 10.81 segments used, 6.50 dropped, 4.26 ms a token spent encoding under the GPU
ds4:   concurrent sections: 142.69 attempted, 142.69 opened a token
ds4:   speculation: 0.00 layers a token, 0.00 lanes computed, 0.00 matched, 0.00 GEMVs actually saved, 0.00 left to compute; compared 0.00 lanes, 0.00 floats differ, 0.00 by more than an ulp
ds4:   Metal 4: 26.12 command buffers sent, 2203.0 dispatches a token; 0 pieces of Metal 3 work so far
ds4:   Metal 4 a token: 26.12 contexts in 26.12 command buffers (0.00 split); 2282.2 nodes = 2203.0 dispatches + 79.1 copies; barriers 1651.0 from the graph, 52.2 queue; engine asked for 81.8 barriers and 304.7 section ends, neither encoded; 9014.4 buffer and 2529.8 constant bindings (225666 B), 0.0 with no stated length; 26.12 blocking waits, 52.43 ms
ds4:   expert cache over the last 64 tokens: 240.00 hits, 7.47 misses, 7.47 evictions a token; 7041 of 7041 entries live (100.0%)
ds4:   of the address-table holes repaired a token: 0.00 already resident, 7.47 genuinely absent
ds4:   of the repair a token: readahead 10.27 ms, slot preparation 0.58 ms, reads 3.46 ms, install 0.02 ms, over 7.47 loads
ds4:   Engram rows written at step start in 2048 steps; layer-13 drains 0
ds4:   residency a token: 0.00 adds, 0.00 removes, 0.00 commits
1004 12:34:12 ds4-server: chat ctx=267..317:50 gen=300 decoding chunk=13.52 t/s avg=12.37 t/s 24.257s
ds4:   decode path so far: 2112 single-row steps (73.5 ms each inside the graph over the last 64), 0 K-row verification steps over 0 positions, 0 batch-fusion sites taken; candidate K none
ds4: gate over tokens 2049-2112: 17.94 command buffers, 5.91 aborts, 240.0 expert ids accounted, 60.22 MiB loaded a token; 0 the gate failed to switch off, 0 it could not gate
ds4:   one token, exclusive, same window: entry 0.00 + encode 1.09 + commit-to-done 55.53 + repair-load 9.63 + accounting 0.04 + tail 2.09 = 68.38 of a 72.95 ms wall, residual 4.57
ds4:   GPU busy 59.38 ms of the token's wall (the union of its buffers' spans), idle 13.57 ms
ds4:   1334.9 gated dispatches a token, 9.2 of them behind an abort; 206.8 sent plain ahead of a buffer's first validate
ds4:   encode-ahead: 11.03 segments used, 5.62 dropped, 4.21 ms a token spent encoding under the GPU
ds4:   concurrent sections: 134.31 attempted, 134.31 opened a token
ds4:   speculation: 0.00 layers a token, 0.00 lanes computed, 0.00 matched, 0.00 GEMVs actually saved, 0.00 left to compute; compared 0.00 lanes, 0.00 floats differ, 0.00 by more than an ulp
ds4:   Metal 4: 24.56 command buffers sent, 2087.4 dispatches a token; 0 pieces of Metal 3 work so far
ds4:   Metal 4 a token: 24.56 contexts in 24.56 command buffers (0.00 split); 2159.0 nodes = 2087.4 dispatches + 71.6 copies; barriers 1564.3 from the graph, 49.1 queue; engine asked for 77.9 barriers and 287.3 section ends, neither encoded; 8536.7 buffer and 2395.8 constant bindings (213644 B), 0.0 with no stated length; 24.56 blocking waits, 56.54 ms
ds4:   expert cache over the last 64 tokens: 239.98 hits, 6.34 misses, 6.34 evictions a token; 7041 of 7041 entries live (100.0%)
ds4:   of the address-table holes repaired a token: 0.00 already resident, 6.34 genuinely absent
ds4:   of the repair a token: readahead 5.98 ms, slot preparation 0.54 ms, reads 3.02 ms, install 0.02 ms, over 6.34 loads
ds4:   Engram rows written at step start in 2112 steps; layer-13 drains 0
ds4:   residency a token: 0.00 adds, 0.00 removes, 0.00 commits
1004 12:34:16 ds4-server: chat ctx=317..367:50 gen=350 decoding chunk=13.02 t/s avg=12.46 t/s 28.098s
1004 12:34:18 ds4-server: chat ctx=367..401:34 gen=384 decoding chunk=13.55 t/s avg=12.55 t/s 30.607s
1004 12:34:18 ds4-server: token ids: 384, hash 008f04badba65f48, stop output limit token -1, every 64: 1c0dff66,10c90bf7,735b6fd4,b23f138d,f0e990a4,008f04ba
ds4: backend request Metal 4 encoder batch                  encoder=1112083
ds4: backend request Metal 4 tensor_copy                    blit=6434
ds4: backend request Metal 4 segment                        commit=12641
ds4: backend request Metal 4 wait                           wait=12641
ds4: backend request Metal 4 tensor_read                    readback=385
ds4: backend request totals over 384 tokens (selected Metal 4): M3 commit=0 wait=0 signal=0 evwait=0 blit=0 encoder=0 readback=0 M4 commit=12641 wait=12641 signal=0 evwait=0 blit=6434 encoder=1112083 readback=385; Metal 3 fallback 0; site table overflow 0
ds4: backend request boundary flush          pc 0x1000c4e2c 8364
ds4: backend request boundary flush          pc 0x1000c5208 7751
ds4: backend request boundary wait mark      pc 0x1000c51e8 7751
ds4: backend request boundary wait           pc 0x1000c52f8 3892
ds4: backend request boundary wait           pc 0x1000c524c 613
ds4: backend request boundary end            pc 0x1000c63a8 401
ds4: backend request boundary end            pc 0x1000cb780 385
ds4: Metal 4 bindings with no stated length: 0 at 0 call sites
ds4: backend request Metal 4 feedback after completion: 11939 waits, 183.762 ms
ds4: backend request Metal 3 command execution after Metal 4 selection: 0 (refused 0); Metal 3 queues created before selection 0, after 0; full expert address table uses 0
ds4: backend request background: keepalive M3 0 M4 172, pacer M3 0 M4 0 (cumulative)
1004 12:34:18 ds4-server: token trace: 0 128803 2497 427 396 270 5080 4798 294 1234 344 54195 14 13254 16 128804 128822 | 5 41375 396 29412 20 344 54195 271 2581 12827 566 513 2619 3550 2673 4131 77460 372 8850 223 19 28 45773 270 12236 271 18444 14 362 53060 14 396 29412 20 344 13445 16 5715 513 9116 294 260 13445 1167 14 1031 3673 18392 957 82 6 305 957 83 6 1345 396 271 41026 9884 93 20 95 438 874 4015 26547 3069 83 6989 38038 4779 957 83 874 42492 223 18 25605 1350 1142 34772 12803 396 566 9078 344 295 2619 19577 416 3999 13510 5281 9692 115060 7093 14 5618 11 438 223 19 6 343 971 588 3165 13633 798 1117 2953 3687 2008 372 8850 223 20 28 12341 505 411 6550 271 53 403 3572 1952 10210 979 9237 20 438 874 4015 26547 64 20 3069 83 64 20 95 874 121289 280 64 20 438 223 20 83 64 20 16 874 13835 32417 648 11 38038 372 8850 223 21 28 11315 396 957 82 6 344 1749 271 7054 957 7420 648 93014 957 82 64 20 438 223 20 83 64 20 25605 455 1748 21085 3317 344 24490 513 223 20 14 832 957 82 64 20 6 344 1749 16 8074 270 5080 294 411 9132 344 1749 855 305 1353 855 270 9132 5231 344 1749 14 957 82 6 2231 366 1749 339 5328 5085 957 82 438 223 20 77 6 362 1093 9132 957 77 69881 372 8850 223 22 28 11315 396 957 83 6 344 1749 271 5399 73374 957 82 438 223 20 77 6 1055 957 7420 648 16526 979 9237 10 20 77 21590 20 438 223 20 83 64 20 874 121289 223 22 77 64 20 438 223 20 83 64 20 874 121289 223 20 77 64 20 438 5618 64 20 16 38038 24444 957 83 64 20 6 344 1749 14 832 513 270 1975 22805 412 1936 14 957 83 6 344 1749 339 372 8850 223 23 28 57454 260 53060 271 2581 611 4476 396 1952 957 82 6 305 957 83 6 477 1749 16 2275 566 116584 1132 20539 396 9692 115060 7093 14 5618 11 438 223 19 6 28 855 1952 477 1749 14
1004 12:34:18 ds4-server: metal 4 at request end: 71191 commits, 71191 feedback, 0 errors, residency 0 entries 0.0 MiB
1004 12:34:18 ds4-server: router finalize so far: 172614 fused, 0 generic, 0 fallback; compare 0 calls, mismatches 0 probs 0 ids 0 weights
1004 12:34:18 ds4-server: transition compare words differing so far: mix 0 split 0 sum 0 norm 0 residual 0 pre 0 kv 0 window 0 low 0 rows 0 expand 0 expand-sum 0 expand-norm 0 route-proj 0 route-select 0, over 0 comparisons
1004 12:34:18 ds4-server: chat ctx=0..17:17 gen=384 finish=length 34.165s
1004 12:34:18 ds4-server: live kv cache miss live=401 prompt=26 common=2 vision=match reason=token-mismatch
1004 12:34:18 ds4-server: chat ctx=0..26:26 prompt start
1004 12:34:18 ds4-server: metal 4 at request start: 71191 commits, 71191 feedback, 0 errors, residency 0 entries 0.0 MiB
ds4: memory budget: the expert cache returned a slab of 337 experts (3.13 GiB); it now has 6704 slots
ds4: memory budget: the expert cache returned a slab of 431 experts (4.00 GiB); it now has 6273 slots
1004 12:34:19 ds4-server: chat ctx=0..26:26 prefill chunk 1/26 (3.8%) chunk=0.00 t/s avg=0.93 t/s 1.071s
1004 12:34:19 ds4-server: chat ctx=0..26:26 prefill chunk 2/26 (7.7%) chunk=6.30 t/s avg=1.63 t/s 1.230s
1004 12:34:20 ds4-server: chat ctx=0..26:26 prefill chunk 3/26 (11.5%) chunk=8.13 t/s avg=2.22 t/s 1.353s
1004 12:34:20 ds4-server: chat ctx=0..26:26 prefill chunk 4/26 (15.4%) chunk=7.02 t/s avg=2.68 t/s 1.495s
1004 12:34:20 ds4-server: chat ctx=0..26:26 prefill chunk 5/26 (19.2%) chunk=9.39 t/s avg=3.12 t/s 1.602s
1004 12:34:20 ds4-server: chat ctx=0..26:26 prefill chunk 6/26 (23.1%) chunk=7.22 t/s avg=3.45 t/s 1.740s
1004 12:34:20 ds4-server: chat ctx=0..26:26 prefill chunk 7/26 (26.9%) chunk=6.30 t/s avg=3.69 t/s 1.899s
1004 12:34:20 ds4-server: chat ctx=0..26:26 prefill chunk 8/26 (30.8%) chunk=10.11 t/s avg=4.00 t/s 1.998s
1004 12:34:20 ds4-server: chat ctx=0..26:26 prefill chunk 9/26 (34.6%) chunk=14.65 t/s avg=4.36 t/s 2.066s
1004 12:34:20 ds4-server: chat ctx=0..26:26 prefill chunk 10/26 (38.5%) chunk=9.20 t/s avg=4.60 t/s 2.175s
1004 12:34:20 ds4-server: chat ctx=0..26:26 prefill chunk 11/26 (42.3%) chunk=14.24 t/s avg=4.90 t/s 2.245s
1004 12:34:21 ds4-server: chat ctx=0..26:26 prefill chunk 12/26 (46.2%) chunk=9.35 t/s avg=5.10 t/s 2.352s
1004 12:34:21 ds4-server: chat ctx=0..26:26 prefill chunk 13/26 (50.0%) chunk=7.94 t/s avg=5.25 t/s 2.478s
1004 12:34:21 ds4-server: chat ctx=0..26:26 prefill chunk 14/26 (53.8%) chunk=10.78 t/s avg=5.45 t/s 2.571s
1004 12:34:21 ds4-server: chat ctx=0..26:26 prefill chunk 15/26 (57.7%) chunk=10.25 t/s avg=5.62 t/s 2.668s
1004 12:34:21 ds4-server: chat ctx=0..26:26 prefill chunk 16/26 (61.5%) chunk=16.31 t/s avg=5.86 t/s 2.730s
1004 12:34:21 ds4-server: chat ctx=0..26:26 prefill chunk 17/26 (65.4%) chunk=13.73 t/s avg=6.07 t/s 2.803s
1004 12:34:21 ds4-server: chat ctx=0..26:26 prefill chunk 18/26 (69.2%) chunk=9.15 t/s avg=6.18 t/s 2.912s
1004 12:34:21 ds4-server: chat ctx=0..26:26 prefill chunk 19/26 (73.1%) chunk=4.16 t/s avg=6.03 t/s 3.152s
1004 12:34:21 ds4-server: chat ctx=0..26:26 prefill chunk 20/26 (76.9%) chunk=10.81 t/s avg=6.16 t/s 3.245s
1004 12:34:22 ds4-server: chat ctx=0..26:26 prefill chunk 21/26 (80.8%) chunk=14.29 t/s avg=6.34 t/s 3.315s
1004 12:34:22 ds4-server: chat ctx=0..26:26 prefill chunk 22/26 (84.6%) chunk=8.30 t/s avg=6.40 t/s 3.435s
1004 12:34:22 ds4-server: chat ctx=0..26:26 prefill chunk 23/26 (88.5%) chunk=12.61 t/s avg=6.54 t/s 3.515s
1004 12:34:22 ds4-server: chat ctx=0..26:26 prefill chunk 24/26 (92.3%) chunk=16.95 t/s avg=6.72 t/s 3.573s
ds4:   decode path so far: 2176 single-row steps (89.3 ms each inside the graph over the last 64), 0 K-row verification steps over 0 positions, 0 batch-fusion sites taken; candidate K none
ds4: gate over tokens 2113-2176: 23.41 command buffers, 14.12 aborts, 240.0 expert ids accounted, 220.55 MiB loaded a token; 0 the gate failed to switch off, 0 it could not gate
ds4:   one token, exclusive, same window: entry 0.00 + encode 2.29 + commit-to-done 50.41 + repair-load 28.13 + accounting 0.04 + tail 1.25 = 82.13 of a 88.03 ms wall, residual 5.90
ds4:   GPU busy 50.78 ms of the token's wall (the union of its buffers' spans), idle 37.25 ms
ds4:   1376.2 gated dispatches a token, 11.9 of them behind an abort; 455.1 sent plain ahead of a buffer's first validate
ds4:   encode-ahead: 8.28 segments used, 13.52 dropped, 5.39 ms a token spent encoding under the GPU
ds4:   concurrent sections: 210.69 attempted, 210.69 opened a token
ds4:   speculation: 0.00 layers a token, 0.00 lanes computed, 0.00 matched, 0.00 GEMVs actually saved, 0.00 left to compute; compared 0.00 lanes, 0.00 floats differ, 0.00 by more than an ulp
ds4:   Metal 4: 37.53 command buffers sent, 3081.2 dispatches a token; 0 pieces of Metal 3 work so far
ds4:   Metal 4 a token: 37.53 contexts in 37.53 command buffers (0.00 split); 3245.2 nodes = 3081.2 dispatches + 164.0 copies; barriers 2345.8 from the graph, 75.1 queue; engine asked for 113.0 barriers and 444.8 section ends, neither encoded; 12761.2 buffer and 3558.9 constant bindings (322008 B), 0.0 with no stated length; 37.53 blocking waits, 49.77 ms
ds4:   expert cache over the last 64 tokens: 239.88 hits, 23.23 misses, 35.23 evictions a token; 6273 of 6273 entries live (100.0%)
ds4:   of the address-table holes repaired a token: 0.00 already resident, 23.23 genuinely absent
ds4:   of the repair a token: readahead 14.97 ms, slot preparation 0.82 ms, reads 11.50 ms, install 0.06 ms, over 23.23 loads
ds4:   Engram rows written at step start in 2176 steps; layer-13 drains 0
ds4:   residency a token: 0.00 adds, 0.00 removes, 0.00 commits
1004 12:34:22 ds4-server: chat ctx=0..26:26 prefill chunk 25/26 (96.2%) chunk=16.79 t/s avg=6.88 t/s 3.633s
1004 12:34:22 ds4-server: chat ctx=0..26:26 prefill chunk 26/26 (100.0%) chunk=10.12 t/s avg=6.97 t/s 3.732s
ds4: expert cache lent the prefill headroom for decode: 6273 -> 7041 experts
1004 12:34:22 ds4-server: chat ctx=0..26:26 prompt done 3.733s
1004 12:34:28 ds4-server: chat ctx=26..76:50 gen=50 decoding chunk=9.01 t/s avg=9.01 t/s 5.548s
ds4:   decode path so far: 2240 single-row steps (103.1 ms each inside the graph over the last 64), 0 K-row verification steps over 0 positions, 0 batch-fusion sites taken; candidate K none
ds4: gate over tokens 2177-2240: 26.50 command buffers, 18.95 aborts, 240.0 expert ids accounted, 243.83 MiB loaded a token; 0 the gate failed to switch off, 0 it could not gate
ds4:   one token, exclusive, same window: entry 0.00 + encode 3.39 + commit-to-done 46.69 + repair-load 43.76 + accounting 0.04 + tail 1.71 = 95.59 of a 103.27 ms wall, residual 7.68
ds4:   GPU busy 46.29 ms of the token's wall (the union of its buffers' spans), idle 56.98 ms
ds4:   1367.0 gated dispatches a token, 17.3 of them behind an abort; 598.9 sent plain ahead of a buffer's first validate
ds4:   encode-ahead: 6.55 segments used, 18.02 dropped, 7.00 ms a token spent encoding under the GPU
ds4:   concurrent sections: 253.47 attempted, 253.47 opened a token
ds4:   speculation: 0.00 layers a token, 0.00 lanes computed, 0.00 matched, 0.00 GEMVs actually saved, 0.00 left to compute; compared 0.00 lanes, 0.00 floats differ, 0.00 by more than an ulp
ds4:   Metal 4: 45.52 command buffers sent, 3620.7 dispatches a token; 0 pieces of Metal 3 work so far
ds4:   Metal 4 a token: 45.52 contexts in 45.52 command buffers (0.00 split); 3782.2 nodes = 3620.7 dispatches + 161.5 copies; barriers 2783.5 from the graph, 91.0 queue; engine asked for 132.3 barriers and 533.5 section ends, neither encoded; 15087.8 buffer and 4192.9 constant bindings (382834 B), 0.0 with no stated length; 45.52 blocking waits, 45.80 ms
ds4:   expert cache over the last 64 tokens: 239.98 hits, 25.69 misses, 13.69 evictions a token; 7041 of 7041 entries live (100.0%)
ds4:   of the address-table holes repaired a token: 0.00 already resident, 25.69 genuinely absent
ds4:   of the repair a token: readahead 20.33 ms, slot preparation 13.27 ms, reads 9.57 ms, install 0.08 ms, over 25.69 loads
ds4:   Engram rows written at step start in 2240 steps; layer-13 drains 0
ds4:   residency a token: 0.00 adds, 0.00 removes, 0.00 commits
1004 12:34:32 ds4-server: chat ctx=76..126:50 gen=100 decoding chunk=11.67 t/s avg=10.17 t/s 9.833s
ds4:   decode path so far: 2304 single-row steps (83.1 ms each inside the graph over the last 64), 0 K-row verification steps over 0 positions, 0 batch-fusion sites taken; candidate K none
ds4: gate over tokens 2241-2304: 22.08 command buffers, 11.95 aborts, 240.0 expert ids accounted, 136.45 MiB loaded a token; 0 the gate failed to switch off, 0 it could not gate
ds4:   one token, exclusive, same window: entry 0.00 + encode 2.37 + commit-to-done 47.94 + repair-load 21.78 + accounting 0.04 + tail 1.89 = 74.02 of a 80.93 ms wall, residual 6.91
ds4:   GPU busy 50.38 ms of the token's wall (the union of its buffers' spans), idle 30.55 ms
ds4:   1358.1 gated dispatches a token, 6.1 of them behind an abort; 387.8 sent plain ahead of a buffer's first validate
ds4:   encode-ahead: 9.12 segments used, 11.48 dropped, 6.35 ms a token spent encoding under the GPU
ds4:   concurrent sections: 191.09 attempted, 191.09 opened a token
ds4:   speculation: 0.00 layers a token, 0.00 lanes computed, 0.00 matched, 0.00 GEMVs actually saved, 0.00 left to compute; compared 0.00 lanes, 0.00 floats differ, 0.00 by more than an ulp
ds4:   Metal 4: 34.56 command buffers sent, 2825.0 dispatches a token; 0 pieces of Metal 3 work so far
ds4:   Metal 4 a token: 34.56 contexts in 34.56 command buffers (0.00 split); 2952.6 nodes = 2825.0 dispatches + 127.7 copies; barriers 2151.3 from the graph, 69.1 queue; engine asked for 104.2 barriers and 404.8 section ends, neither encoded; 11681.8 buffer and 3259.2 constant bindings (294946 B), 0.0 with no stated length; 34.56 blocking waits, 47.91 ms
ds4:   expert cache over the last 64 tokens: 239.98 hits, 14.38 misses, 14.38 evictions a token; 7041 of 7041 entries live (100.0%)
ds4:   of the address-table holes repaired a token: 0.00 already resident, 14.38 genuinely absent
ds4:   of the repair a token: readahead 13.18 ms, slot preparation 1.09 ms, reads 7.06 ms, install 0.05 ms, over 14.38 loads
ds4:   Engram rows written at step start in 2304 steps; layer-13 drains 0
ds4:   residency a token: 0.00 adds, 0.00 removes, 0.00 commits
1004 12:34:36 ds4-server: chat ctx=126..176:50 gen=150 decoding chunk=13.22 t/s avg=11.02 t/s 13.614s
ds4:   decode path so far: 2368 single-row steps (77.8 ms each inside the graph over the last 64), 0 K-row verification steps over 0 positions, 0 batch-fusion sites taken; candidate K none
ds4: gate over tokens 2305-2368: 20.03 command buffers, 9.00 aborts, 240.0 expert ids accounted, 96.26 MiB loaded a token; 0 the gate failed to switch off, 0 it could not gate
ds4:   one token, exclusive, same window: entry 0.00 + encode 1.78 + commit-to-done 50.03 + repair-load 16.91 + accounting 0.04 + tail 1.95 = 70.71 of a 76.64 ms wall, residual 5.93
ds4:   GPU busy 53.60 ms of the token's wall (the union of its buffers' spans), idle 23.03 ms
ds4:   1351.4 gated dispatches a token, 15.0 of them behind an abort; 302.8 sent plain ahead of a buffer's first validate
ds4:   encode-ahead: 10.03 segments used, 8.41 dropped, 5.45 ms a token spent encoding under the GPU
ds4:   concurrent sections: 162.44 attempted, 162.44 opened a token
ds4:   speculation: 0.00 layers a token, 0.00 lanes computed, 0.00 matched, 0.00 GEMVs actually saved, 0.00 left to compute; compared 0.00 lanes, 0.00 floats differ, 0.00 by more than an ulp
ds4:   Metal 4: 29.44 command buffers sent, 2474.8 dispatches a token; 0 pieces of Metal 3 work so far
ds4:   Metal 4 a token: 29.44 contexts in 29.44 command buffers (0.00 split); 2573.2 nodes = 2474.8 dispatches + 98.4 copies; barriers 1852.1 from the graph, 58.9 queue; engine asked for 90.7 barriers and 345.3 section ends, neither encoded; 10132.3 buffer and 2845.4 constant bindings (253731 B), 0.0 with no stated length; 29.44 blocking waits, 50.47 ms
ds4:   expert cache over the last 64 tokens: 240.00 hits, 10.14 misses, 10.14 evictions a token; 7041 of 7041 entries live (100.0%)
ds4:   of the address-table holes repaired a token: 0.00 already resident, 10.14 genuinely absent
ds4:   of the repair a token: readahead 10.29 ms, slot preparation 0.90 ms, reads 5.49 ms, install 0.03 ms, over 10.14 loads
ds4:   Engram rows written at step start in 2368 steps; layer-13 drains 0
ds4:   residency a token: 0.00 adds, 0.00 removes, 0.00 commits
1004 12:34:39 ds4-server: chat ctx=176..226:50 gen=200 decoding chunk=13.15 t/s avg=11.48 t/s 17.415s
1004 12:34:43 ds4-server: chat ctx=226..276:50 gen=250 decoding chunk=12.39 t/s avg=11.66 t/s 21.450s
ds4:   decode path so far: 2432 single-row steps (77.8 ms each inside the graph over the last 64), 0 K-row verification steps over 0 positions, 0 batch-fusion sites taken; candidate K none
ds4: gate over tokens 2369-2432: 19.30 command buffers, 7.62 aborts, 240.0 expert ids accounted, 83.80 MiB loaded a token; 0 the gate failed to switch off, 0 it could not gate
ds4:   one token, exclusive, same window: entry 0.00 + encode 1.66 + commit-to-done 51.24 + repair-load 16.21 + accounting 0.04 + tail 2.03 = 71.18 of a 77.18 ms wall, residual 6.00
ds4:   GPU busy 54.47 ms of the token's wall (the union of its buffers' spans), idle 22.71 ms
ds4:   1354.2 gated dispatches a token, 7.8 of them behind an abort; 256.4 sent plain ahead of a buffer's first validate
ds4:   encode-ahead: 10.67 segments used, 7.17 dropped, 5.55 ms a token spent encoding under the GPU
ds4:   concurrent sections: 149.66 attempted, 149.66 opened a token
ds4:   speculation: 0.00 layers a token, 0.00 lanes computed, 0.00 matched, 0.00 GEMVs actually saved, 0.00 left to compute; compared 0.00 lanes, 0.00 floats differ, 0.00 by more than an ulp
ds4:   Metal 4: 27.47 command buffers sent, 2296.8 dispatches a token; 0 pieces of Metal 3 work so far
ds4:   Metal 4 a token: 27.47 contexts in 27.47 command buffers (0.00 split); 2384.8 nodes = 2296.8 dispatches + 88.0 copies; barriers 1721.1 from the graph, 54.9 queue; engine asked for 85.0 barriers and 319.2 section ends, neither encoded; 9401.8 buffer and 2638.8 constant bindings (235476 B), 0.0 with no stated length; 27.47 blocking waits, 51.76 ms
ds4:   expert cache over the last 64 tokens: 240.00 hits, 8.83 misses, 8.83 evictions a token; 7041 of 7041 entries live (100.0%)
ds4:   of the address-table holes repaired a token: 0.00 already resident, 8.83 genuinely absent
ds4:   of the repair a token: readahead 10.71 ms, slot preparation 0.85 ms, reads 4.40 ms, install 0.03 ms, over 8.83 loads
ds4:   Engram rows written at step start in 2432 steps; layer-13 drains 0
ds4:   residency a token: 0.00 adds, 0.00 removes, 0.00 commits
1004 12:34:47 ds4-server: chat ctx=276..326:50 gen=300 decoding chunk=13.58 t/s avg=11.94 t/s 25.131s
ds4:   decode path so far: 2496 single-row steps (73.2 ms each inside the graph over the last 64), 0 K-row verification steps over 0 positions, 0 batch-fusion sites taken; candidate K none
ds4: gate over tokens 2433-2496: 18.19 command buffers, 6.36 aborts, 240.0 expert ids accounted, 66.45 MiB loaded a token; 0 the gate failed to switch off, 0 it could not gate
ds4:   one token, exclusive, same window: entry 0.00 + encode 1.35 + commit-to-done 50.43 + repair-load 13.16 + accounting 0.04 + tail 2.02 = 67.01 of a 72.27 ms wall, residual 5.27
ds4:   GPU busy 54.52 ms of the token's wall (the union of its buffers' spans), idle 17.75 ms
ds4:   1326.8 gated dispatches a token, 4.4 of them behind an abort; 224.5 sent plain ahead of a buffer's first validate
ds4:   encode-ahead: 10.83 segments used, 6.09 dropped, 4.90 ms a token spent encoding under the GPU
ds4:   concurrent sections: 138.25 attempted, 138.25 opened a token
ds4:   speculation: 0.00 layers a token, 0.00 lanes computed, 0.00 matched, 0.00 GEMVs actually saved, 0.00 left to compute; compared 0.00 lanes, 0.00 floats differ, 0.00 by more than an ulp
ds4:   Metal 4: 25.28 command buffers sent, 2142.5 dispatches a token; 0 pieces of Metal 3 work so far
ds4:   Metal 4 a token: 25.28 contexts in 25.28 command buffers (0.00 split); 2219.5 nodes = 2142.5 dispatches + 77.1 copies; barriers 1605.6 from the graph, 50.6 queue; engine asked for 79.7 barriers and 295.4 section ends, neither encoded; 8761.0 buffer and 2459.4 constant bindings (219362 B), 0.0 with no stated length; 25.28 blocking waits, 51.23 ms
ds4:   expert cache over the last 64 tokens: 240.00 hits, 7.00 misses, 7.00 evictions a token; 7041 of 7041 entries live (100.0%)
ds4:   of the address-table holes repaired a token: 0.00 already resident, 7.00 genuinely absent
ds4:   of the repair a token: readahead 9.06 ms, slot preparation 0.65 ms, reads 3.31 ms, install 0.02 ms, over 7.00 loads
ds4:   Engram rows written at step start in 2496 steps; layer-13 drains 0
ds4:   residency a token: 0.00 adds, 0.00 removes, 0.00 commits
1004 12:34:51 ds4-server: chat ctx=326..376:50 gen=350 decoding chunk=13.38 t/s avg=12.12 t/s 28.866s
ds4:   decode path so far: 2560 single-row steps (78.5 ms each inside the graph over the last 64), 0 K-row verification steps over 0 positions, 0 batch-fusion sites taken; candidate K none
ds4: gate over tokens 2497-2560: 18.72 command buffers, 7.16 aborts, 240.0 expert ids accounted, 75.64 MiB loaded a token; 0 the gate failed to switch off, 0 it could not gate
ds4:   one token, exclusive, same window: entry 0.00 + encode 1.44 + commit-to-done 53.33 + repair-load 15.33 + accounting 0.04 + tail 2.04 = 72.18 of a 77.53 ms wall, residual 5.35
ds4:   GPU busy 57.17 ms of the token's wall (the union of its buffers' spans), idle 20.36 ms
ds4:   1341.0 gated dispatches a token, 8.2 of them behind an abort; 249.2 sent plain ahead of a buffer's first validate
ds4:   encode-ahead: 10.56 segments used, 6.86 dropped, 4.94 ms a token spent encoding under the GPU
ds4:   concurrent sections: 146.31 attempted, 146.31 opened a token
ds4:   speculation: 0.00 layers a token, 0.00 lanes computed, 0.00 matched, 0.00 GEMVs actually saved, 0.00 left to compute; compared 0.00 lanes, 0.00 floats differ, 0.00 by more than an ulp
ds4:   Metal 4: 26.58 command buffers sent, 2254.3 dispatches a token; 0 pieces of Metal 3 work so far
ds4:   Metal 4 a token: 26.58 contexts in 26.58 command buffers (0.00 split); 2338.0 nodes = 2254.3 dispatches + 83.6 copies; barriers 1689.6 from the graph, 53.2 queue; engine asked for 83.4 barriers and 312.0 section ends, neither encoded; 9224.3 buffer and 2589.4 constant bindings (231023 B), 0.0 with no stated length; 26.58 blocking waits, 54.05 ms
ds4:   expert cache over the last 64 tokens: 239.94 hits, 7.97 misses, 7.97 evictions a token; 7041 of 7041 entries live (100.0%)
ds4:   of the address-table holes repaired a token: 0.00 already resident, 7.97 genuinely absent
ds4:   of the repair a token: readahead 10.59 ms, slot preparation 0.73 ms, reads 3.85 ms, install 0.03 ms, over 7.97 loads
ds4:   Engram rows written at step start in 2560 steps; layer-13 drains 0
ds4:   residency a token: 0.00 adds, 0.00 removes, 0.00 commits
1004 12:34:55 ds4-server: chat ctx=376..426:50 gen=400 decoding chunk=12.98 t/s avg=12.23 t/s 32.719s
ds4:   decode path so far: 2624 single-row steps (77.3 ms each inside the graph over the last 64), 0 K-row verification steps over 0 positions, 0 batch-fusion sites taken; candidate K none
ds4: gate over tokens 2561-2624: 19.23 command buffers, 7.84 aborts, 240.0 expert ids accounted, 93.74 MiB loaded a token; 0 the gate failed to switch off, 0 it could not gate
ds4:   one token, exclusive, same window: entry 0.00 + encode 1.52 + commit-to-done 51.80 + repair-load 15.78 + accounting 0.04 + tail 1.99 = 71.12 of a 76.50 ms wall, residual 5.38
ds4:   GPU busy 54.99 ms of the token's wall (the union of its buffers' spans), idle 21.52 ms
ds4:   1349.7 gated dispatches a token, 9.2 of them behind an abort; 268.2 sent plain ahead of a buffer's first validate
ds4:   encode-ahead: 10.39 segments used, 7.41 dropped, 4.99 ms a token spent encoding under the GPU
ds4:   concurrent sections: 152.34 attempted, 152.34 opened a token
ds4:   speculation: 0.00 layers a token, 0.00 lanes computed, 0.00 matched, 0.00 GEMVs actually saved, 0.00 left to compute; compared 0.00 lanes, 0.00 floats differ, 0.00 by more than an ulp
ds4:   Metal 4: 27.64 command buffers sent, 2331.4 dispatches a token; 0 pieces of Metal 3 work so far
ds4:   Metal 4 a token: 27.64 contexts in 27.64 command buffers (0.00 split); 2423.5 nodes = 2331.4 dispatches + 92.1 copies; barriers 1744.7 from the graph, 55.3 queue; engine asked for 86.1 barriers and 324.5 section ends, neither encoded; 9549.2 buffer and 2679.8 constant bindings (238922 B), 0.0 with no stated length; 27.64 blocking waits, 52.35 ms
ds4:   expert cache over the last 64 tokens: 239.94 hits, 9.88 misses, 9.88 evictions a token; 7041 of 7041 entries live (100.0%)
ds4:   of the address-table holes repaired a token: 0.00 already resident, 9.88 genuinely absent
ds4:   of the repair a token: readahead 10.08 ms, slot preparation 0.66 ms, reads 4.75 ms, install 0.03 ms, over 9.88 loads
ds4:   Engram rows written at step start in 2624 steps; layer-13 drains 0
ds4:   residency a token: 0.00 adds, 0.00 removes, 0.00 commits
1004 12:34:59 ds4-server: chat ctx=426..476:50 gen=450 decoding chunk=12.57 t/s avg=12.26 t/s 36.697s
1004 12:35:02 ds4-server: chat ctx=476..526:50 gen=500 decoding chunk=13.44 t/s avg=12.37 t/s 40.417s
ds4:   decode path so far: 2688 single-row steps (76.5 ms each inside the graph over the last 64), 0 K-row verification steps over 0 positions, 0 batch-fusion sites taken; candidate K none
ds4: gate over tokens 2625-2688: 19.16 command buffers, 7.69 aborts, 240.0 expert ids accounted, 82.17 MiB loaded a token; 0 the gate failed to switch off, 0 it could not gate
ds4:   one token, exclusive, same window: entry 0.00 + encode 1.42 + commit-to-done 53.08 + repair-load 13.90 + accounting 0.04 + tail 2.05 = 70.49 of a 75.66 ms wall, residual 5.18
ds4:   GPU busy 56.80 ms of the token's wall (the union of its buffers' spans), idle 18.86 ms
ds4:   1343.9 gated dispatches a token, 9.6 of them behind an abort; 261.3 sent plain ahead of a buffer's first validate
ds4:   encode-ahead: 10.47 segments used, 7.28 dropped, 4.76 ms a token spent encoding under the GPU
ds4:   concurrent sections: 150.81 attempted, 150.81 opened a token
ds4:   speculation: 0.00 layers a token, 0.00 lanes computed, 0.00 matched, 0.00 GEMVs actually saved, 0.00 left to compute; compared 0.00 lanes, 0.00 floats differ, 0.00 by more than an ulp
ds4:   Metal 4: 27.44 command buffers sent, 2300.4 dispatches a token; 0 pieces of Metal 3 work so far
ds4:   Metal 4 a token: 27.44 contexts in 27.44 command buffers (0.00 split); 2388.3 nodes = 2300.4 dispatches + 87.9 copies; barriers 1720.0 from the graph, 54.9 queue; engine asked for 85.5 barriers and 321.4 section ends, neither encoded; 9418.0 buffer and 2645.3 constant bindings (235764 B), 0.0 with no stated length; 27.44 blocking waits, 53.86 ms
ds4:   expert cache over the last 64 tokens: 239.98 hits, 8.66 misses, 8.66 evictions a token; 7041 of 7041 entries live (100.0%)
ds4:   of the address-table holes repaired a token: 0.00 already resident, 8.66 genuinely absent
ds4:   of the repair a token: readahead 8.71 ms, slot preparation 0.68 ms, reads 4.35 ms, install 0.03 ms, over 8.66 loads
ds4:   Engram rows written at step start in 2688 steps; layer-13 drains 0
ds4:   residency a token: 0.00 adds, 0.00 removes, 0.00 commits
1004 12:35:06 ds4-server: chat ctx=526..576:50 gen=550 decoding chunk=13.13 t/s avg=12.44 t/s 44.225s
ds4:   decode path so far: 2752 single-row steps (73.1 ms each inside the graph over the last 64), 0 K-row verification steps over 0 positions, 0 batch-fusion sites taken; candidate K none
ds4: gate over tokens 2689-2752: 19.28 command buffers, 7.89 aborts, 240.0 expert ids accounted, 86.17 MiB loaded a token; 0 the gate failed to switch off, 0 it could not gate
ds4:   one token, exclusive, same window: entry 0.00 + encode 1.34 + commit-to-done 52.78 + repair-load 11.34 + accounting 0.04 + tail 1.98 = 67.47 of a 72.27 ms wall, residual 4.80
ds4:   GPU busy 56.15 ms of the token's wall (the union of its buffers' spans), idle 16.12 ms
ds4:   1327.0 gated dispatches a token, 7.0 of them behind an abort; 264.6 sent plain ahead of a buffer's first validate
ds4:   encode-ahead: 10.39 segments used, 7.45 dropped, 4.41 ms a token spent encoding under the GPU
ds4:   concurrent sections: 152.31 attempted, 152.31 opened a token
ds4:   speculation: 0.00 layers a token, 0.00 lanes computed, 0.00 matched, 0.00 GEMVs actually saved, 0.00 left to compute; compared 0.00 lanes, 0.00 floats differ, 0.00 by more than an ulp
ds4:   Metal 4: 27.73 command buffers sent, 2299.9 dispatches a token; 0 pieces of Metal 3 work so far
ds4:   Metal 4 a token: 27.73 contexts in 27.73 command buffers (0.00 split); 2390.3 nodes = 2299.9 dispatches + 90.4 copies; barriers 1713.2 from the graph, 55.5 queue; engine asked for 86.1 barriers and 324.5 section ends, neither encoded; 9417.0 buffer and 2648.1 constant bindings (235602 B), 0.0 with no stated length; 27.73 blocking waits, 53.52 ms
ds4:   expert cache over the last 64 tokens: 239.97 hits, 9.08 misses, 9.08 evictions a token; 7041 of 7041 entries live (100.0%)
ds4:   of the address-table holes repaired a token: 0.00 already resident, 9.08 genuinely absent
ds4:   of the repair a token: readahead 6.39 ms, slot preparation 0.63 ms, reads 4.13 ms, install 0.03 ms, over 9.08 loads
ds4:   Engram rows written at step start in 2752 steps; layer-13 drains 0
ds4:   residency a token: 0.00 adds, 0.00 removes, 0.00 commits
1004 12:35:10 ds4-server: chat ctx=576..626:50 gen=600 decoding chunk=13.48 t/s avg=12.52 t/s 47.934s
ds4:   decode path so far: 2816 single-row steps (73.9 ms each inside the graph over the last 64), 0 K-row verification steps over 0 positions, 0 batch-fusion sites taken; candidate K none
ds4: gate over tokens 2753-2816: 18.58 command buffers, 7.12 aborts, 240.0 expert ids accounted, 74.60 MiB loaded a token; 0 the gate failed to switch off, 0 it could not gate
ds4:   one token, exclusive, same window: entry 0.00 + encode 1.21 + commit-to-done 52.45 + repair-load 12.67 + accounting 0.04 + tail 2.00 = 68.38 of a 72.93 ms wall, residual 4.56
ds4:   GPU busy 55.90 ms of the token's wall (the union of its buffers' spans), idle 17.04 ms
ds4:   1306.4 gated dispatches a token, 4.2 of them behind an abort; 243.9 sent plain ahead of a buffer's first validate
ds4:   encode-ahead: 10.45 segments used, 6.78 dropped, 4.19 ms a token spent encoding under the GPU
ds4:   concurrent sections: 144.84 attempted, 144.84 opened a token
ds4:   speculation: 0.00 layers a token, 0.00 lanes computed, 0.00 matched, 0.00 GEMVs actually saved, 0.00 left to compute; compared 0.00 lanes, 0.00 floats differ, 0.00 by more than an ulp
ds4:   Metal 4: 26.36 command buffers sent, 2197.3 dispatches a token; 0 pieces of Metal 3 work so far
ds4:   Metal 4 a token: 26.36 contexts in 26.36 command buffers (0.00 split); 2280.3 nodes = 2197.3 dispatches + 83.0 copies; barriers 1638.1 from the graph, 52.7 queue; engine asked for 82.5 barriers and 308.9 section ends, neither encoded; 8993.4 buffer and 2528.9 constant bindings (225088 B), 0.0 with no stated length; 26.36 blocking waits, 53.32 ms
ds4:   expert cache over the last 64 tokens: 240.00 hits, 7.86 misses, 7.86 evictions a token; 7041 of 7041 entries live (100.0%)
ds4:   of the address-table holes repaired a token: 0.00 already resident, 7.86 genuinely absent
ds4:   of the repair a token: readahead 8.47 ms, slot preparation 0.58 ms, reads 3.49 ms, install 0.02 ms, over 7.86 loads
ds4:   Engram rows written at step start in 2816 steps; layer-13 drains 0
ds4:   residency a token: 0.00 adds, 0.00 removes, 0.00 commits
1004 12:35:14 ds4-server: chat ctx=626..676:50 gen=650 decoding chunk=13.32 t/s avg=12.58 t/s 51.688s
1004 12:35:17 ds4-server: chat ctx=676..726:50 gen=700 decoding chunk=13.82 t/s avg=12.66 t/s 55.307s
ds4:   decode path so far: 2880 single-row steps (73.7 ms each inside the graph over the last 64), 0 K-row verification steps over 0 positions, 0 batch-fusion sites taken; candidate K none
ds4: gate over tokens 2817-2880: 18.27 command buffers, 6.52 aborts, 240.0 expert ids accounted, 67.78 MiB loaded a token; 0 the gate failed to switch off, 0 it could not gate
ds4:   one token, exclusive, same window: entry 0.00 + encode 1.10 + commit-to-done 53.84 + repair-load 11.56 + accounting 0.04 + tail 2.00 = 68.54 of a 72.92 ms wall, residual 4.37
ds4:   GPU busy 57.35 ms of the token's wall (the union of its buffers' spans), idle 15.56 ms
ds4:   1313.8 gated dispatches a token, 4.2 of them behind an abort; 222.3 sent plain ahead of a buffer's first validate
ds4:   encode-ahead: 10.75 segments used, 6.23 dropped, 4.03 ms a token spent encoding under the GPU
ds4:   concurrent sections: 140.06 attempted, 140.06 opened a token
ds4:   speculation: 0.00 layers a token, 0.00 lanes computed, 0.00 matched, 0.00 GEMVs actually saved, 0.00 left to compute; compared 0.00 lanes, 0.00 floats differ, 0.00 by more than an ulp
ds4:   Metal 4: 25.50 command buffers sent, 2132.4 dispatches a token; 0 pieces of Metal 3 work so far
ds4:   Metal 4 a token: 25.50 contexts in 25.50 command buffers (0.00 split); 2209.5 nodes = 2132.4 dispatches + 77.2 copies; barriers 1588.9 from the graph, 51.0 queue; engine asked for 80.5 barriers and 299.1 section ends, neither encoded; 8730.5 buffer and 2453.5 constant bindings (218338 B), 0.0 with no stated length; 25.50 blocking waits, 54.76 ms
ds4:   expert cache over the last 64 tokens: 240.00 hits, 7.14 misses, 7.14 evictions a token; 7041 of 7041 entries live (100.0%)
ds4:   of the address-table holes repaired a token: 0.00 already resident, 7.14 genuinely absent
ds4:   of the repair a token: readahead 7.84 ms, slot preparation 0.54 ms, reads 3.07 ms, install 0.02 ms, over 7.14 loads
ds4:   Engram rows written at step start in 2880 steps; layer-13 drains 0
ds4:   residency a token: 0.00 adds, 0.00 removes, 0.00 commits
1004 12:35:21 ds4-server: chat ctx=726..776:50 gen=750 decoding chunk=13.38 t/s avg=12.70 t/s 59.044s
ds4:   decode path so far: 2944 single-row steps (73.5 ms each inside the graph over the last 64), 0 K-row verification steps over 0 positions, 0 batch-fusion sites taken; candidate K none
ds4: gate over tokens 2881-2944: 18.31 command buffers, 6.66 aborts, 240.0 expert ids accounted, 71.19 MiB loaded a token; 0 the gate failed to switch off, 0 it could not gate
ds4:   one token, exclusive, same window: entry 0.00 + encode 1.04 + commit-to-done 54.61 + repair-load 10.97 + accounting 0.04 + tail 2.01 = 68.68 of a 72.82 ms wall, residual 4.14
ds4:   GPU busy 58.06 ms of the token's wall (the union of its buffers' spans), idle 14.75 ms
ds4:   1316.0 gated dispatches a token, 6.1 of them behind an abort; 232.7 sent plain ahead of a buffer's first validate
ds4:   encode-ahead: 10.66 segments used, 6.42 dropped, 3.77 ms a token spent encoding under the GPU
ds4:   concurrent sections: 141.78 attempted, 141.78 opened a token
ds4:   speculation: 0.00 layers a token, 0.00 lanes computed, 0.00 matched, 0.00 GEMVs actually saved, 0.00 left to compute; compared 0.00 lanes, 0.00 floats differ, 0.00 by more than an ulp
ds4:   Metal 4: 25.73 command buffers sent, 2159.3 dispatches a token; 0 pieces of Metal 3 work so far
ds4:   Metal 4 a token: 25.73 contexts in 25.73 command buffers (0.00 split); 2239.2 nodes = 2159.3 dispatches + 79.9 copies; barriers 1610.7 from the graph, 51.5 queue; engine asked for 81.3 barriers and 302.6 section ends, neither encoded; 8838.3 buffer and 2484.4 constant bindings (221224 B), 0.0 with no stated length; 25.73 blocking waits, 55.61 ms
ds4:   expert cache over the last 64 tokens: 239.97 hits, 7.50 misses, 7.50 evictions a token; 7041 of 7041 entries live (100.0%)
ds4:   of the address-table holes repaired a token: 0.00 already resident, 7.50 genuinely absent
ds4:   of the repair a token: readahead 6.96 ms, slot preparation 0.50 ms, reads 3.39 ms, install 0.02 ms, over 7.50 loads
ds4:   Engram rows written at step start in 2944 steps; layer-13 drains 0
ds4:   residency a token: 0.00 adds, 0.00 removes, 0.00 commits
1004 12:35:25 ds4-server: chat ctx=776..826:50 gen=800 decoding chunk=14.05 t/s avg=12.78 t/s 62.604s
ds4:   decode path so far: 3008 single-row steps (74.1 ms each inside the graph over the last 64), 0 K-row verification steps over 0 positions, 0 batch-fusion sites taken; candidate K none
ds4: gate over tokens 2945-3008: 17.70 command buffers, 5.41 aborts, 240.0 expert ids accounted, 55.47 MiB loaded a token; 0 the gate failed to switch off, 0 it could not gate
ds4:   one token, exclusive, same window: entry 0.00 + encode 0.89 + commit-to-done 55.05 + repair-load 11.07 + accounting 0.04 + tail 2.04 = 69.09 of a 73.06 ms wall, residual 3.97
ds4:   GPU busy 58.60 ms of the token's wall (the union of its buffers' spans), idle 14.46 ms
ds4:   1322.2 gated dispatches a token, 7.5 of them behind an abort; 186.5 sent plain ahead of a buffer's first validate
ds4:   encode-ahead: 11.30 segments used, 5.09 dropped, 3.67 ms a token spent encoding under the GPU
ds4:   concurrent sections: 130.25 attempted, 130.25 opened a token
ds4:   speculation: 0.00 layers a token, 0.00 lanes computed, 0.00 matched, 0.00 GEMVs actually saved, 0.00 left to compute; compared 0.00 lanes, 0.00 floats differ, 0.00 by more than an ulp
ds4:   Metal 4: 23.80 command buffers sent, 2000.4 dispatches a token; 0 pieces of Metal 3 work so far
ds4:   Metal 4 a token: 23.80 contexts in 23.80 command buffers (0.00 split); 2068.4 nodes = 2000.4 dispatches + 68.0 copies; barriers 1491.6 from the graph, 47.6 queue; engine asked for 76.1 barriers and 278.9 section ends, neither encoded; 8186.0 buffer and 2299.8 constant bindings (204669 B), 0.0 with no stated length; 23.80 blocking waits, 56.14 ms
ds4:   expert cache over the last 64 tokens: 240.00 hits, 5.84 misses, 5.84 evictions a token; 7041 of 7041 entries live (100.0%)
ds4:   of the address-table holes repaired a token: 0.00 already resident, 5.84 genuinely absent
ds4:   of the repair a token: readahead 7.90 ms, slot preparation 0.43 ms, reads 2.66 ms, install 0.02 ms, over 5.84 loads
ds4:   Engram rows written at step start in 3008 steps; layer-13 drains 0
ds4:   residency a token: 0.00 adds, 0.00 removes, 0.00 commits
1004 12:35:28 ds4-server: chat ctx=826..876:50 gen=850 decoding chunk=13.80 t/s avg=12.83 t/s 66.226s
ds4:   decode path so far: 3072 single-row steps (72.1 ms each inside the graph over the last 64), 0 K-row verification steps over 0 positions, 0 batch-fusion sites taken; candidate K none
ds4: gate over tokens 3009-3072: 17.92 command buffers, 5.88 aborts, 240.0 expert ids accounted, 60.36 MiB loaded a token; 0 the gate failed to switch off, 0 it could not gate
ds4:   one token, exclusive, same window: entry 0.00 + encode 0.95 + commit-to-done 54.01 + repair-load 10.04 + accounting 0.04 + tail 1.99 = 67.04 of a 71.05 ms wall, residual 4.01
ds4:   GPU busy 57.43 ms of the token's wall (the union of its buffers' spans), idle 13.62 ms
ds4:   1317.2 gated dispatches a token, 3.8 of them behind an abort; 204.9 sent plain ahead of a buffer's first validate
ds4:   encode-ahead: 11.05 segments used, 5.59 dropped, 3.70 ms a token spent encoding under the GPU
ds4:   concurrent sections: 134.44 attempted, 134.44 opened a token
ds4:   speculation: 0.00 layers a token, 0.00 lanes computed, 0.00 matched, 0.00 GEMVs actually saved, 0.00 left to compute; compared 0.00 lanes, 0.00 floats differ, 0.00 by more than an ulp
ds4:   Metal 4: 24.52 command buffers sent, 2058.3 dispatches a token; 0 pieces of Metal 3 work so far
ds4:   Metal 4 a token: 24.52 contexts in 24.52 command buffers (0.00 split); 2130.1 nodes = 2058.3 dispatches + 71.9 copies; barriers 1535.6 from the graph, 49.0 queue; engine asked for 78.0 barriers and 287.5 section ends, neither encoded; 8422.2 buffer and 2367.0 constant bindings (210746 B), 0.0 with no stated length; 24.52 blocking waits, 55.01 ms
ds4:   expert cache over the last 64 tokens: 240.00 hits, 6.36 misses, 6.36 evictions a token; 7041 of 7041 entries live (100.0%)
ds4:   of the address-table holes repaired a token: 0.00 already resident, 6.36 genuinely absent
ds4:   of the repair a token: readahead 6.69 ms, slot preparation 0.47 ms, reads 2.80 ms, install 0.02 ms, over 6.36 loads
ds4:   Engram rows written at step start in 3072 steps; layer-13 drains 0
ds4:   residency a token: 0.00 adds, 0.00 removes, 0.00 commits
1004 12:35:32 ds4-server: chat ctx=876..926:50 gen=900 decoding chunk=13.49 t/s avg=12.87 t/s 69.932s
1004 12:35:36 ds4-server: chat ctx=926..976:50 gen=950 decoding chunk=13.23 t/s avg=12.89 t/s 73.710s
ds4:   decode path so far: 3136 single-row steps (75.1 ms each inside the graph over the last 64), 0 K-row verification steps over 0 positions, 0 batch-fusion sites taken; candidate K none
ds4: gate over tokens 3073-3136: 18.75 command buffers, 7.20 aborts, 240.0 expert ids accounted, 79.94 MiB loaded a token; 0 the gate failed to switch off, 0 it could not gate
ds4:   one token, exclusive, same window: entry 0.00 + encode 1.11 + commit-to-done 55.13 + repair-load 11.93 + accounting 0.04 + tail 2.02 = 70.24 of a 74.43 ms wall, residual 4.19
ds4:   GPU busy 58.33 ms of the token's wall (the union of its buffers' spans), idle 16.10 ms
ds4:   1318.5 gated dispatches a token, 7.0 of them behind an abort; 243.5 sent plain ahead of a buffer's first validate
ds4:   encode-ahead: 10.55 segments used, 6.75 dropped, 3.82 ms a token spent encoding under the GPU
ds4:   concurrent sections: 144.97 attempted, 144.97 opened a token
ds4:   speculation: 0.00 layers a token, 0.00 lanes computed, 0.00 matched, 0.00 GEMVs actually saved, 0.00 left to compute; compared 0.00 lanes, 0.00 floats differ, 0.00 by more than an ulp
ds4:   Metal 4: 26.50 command buffers sent, 2194.6 dispatches a token; 0 pieces of Metal 3 work so far
ds4:   Metal 4 a token: 26.50 contexts in 26.50 command buffers (0.00 split); 2278.6 nodes = 2194.6 dispatches + 84.0 copies; barriers 1635.0 from the graph, 53.0 queue; engine asked for 82.6 barriers and 309.2 section ends, neither encoded; 8991.4 buffer and 2526.3 constant bindings (224856 B), 0.0 with no stated length; 26.50 blocking waits, 56.08 ms
ds4:   expert cache over the last 64 tokens: 240.00 hits, 8.42 misses, 8.42 evictions a token; 7041 of 7041 entries live (100.0%)
ds4:   of the address-table holes repaired a token: 0.00 already resident, 8.42 genuinely absent
ds4:   of the repair a token: readahead 7.25 ms, slot preparation 0.54 ms, reads 3.98 ms, install 0.02 ms, over 8.42 loads
ds4:   Engram rows written at step start in 3136 steps; layer-13 drains 0
ds4:   residency a token: 0.00 adds, 0.00 removes, 0.00 commits
1004 12:35:39 ds4-server: chat ctx=976..1026:50 gen=1000 decoding chunk=13.45 t/s avg=12.92 t/s 77.427s
ds4:   decode path so far: 3200 single-row steps (73.7 ms each inside the graph over the last 64), 0 K-row verification steps over 0 positions, 0 batch-fusion sites taken; candidate K none
ds4: gate over tokens 3137-3200: 18.53 command buffers, 6.72 aborts, 240.0 expert ids accounted, 69.41 MiB loaded a token; 0 the gate failed to switch off, 0 it could not gate
ds4:   one token, exclusive, same window: entry 0.00 + encode 1.00 + commit-to-done 55.28 + repair-load 10.63 + accounting 0.04 + tail 2.03 = 68.99 of a 73.07 ms wall, residual 4.07
ds4:   GPU busy 58.65 ms of the token's wall (the union of its buffers' spans), idle 14.41 ms
ds4:   1313.3 gated dispatches a token, 8.0 of them behind an abort; 225.1 sent plain ahead of a buffer's first validate
ds4:   encode-ahead: 10.81 segments used, 6.28 dropped, 3.71 ms a token spent encoding under the GPU
ds4:   concurrent sections: 140.94 attempted, 140.94 opened a token
ds4:   speculation: 0.00 layers a token, 0.00 lanes computed, 0.00 matched, 0.00 GEMVs actually saved, 0.00 left to compute; compared 0.00 lanes, 0.00 floats differ, 0.00 by more than an ulp
ds4:   Metal 4: 25.81 command buffers sent, 2135.5 dispatches a token; 0 pieces of Metal 3 work so far
ds4:   Metal 4 a token: 25.81 contexts in 25.81 command buffers (0.00 split); 2214.8 nodes = 2135.5 dispatches + 79.3 copies; barriers 1590.1 from the graph, 51.6 queue; engine asked for 80.8 barriers and 301.0 section ends, neither encoded; 8739.0 buffer and 2458.3 constant bindings (218749 B), 0.0 with no stated length; 25.81 blocking waits, 56.30 ms
ds4:   expert cache over the last 64 tokens: 239.98 hits, 7.31 misses, 7.31 evictions a token; 7041 of 7041 entries live (100.0%)
ds4:   of the address-table holes repaired a token: 0.00 already resident, 7.31 genuinely absent
ds4:   of the repair a token: readahead 6.84 ms, slot preparation 0.52 ms, reads 3.18 ms, install 0.02 ms, over 7.31 loads
ds4:   Engram rows written at step start in 3200 steps; layer-13 drains 0
ds4:   residency a token: 0.00 adds, 0.00 removes, 0.00 commits
1004 12:35:43 ds4-server: chat ctx=1026..1076:50 gen=1050 decoding chunk=13.34 t/s avg=12.93 t/s 81.176s
ds4:   decode path so far: 3264 single-row steps (75.4 ms each inside the graph over the last 64), 0 K-row verification steps over 0 positions, 0 batch-fusion sites taken; candidate K none
ds4: gate over tokens 3201-3264: 19.03 command buffers, 7.48 aborts, 240.0 expert ids accounted, 80.24 MiB loaded a token; 0 the gate failed to switch off, 0 it could not gate
ds4:   one token, exclusive, same window: entry 0.00 + encode 1.14 + commit-to-done 55.29 + repair-load 11.06 + accounting 0.04 + tail 2.05 = 69.59 of a 73.89 ms wall, residual 4.31
ds4:   GPU busy 58.59 ms of the token's wall (the union of its buffers' spans), idle 15.30 ms
ds4:   1317.0 gated dispatches a token, 5.2 of them behind an abort; 254.5 sent plain ahead of a buffer's first validate
ds4:   encode-ahead: 10.55 segments used, 7.20 dropped, 3.91 ms a token spent encoding under the GPU
ds4:   concurrent sections: 149.94 attempted, 149.94 opened a token
ds4:   speculation: 0.00 layers a token, 0.00 lanes computed, 0.00 matched, 0.00 GEMVs actually saved, 0.00 left to compute; compared 0.00 lanes, 0.00 floats differ, 0.00 by more than an ulp
ds4:   Metal 4: 27.23 command buffers sent, 2249.6 dispatches a token; 0 pieces of Metal 3 work so far
ds4:   Metal 4 a token: 27.23 contexts in 27.23 command buffers (0.00 split); 2336.7 nodes = 2249.6 dispatches + 87.0 copies; barriers 1670.5 from the graph, 54.5 queue; engine asked for 85.2 barriers and 319.6 section ends, neither encoded; 9205.5 buffer and 2592.8 constant bindings (230471 B), 0.0 with no stated length; 27.23 blocking waits, 56.26 ms
ds4:   expert cache over the last 64 tokens: 240.00 hits, 8.45 misses, 8.45 evictions a token; 7041 of 7041 entries live (100.0%)
ds4:   of the address-table holes repaired a token: 0.00 already resident, 8.45 genuinely absent
ds4:   of the repair a token: readahead 6.51 ms, slot preparation 0.56 ms, reads 3.85 ms, install 0.02 ms, over 8.45 loads
ds4:   Engram rows written at step start in 3264 steps; layer-13 drains 0
ds4:   residency a token: 0.00 adds, 0.00 removes, 0.00 commits
1004 12:35:47 ds4-server: chat ctx=1076..1126:50 gen=1100 decoding chunk=13.70 t/s avg=12.97 t/s 84.826s
1004 12:35:50 ds4-server: chat ctx=1126..1176:50 gen=1150 decoding chunk=13.72 t/s avg=13.00 t/s 88.470s
ds4:   decode path so far: 3328 single-row steps (71.6 ms each inside the graph over the last 64), 0 K-row verification steps over 0 positions, 0 batch-fusion sites taken; candidate K none
ds4: gate over tokens 3265-3328: 18.05 command buffers, 5.91 aborts, 240.0 expert ids accounted, 62.14 MiB loaded a token; 0 the gate failed to switch off, 0 it could not gate
ds4:   one token, exclusive, same window: entry 0.00 + encode 0.88 + commit-to-done 55.89 + repair-load 8.00 + accounting 0.05 + tail 2.07 = 66.89 of a 70.75 ms wall, residual 3.87
ds4:   GPU busy 59.27 ms of the token's wall (the union of its buffers' spans), idle 11.48 ms
ds4:   1311.7 gated dispatches a token, 5.6 of them behind an abort; 203.0 sent plain ahead of a buffer's first validate
ds4:   encode-ahead: 11.14 segments used, 5.58 dropped, 3.54 ms a token spent encoding under the GPU
ds4:   concurrent sections: 134.78 attempted, 134.78 opened a token
ds4:   speculation: 0.00 layers a token, 0.00 lanes computed, 0.00 matched, 0.00 GEMVs actually saved, 0.00 left to compute; compared 0.00 lanes, 0.00 floats differ, 0.00 by more than an ulp
ds4:   Metal 4: 24.62 command buffers sent, 2042.6 dispatches a token; 0 pieces of Metal 3 work so far
ds4:   Metal 4 a token: 24.62 contexts in 24.62 command buffers (0.00 split); 2115.4 nodes = 2042.6 dispatches + 72.7 copies; barriers 1518.7 from the graph, 49.2 queue; engine asked for 78.2 barriers and 288.3 section ends, neither encoded; 8355.8 buffer and 2352.1 constant bindings (209191 B), 0.0 with no stated length; 24.62 blocking waits, 57.01 ms
ds4:   expert cache over the last 64 tokens: 239.98 hits, 6.55 misses, 6.55 evictions a token; 7041 of 7041 entries live (100.0%)
ds4:   of the address-table holes repaired a token: 0.00 already resident, 6.55 genuinely absent
ds4:   of the repair a token: readahead 4.62 ms, slot preparation 0.43 ms, reads 2.84 ms, install 0.02 ms, over 6.55 loads
ds4:   Engram rows written at step start in 3328 steps; layer-13 drains 0
ds4:   residency a token: 0.00 adds, 0.00 removes, 0.00 commits
1004 12:35:54 ds4-server: chat ctx=1176..1226:50 gen=1200 decoding chunk=13.64 t/s avg=13.02 t/s 92.135s
ds4:   decode path so far: 3392 single-row steps (73.0 ms each inside the graph over the last 64), 0 K-row verification steps over 0 positions, 0 batch-fusion sites taken; candidate K none
ds4: gate over tokens 3329-3392: 17.81 command buffers, 5.64 aborts, 240.0 expert ids accounted, 57.69 MiB loaded a token; 0 the gate failed to switch off, 0 it could not gate
ds4:   one token, exclusive, same window: entry 0.00 + encode 0.82 + commit-to-done 56.32 + repair-load 9.29 + accounting 0.05 + tail 2.10 = 68.58 of a 72.30 ms wall, residual 3.72
ds4:   GPU busy 59.81 ms of the token's wall (the union of its buffers' spans), idle 12.49 ms
ds4:   1307.9 gated dispatches a token, 6.1 of them behind an abort; 192.7 sent plain ahead of a buffer's first validate
ds4:   encode-ahead: 11.17 segments used, 5.31 dropped, 3.41 ms a token spent encoding under the GPU
ds4:   concurrent sections: 131.94 attempted, 131.94 opened a token
ds4:   speculation: 0.00 layers a token, 0.00 lanes computed, 0.00 matched, 0.00 GEMVs actually saved, 0.00 left to compute; compared 0.00 lanes, 0.00 floats differ, 0.00 by more than an ulp
ds4:   Metal 4: 24.12 command buffers sent, 2005.9 dispatches a token; 0 pieces of Metal 3 work so far
ds4:   Metal 4 a token: 24.12 contexts in 24.12 command buffers (0.00 split); 2076.3 nodes = 2005.9 dispatches + 70.3 copies; barriers 1491.6 from the graph, 48.2 queue; engine asked for 76.8 barriers and 282.4 section ends, neither encoded; 8199.2 buffer and 2309.0 constant bindings (205325 B), 0.0 with no stated length; 24.12 blocking waits, 57.49 ms
ds4:   expert cache over the last 64 tokens: 240.00 hits, 6.08 misses, 6.08 evictions a token; 7041 of 7041 entries live (100.0%)
ds4:   of the address-table holes repaired a token: 0.00 already resident, 6.08 genuinely absent
ds4:   of the repair a token: readahead 6.09 ms, slot preparation 0.42 ms, reads 2.71 ms, install 0.02 ms, over 6.08 loads
ds4:   Engram rows written at step start in 3392 steps; layer-13 drains 0
ds4:   residency a token: 0.00 adds, 0.00 removes, 0.00 commits
1004 12:35:58 ds4-server: chat ctx=1226..1276:50 gen=1250 decoding chunk=13.87 t/s avg=13.06 t/s 95.740s
ds4:   decode path so far: 3456 single-row steps (72.8 ms each inside the graph over the last 64), 0 K-row verification steps over 0 positions, 0 batch-fusion sites taken; candidate K none
ds4: gate over tokens 3393-3456: 17.97 command buffers, 5.92 aborts, 240.0 expert ids accounted, 61.55 MiB loaded a token; 0 the gate failed to switch off, 0 it could not gate
ds4:   one token, exclusive, same window: entry 0.00 + encode 0.89 + commit-to-done 55.80 + repair-load 9.35 + accounting 0.04 + tail 2.07 = 68.15 of a 71.98 ms wall, residual 3.83
ds4:   GPU busy 59.21 ms of the token's wall (the union of its buffers' spans), idle 12.77 ms
ds4:   1303.6 gated dispatches a token, 6.6 of them behind an abort; 208.7 sent plain ahead of a buffer's first validate
ds4:   encode-ahead: 11.05 segments used, 5.62 dropped, 3.49 ms a token spent encoding under the GPU
ds4:   concurrent sections: 135.00 attempted, 135.00 opened a token
ds4:   speculation: 0.00 layers a token, 0.00 lanes computed, 0.00 matched, 0.00 GEMVs actually saved, 0.00 left to compute; compared 0.00 lanes, 0.00 floats differ, 0.00 by more than an ulp
ds4:   Metal 4: 24.59 command buffers sent, 2049.6 dispatches a token; 0 pieces of Metal 3 work so far
ds4:   Metal 4 a token: 24.59 contexts in 24.59 command buffers (0.00 split); 2123.0 nodes = 2049.6 dispatches + 73.4 copies; barriers 1525.2 from the graph, 49.2 queue; engine asked for 78.2 barriers and 288.7 section ends, neither encoded; 8377.3 buffer and 2359.6 constant bindings (209932 B), 0.0 with no stated length; 24.59 blocking waits, 56.93 ms
ds4:   expert cache over the last 64 tokens: 239.98 hits, 6.48 misses, 6.48 evictions a token; 7041 of 7041 entries live (100.0%)
ds4:   of the address-table holes repaired a token: 0.00 already resident, 6.48 genuinely absent
ds4:   of the repair a token: readahead 6.04 ms, slot preparation 0.45 ms, reads 2.77 ms, install 0.02 ms, over 6.48 loads
ds4:   Engram rows written at step start in 3456 steps; layer-13 drains 0
ds4:   residency a token: 0.00 adds, 0.00 removes, 0.00 commits
1004 12:36:01 ds4-server: chat ctx=1276..1326:50 gen=1300 decoding chunk=13.40 t/s avg=13.07 t/s 99.471s
ds4:   decode path so far: 3520 single-row steps (72.1 ms each inside the graph over the last 64), 0 K-row verification steps over 0 positions, 0 batch-fusion sites taken; candidate K none
ds4: gate over tokens 3457-3520: 17.42 command buffers, 5.17 aborts, 240.0 expert ids accounted, 52.80 MiB loaded a token; 0 the gate failed to switch off, 0 it could not gate
ds4:   one token, exclusive, same window: entry 0.00 + encode 0.77 + commit-to-done 56.97 + repair-load 7.50 + accounting 0.05 + tail 2.08 = 67.36 of a 70.98 ms wall, residual 3.61
ds4:   GPU busy 60.49 ms of the token's wall (the union of its buffers' spans), idle 10.48 ms
ds4:   1304.1 gated dispatches a token, 1.9 of them behind an abort; 181.1 sent plain ahead of a buffer's first validate
ds4:   encode-ahead: 11.25 segments used, 4.97 dropped, 3.31 ms a token spent encoding under the GPU
ds4:   concurrent sections: 128.06 attempted, 128.06 opened a token
ds4:   speculation: 0.00 layers a token, 0.00 lanes computed, 0.00 matched, 0.00 GEMVs actually saved, 0.00 left to compute; compared 0.00 lanes, 0.00 floats differ, 0.00 by more than an ulp
ds4:   Metal 4: 23.39 command buffers sent, 1952.7 dispatches a token; 0 pieces of Metal 3 work so far
ds4:   Metal 4 a token: 23.39 contexts in 23.39 command buffers (0.00 split); 2018.7 nodes = 1952.7 dispatches + 66.0 copies; barriers 1451.8 from the graph, 46.8 queue; engine asked for 75.1 barriers and 274.3 section ends, neither encoded; 7983.6 buffer and 2247.3 constant bindings (199821 B), 0.0 with no stated length; 23.39 blocking waits, 58.19 ms
ds4:   expert cache over the last 64 tokens: 239.98 hits, 5.56 misses, 5.56 evictions a token; 7041 of 7041 entries live (100.0%)
ds4:   of the address-table holes repaired a token: 0.00 already resident, 5.56 genuinely absent
ds4:   of the repair a token: readahead 4.58 ms, slot preparation 0.39 ms, reads 2.45 ms, install 0.01 ms, over 5.56 loads
ds4:   Engram rows written at step start in 3520 steps; layer-13 drains 0
ds4:   residency a token: 0.00 adds, 0.00 removes, 0.00 commits
1004 12:36:05 ds4-server: chat ctx=1326..1376:50 gen=1350 decoding chunk=14.23 t/s avg=13.11 t/s 102.985s
1004 12:36:09 ds4-server: chat ctx=1376..1426:50 gen=1400 decoding chunk=13.97 t/s avg=13.14 t/s 106.565s
ds4:   decode path so far: 3584 single-row steps (71.6 ms each inside the graph over the last 64), 0 K-row verification steps over 0 positions, 0 batch-fusion sites taken; candidate K none
ds4: gate over tokens 3521-3584: 16.89 command buffers, 4.12 aborts, 240.0 expert ids accounted, 42.27 MiB loaded a token; 0 the gate failed to switch off, 0 it could not gate
ds4:   one token, exclusive, same window: entry 0.00 + encode 0.62 + commit-to-done 57.20 + repair-load 7.47 + accounting 0.04 + tail 2.14 = 67.47 of a 70.77 ms wall, residual 3.31
ds4:   GPU busy 60.80 ms of the token's wall (the union of its buffers' spans), idle 9.97 ms
ds4:   1299.8 gated dispatches a token, 4.7 of them behind an abort; 145.2 sent plain ahead of a buffer's first validate
ds4:   encode-ahead: 11.77 segments used, 3.84 dropped, 3.07 ms a token spent encoding under the GPU
ds4:   concurrent sections: 117.81 attempted, 117.81 opened a token
ds4:   speculation: 0.00 layers a token, 0.00 lanes computed, 0.00 matched, 0.00 GEMVs actually saved, 0.00 left to compute; compared 0.00 lanes, 0.00 floats differ, 0.00 by more than an ulp
ds4:   Metal 4: 21.73 command buffers sent, 1815.7 dispatches a token; 0 pieces of Metal 3 work so far
ds4:   Metal 4 a token: 21.73 contexts in 21.73 command buffers (0.00 split); 1873.7 nodes = 1815.7 dispatches + 58.0 copies; barriers 1352.0 from the graph, 43.5 queue; engine asked for 70.4 barriers and 253.2 section ends, neither encoded; 7415.6 buffer and 2087.4 constant bindings (185727 B), 0.0 with no stated length; 21.73 blocking waits, 58.53 ms
ds4:   expert cache over the last 64 tokens: 239.98 hits, 4.45 misses, 4.45 evictions a token; 7041 of 7041 entries live (100.0%)
ds4:   of the address-table holes repaired a token: 0.00 already resident, 4.45 genuinely absent
ds4:   of the repair a token: readahead 5.07 ms, slot preparation 0.31 ms, reads 2.04 ms, install 0.01 ms, over 4.45 loads
ds4:   Engram rows written at step start in 3584 steps; layer-13 drains 0
ds4:   residency a token: 0.00 adds, 0.00 removes, 0.00 commits
1004 12:36:12 ds4-server: chat ctx=1426..1476:50 gen=1450 decoding chunk=13.27 t/s avg=13.14 t/s 110.332s
ds4:   decode path so far: 3648 single-row steps (80.2 ms each inside the graph over the last 64), 0 K-row verification steps over 0 positions, 0 batch-fusion sites taken; candidate K none
ds4: gate over tokens 3585-3648: 16.73 command buffers, 4.19 aborts, 240.0 expert ids accounted, 45.09 MiB loaded a token; 0 the gate failed to switch off, 0 it could not gate
ds4:   one token, exclusive, same window: entry 0.00 + encode 0.76 + commit-to-done 64.28 + repair-load 8.05 + accounting 0.04 + tail 2.40 = 75.53 of a 79.43 ms wall, residual 3.90
ds4:   GPU busy 68.48 ms of the token's wall (the union of its buffers' spans), idle 10.95 ms
ds4:   1285.2 gated dispatches a token, 3.3 of them behind an abort; 149.8 sent plain ahead of a buffer's first validate
ds4:   encode-ahead: 11.55 segments used, 4.00 dropped, 3.61 ms a token spent encoding under the GPU
ds4:   concurrent sections: 118.22 attempted, 118.22 opened a token
ds4:   speculation: 0.00 layers a token, 0.00 lanes computed, 0.00 matched, 0.00 GEMVs actually saved, 0.00 left to compute; compared 0.00 lanes, 0.00 floats differ, 0.00 by more than an ulp
ds4:   Metal 4: 21.73 command buffers sent, 1817.3 dispatches a token; 0 pieces of Metal 3 work so far
ds4:   Metal 4 a token: 21.73 contexts in 21.73 command buffers (0.00 split); 1875.6 nodes = 1817.3 dispatches + 58.3 copies; barriers 1351.8 from the graph, 43.5 queue; engine asked for 70.5 barriers and 254.0 section ends, neither encoded; 7427.2 buffer and 2090.0 constant bindings (185860 B), 0.0 with no stated length; 21.73 blocking waits, 65.72 ms
ds4:   expert cache over the last 64 tokens: 239.98 hits, 4.75 misses, 4.75 evictions a token; 7041 of 7041 entries live (100.0%)
ds4:   of the address-table holes repaired a token: 0.00 already resident, 4.75 genuinely absent
ds4:   of the repair a token: readahead 4.91 ms, slot preparation 0.37 ms, reads 2.69 ms, install 0.01 ms, over 4.75 loads
ds4:   Engram rows written at step start in 3648 steps; layer-13 drains 0
ds4:   residency a token: 0.00 adds, 0.00 removes, 0.00 commits
1004 12:36:17 ds4-server: chat ctx=1476..1526:50 gen=1500 decoding chunk=10.40 t/s avg=13.03 t/s 115.138s
ds4:   decode path so far: 3712 single-row steps (87.4 ms each inside the graph over the last 64), 0 K-row verification steps over 0 positions, 0 batch-fusion sites taken; candidate K none
ds4: gate over tokens 3649-3712: 16.86 command buffers, 4.42 aborts, 240.0 expert ids accounted, 45.09 MiB loaded a token; 0 the gate failed to switch off, 0 it could not gate
ds4:   one token, exclusive, same window: entry 0.00 + encode 1.55 + commit-to-done 61.26 + repair-load 12.86 + accounting 0.05 + tail 2.55 = 78.25 of a 85.82 ms wall, residual 7.56
ds4:   GPU busy 66.52 ms of the token's wall (the union of its buffers' spans), idle 19.30 ms
ds4:   1289.0 gated dispatches a token, 4.2 of them behind an abort; 157.2 sent plain ahead of a buffer's first validate
ds4:   encode-ahead: 11.44 segments used, 4.17 dropped, 7.14 ms a token spent encoding under the GPU
ds4:   concurrent sections: 120.22 attempted, 120.22 opened a token
ds4:   speculation: 0.00 layers a token, 0.00 lanes computed, 0.00 matched, 0.00 GEMVs actually saved, 0.00 left to compute; compared 0.00 lanes, 0.00 floats differ, 0.00 by more than an ulp
ds4:   Metal 4: 22.03 command buffers sent, 1843.8 dispatches a token; 0 pieces of Metal 3 work so far
ds4:   Metal 4 a token: 22.03 contexts in 22.03 command buffers (0.00 split); 1903.6 nodes = 1843.8 dispatches + 59.8 copies; barriers 1372.5 from the graph, 44.1 queue; engine asked for 71.3 barriers and 258.0 section ends, neither encoded; 7537.3 buffer and 2120.9 constant bindings (188726 B), 0.0 with no stated length; 22.03 blocking waits, 61.67 ms
ds4:   expert cache over the last 64 tokens: 240.00 hits, 4.75 misses, 4.75 evictions a token; 7041 of 7041 entries live (100.0%)
ds4:   of the address-table holes repaired a token: 0.00 already resident, 4.75 genuinely absent
ds4:   of the repair a token: readahead 8.90 ms, slot preparation 0.73 ms, reads 3.11 ms, install 0.03 ms, over 4.75 loads
ds4:   Engram rows written at step start in 3712 steps; layer-13 drains 0
ds4:   residency a token: 0.00 adds, 0.00 removes, 0.00 commits
1004 12:36:22 ds4-server: chat ctx=1526..1576:50 gen=1550 decoding chunk=10.36 t/s avg=12.92 t/s 119.966s
ds4:   decode path so far: 3776 single-row steps (98.8 ms each inside the graph over the last 64), 0 K-row verification steps over 0 positions, 0 batch-fusion sites taken; candidate K none
ds4: gate over tokens 3713-3776: 18.12 command buffers, 6.23 aborts, 240.0 expert ids accounted, 65.85 MiB loaded a token; 0 the gate failed to switch off, 0 it could not gate
ds4:   one token, exclusive, same window: entry 0.00 + encode 4.61 + commit-to-done 42.95 + repair-load 30.24 + accounting 0.08 + tail 2.69 = 80.57 of a 95.90 ms wall, residual 15.34
ds4:   GPU busy 48.13 ms of the token's wall (the union of its buffers' spans), idle 47.78 ms
ds4:   1305.2 gated dispatches a token, 4.2 of them behind an abort; 209.1 sent plain ahead of a buffer's first validate
ds4:   encode-ahead: 10.89 segments used, 6.00 dropped, 14.04 ms a token spent encoding under the GPU
ds4:   concurrent sections: 137.91 attempted, 137.91 opened a token
ds4:   speculation: 0.00 layers a token, 0.00 lanes computed, 0.00 matched, 0.00 GEMVs actually saved, 0.00 left to compute; compared 0.00 lanes, 0.00 floats differ, 0.00 by more than an ulp
ds4:   Metal 4: 25.12 command buffers sent, 2087.8 dispatches a token; 0 pieces of Metal 3 work so far
ds4:   Metal 4 a token: 25.12 contexts in 25.12 command buffers (0.00 split); 2163.8 nodes = 2087.8 dispatches + 76.0 copies; barriers 1551.6 from the graph, 50.2 queue; engine asked for 79.6 barriers and 294.7 section ends, neither encoded; 8536.3 buffer and 2404.2 constant bindings (213744 B), 0.0 with no stated length; 25.12 blocking waits, 41.51 ms
ds4:   expert cache over the last 64 tokens: 239.98 hits, 6.94 misses, 6.94 evictions a token; 7041 of 7041 entries live (100.0%)
ds4:   of the address-table holes repaired a token: 0.00 already resident, 6.94 genuinely absent
ds4:   of the repair a token: readahead 20.01 ms, slot preparation 1.67 ms, reads 8.25 ms, install 0.08 ms, over 6.94 loads
ds4:   Engram rows written at step start in 3776 steps; layer-13 drains 0
ds4:   residency a token: 0.00 adds, 0.00 removes, 0.00 commits
1004 12:36:26 ds4-server: chat ctx=1576..1626:50 gen=1600 decoding chunk=11.71 t/s avg=12.88 t/s 124.237s
1004 12:36:31 ds4-server: chat ctx=1626..1676:50 gen=1650 decoding chunk=9.65 t/s avg=12.75 t/s 129.418s
ds4:   decode path so far: 3840 single-row steps (95.8 ms each inside the graph over the last 64), 0 K-row verification steps over 0 positions, 0 batch-fusion sites taken; candidate K none
ds4: gate over tokens 3777-3840: 17.58 command buffers, 5.39 aborts, 240.0 expert ids accounted, 55.32 MiB loaded a token; 0 the gate failed to switch off, 0 it could not gate
ds4:   one token, exclusive, same window: entry 0.00 + encode 5.54 + commit-to-done 42.24 + repair-load 29.15 + accounting 0.08 + tail 2.76 = 79.77 of a 99.39 ms wall, residual 19.62
ds4:   GPU busy 41.96 ms of the token's wall (the union of its buffers' spans), idle 57.43 ms
ds4:   1297.3 gated dispatches a token, 5.2 of them behind an abort; 186.8 sent plain ahead of a buffer's first validate
ds4:   encode-ahead: 11.19 segments used, 5.14 dropped, 17.47 ms a token spent encoding under the GPU
ds4:   concurrent sections: 129.72 attempted, 129.72 opened a token
ds4:   speculation: 0.00 layers a token, 0.00 lanes computed, 0.00 matched, 0.00 GEMVs actually saved, 0.00 left to compute; compared 0.00 lanes, 0.00 floats differ, 0.00 by more than an ulp
ds4:   Metal 4: 23.72 command buffers sent, 1973.5 dispatches a token; 0 pieces of Metal 3 work so far
ds4:   Metal 4 a token: 23.72 contexts in 23.72 command buffers (0.00 split); 2041.8 nodes = 1973.5 dispatches + 68.3 copies; barriers 1468.0 from the graph, 47.4 queue; engine asked for 75.8 barriers and 277.8 section ends, neither encoded; 8069.9 buffer and 2271.7 constant bindings (202053 B), 0.0 with no stated length; 23.72 blocking waits, 39.05 ms
ds4:   expert cache over the last 64 tokens: 240.00 hits, 5.83 misses, 5.83 evictions a token; 7041 of 7041 entries live (100.0%)
ds4:   of the address-table holes repaired a token: 0.00 already resident, 5.83 genuinely absent
ds4:   of the repair a token: readahead 16.64 ms, slot preparation 1.95 ms, reads 10.20 ms, install 0.10 ms, over 5.83 loads
ds4:   Engram rows written at step start in 3840 steps; layer-13 drains 0
ds4:   residency a token: 0.00 adds, 0.00 removes, 0.00 commits
1004 12:36:36 ds4-server: chat ctx=1676..1726:50 gen=1700 decoding chunk=9.97 t/s avg=12.65 t/s 134.434s
1004 12:36:36 ds4-server: token ids: 1700, hash e5922652005dbe81, stop stop token token 1, every 64: 69e27872,cb89b899,99abbec0,8886008d,eda48cd2,d20553e5,3cd2bc28,71eb067d,00c50b18,8fa8bc4d,4fd79c74,312349b0,39b5a0d6,41f258c6,57a5f786,9e405126,6fa55ae4,ff312a3f,915ea26b,058f9b8c,98af9498,85c2612e,628f3c29,cd435456,9c4a05dc,44bb43a8
ds4: backend request Metal 4 encoder batch                  encoder=4121733
ds4: backend request Metal 4 tensor_copy                    blit=24317
ds4: backend request Metal 4 segment                        commit=46524
ds4: backend request Metal 4 wait                           wait=46524
ds4: backend request Metal 4 tensor_read                    readback=1701
ds4: backend request totals over 1700 tokens (selected Metal 4): M3 commit=0 wait=0 signal=0 evwait=0 blit=0 encoder=0 readback=0 M4 commit=46524 wait=46524 signal=0 evwait=0 blit=24317 encoder=4121733 readback=1701; Metal 3 fallback 0; site table overflow 0
ds4: backend request boundary flush          pc 0x1000c4e2c 32685
ds4: backend request boundary flush          pc 0x1000c5208 30323
ds4: backend request boundary wait mark      pc 0x1000c51e8 30323
ds4: backend request boundary wait           pc 0x1000c52f8 12138
ds4: backend request boundary wait           pc 0x1000c524c 2362
ds4: backend request boundary end            pc 0x1000c63a8 1726
ds4: backend request boundary end            pc 0x1000cb780 1701
ds4: Metal 4 bindings with no stated length: 0 at 0 call sites
ds4: backend request Metal 4 feedback after completion: 43895 waits, 1018.695 ms
ds4: backend request Metal 3 command execution after Metal 4 selection: 0 (refused 0); Metal 3 queues created before selection 0, after 0; full expert address table uses 0
ds4: backend request background: keepalive M3 0 M4 301, pacer M3 0 M4 0 (cumulative)
1004 12:36:36 ds4-server: token trace: 0 128803 65106 1192 260 5970 25454 74638 411 12740 14 538 27650 304 43255 14 295 412 1949 6271 412 440 588 16 128804 128822 | 5 455 7586 294 411 38467 28 5795 93478 304 70244 271 43 5922 4961 1407 260 5970 798 9934 26373 52365 5096 287 25454 343 37947 38775 7643 2394 877 69982 267 223 22 17 46099 373 78858 1312 11 42608 260 4031 12740 16 455 3077 17016 344 396 582 35562 10063 411 12740 4 344 3146 260 28499 294 6883 397 13656 14 305 1623 12846 477 295 14349 19649 339 372 223 19 16 93478 271 671 2305 8058 343 10688 11 4365 509 270 2894 12740 16 455 27650 4761 979 15 2619 8158 85 270 13248 666 305 32093 436 304 270 462 19 12740 23809 343 95111 223 2111 1127 2892 31893 14 223 26 29402 5772 15 2619 101900 85 270 2894 13248 666 1936 12761 1205 270 2573 12740 344 16 16450 5161 15 2521 27650 223 926 1127 2111 20711 716 9225 305 6235 890 304 223 20 4737 19580 716 9225 1812 260 2619 91419 4216 17437 343 22521 36 22604 305 260 2619 91419 3980 4184 666 343 36 10311 11 2136 2915 260 330 16412 53510 418 12429 294 23914 603 15 2052 270 462 19 43 72125 14 270 5118 7881 304 462 20 14 1539 462 21 14 1539 24691 4130 16 334 24691 4130 5479 6329 6883 792 1127 5126 21759 14 2184 778 270 5161 20962 93324 343 272 14 418 327 13337 14 2658 12625 49665 270 12912 2008 671 114400 20711 807 1055 411 2619 101528 27650 18505 666 343 272 6578 1055 64285 2008 372 223 20 16 4701 10382 8308 305 31215 5629 8686 271 90 5926 12846 477 7515 45462 343 19 1127 856 20711 754 832 270 5161 20962 2231 1783 12740 17490 979 15 2619 8423 10382 8308 666 15844 26490 11788 396 1494 366 12740 12444 603 15 2619 13004 67940 666 22653 1660 12740 734 4892 16 1162 344 260 20726 118362 111127 29 38775 6623 260 582 3037 94775 4 3132 304 21886 6405 12846 1055 260 64285 18505 339 52 50922 4756 2991 343 54464 2892 14 433 50922 13582 11 611 9305 223 22 10531 592 343 272 223 20 10531 592 41761 11 12846 14 832 566 6632 344 45189 339 372 223 21 16 5629 1184 271 671 67940 47675 270 108036 12675 12740 1055 2619 56560 15 4759 343 15209 4759 22604 2136 270 7982 433 50922 11727 7574 270 66097 5300 74638 339 15 334 4654 3608 3327 1163 90 14 494 73332 66 7706 834 6023 476 603 15 334 4190 1527 5926 12740 1277 3608 15277 2373 54561 66 469 260 6464 56399 458 3608 3327 764 27885 3031 1250 66 1142 3644 223 20 1127 22 6023 4759 343 3932 14 13558 55 14 7580 5772 15 455 67940 41518 28 1720 8308 14 4688 6761 83557 47595 14 14405 104136 18486 14 305 30698 339 53126 125836 611 223 22 1127 24 64285 30481 343 94353 24886 82348 28 223 24 29772 797 2052 270 6023 476 23809 343 6534 4167 11 23404 14 64285 344 38627 284 13583 339 372 223 22 16 6023 476 69717 1492 118415 271 16186 5970 125836 611 260 2619 15209 476 23809 666 343 94353 28 6883 22 45 23914 29 57694 28 1720 23809 11 396 16765 4006 55034 15488 6023 4759 16 2483 260 8180 14 270 5161 20962 41775 890 304 223 24 1127 26 6023 4759 17 19545 6578 14 38627 288 64285 16 1162 42252 2333 305 8118 767 270 5379 5161 20962 339 372 223 23 16 14619 691 305 2899 39997 271 2337 344 1479 798 9934 26373 16846 12600 16 455 6023 476 30861 270 2619 122304 17 110194 666 6632 979 15 2619 43039 17921 10006 18586 32492 47595 343 7691 58 14 44937 58 14 5532 11 477 45083 304 5131 47595 538 260 3226 11761 343 94353 28 6883 13161 9132 940 6883 13161 8568 797 1162 61867 5062 38937 343 57 2271 17 29388 57 34782 797 8829 6023 476 9285 260 1017 5131 16907 9318 603 15 2619 5480 5952 18586 270 6023 476 344 14037 411 10451 295 270 2619 266 4010 17437 343 3674 36 22604 2136 260 21038 17437 294 6883 3712 23914 377 5970 38775 2136 305 23914 295 270 2619 29120 18505 666 343 85 77385 11 362 1009 16846 3386 1312 603 15 2619 51194 17921 10006 18586 433 12973 60238 16604 477 61511 2727 14 832 14790 15 25002 17745 2090 1664 105637 339 3575 270 107857 469 108639 344 3530 14 270 5161 20962 93324 343 3555 63497 2008 372 223 24 16 100330 1492 18280 271 671 6023 476 33591 295 260 2619 85 77385 666 343 791 716 16846 3386 1312 28 13558 55 14 5709 14 7580 14 8568 14 14531 797 8829 9225 14 270 108639 42090 7692 6023 4759 2136 1948 6501 4688 5131 47595 477 3510 2136 305 4653 1066 304 16846 30481 339 15 2619 125438 1425 18586 1082 260 15863 6023 476 62038 14 436 98125 1009 5131 9318 14316 29 11602 6023 4759 396 6450 377 436 3644 582 3793 14258 15 2619 56907 18586 411 4109 4890 469 16317 64529 2634 42090 270 26627 7692 6023 476 716 3386 603 15 2619 18277 85 18586 312 3588 1042 38775 769 6883 736 30481 28 223 22 13558 55 14 223 20 5709 14 223 20 7580 14 223 20 8568 14 223 19 14531 14 5655 16 334 6023 476 1142 366 13319 304 1117 3386 295 1009 1312 339 2337 344 270 4082 294 798 9934 26373 28 260 15590 8181 6023 476 588 5452 1901 411 9403 834 78297 377 260 23809 5479 339 372 223 25 16 86895 271 671 6023 476 22556 1009 16846 4761 979 15 2619 14144 85250 18586 9132 1258 74732 72850 297 41713 3426 14 223 19 9225 52636 603 15 2619 37460 124911 18586 223 21 1127 23 21759 603 15 2619 12311 18586 89946 3756 343 14707 940 5508 12 36452 940 11062 754 21323 270 2619 3932 73045 4761 343 46 7773 22604 362 52137 3752 418 295 100815 16765 14 23332 462 19 38 343 22 76465 52636 754 469 7881 304 462 20 12067 21 17 11704 4130 603 15 2619 24957 18586 89946 3756 305 1499 14 20366 304 270 2619 23008 17437 666 29 270 7717 23809 5085 11396 3859 509 20793 603 15 2619 84285 18586 108068 270 5664 14 43138 2765 270 18800 16 334 6521 92980 40562 260 2619 117586 18586 710 15590 6023 4759 477 3205 20405 14 270 4813 13248 344 33322 14 305 27650 2591 9839 16 63147 1189 28 6883 856 1127 397 21759 603 15 2619 32867 18586 40151 38 17 20199 85250 295 270 47891 55 28499 343 21 1127 25 21759 362 447 8564 5772 15 2619 13613 20828 16846 18586 5675 3669 411 84729 14531 344 71350 16 27873 787 127753 50635 3920 260 5709 52137 1986 260 36875 7580 29 855 7139 14 270 5709 344 322 72018 339 25050 477 4866 1559 304 270 5131 9318 4245 343 272 89311 754 305 270 15863 6023 476 734 14316 344 20774 304 21376 6450 749 339 372 223 26 16 15361 3555 271 671 16846 1529 344 4866 1055 270 2619 72610 9318 4245 666 305 270 6023 476 344 10461 582 50359 4 295 270 107857 16 983 344 982 2869 12 4671 32492 2136 270 32492 9318 4245 2413 12927 270 3072 1990 3514 20793 339 372 223 27 16 70244 343 65075 868 671 107857 1094 4241 12846 2619 261 2305 2496 13510 2578 304 11104 979 15 3245 270 2578 6023 476 344 5553 343 458 554 71350 2136 1009 14531 305 1117 25207 19580 477 27081 754 436 1094 4241 603 15 2619 26614 7279 1614 2501 9502 18586 270 5131 9318 11630 270 1529 344 61511 304 270 32492 9318 343 272 270 3072 5131 9318 344 38444 797 433 12973 60238 14 119599 14 5655 16 477 11336 603 15 2619 24957 8929 18586 12512 3507 16765 3644 14114 304 6464 343 42488 304 462 19 38 11 295 2496 603 15 2619 116600 18586 855 270 6023 476 14745 284 343 71 3588 1042 4366 14745 14 1823 24648 754 20793 344 1479 270 13981 344 15163 2136 270 107857 344 88071 14 305 2703 35666 304 270 38581 418 19041 32492 2501 603 15 2619 84285 6521 92980 12138 18586 855 260 14531 509 270 2578 515 6521 49654 16040 14 270 107857 344 88071 538 396 1752 14 305 27650 27912 85 339 11614 15681 344 270 1752 1479 270 12740 7706 2619 1501 7279 31180 14114 666 2136 270 2305 734 60347 2501 4123 339 372 223 553 16 5245 8555 319 15681 271 15 455 107857 10451 344 38444 14 10228 260 1017 6023 476 304 366 61511 1055 436 603 15 455 5131 9318 344 10274 304 270 3080 2310 603 15 455 6023 476 23809 1142 366 11336 603 15 18982 63984 343 2101 2031 12846 14 21759 11 35133 339 372 9075 89207 271 15 2619 13613 2433 18586 270 25454 111855 14531 9935 305 6464 52137 3752 14 42608 10300 29 7139 111855 477 3205 20405 603 15 2619 9194 9934 26373 18586 12846 5452 2951 377 1499 50707 14 554 2305 2496 29 20793 2591 3733 2496 603 15 2619 50653 10006 18586 5131 47595 4189 5062 38937 14 21264 120988 603 15 2619 8423 33485 18586 32492 2501 1353 4123 509 20793 14 832 31698 305 6521 92980 85 477 19041 603 15 2619 36 2725 6321 101782 18586 5161 20962 8411 343 111671 754 107857 3701 14 108639 3701 14 5131 9318 1895 14 305 23809 2731 55699 52636 710 6461 103546 339 35 4031 12740 734 8572 344 6473 260 6883 397 38346 28499 14 790 270 25454 734 2041 19075 344 3638 16337 294 12846 509 1688 13656 19649 2136 396 734 1205 4491 436 6292 16
1004 12:36:36 ds4-server: metal 4 at request end: 117715 commits, 117715 feedback, 0 errors, residency 0 entries 0.0 MiB
1004 12:36:36 ds4-server: router finalize so far: 287692 fused, 0 generic, 0 fallback; compare 0 calls, mismatches 0 probs 0 ids 0 weights
1004 12:36:36 ds4-server: transition compare words differing so far: mix 0 split 0 sum 0 norm 0 residual 0 pre 0 kv 0 window 0 low 0 rows 0 expand 0 expand-sum 0 expand-norm 0 route-proj 0 route-select 0, over 0 comparisons
1004 12:36:36 ds4-server: chat ctx=0..26:26 gen=1700 finish=stop 138.169s
1004 12:36:36 ds4-server: live kv cache miss live=1726 prompt=26 common=26 vision=match reason=token-mismatch
1004 12:36:36 ds4-server: chat ctx=0..26:26 prompt start
1004 12:36:36 ds4-server: metal 4 at request start: 117715 commits, 117715 feedback, 0 errors, residency 0 entries 0.0 MiB
ds4: memory budget: the expert cache returned a slab of 337 experts (3.13 GiB); it now has 6704 slots
ds4: memory budget: the expert cache returned a slab of 431 experts (4.00 GiB); it now has 6273 slots
1004 12:36:38 ds4-server: chat ctx=0..26:26 prefill chunk 1/26 (3.8%) chunk=0.00 t/s avg=0.51 t/s 1.972s
1004 12:36:39 ds4-server: chat ctx=0..26:26 prefill chunk 2/26 (7.7%) chunk=5.31 t/s avg=0.93 t/s 2.161s
1004 12:36:39 ds4-server: chat ctx=0..26:26 prefill chunk 3/26 (11.5%) chunk=7.84 t/s avg=1.31 t/s 2.288s
1004 12:36:39 ds4-server: chat ctx=0..26:26 prefill chunk 4/26 (15.4%) chunk=7.94 t/s avg=1.66 t/s 2.414s
1004 12:36:39 ds4-server: chat ctx=0..26:26 prefill chunk 5/26 (19.2%) chunk=12.84 t/s avg=2.01 t/s 2.492s
1004 12:36:39 ds4-server: chat ctx=0..26:26 prefill chunk 6/26 (23.1%) chunk=14.95 t/s avg=2.34 t/s 2.559s
1004 12:36:39 ds4-server: chat ctx=0..26:26 prefill chunk 7/26 (26.9%) chunk=22.07 t/s avg=2.69 t/s 2.604s
1004 12:36:39 ds4-server: chat ctx=0..26:26 prefill chunk 8/26 (30.8%) chunk=25.24 t/s avg=3.03 t/s 2.644s
1004 12:36:39 ds4-server: chat ctx=0..26:26 prefill chunk 9/26 (34.6%) chunk=15.29 t/s avg=3.32 t/s 2.709s
1004 12:36:39 ds4-server: chat ctx=0..26:26 prefill chunk 10/26 (38.5%) chunk=20.07 t/s avg=3.62 t/s 2.759s
1004 12:36:39 ds4-server: chat ctx=0..26:26 prefill chunk 11/26 (42.3%) chunk=18.37 t/s avg=3.91 t/s 2.814s
1004 12:36:39 ds4-server: chat ctx=0..26:26 prefill chunk 12/26 (46.2%) chunk=22.14 t/s avg=4.20 t/s 2.859s
1004 12:36:39 ds4-server: chat ctx=0..26:26 prefill chunk 13/26 (50.0%) chunk=18.00 t/s avg=4.46 t/s 2.914s
1004 12:36:39 ds4-server: chat ctx=0..26:26 prefill chunk 14/26 (53.8%) chunk=19.08 t/s avg=4.72 t/s 2.967s
1004 12:36:39 ds4-server: chat ctx=0..26:26 prefill chunk 15/26 (57.7%) chunk=20.22 t/s avg=4.97 t/s 3.016s
1004 12:36:39 ds4-server: chat ctx=0..26:26 prefill chunk 16/26 (61.5%) chunk=24.02 t/s avg=5.23 t/s 3.058s
1004 12:36:40 ds4-server: chat ctx=0..26:26 prefill chunk 17/26 (65.4%) chunk=19.44 t/s avg=5.47 t/s 3.109s
1004 12:36:40 ds4-server: chat ctx=0..26:26 prefill chunk 18/26 (69.2%) chunk=14.65 t/s avg=5.66 t/s 3.177s
1004 12:36:40 ds4-server: chat ctx=0..26:26 prefill chunk 19/26 (73.1%) chunk=17.81 t/s avg=5.88 t/s 3.234s
1004 12:36:40 ds4-server: chat ctx=0..26:26 prefill chunk 20/26 (76.9%) chunk=17.81 t/s avg=6.08 t/s 3.290s
1004 12:36:40 ds4-server: chat ctx=0..26:26 prefill chunk 21/26 (80.8%) chunk=23.65 t/s avg=6.30 t/s 3.332s
1004 12:36:40 ds4-server: chat ctx=0..26:26 prefill chunk 22/26 (84.6%) chunk=13.55 t/s avg=6.46 t/s 3.406s
1004 12:36:40 ds4-server: chat ctx=0..26:26 prefill chunk 23/26 (88.5%) chunk=18.62 t/s avg=6.65 t/s 3.459s
1004 12:36:40 ds4-server: chat ctx=0..26:26 prefill chunk 24/26 (92.3%) chunk=19.31 t/s avg=6.84 t/s 3.511s
1004 12:36:40 ds4-server: chat ctx=0..26:26 prefill chunk 25/26 (96.2%) chunk=13.66 t/s avg=6.97 t/s 3.585s
1004 12:36:40 ds4-server: chat ctx=0..26:26 prefill chunk 26/26 (100.0%) chunk=12.67 t/s avg=7.10 t/s 3.663s
ds4: expert cache lent the prefill headroom for decode: 6273 -> 7041 experts
1004 12:36:40 ds4-server: chat ctx=0..26:26 prompt done 3.665s
ds4:   decode path so far: 3904 single-row steps (97.5 ms each inside the graph over the last 64), 0 K-row verification steps over 0 positions, 0 batch-fusion sites taken; candidate K none
ds4: gate over tokens 3841-3904: 22.61 command buffers, 12.81 aborts, 240.0 expert ids accounted, 190.88 MiB loaded a token; 0 the gate failed to switch off, 0 it could not gate
ds4:   one token, exclusive, same window: entry 0.00 + encode 3.29 + commit-to-done 41.45 + repair-load 33.86 + accounting 0.06 + tail 1.31 = 79.97 of a 92.81 ms wall, residual 12.85
ds4:   GPU busy 40.55 ms of the token's wall (the union of its buffers' spans), idle 52.27 ms
ds4:   1349.0 gated dispatches a token, 8.9 of them behind an abort; 411.1 sent plain ahead of a buffer's first validate
ds4:   encode-ahead: 8.80 segments used, 12.22 dropped, 11.35 ms a token spent encoding under the GPU
ds4:   concurrent sections: 198.81 attempted, 198.81 opened a token
ds4:   speculation: 0.00 layers a token, 0.00 lanes computed, 0.00 matched, 0.00 GEMVs actually saved, 0.00 left to compute; compared 0.00 lanes, 0.00 floats differ, 0.00 by more than an ulp
ds4:   Metal 4: 35.44 command buffers sent, 2897.0 dispatches a token; 0 pieces of Metal 3 work so far
ds4:   Metal 4 a token: 35.44 contexts in 35.44 command buffers (0.00 split); 3044.5 nodes = 2897.0 dispatches + 147.5 copies; barriers 2194.7 from the graph, 70.9 queue; engine asked for 107.6 barriers and 420.2 section ends, neither encoded; 11980.0 buffer and 3348.4 constant bindings (302109 B), 0.0 with no stated length; 35.44 blocking waits, 39.66 ms
ds4:   expert cache over the last 64 tokens: 239.95 hits, 20.11 misses, 31.47 evictions a token; 6314 of 7041 entries live (89.7%)
ds4:   of the address-table holes repaired a token: 0.00 already resident, 20.11 genuinely absent
ds4:   of the repair a token: readahead 15.33 ms, slot preparation 4.05 ms, reads 13.77 ms, install 0.08 ms, over 20.11 loads
ds4:   Engram rows written at step start in 3904 steps; layer-13 drains 0
ds4:   residency a token: 0.00 adds, 0.00 removes, 0.00 commits
1004 12:36:45 ds4-server: chat ctx=26..76:50 gen=50 decoding chunk=9.96 t/s avg=9.96 t/s 5.020s
ds4:   decode path so far: 3968 single-row steps (95.5 ms each inside the graph over the last 64), 0 K-row verification steps over 0 positions, 0 batch-fusion sites taken; candidate K none
ds4: gate over tokens 3905-3968: 23.22 command buffers, 13.97 aborts, 240.0 expert ids accounted, 167.15 MiB loaded a token; 0 the gate failed to switch off, 0 it could not gate
ds4:   one token, exclusive, same window: entry 0.00 + encode 2.19 + commit-to-done 51.73 + repair-load 29.19 + accounting 0.04 + tail 1.98 = 85.12 of a 90.99 ms wall, residual 5.87
ds4:   GPU busy 53.11 ms of the token's wall (the union of its buffers' spans), idle 37.88 ms
ds4:   1341.9 gated dispatches a token, 15.0 of them behind an abort; 446.8 sent plain ahead of a buffer's first validate
ds4:   encode-ahead: 8.25 segments used, 13.23 dropped, 5.18 ms a token spent encoding under the GPU
ds4:   concurrent sections: 207.09 attempted, 207.09 opened a token
ds4:   speculation: 0.00 layers a token, 0.00 lanes computed, 0.00 matched, 0.00 GEMVs actually saved, 0.00 left to compute; compared 0.00 lanes, 0.00 floats differ, 0.00 by more than an ulp
ds4:   Metal 4: 37.45 command buffers sent, 2996.9 dispatches a token; 0 pieces of Metal 3 work so far
ds4:   Metal 4 a token: 37.45 contexts in 37.45 command buffers (0.00 split); 3110.9 nodes = 2996.9 dispatches + 114.0 copies; barriers 2306.2 from the graph, 74.9 queue; engine asked for 111.1 barriers and 437.7 section ends, neither encoded; 12478.8 buffer and 3466.2 constant bindings (316587 B), 0.0 with no stated length; 37.45 blocking waits, 51.96 ms
ds4:   expert cache over the last 64 tokens: 239.98 hits, 17.61 misses, 6.25 evictions a token; 7041 of 7041 entries live (100.0%)
ds4:   of the address-table holes repaired a token: 0.00 already resident, 17.61 genuinely absent
ds4:   of the repair a token: readahead 15.29 ms, slot preparation 7.40 ms, reads 6.29 ms, install 0.05 ms, over 17.61 loads
ds4:   Engram rows written at step start in 3968 steps; layer-13 drains 0
ds4:   residency a token: 0.00 adds, 0.00 removes, 0.00 commits
1004 12:36:49 ds4-server: chat ctx=76..126:50 gen=100 decoding chunk=11.44 t/s avg=10.65 t/s 9.390s
ds4:   decode path so far: 4032 single-row steps (88.0 ms each inside the graph over the last 64), 0 K-row verification steps over 0 positions, 0 batch-fusion sites taken; candidate K none
ds4: gate over tokens 3969-4032: 19.88 command buffers, 8.77 aborts, 240.0 expert ids accounted, 95.96 MiB loaded a token; 0 the gate failed to switch off, 0 it could not gate
ds4:   one token, exclusive, same window: entry 0.00 + encode 2.28 + commit-to-done 55.62 + repair-load 19.42 + accounting 0.05 + tail 2.17 = 79.54 of a 86.86 ms wall, residual 7.32
ds4:   GPU busy 58.41 ms of the token's wall (the union of its buffers' spans), idle 28.46 ms
ds4:   1339.1 gated dispatches a token, 4.8 of them behind an abort; 292.6 sent plain ahead of a buffer's first validate
ds4:   encode-ahead: 10.11 segments used, 8.50 dropped, 6.81 ms a token spent encoding under the GPU
ds4:   concurrent sections: 161.91 attempted, 161.91 opened a token
ds4:   speculation: 0.00 layers a token, 0.00 lanes computed, 0.00 matched, 0.00 GEMVs actually saved, 0.00 left to compute; compared 0.00 lanes, 0.00 floats differ, 0.00 by more than an ulp
ds4:   Metal 4: 29.38 command buffers sent, 2431.2 dispatches a token; 0 pieces of Metal 3 work so far
ds4:   Metal 4 a token: 29.38 contexts in 29.38 command buffers (0.00 split); 2530.3 nodes = 2431.2 dispatches + 99.1 copies; barriers 1850.5 from the graph, 58.8 queue; engine asked for 90.8 barriers and 344.4 section ends, neither encoded; 10039.5 buffer and 2800.9 constant bindings (253213 B), 0.0 with no stated length; 29.38 blocking waits, 55.64 ms
ds4:   expert cache over the last 64 tokens: 240.00 hits, 10.11 misses, 10.11 evictions a token; 7041 of 7041 entries live (100.0%)
ds4:   of the address-table holes repaired a token: 0.00 already resident, 10.11 genuinely absent
ds4:   of the repair a token: readahead 12.13 ms, slot preparation 1.17 ms, reads 5.81 ms, install 0.05 ms, over 10.11 loads
ds4:   Engram rows written at step start in 4032 steps; layer-13 drains 0
ds4:   residency a token: 0.00 adds, 0.00 removes, 0.00 commits
1004 12:36:54 ds4-server: chat ctx=126..176:50 gen=150 decoding chunk=11.18 t/s avg=10.82 t/s 13.863s
ds4:   decode path so far: 4096 single-row steps (87.3 ms each inside the graph over the last 64), 0 K-row verification steps over 0 positions, 0 batch-fusion sites taken; candidate K none
ds4: gate over tokens 4033-4096: 19.52 command buffers, 8.25 aborts, 240.0 expert ids accounted, 88.40 MiB loaded a token; 0 the gate failed to switch off, 0 it could not gate
ds4:   one token, exclusive, same window: entry 0.00 + encode 2.71 + commit-to-done 47.87 + repair-load 24.42 + accounting 0.05 + tail 2.04 = 77.08 of a 85.98 ms wall, residual 8.90
ds4:   GPU busy 49.61 ms of the token's wall (the union of its buffers' spans), idle 36.37 ms
ds4:   1344.9 gated dispatches a token, 11.1 of them behind an abort; 280.3 sent plain ahead of a buffer's first validate
ds4:   encode-ahead: 10.27 segments used, 7.78 dropped, 8.39 ms a token spent encoding under the GPU
ds4:   concurrent sections: 155.81 attempted, 155.81 opened a token
ds4:   speculation: 0.00 layers a token, 0.00 lanes computed, 0.00 matched, 0.00 GEMVs actually saved, 0.00 left to compute; compared 0.00 lanes, 0.00 floats differ, 0.00 by more than an ulp
ds4:   Metal 4: 28.30 command buffers sent, 2384.5 dispatches a token; 0 pieces of Metal 3 work so far
ds4:   Metal 4 a token: 28.30 contexts in 28.30 command buffers (0.00 split); 2477.7 nodes = 2384.5 dispatches + 93.2 copies; barriers 1785.1 from the graph, 56.6 queue; engine asked for 87.7 barriers and 331.7 section ends, neither encoded; 9759.6 buffer and 2740.5 constant bindings (244389 B), 0.0 with no stated length; 28.30 blocking waits, 46.96 ms
ds4:   expert cache over the last 64 tokens: 240.00 hits, 9.31 misses, 9.31 evictions a token; 7041 of 7041 entries live (100.0%)
ds4:   of the address-table holes repaired a token: 0.00 already resident, 9.31 genuinely absent
ds4:   of the repair a token: readahead 15.99 ms, slot preparation 1.24 ms, reads 6.89 ms, install 0.05 ms, over 9.31 loads
ds4:   Engram rows written at step start in 4096 steps; layer-13 drains 0
ds4:   residency a token: 0.00 adds, 0.00 removes, 0.00 commits
1004 12:36:58 ds4-server: chat ctx=176..226:50 gen=200 decoding chunk=12.09 t/s avg=11.11 t/s 18.000s
1004 12:37:02 ds4-server: chat ctx=226..276:50 gen=250 decoding chunk=13.05 t/s avg=11.45 t/s 21.832s
ds4:   decode path so far: 4160 single-row steps (76.0 ms each inside the graph over the last 64), 0 K-row verification steps over 0 positions, 0 batch-fusion sites taken; candidate K none
ds4: gate over tokens 4097-4160: 19.31 command buffers, 7.62 aborts, 240.0 expert ids accounted, 83.65 MiB loaded a token; 0 the gate failed to switch off, 0 it could not gate
ds4:   one token, exclusive, same window: entry 0.00 + encode 1.82 + commit-to-done 48.03 + repair-load 16.61 + accounting 0.05 + tail 1.88 = 68.39 of a 74.88 ms wall, residual 6.49
ds4:   GPU busy 50.01 ms of the token's wall (the union of its buffers' spans), idle 24.88 ms
ds4:   1354.9 gated dispatches a token, 7.8 of them behind an abort; 256.7 sent plain ahead of a buffer's first validate
ds4:   encode-ahead: 10.69 segments used, 7.17 dropped, 6.14 ms a token spent encoding under the GPU
ds4:   concurrent sections: 149.66 attempted, 149.66 opened a token
ds4:   speculation: 0.00 layers a token, 0.00 lanes computed, 0.00 matched, 0.00 GEMVs actually saved, 0.00 left to compute; compared 0.00 lanes, 0.00 floats differ, 0.00 by more than an ulp
ds4:   Metal 4: 27.48 command buffers sent, 2296.1 dispatches a token; 0 pieces of Metal 3 work so far
ds4:   Metal 4 a token: 27.48 contexts in 27.48 command buffers (0.00 split); 2383.9 nodes = 2296.1 dispatches + 87.8 copies; barriers 1720.5 from the graph, 55.0 queue; engine asked for 85.1 barriers and 319.2 section ends, neither encoded; 9400.2 buffer and 2638.2 constant bindings (235409 B), 0.0 with no stated length; 27.48 blocking waits, 48.06 ms
ds4:   expert cache over the last 64 tokens: 240.00 hits, 8.81 misses, 8.81 evictions a token; 7041 of 7041 entries live (100.0%)
ds4:   of the address-table holes repaired a token: 0.00 already resident, 8.81 genuinely absent
ds4:   of the repair a token: readahead 10.82 ms, slot preparation 0.97 ms, reads 4.55 ms, install 0.04 ms, over 8.81 loads
ds4:   Engram rows written at step start in 4160 steps; layer-13 drains 0
ds4:   residency a token: 0.00 adds, 0.00 removes, 0.00 commits
1004 12:37:06 ds4-server: chat ctx=276..326:50 gen=300 decoding chunk=13.44 t/s avg=11.74 t/s 25.552s
ds4:   decode path so far: 4224 single-row steps (70.4 ms each inside the graph over the last 64), 0 K-row verification steps over 0 positions, 0 batch-fusion sites taken; candidate K none
ds4: gate over tokens 4161-4224: 18.33 command buffers, 6.59 aborts, 240.0 expert ids accounted, 68.97 MiB loaded a token; 0 the gate failed to switch off, 0 it could not gate
ds4:   one token, exclusive, same window: entry 0.00 + encode 1.34 + commit-to-done 50.36 + repair-load 11.05 + accounting 0.04 + tail 1.94 = 64.73 of a 69.83 ms wall, residual 5.10
ds4:   GPU busy 53.33 ms of the token's wall (the union of its buffers' spans), idle 16.50 ms
ds4:   1327.7 gated dispatches a token, 4.4 of them behind an abort; 231.9 sent plain ahead of a buffer's first validate
ds4:   encode-ahead: 10.73 segments used, 6.33 dropped, 4.78 ms a token spent encoding under the GPU
ds4:   concurrent sections: 140.38 attempted, 140.38 opened a token
ds4:   speculation: 0.00 layers a token, 0.00 lanes computed, 0.00 matched, 0.00 GEMVs actually saved, 0.00 left to compute; compared 0.00 lanes, 0.00 floats differ, 0.00 by more than an ulp
ds4:   Metal 4: 25.66 command buffers sent, 2172.2 dispatches a token; 0 pieces of Metal 3 work so far
ds4:   Metal 4 a token: 25.66 contexts in 25.66 command buffers (0.00 split); 2251.5 nodes = 2172.2 dispatches + 79.3 copies; barriers 1627.8 from the graph, 51.3 queue; engine asked for 80.7 barriers and 299.8 section ends, neither encoded; 8882.6 buffer and 2493.9 constant bindings (222438 B), 0.0 with no stated length; 25.66 blocking waits, 51.03 ms
ds4:   expert cache over the last 64 tokens: 240.00 hits, 7.27 misses, 7.27 evictions a token; 7041 of 7041 entries live (100.0%)
ds4:   of the address-table holes repaired a token: 0.00 already resident, 7.27 genuinely absent
ds4:   of the repair a token: readahead 6.86 ms, slot preparation 0.64 ms, reads 3.41 ms, install 0.02 ms, over 7.27 loads
ds4:   Engram rows written at step start in 4224 steps; layer-13 drains 0
ds4:   residency a token: 0.00 adds, 0.00 removes, 0.00 commits
1004 12:37:09 ds4-server: chat ctx=326..376:50 gen=350 decoding chunk=13.55 t/s avg=11.97 t/s 29.243s
ds4:   decode path so far: 4288 single-row steps (75.8 ms each inside the graph over the last 64), 0 K-row verification steps over 0 positions, 0 batch-fusion sites taken; candidate K none
ds4: gate over tokens 4225-4288: 18.53 command buffers, 6.83 aborts, 240.0 expert ids accounted, 72.23 MiB loaded a token; 0 the gate failed to switch off, 0 it could not gate
ds4:   one token, exclusive, same window: entry 0.00 + encode 1.29 + commit-to-done 50.94 + repair-load 15.16 + accounting 0.04 + tail 1.94 = 69.37 of a 74.24 ms wall, residual 4.87
ds4:   GPU busy 53.71 ms of the token's wall (the union of its buffers' spans), idle 20.53 ms
ds4:   1341.0 gated dispatches a token, 8.2 of them behind an abort; 238.8 sent plain ahead of a buffer's first validate
ds4:   encode-ahead: 10.70 segments used, 6.53 dropped, 4.53 ms a token spent encoding under the GPU
ds4:   concurrent sections: 143.38 attempted, 143.38 opened a token
ds4:   speculation: 0.00 layers a token, 0.00 lanes computed, 0.00 matched, 0.00 GEMVs actually saved, 0.00 left to compute; compared 0.00 lanes, 0.00 floats differ, 0.00 by more than an ulp
ds4:   Metal 4: 26.06 command buffers sent, 2213.8 dispatches a token; 0 pieces of Metal 3 work so far
ds4:   Metal 4 a token: 26.06 contexts in 26.06 command buffers (0.00 split); 2294.5 nodes = 2213.8 dispatches + 80.8 copies; barriers 1659.4 from the graph, 52.1 queue; engine asked for 82.1 barriers and 306.0 section ends, neither encoded; 9057.6 buffer and 2542.3 constant bindings (226834 B), 0.0 with no stated length; 26.06 blocking waits, 51.63 ms
ds4:   expert cache over the last 64 tokens: 239.94 hits, 7.61 misses, 7.61 evictions a token; 7041 of 7041 entries live (100.0%)
ds4:   of the address-table holes repaired a token: 0.00 already resident, 7.61 genuinely absent
ds4:   of the repair a token: readahead 10.05 ms, slot preparation 0.63 ms, reads 4.34 ms, install 0.02 ms, over 7.61 loads
ds4:   Engram rows written at step start in 4288 steps; layer-13 drains 0
ds4:   residency a token: 0.00 adds, 0.00 removes, 0.00 commits
1004 12:37:13 ds4-server: chat ctx=376..426:50 gen=400 decoding chunk=13.22 t/s avg=12.11 t/s 33.024s
ds4:   decode path so far: 4352 single-row steps (75.1 ms each inside the graph over the last 64), 0 K-row verification steps over 0 positions, 0 batch-fusion sites taken; candidate K none
ds4: gate over tokens 4289-4352: 19.36 command buffers, 8.03 aborts, 240.0 expert ids accounted, 95.66 MiB loaded a token; 0 the gate failed to switch off, 0 it could not gate
ds4:   one token, exclusive, same window: entry 0.00 + encode 1.36 + commit-to-done 51.35 + repair-load 14.74 + accounting 0.04 + tail 1.90 = 69.40 of a 74.13 ms wall, residual 4.73
ds4:   GPU busy 53.83 ms of the token's wall (the union of its buffers' spans), idle 20.29 ms
ds4:   1352.0 gated dispatches a token, 9.2 of them behind an abort; 274.3 sent plain ahead of a buffer's first validate
ds4:   encode-ahead: 10.33 segments used, 7.59 dropped, 4.38 ms a token spent encoding under the GPU
ds4:   concurrent sections: 154.22 attempted, 154.22 opened a token
ds4:   speculation: 0.00 layers a token, 0.00 lanes computed, 0.00 matched, 0.00 GEMVs actually saved, 0.00 left to compute; compared 0.00 lanes, 0.00 floats differ, 0.00 by more than an ulp
ds4:   Metal 4: 27.95 command buffers sent, 2357.8 dispatches a token; 0 pieces of Metal 3 work so far
ds4:   Metal 4 a token: 27.95 contexts in 27.95 command buffers (0.00 split); 2451.3 nodes = 2357.8 dispatches + 93.6 copies; barriers 1764.3 from the graph, 55.9 queue; engine asked for 87.0 barriers and 328.4 section ends, neither encoded; 9657.5 buffer and 2710.3 constant bindings (241634 B), 0.0 with no stated length; 27.95 blocking waits, 51.97 ms
ds4:   expert cache over the last 64 tokens: 239.94 hits, 10.08 misses, 10.08 evictions a token; 7041 of 7041 entries live (100.0%)
ds4:   of the address-table holes repaired a token: 0.00 already resident, 10.08 genuinely absent
ds4:   of the repair a token: readahead 9.09 ms, slot preparation 0.60 ms, reads 4.79 ms, install 0.03 ms, over 10.08 loads
ds4:   Engram rows written at step start in 4352 steps; layer-13 drains 0
ds4:   residency a token: 0.00 adds, 0.00 removes, 0.00 commits
1004 12:37:17 ds4-server: chat ctx=426..476:50 gen=450 decoding chunk=13.05 t/s avg=12.21 t/s 36.856s
1004 12:37:21 ds4-server: chat ctx=476..526:50 gen=500 decoding chunk=13.19 t/s avg=12.30 t/s 40.647s
ds4:   decode path so far: 4416 single-row steps (75.0 ms each inside the graph over the last 64), 0 K-row verification steps over 0 positions, 0 batch-fusion sites taken; candidate K none
ds4: gate over tokens 4353-4416: 19.08 command buffers, 7.58 aborts, 240.0 expert ids accounted, 80.98 MiB loaded a token; 0 the gate failed to switch off, 0 it could not gate
ds4:   one token, exclusive, same window: entry 0.00 + encode 1.30 + commit-to-done 52.97 + repair-load 12.90 + accounting 0.04 + tail 1.98 = 69.20 of a 73.90 ms wall, residual 4.71
ds4:   GPU busy 55.91 ms of the token's wall (the union of its buffers' spans), idle 18.00 ms
ds4:   1342.5 gated dispatches a token, 9.6 of them behind an abort; 257.6 sent plain ahead of a buffer's first validate
ds4:   encode-ahead: 10.50 segments used, 7.17 dropped, 4.34 ms a token spent encoding under the GPU
ds4:   concurrent sections: 149.78 attempted, 149.78 opened a token
ds4:   speculation: 0.00 layers a token, 0.00 lanes computed, 0.00 matched, 0.00 GEMVs actually saved, 0.00 left to compute; compared 0.00 lanes, 0.00 floats differ, 0.00 by more than an ulp
ds4:   Metal 4: 27.25 command buffers sent, 2285.0 dispatches a token; 0 pieces of Metal 3 work so far
ds4:   Metal 4 a token: 27.25 contexts in 27.25 command buffers (0.00 split); 2372.0 nodes = 2285.0 dispatches + 87.0 copies; barriers 1708.3 from the graph, 54.5 queue; engine asked for 85.0 barriers and 319.2 section ends, neither encoded; 9354.9 buffer and 2627.6 constant bindings (234176 B), 0.0 with no stated length; 27.25 blocking waits, 53.76 ms
ds4:   expert cache over the last 64 tokens: 239.98 hits, 8.53 misses, 8.53 evictions a token; 7041 of 7041 entries live (100.0%)
ds4:   of the address-table holes repaired a token: 0.00 already resident, 8.53 genuinely absent
ds4:   of the repair a token: readahead 8.11 ms, slot preparation 0.62 ms, reads 4.03 ms, install 0.02 ms, over 8.53 loads
ds4:   Engram rows written at step start in 4416 steps; layer-13 drains 0
ds4:   residency a token: 0.00 adds, 0.00 removes, 0.00 commits
1004 12:37:25 ds4-server: chat ctx=526..576:50 gen=550 decoding chunk=12.67 t/s avg=12.33 t/s 44.594s
ds4:   decode path so far: 4480 single-row steps (81.7 ms each inside the graph over the last 64), 0 K-row verification steps over 0 positions, 0 batch-fusion sites taken; candidate K none
ds4: gate over tokens 4417-4480: 19.34 command buffers, 7.98 aborts, 240.0 expert ids accounted, 87.06 MiB loaded a token; 0 the gate failed to switch off, 0 it could not gate
ds4:   one token, exclusive, same window: entry 0.00 + encode 1.47 + commit-to-done 57.93 + repair-load 14.38 + accounting 0.04 + tail 2.20 = 76.02 of a 81.07 ms wall, residual 5.05
ds4:   GPU busy 61.05 ms of the token's wall (the union of its buffers' spans), idle 20.02 ms
ds4:   1325.0 gated dispatches a token, 8.0 of them behind an abort; 266.8 sent plain ahead of a buffer's first validate
ds4:   encode-ahead: 10.36 segments used, 7.50 dropped, 4.58 ms a token spent encoding under the GPU
ds4:   concurrent sections: 152.69 attempted, 152.69 opened a token
ds4:   speculation: 0.00 layers a token, 0.00 lanes computed, 0.00 matched, 0.00 GEMVs actually saved, 0.00 left to compute; compared 0.00 lanes, 0.00 floats differ, 0.00 by more than an ulp
ds4:   Metal 4: 27.84 command buffers sent, 2303.5 dispatches a token; 0 pieces of Metal 3 work so far
ds4:   Metal 4 a token: 27.84 contexts in 27.84 command buffers (0.00 split); 2394.5 nodes = 2303.5 dispatches + 91.0 copies; barriers 1715.8 from the graph, 55.7 queue; engine asked for 86.2 barriers and 325.2 section ends, neither encoded; 9432.3 buffer and 2652.3 constant bindings (235978 B), 0.0 with no stated length; 27.84 blocking waits, 58.77 ms
ds4:   expert cache over the last 64 tokens: 239.97 hits, 9.17 misses, 9.17 evictions a token; 7041 of 7041 entries live (100.0%)
ds4:   of the address-table holes repaired a token: 0.00 already resident, 9.17 genuinely absent
ds4:   of the repair a token: readahead 9.13 ms, slot preparation 0.79 ms, reads 4.27 ms, install 0.03 ms, over 9.17 loads
ds4:   Engram rows written at step start in 4480 steps; layer-13 drains 0
ds4:   residency a token: 0.00 adds, 0.00 removes, 0.00 commits
1004 12:37:29 ds4-server: chat ctx=576..626:50 gen=600 decoding chunk=11.97 t/s avg=12.30 t/s 48.769s
ds4:   decode path so far: 4544 single-row steps (78.8 ms each inside the graph over the last 64), 0 K-row verification steps over 0 positions, 0 batch-fusion sites taken; candidate K none
ds4: gate over tokens 4481-4544: 18.47 command buffers, 7.00 aborts, 240.0 expert ids accounted, 73.42 MiB loaded a token; 0 the gate failed to switch off, 0 it could not gate
ds4:   one token, exclusive, same window: entry 0.00 + encode 1.55 + commit-to-done 54.35 + repair-load 13.92 + accounting 0.04 + tail 2.08 = 71.94 of a 77.52 ms wall, residual 5.57
ds4:   GPU busy 57.89 ms of the token's wall (the union of its buffers' spans), idle 19.62 ms
ds4:   1304.8 gated dispatches a token, 3.3 of them behind an abort; 240.5 sent plain ahead of a buffer's first validate
ds4:   encode-ahead: 10.47 segments used, 6.70 dropped, 5.16 ms a token spent encoding under the GPU
ds4:   concurrent sections: 143.84 attempted, 143.84 opened a token
ds4:   speculation: 0.00 layers a token, 0.00 lanes computed, 0.00 matched, 0.00 GEMVs actually saved, 0.00 left to compute; compared 0.00 lanes, 0.00 floats differ, 0.00 by more than an ulp
ds4:   Metal 4: 26.17 command buffers sent, 2184.2 dispatches a token; 0 pieces of Metal 3 work so far
ds4:   Metal 4 a token: 26.17 contexts in 26.17 command buffers (0.00 split); 2266.3 nodes = 2184.2 dispatches + 82.1 copies; barriers 1628.5 from the graph, 52.3 queue; engine asked for 82.1 barriers and 306.9 section ends, neither encoded; 8939.0 buffer and 2513.7 constant bindings (223731 B), 0.0 with no stated length; 26.17 blocking waits, 54.98 ms
ds4:   expert cache over the last 64 tokens: 240.00 hits, 7.73 misses, 7.73 evictions a token; 7041 of 7041 entries live (100.0%)
ds4:   of the address-table holes repaired a token: 0.00 already resident, 7.73 genuinely absent
ds4:   of the repair a token: readahead 8.83 ms, slot preparation 0.79 ms, reads 4.13 ms, install 0.03 ms, over 7.73 loads
ds4:   Engram rows written at step start in 4544 steps; layer-13 drains 0
ds4:   residency a token: 0.00 adds, 0.00 removes, 0.00 commits
1004 12:37:33 ds4-server: chat ctx=626..676:50 gen=650 decoding chunk=12.67 t/s avg=12.33 t/s 52.716s
1004 12:37:37 ds4-server: chat ctx=676..726:50 gen=700 decoding chunk=13.23 t/s avg=12.39 t/s 56.494s
ds4:   decode path so far: 4608 single-row steps (74.9 ms each inside the graph over the last 64), 0 K-row verification steps over 0 positions, 0 batch-fusion sites taken; candidate K none
ds4: gate over tokens 4545-4608: 18.41 command buffers, 6.70 aborts, 240.0 expert ids accounted, 70.00 MiB loaded a token; 0 the gate failed to switch off, 0 it could not gate
ds4:   one token, exclusive, same window: entry 0.00 + encode 1.41 + commit-to-done 50.79 + repair-load 14.96 + accounting 0.04 + tail 1.92 = 69.12 of a 74.36 ms wall, residual 5.24
ds4:   GPU busy 53.79 ms of the token's wall (the union of its buffers' spans), idle 20.57 ms
ds4:   1316.1 gated dispatches a token, 4.7 of them behind an abort; 228.3 sent plain ahead of a buffer's first validate
ds4:   encode-ahead: 10.70 segments used, 6.39 dropped, 4.91 ms a token spent encoding under the GPU
ds4:   concurrent sections: 141.84 attempted, 141.84 opened a token
ds4:   speculation: 0.00 layers a token, 0.00 lanes computed, 0.00 matched, 0.00 GEMVs actually saved, 0.00 left to compute; compared 0.00 lanes, 0.00 floats differ, 0.00 by more than an ulp
ds4:   Metal 4: 25.80 command buffers sent, 2157.0 dispatches a token; 0 pieces of Metal 3 work so far
ds4:   Metal 4 a token: 25.80 contexts in 25.80 command buffers (0.00 split); 2235.9 nodes = 2157.0 dispatches + 78.8 copies; barriers 1607.2 from the graph, 51.6 queue; engine asked for 81.3 barriers and 302.8 section ends, neither encoded; 8831.6 buffer and 2482.2 constant bindings (220881 B), 0.0 with no stated length; 25.80 blocking waits, 51.35 ms
ds4:   expert cache over the last 64 tokens: 240.00 hits, 7.38 misses, 7.38 evictions a token; 7041 of 7041 entries live (100.0%)
ds4:   of the address-table holes repaired a token: 0.00 already resident, 7.38 genuinely absent
ds4:   of the repair a token: readahead 9.88 ms, slot preparation 0.68 ms, reads 4.26 ms, install 0.03 ms, over 7.38 loads
ds4:   Engram rows written at step start in 4608 steps; layer-13 drains 0
ds4:   residency a token: 0.00 adds, 0.00 removes, 0.00 commits
1004 12:37:41 ds4-server: chat ctx=726..776:50 gen=750 decoding chunk=10.65 t/s avg=12.26 t/s 61.191s
ds4:   decode path so far: 4672 single-row steps (93.5 ms each inside the graph over the last 64), 0 K-row verification steps over 0 positions, 0 batch-fusion sites taken; candidate K none
ds4: gate over tokens 4609-4672: 18.25 command buffers, 6.53 aborts, 240.0 expert ids accounted, 69.56 MiB loaded a token; 0 the gate failed to switch off, 0 it could not gate
ds4:   one token, exclusive, same window: entry 0.00 + encode 2.44 + commit-to-done 58.80 + repair-load 19.54 + accounting 0.05 + tail 2.43 = 83.25 of a 91.86 ms wall, residual 8.61
ds4:   GPU busy 63.16 ms of the token's wall (the union of its buffers' spans), idle 28.70 ms
ds4:   1316.5 gated dispatches a token, 5.6 of them behind an abort; 228.8 sent plain ahead of a buffer's first validate
ds4:   encode-ahead: 10.72 segments used, 6.33 dropped, 8.10 ms a token spent encoding under the GPU
ds4:   concurrent sections: 140.84 attempted, 140.84 opened a token
ds4:   speculation: 0.00 layers a token, 0.00 lanes computed, 0.00 matched, 0.00 GEMVs actually saved, 0.00 left to compute; compared 0.00 lanes, 0.00 floats differ, 0.00 by more than an ulp
ds4:   Metal 4: 25.58 command buffers sent, 2147.0 dispatches a token; 0 pieces of Metal 3 work so far
ds4:   Metal 4 a token: 25.58 contexts in 25.58 command buffers (0.00 split); 2225.8 nodes = 2147.0 dispatches + 78.8 copies; barriers 1601.6 from the graph, 51.2 queue; engine asked for 80.9 barriers and 300.7 section ends, neither encoded; 8787.7 buffer and 2470.0 constant bindings (219946 B), 0.0 with no stated length; 25.58 blocking waits, 58.81 ms
ds4:   expert cache over the last 64 tokens: 239.97 hits, 7.33 misses, 7.33 evictions a token; 7041 of 7041 entries live (100.0%)
ds4:   of the address-table holes repaired a token: 0.00 already resident, 7.33 genuinely absent
ds4:   of the repair a token: readahead 13.49 ms, slot preparation 1.18 ms, reads 4.66 ms, install 0.05 ms, over 7.33 loads
ds4:   Engram rows written at step start in 4672 steps; layer-13 drains 0
ds4:   residency a token: 0.00 adds, 0.00 removes, 0.00 commits
1004 12:37:46 ds4-server: chat ctx=776..826:50 gen=800 decoding chunk=11.12 t/s avg=12.18 t/s 65.689s
ds4:   decode path so far: 4736 single-row steps (87.3 ms each inside the graph over the last 64), 0 K-row verification steps over 0 positions, 0 batch-fusion sites taken; candidate K none
ds4: gate over tokens 4673-4736: 17.67 command buffers, 5.38 aborts, 240.0 expert ids accounted, 55.17 MiB loaded a token; 0 the gate failed to switch off, 0 it could not gate
ds4:   one token, exclusive, same window: entry 0.00 + encode 2.26 + commit-to-done 52.70 + repair-load 18.91 + accounting 0.05 + tail 2.26 = 76.18 of a 85.25 ms wall, residual 9.07
ds4:   GPU busy 58.12 ms of the token's wall (the union of its buffers' spans), idle 27.13 ms
ds4:   1321.3 gated dispatches a token, 7.5 of them behind an abort; 185.5 sent plain ahead of a buffer's first validate
ds4:   encode-ahead: 11.30 segments used, 5.06 dropped, 8.67 ms a token spent encoding under the GPU
ds4:   concurrent sections: 129.91 attempted, 129.91 opened a token
ds4:   speculation: 0.00 layers a token, 0.00 lanes computed, 0.00 matched, 0.00 GEMVs actually saved, 0.00 left to compute; compared 0.00 lanes, 0.00 floats differ, 0.00 by more than an ulp
ds4:   Metal 4: 23.73 command buffers sent, 1995.6 dispatches a token; 0 pieces of Metal 3 work so far
ds4:   Metal 4 a token: 23.73 contexts in 23.73 command buffers (0.00 split); 2063.3 nodes = 1995.6 dispatches + 67.7 copies; barriers 1488.0 from the graph, 47.5 queue; engine asked for 75.9 barriers and 278.2 section ends, neither encoded; 8166.2 buffer and 2294.2 constant bindings (204171 B), 0.0 with no stated length; 23.73 blocking waits, 52.41 ms
ds4:   expert cache over the last 64 tokens: 240.00 hits, 5.81 misses, 5.81 evictions a token; 7041 of 7041 entries live (100.0%)
ds4:   of the address-table holes repaired a token: 0.00 already resident, 5.81 genuinely absent
ds4:   of the repair a token: readahead 14.18 ms, slot preparation 1.13 ms, reads 3.44 ms, install 0.04 ms, over 5.81 loads
ds4:   Engram rows written at step start in 4736 steps; layer-13 drains 0
ds4:   residency a token: 0.00 adds, 0.00 removes, 0.00 commits
1004 12:37:50 ds4-server: chat ctx=826..876:50 gen=850 decoding chunk=12.03 t/s avg=12.17 t/s 69.845s
ds4:   decode path so far: 4800 single-row steps (89.0 ms each inside the graph over the last 64), 0 K-row verification steps over 0 positions, 0 batch-fusion sites taken; candidate K none
ds4: gate over tokens 4737-4800: 17.88 command buffers, 5.81 aborts, 240.0 expert ids accounted, 59.77 MiB loaded a token; 0 the gate failed to switch off, 0 it could not gate
ds4:   one token, exclusive, same window: entry 0.00 + encode 2.45 + commit-to-done 53.66 + repair-load 20.68 + accounting 0.05 + tail 2.23 = 79.08 of a 88.30 ms wall, residual 9.22
ds4:   GPU busy 58.83 ms of the token's wall (the union of its buffers' spans), idle 29.47 ms
ds4:   1316.5 gated dispatches a token, 3.8 of them behind an abort; 203.3 sent plain ahead of a buffer's first validate
ds4:   encode-ahead: 11.06 segments used, 5.53 dropped, 8.81 ms a token spent encoding under the GPU
ds4:   concurrent sections: 133.75 attempted, 133.75 opened a token
ds4:   speculation: 0.00 layers a token, 0.00 lanes computed, 0.00 matched, 0.00 GEMVs actually saved, 0.00 left to compute; compared 0.00 lanes, 0.00 floats differ, 0.00 by more than an ulp
ds4:   Metal 4: 24.41 command buffers sent, 2048.7 dispatches a token; 0 pieces of Metal 3 work so far
ds4:   Metal 4 a token: 24.41 contexts in 24.41 command buffers (0.00 split); 2120.1 nodes = 2048.7 dispatches + 71.4 copies; barriers 1528.5 from the graph, 48.8 queue; engine asked for 77.7 barriers and 286.1 section ends, neither encoded; 8382.5 buffer and 2355.8 constant bindings (209761 B), 0.0 with no stated length; 24.41 blocking waits, 53.20 ms
ds4:   expert cache over the last 64 tokens: 240.00 hits, 6.30 misses, 6.30 evictions a token; 7041 of 7041 entries live (100.0%)
ds4:   of the address-table holes repaired a token: 0.00 already resident, 6.30 genuinely absent
ds4:   of the repair a token: readahead 15.50 ms, slot preparation 1.03 ms, reads 3.98 ms, install 0.05 ms, over 6.30 loads
ds4:   Engram rows written at step start in 4800 steps; layer-13 drains 0
ds4:   residency a token: 0.00 adds, 0.00 removes, 0.00 commits
1004 12:37:55 ds4-server: chat ctx=876..926:50 gen=900 decoding chunk=10.72 t/s avg=12.08 t/s 74.508s
1004 12:37:59 ds4-server: chat ctx=926..976:50 gen=950 decoding chunk=11.52 t/s avg=12.05 t/s 78.848s
ds4:   decode path so far: 4864 single-row steps (85.0 ms each inside the graph over the last 64), 0 K-row verification steps over 0 positions, 0 batch-fusion sites taken; candidate K none
ds4: gate over tokens 4801-4864: 18.78 command buffers, 7.30 aborts, 240.0 expert ids accounted, 80.98 MiB loaded a token; 0 the gate failed to switch off, 0 it could not gate
ds4:   one token, exclusive, same window: entry 0.00 + encode 2.66 + commit-to-done 50.84 + repair-load 18.46 + accounting 0.08 + tail 2.15 = 74.18 of a 83.06 ms wall, residual 8.88
ds4:   GPU busy 54.87 ms of the token's wall (the union of its buffers' spans), idle 28.19 ms
ds4:   1316.8 gated dispatches a token, 7.0 of them behind an abort; 246.4 sent plain ahead of a buffer's first validate
ds4:   encode-ahead: 10.48 segments used, 6.84 dropped, 8.42 ms a token spent encoding under the GPU
ds4:   concurrent sections: 145.81 attempted, 145.81 opened a token
ds4:   speculation: 0.00 layers a token, 0.00 lanes computed, 0.00 matched, 0.00 GEMVs actually saved, 0.00 left to compute; compared 0.00 lanes, 0.00 floats differ, 0.00 by more than an ulp
ds4:   Metal 4: 26.62 command buffers sent, 2206.2 dispatches a token; 0 pieces of Metal 3 work so far
ds4:   Metal 4 a token: 26.62 contexts in 26.62 command buffers (0.00 split); 2291.0 nodes = 2206.2 dispatches + 84.8 copies; barriers 1643.6 from the graph, 53.2 queue; engine asked for 82.9 barriers and 311.0 section ends, neither encoded; 9038.9 buffer and 2539.9 constant bindings (226054 B), 0.0 with no stated length; 26.62 blocking waits, 50.19 ms
ds4:   expert cache over the last 64 tokens: 240.00 hits, 8.53 misses, 8.53 evictions a token; 7041 of 7041 entries live (100.0%)
ds4:   of the address-table holes repaired a token: 0.00 already resident, 8.53 genuinely absent
ds4:   of the repair a token: readahead 12.02 ms, slot preparation 1.15 ms, reads 5.01 ms, install 0.06 ms, over 8.53 loads
ds4:   Engram rows written at step start in 4864 steps; layer-13 drains 0
ds4:   residency a token: 0.00 adds, 0.00 removes, 0.00 commits
1004 12:38:03 ds4-server: chat ctx=976..1026:50 gen=1000 decoding chunk=11.44 t/s avg=12.02 t/s 83.219s
ds4:   decode path so far: 4928 single-row steps (88.9 ms each inside the graph over the last 64), 0 K-row verification steps over 0 positions, 0 batch-fusion sites taken; candidate K none
ds4: gate over tokens 4865-4928: 18.91 command buffers, 7.27 aborts, 240.0 expert ids accounted, 76.53 MiB loaded a token; 0 the gate failed to switch off, 0 it could not gate
ds4:   one token, exclusive, same window: entry 0.00 + encode 2.67 + commit-to-done 52.45 + repair-load 21.93 + accounting 0.05 + tail 2.18 = 79.28 of a 88.45 ms wall, residual 9.17
ds4:   GPU busy 56.95 ms of the token's wall (the union of its buffers' spans), idle 31.50 ms
ds4:   1317.2 gated dispatches a token, 8.0 of them behind an abort; 240.6 sent plain ahead of a buffer's first validate
ds4:   encode-ahead: 10.64 segments used, 6.80 dropped, 8.68 ms a token spent encoding under the GPU
ds4:   concurrent sections: 145.94 attempted, 145.94 opened a token
ds4:   speculation: 0.00 layers a token, 0.00 lanes computed, 0.00 matched, 0.00 GEMVs actually saved, 0.00 left to compute; compared 0.00 lanes, 0.00 floats differ, 0.00 by more than an ulp
ds4:   Metal 4: 26.70 command buffers sent, 2202.2 dispatches a token; 0 pieces of Metal 3 work so far
ds4:   Metal 4 a token: 26.70 contexts in 26.70 command buffers (0.00 split); 2286.5 nodes = 2202.2 dispatches + 84.2 copies; barriers 1639.1 from the graph, 53.4 queue; engine asked for 83.1 barriers and 311.3 section ends, neither encoded; 9014.1 buffer and 2536.1 constant bindings (225646 B), 0.0 with no stated length; 26.70 blocking waits, 52.02 ms
ds4:   expert cache over the last 64 tokens: 239.98 hits, 8.06 misses, 8.06 evictions a token; 7041 of 7041 entries live (100.0%)
ds4:   of the address-table holes repaired a token: 0.00 already resident, 8.06 genuinely absent
ds4:   of the repair a token: readahead 14.76 ms, slot preparation 1.21 ms, reads 5.74 ms, install 0.05 ms, over 8.06 loads
ds4:   Engram rows written at step start in 4928 steps; layer-13 drains 0
ds4:   residency a token: 0.00 adds, 0.00 removes, 0.00 commits
1004 12:38:08 ds4-server: chat ctx=1026..1076:50 gen=1050 decoding chunk=10.63 t/s avg=11.94 t/s 87.923s
ds4:   decode path so far: 4992 single-row steps (90.3 ms each inside the graph over the last 64), 0 K-row verification steps over 0 positions, 0 batch-fusion sites taken; candidate K none
ds4: gate over tokens 4929-4992: 18.62 command buffers, 6.83 aborts, 240.0 expert ids accounted, 71.93 MiB loaded a token; 0 the gate failed to switch off, 0 it could not gate
ds4:   one token, exclusive, same window: entry 0.00 + encode 2.45 + commit-to-done 50.01 + repair-load 24.49 + accounting 0.05 + tail 2.13 = 79.12 of a 87.52 ms wall, residual 8.40
ds4:   GPU busy 54.00 ms of the token's wall (the union of its buffers' spans), idle 33.52 ms
ds4:   1315.0 gated dispatches a token, 5.2 of them behind an abort; 235.4 sent plain ahead of a buffer's first validate
ds4:   encode-ahead: 10.80 segments used, 6.58 dropped, 7.95 ms a token spent encoding under the GPU
ds4:   concurrent sections: 144.06 attempted, 144.06 opened a token
ds4:   speculation: 0.00 layers a token, 0.00 lanes computed, 0.00 matched, 0.00 GEMVs actually saved, 0.00 left to compute; compared 0.00 lanes, 0.00 floats differ, 0.00 by more than an ulp
ds4:   Metal 4: 26.20 command buffers sent, 2170.9 dispatches a token; 0 pieces of Metal 3 work so far
ds4:   Metal 4 a token: 26.20 contexts in 26.20 command buffers (0.00 split); 2252.1 nodes = 2170.9 dispatches + 81.2 copies; barriers 1612.5 from the graph, 52.4 queue; engine asked for 82.6 barriers and 307.5 section ends, neither encoded; 8881.0 buffer and 2501.0 constant bindings (222341 B), 0.0 with no stated length; 26.20 blocking waits, 49.78 ms
ds4:   expert cache over the last 64 tokens: 240.00 hits, 7.58 misses, 7.58 evictions a token; 7041 of 7041 entries live (100.0%)
ds4:   of the address-table holes repaired a token: 0.00 already resident, 7.58 genuinely absent
ds4:   of the repair a token: readahead 18.41 ms, slot preparation 1.10 ms, reads 4.76 ms, install 0.05 ms, over 7.58 loads
ds4:   Engram rows written at step start in 4992 steps; layer-13 drains 0
ds4:   residency a token: 0.00 adds, 0.00 removes, 0.00 commits
1004 12:38:12 ds4-server: chat ctx=1076..1126:50 gen=1100 decoding chunk=11.62 t/s avg=11.93 t/s 92.226s
1004 12:38:17 ds4-server: chat ctx=1126..1176:50 gen=1150 decoding chunk=10.82 t/s avg=11.87 t/s 96.848s
ds4:   decode path so far: 5056 single-row steps (87.9 ms each inside the graph over the last 64), 0 K-row verification steps over 0 positions, 0 batch-fusion sites taken; candidate K none
ds4: gate over tokens 4993-5056: 18.05 command buffers, 5.92 aborts, 240.0 expert ids accounted, 62.29 MiB loaded a token; 0 the gate failed to switch off, 0 it could not gate
ds4:   one token, exclusive, same window: entry 0.00 + encode 2.33 + commit-to-done 51.69 + repair-load 20.98 + accounting 0.06 + tail 2.22 = 77.28 of a 86.36 ms wall, residual 9.09
ds4:   GPU busy 56.79 ms of the token's wall (the union of its buffers' spans), idle 29.57 ms
ds4:   1311.3 gated dispatches a token, 5.6 of them behind an abort; 203.6 sent plain ahead of a buffer's first validate
ds4:   encode-ahead: 11.12 segments used, 5.59 dropped, 8.59 ms a token spent encoding under the GPU
ds4:   concurrent sections: 134.84 attempted, 134.84 opened a token
ds4:   speculation: 0.00 layers a token, 0.00 lanes computed, 0.00 matched, 0.00 GEMVs actually saved, 0.00 left to compute; compared 0.00 lanes, 0.00 floats differ, 0.00 by more than an ulp
ds4:   Metal 4: 24.64 command buffers sent, 2042.9 dispatches a token; 0 pieces of Metal 3 work so far
ds4:   Metal 4 a token: 24.64 contexts in 24.64 command buffers (0.00 split); 2115.8 nodes = 2042.9 dispatches + 72.8 copies; barriers 1518.8 from the graph, 49.3 queue; engine asked for 78.2 barriers and 288.4 section ends, neither encoded; 8357.7 buffer and 2352.5 constant bindings (209229 B), 0.0 with no stated length; 24.64 blocking waits, 51.45 ms
ds4:   expert cache over the last 64 tokens: 239.98 hits, 6.56 misses, 6.56 evictions a token; 7041 of 7041 entries live (100.0%)
ds4:   of the address-table holes repaired a token: 0.00 already resident, 6.56 genuinely absent
ds4:   of the repair a token: readahead 14.20 ms, slot preparation 1.06 ms, reads 5.52 ms, install 0.05 ms, over 6.56 loads
ds4:   Engram rows written at step start in 5056 steps; layer-13 drains 0
ds4:   residency a token: 0.00 adds, 0.00 removes, 0.00 commits
1004 12:38:21 ds4-server: chat ctx=1176..1226:50 gen=1200 decoding chunk=11.99 t/s avg=11.88 t/s 101.019s
ds4:   decode path so far: 5120 single-row steps (88.1 ms each inside the graph over the last 64), 0 K-row verification steps over 0 positions, 0 batch-fusion sites taken; candidate K none
ds4: gate over tokens 5057-5120: 17.84 command buffers, 5.67 aborts, 240.0 expert ids accounted, 57.99 MiB loaded a token; 0 the gate failed to switch off, 0 it could not gate
ds4:   one token, exclusive, same window: entry 0.00 + encode 2.24 + commit-to-done 55.10 + repair-load 19.53 + accounting 0.05 + tail 2.28 = 79.20 of a 87.66 ms wall, residual 8.45
ds4:   GPU busy 59.94 ms of the token's wall (the union of its buffers' spans), idle 27.72 ms
ds4:   1309.5 gated dispatches a token, 6.1 of them behind an abort; 193.8 sent plain ahead of a buffer's first validate
ds4:   encode-ahead: 11.17 segments used, 5.34 dropped, 8.02 ms a token spent encoding under the GPU
ds4:   concurrent sections: 132.41 attempted, 132.41 opened a token
ds4:   speculation: 0.00 layers a token, 0.00 lanes computed, 0.00 matched, 0.00 GEMVs actually saved, 0.00 left to compute; compared 0.00 lanes, 0.00 floats differ, 0.00 by more than an ulp
ds4:   Metal 4: 24.19 command buffers sent, 2013.0 dispatches a token; 0 pieces of Metal 3 work so far
ds4:   Metal 4 a token: 24.19 contexts in 24.19 command buffers (0.00 split); 2083.7 nodes = 2013.0 dispatches + 70.7 copies; barriers 1497.0 from the graph, 48.4 queue; engine asked for 77.0 barriers and 283.3 section ends, neither encoded; 8227.8 buffer and 2317.2 constant bindings (206050 B), 0.0 with no stated length; 24.19 blocking waits, 55.09 ms
ds4:   expert cache over the last 64 tokens: 240.00 hits, 6.11 misses, 6.11 evictions a token; 7041 of 7041 entries live (100.0%)
ds4:   of the address-table holes repaired a token: 0.00 already resident, 6.11 genuinely absent
ds4:   of the repair a token: readahead 14.51 ms, slot preparation 0.98 ms, reads 3.90 ms, install 0.04 ms, over 6.11 loads
ds4:   Engram rows written at step start in 5120 steps; layer-13 drains 0
ds4:   residency a token: 0.00 adds, 0.00 removes, 0.00 commits
1004 12:38:26 ds4-server: chat ctx=1226..1276:50 gen=1250 decoding chunk=11.30 t/s avg=11.85 t/s 105.442s
ds4:   decode path so far: 5184 single-row steps (83.6 ms each inside the graph over the last 64), 0 K-row verification steps over 0 positions, 0 batch-fusion sites taken; candidate K none
ds4: gate over tokens 5121-5184: 18.00 command buffers, 5.97 aborts, 240.0 expert ids accounted, 62.14 MiB loaded a token; 0 the gate failed to switch off, 0 it could not gate
ds4:   one token, exclusive, same window: entry 0.00 + encode 2.31 + commit-to-done 52.22 + repair-load 15.51 + accounting 0.05 + tail 2.18 = 72.28 of a 80.91 ms wall, residual 8.63
ds4:   GPU busy 57.02 ms of the token's wall (the union of its buffers' spans), idle 23.89 ms
ds4:   1303.1 gated dispatches a token, 6.6 of them behind an abort; 210.0 sent plain ahead of a buffer's first validate
ds4:   encode-ahead: 11.03 segments used, 5.67 dropped, 8.21 ms a token spent encoding under the GPU
ds4:   concurrent sections: 135.28 attempted, 135.28 opened a token
ds4:   speculation: 0.00 layers a token, 0.00 lanes computed, 0.00 matched, 0.00 GEMVs actually saved, 0.00 left to compute; compared 0.00 lanes, 0.00 floats differ, 0.00 by more than an ulp
ds4:   Metal 4: 24.67 command buffers sent, 2052.9 dispatches a token; 0 pieces of Metal 3 work so far
ds4:   Metal 4 a token: 24.67 contexts in 24.67 command buffers (0.00 split); 2126.7 nodes = 2052.9 dispatches + 73.8 copies; barriers 1527.6 from the graph, 49.3 queue; engine asked for 78.4 barriers and 289.3 section ends, neither encoded; 8391.1 buffer and 2363.5 constant bindings (210273 B), 0.0 with no stated length; 24.67 blocking waits, 51.90 ms
ds4:   expert cache over the last 64 tokens: 239.98 hits, 6.55 misses, 6.55 evictions a token; 7041 of 7041 entries live (100.0%)
ds4:   of the address-table holes repaired a token: 0.00 already resident, 6.55 genuinely absent
ds4:   of the repair a token: readahead 9.64 ms, slot preparation 1.01 ms, reads 4.68 ms, install 0.05 ms, over 6.55 loads
ds4:   Engram rows written at step start in 5184 steps; layer-13 drains 0
ds4:   residency a token: 0.00 adds, 0.00 removes, 0.00 commits
1004 12:38:30 ds4-server: chat ctx=1276..1326:50 gen=1300 decoding chunk=11.04 t/s avg=11.82 t/s 109.971s
ds4:   decode path so far: 5248 single-row steps (86.2 ms each inside the graph over the last 64), 0 K-row verification steps over 0 positions, 0 batch-fusion sites taken; candidate K none
ds4: gate over tokens 5185-5248: 17.42 command buffers, 5.16 aborts, 240.0 expert ids accounted, 52.50 MiB loaded a token; 0 the gate failed to switch off, 0 it could not gate
ds4:   one token, exclusive, same window: entry 0.00 + encode 2.12 + commit-to-done 51.86 + repair-load 20.01 + accounting 0.05 + tail 2.22 = 76.26 of a 84.75 ms wall, residual 8.49
ds4:   GPU busy 57.22 ms of the token's wall (the union of its buffers' spans), idle 27.54 ms
ds4:   1303.8 gated dispatches a token, 1.9 of them behind an abort; 180.6 sent plain ahead of a buffer's first validate
ds4:   encode-ahead: 11.27 segments used, 4.95 dropped, 8.12 ms a token spent encoding under the GPU
ds4:   concurrent sections: 127.97 attempted, 127.97 opened a token
ds4:   speculation: 0.00 layers a token, 0.00 lanes computed, 0.00 matched, 0.00 GEMVs actually saved, 0.00 left to compute; compared 0.00 lanes, 0.00 floats differ, 0.00 by more than an ulp
ds4:   Metal 4: 23.38 command buffers sent, 1952.1 dispatches a token; 0 pieces of Metal 3 work so far
ds4:   Metal 4 a token: 23.38 contexts in 23.38 command buffers (0.00 split); 2017.9 nodes = 1952.1 dispatches + 65.9 copies; barriers 1451.4 from the graph, 46.8 queue; engine asked for 75.0 barriers and 274.2 section ends, neither encoded; 7980.2 buffer and 2246.5 constant bindings (199751 B), 0.0 with no stated length; 23.38 blocking waits, 51.78 ms
ds4:   expert cache over the last 64 tokens: 239.98 hits, 5.53 misses, 5.53 evictions a token; 7041 of 7041 entries live (100.0%)
ds4:   of the address-table holes repaired a token: 0.00 already resident, 5.53 genuinely absent
ds4:   of the repair a token: readahead 14.42 ms, slot preparation 0.91 ms, reads 4.54 ms, install 0.04 ms, over 5.53 loads
ds4:   Engram rows written at step start in 5248 steps; layer-13 drains 0
ds4:   residency a token: 0.00 adds, 0.00 removes, 0.00 commits
1004 12:38:34 ds4-server: chat ctx=1326..1376:50 gen=1350 decoding chunk=12.07 t/s avg=11.83 t/s 114.112s
1004 12:38:39 ds4-server: chat ctx=1376..1426:50 gen=1400 decoding chunk=10.98 t/s avg=11.80 t/s 118.667s
ds4:   decode path so far: 5312 single-row steps (87.3 ms each inside the graph over the last 64), 0 K-row verification steps over 0 positions, 0 batch-fusion sites taken; candidate K none
ds4: gate over tokens 5249-5312: 17.17 command buffers, 4.55 aborts, 240.0 expert ids accounted, 48.05 MiB loaded a token; 0 the gate failed to switch off, 0 it could not gate
ds4:   one token, exclusive, same window: entry 0.00 + encode 1.86 + commit-to-done 55.20 + repair-load 18.58 + accounting 0.05 + tail 2.36 = 78.05 of a 86.03 ms wall, residual 7.98
ds4:   GPU busy 60.48 ms of the token's wall (the union of its buffers' spans), idle 25.55 ms
ds4:   1302.4 gated dispatches a token, 4.7 of them behind an abort; 157.3 sent plain ahead of a buffer's first validate
ds4:   encode-ahead: 11.62 segments used, 4.23 dropped, 7.67 ms a token spent encoding under the GPU
ds4:   concurrent sections: 121.50 attempted, 121.50 opened a token
ds4:   speculation: 0.00 layers a token, 0.00 lanes computed, 0.00 matched, 0.00 GEMVs actually saved, 0.00 left to compute; compared 0.00 lanes, 0.00 floats differ, 0.00 by more than an ulp
ds4:   Metal 4: 22.41 command buffers sent, 1864.1 dispatches a token; 0 pieces of Metal 3 work so far
ds4:   Metal 4 a token: 22.41 contexts in 22.41 command buffers (0.00 split); 1925.8 nodes = 1864.1 dispatches + 61.7 copies; barriers 1387.4 from the graph, 44.8 queue; engine asked for 72.1 barriers and 260.9 section ends, neither encoded; 7616.3 buffer and 2143.9 constant bindings (190725 B), 0.0 with no stated length; 22.41 blocking waits, 55.37 ms
ds4:   expert cache over the last 64 tokens: 239.98 hits, 5.06 misses, 5.06 evictions a token; 7041 of 7041 entries live (100.0%)
ds4:   of the address-table holes repaired a token: 0.00 already resident, 5.06 genuinely absent
ds4:   of the repair a token: readahead 14.19 ms, slot preparation 0.76 ms, reads 3.48 ms, install 0.04 ms, over 5.06 loads
ds4:   Engram rows written at step start in 5312 steps; layer-13 drains 0
ds4:   residency a token: 0.00 adds, 0.00 removes, 0.00 commits
1004 12:38:43 ds4-server: chat ctx=1426..1476:50 gen=1450 decoding chunk=12.70 t/s avg=11.83 t/s 122.605s
ds4:   decode path so far: 5376 single-row steps (79.9 ms each inside the graph over the last 64), 0 K-row verification steps over 0 positions, 0 batch-fusion sites taken; candidate K none
ds4: gate over tokens 5313-5376: 16.39 command buffers, 3.70 aborts, 240.0 expert ids accounted, 38.71 MiB loaded a token; 0 the gate failed to switch off, 0 it could not gate
ds4:   one token, exclusive, same window: entry 0.00 + encode 1.56 + commit-to-done 56.38 + repair-load 9.61 + accounting 0.05 + tail 2.32 = 69.92 of a 77.30 ms wall, residual 7.38
ds4:   GPU busy 61.69 ms of the token's wall (the union of its buffers' spans), idle 15.61 ms
ds4:   1283.0 gated dispatches a token, 3.3 of them behind an abort; 135.4 sent plain ahead of a buffer's first validate
ds4:   encode-ahead: 11.69 segments used, 3.55 dropped, 7.09 ms a token spent encoding under the GPU
ds4:   concurrent sections: 113.94 attempted, 113.94 opened a token
ds4:   speculation: 0.00 layers a token, 0.00 lanes computed, 0.00 matched, 0.00 GEMVs actually saved, 0.00 left to compute; compared 0.00 lanes, 0.00 floats differ, 0.00 by more than an ulp
ds4:   Metal 4: 20.94 command buffers sent, 1760.1 dispatches a token; 0 pieces of Metal 3 work so far
ds4:   Metal 4 a token: 20.94 contexts in 20.94 command buffers (0.00 split); 1814.0 nodes = 1760.1 dispatches + 54.0 copies; barriers 1309.6 from the graph, 41.9 queue; engine asked for 68.5 barriers and 245.1 section ends, neither encoded; 7191.1 buffer and 2023.3 constant bindings (179952 B), 0.0 with no stated length; 20.94 blocking waits, 56.87 ms
ds4:   expert cache over the last 64 tokens: 239.98 hits, 4.08 misses, 4.08 evictions a token; 7041 of 7041 entries live (100.0%)
ds4:   of the address-table holes repaired a token: 0.00 already resident, 4.08 genuinely absent
ds4:   of the repair a token: readahead 6.62 ms, slot preparation 0.60 ms, reads 2.27 ms, install 0.03 ms, over 4.08 loads
ds4:   Engram rows written at step start in 5376 steps; layer-13 drains 0
ds4:   residency a token: 0.00 adds, 0.00 removes, 0.00 commits
1004 12:38:47 ds4-server: chat ctx=1476..1526:50 gen=1500 decoding chunk=11.81 t/s avg=11.83 t/s 126.840s
ds4:   decode path so far: 5440 single-row steps (85.0 ms each inside the graph over the last 64), 0 K-row verification steps over 0 positions, 0 batch-fusion sites taken; candidate K none
ds4: gate over tokens 5377-5440: 17.02 command buffers, 4.58 aborts, 240.0 expert ids accounted, 46.57 MiB loaded a token; 0 the gate failed to switch off, 0 it could not gate
ds4:   one token, exclusive, same window: entry 0.00 + encode 1.82 + commit-to-done 51.04 + repair-load 15.11 + accounting 0.38 + tail 2.37 = 70.72 of a 78.73 ms wall, residual 8.01
ds4:   GPU busy 55.48 ms of the token's wall (the union of its buffers' spans), idle 23.25 ms
ds4:   1293.0 gated dispatches a token, 4.2 of them behind an abort; 162.1 sent plain ahead of a buffer's first validate
ds4:   encode-ahead: 11.44 segments used, 4.33 dropped, 7.41 ms a token spent encoding under the GPU
ds4:   concurrent sections: 122.00 attempted, 122.00 opened a token
ds4:   speculation: 0.00 layers a token, 0.00 lanes computed, 0.00 matched, 0.00 GEMVs actually saved, 0.00 left to compute; compared 0.00 lanes, 0.00 floats differ, 0.00 by more than an ulp
ds4:   Metal 4: 22.34 command buffers sent, 1868.7 dispatches a token; 0 pieces of Metal 3 work so far
ds4:   Metal 4 a token: 22.34 contexts in 22.34 command buffers (0.00 split); 1930.0 nodes = 1868.7 dispatches + 61.2 copies; barriers 1390.8 from the graph, 44.7 queue; engine asked for 72.2 barriers and 261.8 section ends, neither encoded; 7639.7 buffer and 2149.8 constant bindings (191294 B), 0.0 with no stated length; 22.34 blocking waits, 51.21 ms
ds4:   expert cache over the last 64 tokens: 240.00 hits, 4.91 misses, 4.91 evictions a token; 7041 of 7041 entries live (100.0%)
ds4:   of the address-table holes repaired a token: 0.00 already resident, 4.91 genuinely absent
ds4:   of the repair a token: readahead 11.20 ms, slot preparation 0.82 ms, reads 2.97 ms, install 0.03 ms, over 4.91 loads
ds4:   Engram rows written at step start in 5440 steps; layer-13 drains 0
ds4:   residency a token: 0.00 adds, 0.00 removes, 0.00 commits
1004 12:38:52 ds4-server: chat ctx=1526..1576:50 gen=1550 decoding chunk=10.60 t/s avg=11.78 t/s 131.559s
1004 12:38:56 ds4-server: chat ctx=1576..1626:50 gen=1600 decoding chunk=12.25 t/s avg=11.80 t/s 135.642s
ds4:   decode path so far: 5504 single-row steps (88.6 ms each inside the graph over the last 64), 0 K-row verification steps over 0 positions, 0 batch-fusion sites taken; candidate K none
ds4: gate over tokens 5441-5504: 18.08 command buffers, 6.23 aborts, 240.0 expert ids accounted, 66.15 MiB loaded a token; 0 the gate failed to switch off, 0 it could not gate
ds4:   one token, exclusive, same window: entry 0.00 + encode 2.21 + commit-to-done 52.56 + repair-load 21.31 + accounting 0.05 + tail 2.18 = 78.32 of a 86.29 ms wall, residual 7.96
ds4:   GPU busy 56.41 ms of the token's wall (the union of its buffers' spans), idle 29.88 ms
ds4:   1301.7 gated dispatches a token, 4.7 of them behind an abort; 209.6 sent plain ahead of a buffer's first validate
ds4:   encode-ahead: 10.84 segments used, 5.98 dropped, 7.56 ms a token spent encoding under the GPU
ds4:   concurrent sections: 137.53 attempted, 137.53 opened a token
ds4:   speculation: 0.00 layers a token, 0.00 lanes computed, 0.00 matched, 0.00 GEMVs actually saved, 0.00 left to compute; compared 0.00 lanes, 0.00 floats differ, 0.00 by more than an ulp
ds4:   Metal 4: 25.06 command buffers sent, 2081.6 dispatches a token; 0 pieces of Metal 3 work so far
ds4:   Metal 4 a token: 25.06 contexts in 25.06 command buffers (0.00 split); 2157.4 nodes = 2081.6 dispatches + 75.8 copies; barriers 1547.0 from the graph, 50.1 queue; engine asked for 79.4 barriers and 293.9 section ends, neither encoded; 8511.4 buffer and 2397.2 constant bindings (213109 B), 0.0 with no stated length; 25.06 blocking waits, 52.54 ms
ds4:   expert cache over the last 64 tokens: 239.98 hits, 6.97 misses, 6.97 evictions a token; 7041 of 7041 entries live (100.0%)
ds4:   of the address-table holes repaired a token: 0.00 already resident, 6.97 genuinely absent
ds4:   of the repair a token: readahead 16.03 ms, slot preparation 0.98 ms, reads 4.11 ms, install 0.04 ms, over 6.97 loads
ds4:   Engram rows written at step start in 5504 steps; layer-13 drains 0
ds4:   residency a token: 0.00 adds, 0.00 removes, 0.00 commits
1004 12:39:00 ds4-server: chat ctx=1626..1676:50 gen=1650 decoding chunk=11.67 t/s avg=11.79 t/s 139.927s
ds4:   decode path so far: 5568 single-row steps (87.4 ms each inside the graph over the last 64), 0 K-row verification steps over 0 positions, 0 batch-fusion sites taken; candidate K none
ds4: gate over tokens 5505-5568: 17.64 command buffers, 5.44 aborts, 240.0 expert ids accounted, 55.62 MiB loaded a token; 0 the gate failed to switch off, 0 it could not gate
ds4:   one token, exclusive, same window: entry 0.00 + encode 2.03 + commit-to-done 53.58 + repair-load 20.24 + accounting 0.05 + tail 2.19 = 78.08 of a 86.19 ms wall, residual 8.11
ds4:   GPU busy 58.34 ms of the token's wall (the union of its buffers' spans), idle 27.85 ms
ds4:   1300.0 gated dispatches a token, 4.7 of them behind an abort; 187.1 sent plain ahead of a buffer's first validate
ds4:   encode-ahead: 11.20 segments used, 5.19 dropped, 7.74 ms a token spent encoding under the GPU
ds4:   concurrent sections: 130.28 attempted, 130.28 opened a token
ds4:   speculation: 0.00 layers a token, 0.00 lanes computed, 0.00 matched, 0.00 GEMVs actually saved, 0.00 left to compute; compared 0.00 lanes, 0.00 floats differ, 0.00 by more than an ulp
ds4:   Metal 4: 23.83 command buffers sent, 1981.7 dispatches a token; 0 pieces of Metal 3 work so far
ds4:   Metal 4 a token: 23.83 contexts in 23.83 command buffers (0.00 split); 2050.4 nodes = 1981.7 dispatches + 68.7 copies; barriers 1474.1 from the graph, 47.7 queue; engine asked for 76.1 barriers and 279.0 section ends, neither encoded; 8103.1 buffer and 2281.1 constant bindings (202891 B), 0.0 with no stated length; 23.83 blocking waits, 53.57 ms
ds4:   expert cache over the last 64 tokens: 240.00 hits, 5.86 misses, 5.86 evictions a token; 7041 of 7041 entries live (100.0%)
ds4:   of the address-table holes repaired a token: 0.00 already resident, 5.86 genuinely absent
ds4:   of the repair a token: readahead 15.57 ms, slot preparation 0.89 ms, reads 3.63 ms, install 0.04 ms, over 5.86 loads
ds4:   Engram rows written at step start in 5568 steps; layer-13 drains 0
ds4:   residency a token: 0.00 adds, 0.00 removes, 0.00 commits
1004 12:39:05 ds4-server: chat ctx=1676..1726:50 gen=1700 decoding chunk=10.88 t/s avg=11.76 t/s 144.522s
ds4:   decode path so far: 5632 single-row steps (93.2 ms each inside the graph over the last 64), 0 K-row verification steps over 0 positions, 0 batch-fusion sites taken; candidate K none
ds4: gate over tokens 5569-5632: 19.97 command buffers, 8.91 aborts, 240.0 expert ids accounted, 103.67 MiB loaded a token; 0 the gate failed to switch off, 0 it could not gate
ds4:   one token, exclusive, same window: entry 0.00 + encode 2.88 + commit-to-done 50.25 + repair-load 22.84 + accounting 0.05 + tail 2.00 = 78.02 of a 87.06 ms wall, residual 9.04
ds4:   GPU busy 52.83 ms of the token's wall (the union of its buffers' spans), idle 34.23 ms
ds4:   1325.2 gated dispatches a token, 5.6 of them behind an abort; 295.4 sent plain ahead of a buffer's first validate
ds4:   encode-ahead: 10.06 segments used, 8.52 dropped, 8.49 ms a token spent encoding under the GPU
ds4:   concurrent sections: 162.12 attempted, 162.12 opened a token
ds4:   speculation: 0.00 layers a token, 0.00 lanes computed, 0.00 matched, 0.00 GEMVs actually saved, 0.00 left to compute; compared 0.00 lanes, 0.00 floats differ, 0.00 by more than an ulp
ds4:   Metal 4: 29.48 command buffers sent, 2415.1 dispatches a token; 0 pieces of Metal 3 work so far
ds4:   Metal 4 a token: 29.48 contexts in 29.48 command buffers (0.00 split); 2517.3 nodes = 2415.1 dispatches + 102.2 copies; barriers 1792.8 from the graph, 59.0 queue; engine asked for 90.7 barriers and 344.8 section ends, neither encoded; 9882.2 buffer and 2785.1 constant bindings (247564 B), 0.0 with no stated length; 29.48 blocking waits, 49.57 ms
ds4:   expert cache over the last 64 tokens: 239.98 hits, 10.92 misses, 10.92 evictions a token; 7041 of 7041 entries live (100.0%)
ds4:   of the address-table holes repaired a token: 0.00 already resident, 10.92 genuinely absent
ds4:   of the repair a token: readahead 15.34 ms, slot preparation 1.31 ms, reads 5.79 ms, install 0.06 ms, over 10.92 loads
ds4:   Engram rows written at step start in 5632 steps; layer-13 drains 0
ds4:   residency a token: 0.00 adds, 0.00 removes, 0.00 commits
1004 12:39:10 ds4-server: chat ctx=1726..1776:50 gen=1750 decoding chunk=9.81 t/s avg=11.70 t/s 149.619s
ds4:   decode path so far: 5696 single-row steps (100.7 ms each inside the graph over the last 64), 0 K-row verification steps over 0 positions, 0 batch-fusion sites taken; candidate K none
ds4: gate over tokens 5633-5696: 20.92 command buffers, 10.38 aborts, 240.0 expert ids accounted, 130.37 MiB loaded a token; 0 the gate failed to switch off, 0 it could not gate
ds4:   one token, exclusive, same window: entry 0.00 + encode 3.52 + commit-to-done 48.16 + repair-load 35.80 + accounting 0.05 + tail 1.90 = 89.43 of a 99.16 ms wall, residual 9.73
ds4:   GPU busy 50.19 ms of the token's wall (the union of its buffers' spans), idle 48.97 ms
ds4:   1330.5 gated dispatches a token, 6.6 of them behind an abort; 337.9 sent plain ahead of a buffer's first validate
ds4:   encode-ahead: 9.55 segments used, 9.98 dropped, 9.10 ms a token spent encoding under the GPU
ds4:   concurrent sections: 176.62 attempted, 176.62 opened a token
ds4:   speculation: 0.00 layers a token, 0.00 lanes computed, 0.00 matched, 0.00 GEMVs actually saved, 0.00 left to compute; compared 0.00 lanes, 0.00 floats differ, 0.00 by more than an ulp
ds4:   Metal 4: 31.91 command buffers sent, 2612.1 dispatches a token; 0 pieces of Metal 3 work so far
ds4:   Metal 4 a token: 31.91 contexts in 31.91 command buffers (0.00 split); 2728.7 nodes = 2612.1 dispatches + 116.7 copies; barriers 1939.3 from the graph, 63.8 queue; engine asked for 97.5 barriers and 374.8 section ends, neither encoded; 10693.6 buffer and 3014.4 constant bindings (267911 B), 0.0 with no stated length; 31.91 blocking waits, 46.99 ms
ds4:   expert cache over the last 64 tokens: 239.95 hits, 13.73 misses, 13.73 evictions a token; 7041 of 7041 entries live (100.0%)
ds4:   of the address-table holes repaired a token: 0.00 already resident, 13.73 genuinely absent
ds4:   of the repair a token: readahead 26.46 ms, slot preparation 1.42 ms, reads 7.28 ms, install 0.08 ms, over 13.73 loads
ds4:   Engram rows written at step start in 5696 steps; layer-13 drains 0
ds4:   residency a token: 0.00 adds, 0.00 removes, 0.00 commits
1004 12:39:14 ds4-server: chat ctx=1776..1826:50 gen=1800 decoding chunk=10.73 t/s avg=11.67 t/s 154.278s
1004 12:39:19 ds4-server: chat ctx=1826..1876:50 gen=1850 decoding chunk=11.87 t/s avg=11.67 t/s 158.489s
ds4:   decode path so far: 5760 single-row steps (80.6 ms each inside the graph over the last 64), 0 K-row verification steps over 0 positions, 0 batch-fusion sites taken; candidate K none
ds4: gate over tokens 5697-5760: 16.48 command buffers, 3.80 aborts, 240.0 expert ids accounted, 39.60 MiB loaded a token; 0 the gate failed to switch off, 0 it could not gate
ds4:   one token, exclusive, same window: entry 0.00 + encode 1.59 + commit-to-done 54.89 + repair-load 13.23 + accounting 0.05 + tail 2.33 = 72.10 of a 79.86 ms wall, residual 7.76
ds4:   GPU busy 60.56 ms of the token's wall (the union of its buffers' spans), idle 19.30 ms
ds4:   1290.5 gated dispatches a token, 1.4 of them behind an abort; 136.7 sent plain ahead of a buffer's first validate
ds4:   encode-ahead: 11.69 segments used, 3.67 dropped, 7.39 ms a token spent encoding under the GPU
ds4:   concurrent sections: 115.53 attempted, 115.53 opened a token
ds4:   speculation: 0.00 layers a token, 0.00 lanes computed, 0.00 matched, 0.00 GEMVs actually saved, 0.00 left to compute; compared 0.00 lanes, 0.00 floats differ, 0.00 by more than an ulp
ds4:   Metal 4: 21.16 command buffers sent, 1788.5 dispatches a token; 0 pieces of Metal 3 work so far
ds4:   Metal 4 a token: 21.16 contexts in 21.16 command buffers (0.00 split); 1843.5 nodes = 1788.5 dispatches + 55.0 copies; barriers 1331.8 from the graph, 42.3 queue; engine asked for 69.3 barriers and 248.4 section ends, neither encoded; 7299.4 buffer and 2055.4 constant bindings (182773 B), 0.0 with no stated length; 21.16 blocking waits, 55.34 ms
ds4:   expert cache over the last 64 tokens: 239.98 hits, 4.17 misses, 4.17 evictions a token; 7041 of 7041 entries live (100.0%)
ds4:   of the address-table holes repaired a token: 0.00 already resident, 4.17 genuinely absent
ds4:   of the repair a token: readahead 10.08 ms, slot preparation 0.62 ms, reads 2.42 ms, install 0.03 ms, over 4.17 loads
ds4:   Engram rows written at step start in 5760 steps; layer-13 drains 0
ds4:   residency a token: 0.00 adds, 0.00 removes, 0.00 commits
1004 12:39:23 ds4-server: chat ctx=1876..1926:50 gen=1900 decoding chunk=11.35 t/s avg=11.66 t/s 162.895s
ds4:   decode path so far: 5824 single-row steps (82.1 ms each inside the graph over the last 64), 0 K-row verification steps over 0 positions, 0 batch-fusion sites taken; candidate K none
ds4: gate over tokens 5761-5824: 16.06 command buffers, 3.16 aborts, 240.0 expert ids accounted, 32.78 MiB loaded a token; 0 the gate failed to switch off, 0 it could not gate
ds4:   one token, exclusive, same window: entry 0.00 + encode 1.38 + commit-to-done 54.59 + repair-load 14.21 + accounting 0.05 + tail 2.32 = 72.56 of a 79.85 ms wall, residual 7.30
ds4:   GPU busy 60.31 ms of the token's wall (the union of its buffers' spans), idle 19.54 ms
ds4:   1282.1 gated dispatches a token, 0.9 of them behind an abort; 118.8 sent plain ahead of a buffer's first validate
ds4:   encode-ahead: 11.91 segments used, 3.12 dropped, 7.02 ms a token spent encoding under the GPU
ds4:   concurrent sections: 109.84 attempted, 109.84 opened a token
ds4:   speculation: 0.00 layers a token, 0.00 lanes computed, 0.00 matched, 0.00 GEMVs actually saved, 0.00 left to compute; compared 0.00 lanes, 0.00 floats differ, 0.00 by more than an ulp
ds4:   Metal 4: 20.19 command buffers sent, 1712.5 dispatches a token; 0 pieces of Metal 3 work so far
ds4:   Metal 4 a token: 20.19 contexts in 20.19 command buffers (0.00 split); 1762.7 nodes = 1712.5 dispatches + 50.3 copies; barriers 1276.7 from the graph, 40.4 queue; engine asked for 66.8 barriers and 236.7 section ends, neither encoded; 6985.3 buffer and 1966.7 constant bindings (175012 B), 0.0 with no stated length; 20.19 blocking waits, 55.22 ms
ds4:   expert cache over the last 64 tokens: 240.00 hits, 3.45 misses, 3.45 evictions a token; 7041 of 7041 entries live (100.0%)
ds4:   of the address-table holes repaired a token: 0.00 already resident, 3.45 genuinely absent
ds4:   of the repair a token: readahead 11.24 ms, slot preparation 0.50 ms, reads 2.38 ms, install 0.02 ms, over 3.45 loads
ds4:   Engram rows written at step start in 5824 steps; layer-13 drains 0
ds4:   residency a token: 0.00 adds, 0.00 removes, 0.00 commits
1004 12:39:27 ds4-server: chat ctx=1926..1976:50 gen=1950 decoding chunk=12.92 t/s avg=11.69 t/s 166.766s
ds4:   decode path so far: 5888 single-row steps (80.9 ms each inside the graph over the last 64), 0 K-row verification steps over 0 positions, 0 batch-fusion sites taken; candidate K none
ds4: gate over tokens 5825-5888: 15.22 command buffers, 1.80 aborts, 240.0 expert ids accounted, 18.09 MiB loaded a token; 0 the gate failed to switch off, 0 it could not gate
ds4:   one token, exclusive, same window: entry 0.00 + encode 0.96 + commit-to-done 57.05 + repair-load 10.52 + accounting 0.05 + tail 2.39 = 70.97 of a 77.83 ms wall, residual 6.87
ds4:   GPU busy 63.63 ms of the token's wall (the union of its buffers' spans), idle 14.20 ms
ds4:   1276.5 gated dispatches a token, 2.3 of them behind an abort; 75.6 sent plain ahead of a buffer's first validate
ds4:   encode-ahead: 12.42 segments used, 1.70 dropped, 6.71 ms a token spent encoding under the GPU
ds4:   concurrent sections: 96.62 attempted, 96.62 opened a token
ds4:   speculation: 0.00 layers a token, 0.00 lanes computed, 0.00 matched, 0.00 GEMVs actually saved, 0.00 left to compute; compared 0.00 lanes, 0.00 floats differ, 0.00 by more than an ulp
ds4:   Metal 4: 17.92 command buffers sent, 1533.0 dispatches a token; 0 pieces of Metal 3 work so far
ds4:   Metal 4 a token: 17.92 contexts in 17.92 command buffers (0.00 split); 1571.4 nodes = 1533.0 dispatches + 38.4 copies; barriers 1143.7 from the graph, 35.8 queue; engine asked for 60.6 barriers and 209.4 section ends, neither encoded; 6246.2 buffer and 1757.9 constant bindings (156431 B), 0.0 with no stated length; 17.92 blocking waits, 57.96 ms
ds4:   expert cache over the last 64 tokens: 240.00 hits, 1.91 misses, 1.91 evictions a token; 7041 of 7041 entries live (100.0%)
ds4:   of the address-table holes repaired a token: 0.00 already resident, 1.91 genuinely absent
ds4:   of the repair a token: readahead 8.69 ms, slot preparation 0.30 ms, reads 1.48 ms, install 0.01 ms, over 1.91 loads
ds4:   Engram rows written at step start in 5888 steps; layer-13 drains 0
ds4:   residency a token: 0.00 adds, 0.00 removes, 0.00 commits
1004 12:39:31 ds4-server: chat ctx=1976..2026:50 gen=2000 decoding chunk=12.56 t/s avg=11.71 t/s 170.746s
1004 12:39:35 ds4-server: chat ctx=2026..2074:48 gen=2048 decoding chunk=12.69 t/s avg=11.73 t/s 174.527s
1004 12:39:35 ds4-server: token ids: 2048, hash a0c6ae3de0b18097, stop output limit token -1, every 64: 69e27872,cb89b899,99abbec0,8886008d,eda48cd2,d20553e5,3cd2bc28,71eb067d,00c50b18,8fa8bc4d,4fd79c74,312349b0,39b5a0d6,41f258c6,57a5f786,9e405126,6fa55ae4,ff312a3f,915ea26b,058f9b8c,98af9498,85c2612e,628f3c29,cd435456,9c4a05dc,44bb43a8,25f29dcd,b8ca6910,ffed52e9,4e997f8d,4b2e444e,a0c6ae3d
ds4: backend request Metal 4 encoder batch                  encoder=4730153
ds4: backend request Metal 4 tensor_copy                    blit=28105
ds4: backend request Metal 4 segment                        commit=53249
ds4: backend request Metal 4 wait                           wait=53249
ds4: backend request Metal 4 tensor_read                    readback=2049
ds4: backend request totals over 2048 tokens (selected Metal 4): M3 commit=0 wait=0 signal=0 evwait=0 blit=0 encoder=0 readback=0 M4 commit=53249 wait=53249 signal=0 evwait=0 blit=28105 encoder=4730153 readback=2049; Metal 3 fallback 0; site table overflow 0
ds4: backend request boundary flush          pc 0x1000c4e2c 38164
ds4: backend request boundary flush          pc 0x1000c5208 35438
ds4: backend request boundary wait mark      pc 0x1000c51e8 35438
ds4: backend request boundary wait           pc 0x1000c52f8 13036
ds4: backend request boundary wait           pc 0x1000c524c 2726
ds4: backend request boundary end            pc 0x1000c63a8 2074
ds4: backend request boundary end            pc 0x1000cb780 2049
ds4: Metal 4 bindings with no stated length: 0 at 0 call sites
ds4: backend request Metal 4 feedback after completion: 50551 waits, 1049.212 ms
ds4: backend request Metal 3 command execution after Metal 4 selection: 0 (refused 0); Metal 3 queues created before selection 0, after 0; full expert address table uses 0
ds4: backend request background: keepalive M3 0 M4 467, pacer M3 0 M4 0 (cumulative)
1004 12:39:35 ds4-server: token trace: 0 128803 65106 1192 260 5970 25454 74638 411 12740 14 538 27650 304 43255 14 295 412 1949 6271 412 440 588 16 128804 128822 | 5 455 7586 294 411 38467 28 5795 93478 304 70244 271 43 5922 4961 1407 260 5970 798 9934 26373 52365 5096 287 25454 343 37947 38775 7643 2394 877 69982 267 223 22 17 46099 373 78858 1312 11 42608 260 4031 12740 16 455 3077 17016 344 396 582 35562 10063 411 12740 4 344 3146 260 28499 294 6883 397 13656 14 305 1623 12846 477 295 14349 19649 339 372 223 19 16 93478 271 671 2305 8058 343 10688 11 4365 509 270 2894 12740 16 455 27650 4761 979 15 2619 8158 85 270 13248 666 305 32093 436 304 270 462 19 12740 23809 343 95111 223 2111 1127 2892 31893 14 223 26 29402 5772 15 2619 101900 85 270 2894 13248 666 1936 12761 1205 270 2573 12740 344 16 16450 5161 15 2521 27650 223 926 1127 2111 20711 716 9225 305 6235 890 304 223 20 4737 19580 716 9225 1812 260 2619 91419 4216 17437 343 22521 36 22604 305 260 2619 91419 3980 4184 666 343 36 10311 11 2136 2915 260 330 16412 53510 418 12429 294 23914 603 15 2052 270 462 19 43 72125 14 270 5118 7881 304 462 20 14 1539 462 21 14 1539 24691 4130 16 334 24691 4130 5479 6329 6883 792 1127 5126 21759 14 2184 778 270 5161 20962 93324 343 272 14 418 327 13337 14 2658 12625 49665 270 12912 2008 671 114400 20711 807 1055 411 2619 101528 27650 18505 666 343 272 6578 1055 64285 2008 372 223 20 16 4701 10382 8308 305 31215 5629 8686 271 90 5926 12846 477 7515 45462 343 19 1127 856 20711 754 832 270 5161 20962 2231 1783 12740 17490 979 15 2619 8423 10382 8308 666 15844 26490 11788 396 1494 366 12740 12444 603 15 2619 13004 67940 666 22653 1660 12740 734 4892 16 1162 344 260 20726 118362 111127 29 38775 6623 260 582 3037 94775 4 3132 304 21886 6405 12846 1055 260 64285 18505 339 52 50922 4756 2991 343 54464 2892 14 433 50922 13582 11 611 9305 223 22 10531 592 343 272 223 20 10531 592 41761 11 12846 14 832 566 6632 344 45189 339 372 223 21 16 5629 1184 271 671 67940 47675 270 108036 12675 12740 1055 2619 56560 15 4759 343 15209 4759 22604 2136 270 7982 433 50922 11727 7574 270 66097 5300 74638 339 15 334 4654 3608 3327 1163 90 14 494 73332 66 7706 834 6023 476 603 15 334 4190 1527 5926 12740 1277 3608 15277 2373 54561 66 469 260 6464 56399 458 3608 3327 764 27885 3031 1250 66 1142 3644 223 20 1127 22 6023 4759 343 3932 14 13558 55 14 7580 5772 15 455 67940 41518 28 1720 8308 14 4688 6761 83557 47595 14 14405 104136 18486 14 305 30698 339 53126 125836 611 223 22 1127 24 64285 30481 343 94353 24886 82348 28 223 24 29772 797 2052 270 6023 476 23809 343 6534 4167 11 23404 14 64285 344 38627 284 13583 339 372 223 22 16 6023 476 69717 1492 118415 271 16186 5970 125836 611 260 2619 15209 476 23809 666 343 94353 28 6883 22 45 23914 29 57694 28 1720 23809 11 396 16765 4006 55034 15488 6023 4759 16 2483 260 8180 14 270 5161 20962 41775 890 304 223 24 1127 26 6023 4759 17 19545 6578 14 38627 288 64285 16 1162 42252 2333 305 8118 767 270 5379 5161 20962 339 372 223 23 16 14619 691 305 2899 39997 271 2337 344 1479 798 9934 26373 16846 12600 16 455 6023 476 30861 270 2619 122304 17 110194 666 6632 979 15 2619 43039 17921 10006 18586 32492 47595 343 7691 58 14 44937 58 14 5532 11 477 45083 304 5131 47595 538 260 3226 11761 343 94353 28 6883 13161 9132 940 6883 13161 8568 797 1162 61867 5062 38937 343 57 2271 17 29388 57 34782 797 8829 6023 476 9285 260 1017 5131 16907 9318 603 15 2619 5480 5952 18586 270 6023 476 344 14037 411 10451 295 270 2619 266 4010 17437 343 3674 36 22604 2136 260 21038 17437 294 6883 3712 23914 377 5970 38775 2136 305 23914 295 270 2619 29120 18505 666 343 85 77385 11 362 1009 16846 3386 1312 603 15 2619 51194 17921 10006 18586 433 12973 60238 16604 477 61511 2727 14 832 14790 15 25002 17745 2090 1664 105637 339 3575 270 107857 469 108639 344 3530 14 270 5161 20962 93324 343 3555 63497 2008 372 223 24 16 100330 1492 18280 271 671 6023 476 33591 295 260 2619 85 77385 666 343 791 716 16846 3386 1312 28 13558 55 14 5709 14 7580 14 8568 14 14531 797 8829 9225 14 270 108639 42090 7692 6023 4759 2136 1948 6501 4688 5131 47595 477 3510 2136 305 4653 1066 304 16846 30481 339 15 2619 125438 1425 18586 1082 260 15863 6023 476 62038 14 436 98125 1009 5131 9318 14316 29 11602 6023 4759 396 6450 377 436 3644 582 3793 14258 15 2619 56907 18586 411 4109 4890 469 16317 64529 2634 42090 270 26627 7692 6023 476 716 3386 603 15 2619 18277 85 18586 312 3588 1042 38775 769 6883 736 30481 28 223 22 13558 55 14 223 20 5709 14 223 20 7580 14 223 20 8568 14 223 19 14531 14 5655 16 334 6023 476 1142 366 13319 304 1117 3386 295 1009 1312 339 2337 344 270 4082 294 798 9934 26373 28 260 15590 8181 6023 476 588 5452 1901 411 9403 834 78297 377 260 23809 5479 339 372 223 25 16 86895 271 671 6023 476 22556 1009 16846 4761 979 15 2619 14144 85250 18586 9132 1258 74732 72850 297 41713 3426 14 223 19 9225 52636 603 15 2619 37460 124911 18586 223 21 1127 23 21759 603 15 2619 12311 18586 89946 3756 343 14707 940 5508 12 36452 940 11062 754 21323 270 2619 3932 73045 4761 343 46 7773 22604 362 52137 3752 418 295 100815 16765 14 23332 462 19 38 343 22 76465 52636 754 469 7881 304 462 20 12067 21 17 11704 4130 603 15 2619 24957 18586 89946 3756 305 1499 14 20366 304 270 2619 23008 17437 666 29 270 7717 23809 5085 11396 3859 509 20793 603 15 2619 84285 18586 108068 270 5664 14 43138 2765 270 18800 16 334 6521 92980 40562 260 2619 117586 18586 710 15590 6023 4759 477 3205 20405 14 270 4813 13248 344 33322 14 305 27650 2591 9839 16 63147 1189 28 6883 856 1127 397 21759 603 15 2619 32867 18586 40151 38 17 20199 85250 295 270 47891 55 28499 343 21 1127 25 21759 362 447 8564 5772 15 2619 13613 20828 16846 18586 5675 3669 411 84729 14531 344 71350 16 27873 787 127753 50635 3920 260 5709 52137 1986 260 36875 7580 29 855 7139 14 270 5709 344 322 72018 339 25050 477 4866 1559 304 270 5131 9318 4245 343 272 89311 754 305 270 15863 6023 476 734 14316 344 20774 304 21376 6450 749 339 372 223 26 16 15361 3555 271 671 16846 1529 344 4866 1055 270 2619 72610 9318 4245 666 305 270 6023 476 344 10461 582 50359 4 295 270 107857 16 983 344 982 2869 12 4671 32492 2136 270 32492 9318 4245 2413 12927 270 3072 1990 3514 20793 339 372 223 27 16 70244 343 65075 868 671 107857 1094 4241 12846 2619 261 2305 2496 13510 2578 304 11104 979 15 3245 270 2578 6023 476 344 5553 343 458 554 71350 2136 1009 14531 305 1117 25207 19580 477 27081 754 436 1094 4241 603 15 2619 26614 7279 1614 2501 9502 18586 270 5131 9318 11630 270 1529 344 61511 304 270 32492 9318 343 272 270 3072 5131 9318 344 38444 797 433 12973 60238 14 119599 14 5655 16 477 11336 603 15 2619 24957 8929 18586 12512 3507 16765 3644 14114 304 6464 343 42488 304 462 19 38 11 295 2496 603 15 2619 116600 18586 855 270 6023 476 14745 284 343 71 3588 1042 4366 14745 14 1823 24648 754 20793 344 1479 270 13981 344 15163 2136 270 107857 344 88071 14 305 2703 35666 304 270 38581 418 19041 32492 2501 603 15 2619 84285 6521 92980 12138 18586 855 260 14531 509 270 2578 515 6521 49654 16040 14 270 107857 344 88071 538 396 1752 14 305 27650 27912 85 339 11614 15681 344 270 1752 1479 270 12740 7706 2619 1501 7279 31180 14114 666 2136 270 2305 734 60347 2501 4123 339 372 223 553 16 5245 8555 319 15681 271 15 455 107857 10451 344 38444 14 10228 260 1017 6023 476 304 366 61511 1055 436 603 15 455 5131 9318 344 10274 304 270 3080 2310 603 15 455 6023 476 23809 1142 366 11336 603 15 18982 63984 343 2101 2031 12846 14 21759 11 35133 339 372 9075 89207 271 15 2619 13613 2433 18586 270 25454 111855 14531 9935 305 6464 52137 3752 14 42608 10300 29 7139 111855 477 3205 20405 603 15 2619 9194 9934 26373 18586 12846 5452 2951 377 1499 50707 14 554 2305 2496 29 20793 2591 3733 2496 603 15 2619 50653 10006 18586 5131 47595 4189 5062 38937 14 21264 120988 603 15 2619 8423 33485 18586 32492 2501 1353 4123 509 20793 14 832 31698 305 6521 92980 85 477 19041 603 15 2619 36 2725 6321 101782 18586 5161 20962 8411 343 111671 754 107857 3701 14 108639 3701 14 5131 9318 1895 14 305 23809 2731 55699 52636 710 6461 103546 339 35 4031 12740 734 8572 344 6473 260 6883 397 38346 28499 14 790 270 25454 734 2041 19075 344 3638 16337 294 12846 509 1688 13656 19649 2136 396 734 1205 4491 436 6292 16 2052 440 7485 1277 14 342 588 46716 1055 1117 834 6632 343 71 3588 1042 270 108639 734 21376 1425 17 13933 14188 14 469 270 6464 787 127753 53510 797 4 37236 95 223 4588 223 4588 223 4588 223 4588 223 4588 223 4588 223 4588 223 4588 223 4588 223 4588 223 4588 223 4588 223 4588 223 4588 223 4588 223 4588 223 4588 223 4588 223 4588 223 4588 223 4588 223 4588 223 4588 223 4588 223 4588 223 4588 223 4588 223 4588 223 4588 223 4588 223 4588 223 4588 223 4588 223 4588 223 4588 223 4588 223 4588 223 4588 223 4588 223 4588 223 4588 223 4588 223 4588 223 4588 223 4588 223 4588 223 4588 223 4588 223 4588 223 4588 223 4588 223 4588 223 4588 223 4588 223 4588 223 4588 223 4588 223 4588 223 4588 223 4588 223 4588 223 4588 223 4588 223 4588 223 4588 223 4588 223 4588 223 4588 223 4588 223 4588 223 4588 223 4588 223 4588 223 4588 223 4588 223 4588 223 4588 223 4588 223 4588 223 4588 223 4588 223 4588 223 4588 223 4588 223 4588 223 4588 223 4588 223 4588 223 4588 223 4588 223 4588 223 4588 223 4588 223 4588 223 4588 223 4588 223 4588 223 4588 223 4588 223 4588 223 4588 223 4588 223 4588 223 4588 223 4588 223 4588 223 4588 223 4588 223 4588 223 4588 223 4588 223 4588 223 4588 223 4588 223 4588 223 4588 223 4588 223 4588 223 4588 223 4588 223 4588 223 4588 223 4588 223 4588 223 4588 223 4588 223 4588 223 4588 223 4588 223 4588 223 4588 223 4588 223 4588 223 4588 223 4588 223 4588 223 4588 223 4588 223 4588 223 4588 223 4588 223 4588 223 4588 223 4588 223 4588 223 4588 223 4588 223 4588 223 4588 223 4588 223 4588 223 4588 223 4588 223 4588 223 4588 223 4588 223
1004 12:39:35 ds4-server: metal 4 at request end: 170964 commits, 170964 feedback, 0 errors, residency 0 entries 0.0 MiB
1004 12:39:35 ds4-server: router finalize so far: 420085 fused, 0 generic, 0 fallback; compare 0 calls, mismatches 0 probs 0 ids 0 weights
1004 12:39:35 ds4-server: transition compare words differing so far: mix 0 split 0 sum 0 norm 0 residual 0 pre 0 kv 0 window 0 low 0 rows 0 expand 0 expand-sum 0 expand-norm 0 route-proj 0 route-select 0, over 0 comparisons
1004 12:39:35 ds4-server: chat ctx=0..26:26 gen=2048 finish=length 178.193s
1004 12:39:35 ds4-server: shutdown requested, draining requests
ds4: memory budget: peak 77.86 GiB allocated of 80.00 GiB; 12 slab(s) given back, 0 allocation(s) refused, cache growth stopped 0 time(s)
ds4: expert directory: 0 pinned hits, 0 cache hits, 68580 loads; 0 address mismatches, 0 missing with a non-zero slot, 0 selected and missing; 0 pinned experts given back to the budget
