ds4: abort gate on for the first 40 layers
ds4: Metal device Apple M5 Max, 128.00 GiB RAM
ds4: Metal 4 tensor API enabled for Tensor kernels
ds4: drift-patch flags hc_stable=on norm_unify=on kv_raw_f32=off rope_exp2_log2=off math_safe=off tensor_matmul=on
ds4: V4.1 SSD cache fitted from 10268 to 6665 experts for context/runtime headroom
ds4: Metal backend: Metal 4
ds4: Metal SSD streaming mode enabled; full model residency and warmup are skipped
ds4: metal SSD streaming cache target 61.78 GiB; effective 61.78 GiB = 7.12 GiB prefill headroom + 54.66 GiB dynamic cache (5897 experts, 9.49 MiB each)
ds4: Metal SSD static weights locked 9.37 GiB; pageable 0.00 GiB
ds4: SSD streaming initial metal model map (569 spans, 9.37 GiB tensor span)
ds4: metal backend initialized for graph diagnostics
ds4: expert cache prewarmed from the built-in V4.1 hotlist: 5892 experts (0 failed), 54.62 GiB in 5.85 s; stopped where the cache was full
ds4: memory: KV 0.06 GiB (raw 0.01 + compressed 0.05) + buffers 3.36 GiB + resident model 9.37 GiB + expert cache 54.66 GiB + prefill expert reserve 7.12 GiB = 74.57 GiB planned
ds4: memory detail: ctx=8192 prefill_cap=4096 raw_kv_rows=128 compressed_kv_rows=8193 backend=metal
ds4: sharded queue warm is Metal 3 only and the Metal 4 backend is selected
ds4: V4.1 executor ABI 3, arena align 256, rev 8506d61cb0f1-dirty, built Oct  6 2026 20:08:40
ds4: V4.1 static context buffers 3503.03 MiB (ctx=8192), Engram disk-only
ds4: V4.1 static context buffers 3503.03 MiB (ctx=8192), Engram disk-only
ds4: shared/routed FFN overlap ran, mode 1
ds4: expert cache lent the prefill headroom for decode: 5897 -> 6665 experts
ds4: expert cache lent the prefill headroom for decode: 5897 -> 6665 experts
ds4:   decode path so far: 64 single-row steps (99.4 ms each inside the graph over the last 64), 0 K-row verification steps over 0 positions, 0 batch-fusion sites taken; candidate K none
ds4: gate over tokens 1-64: 26.20 command buffers, 18.38 aborts, 240.0 expert ids accounted, 313.69 MiB loaded a token; 0 the gate failed to switch off, 0 it could not gate
ds4:   one token, exclusive, same window: entry 0.00 + encode 2.26 + commit-to-done 64.72 + repair-load 26.56 + accounting 0.06 + tail 0.36 = 93.95 of a 99.05 ms wall, residual 5.11
ds4:   GPU busy 64.34 ms of the token's wall (the union of its buffers' spans), idle 34.71 ms
ds4:   1375.8 gated dispatches a token, 11.2 of them behind an abort; 583.9 sent plain ahead of a buffer's first validate
ds4:   encode-ahead: 6.83 segments used, 17.73 dropped, 4.42 ms a token spent encoding under the GPU
ds4:   concurrent sections: 251.78 attempted, 251.78 opened a token
ds4:   speculation: 0.00 layers a token, 0.00 lanes computed, 0.00 matched, 0.00 GEMVs actually saved, 0.00 left to compute; compared 0.00 lanes, 0.00 floats differ, 0.00 by more than an ulp
ds4:   Metal 4: 44.17 command buffers sent, 3581.8 dispatches a token; 0 pieces of Metal 3 work so far
ds4:   Metal 4 a token: 44.17 contexts in 44.17 command buffers (0.00 split); 3769.4 nodes = 3581.8 dispatches + 187.6 copies; barriers 2757.5 from the graph, 88.3 queue; engine asked for 132.1 barriers and 529.4 section ends, neither encoded; 14959.0 buffer and 4168.7 constant bindings (379652 B), 0.0 with no stated length; 44.17 blocking waits, 64.97 ms
ds4:   expert cache over the last 64 tokens: 227.75 hits, 125.11 misses, 30.20 evictions a token; 6074 of 6665 entries live (91.1%)
ds4:   of the address-table holes repaired a token: 0.00 already resident, 125.11 genuinely absent
ds4:   of the repair a token: readahead 33.03 ms, slot preparation 37.38 ms, reads 46.55 ms, install 0.17 ms, over 125.11 loads
ds4:   Engram rows written at step start in 64 steps; layer-13 drains 0
ds4:   residency a token: 0.00 adds, 0.00 removes, 0.00 commits
ds4:   decode path so far: 128 single-row steps (92.8 ms each inside the graph over the last 64), 0 K-row verification steps over 0 positions, 0 batch-fusion sites taken; candidate K none
ds4: gate over tokens 65-128: 20.66 command buffers, 10.03 aborts, 240.0 expert ids accounted, 129.92 MiB loaded a token; 0 the gate failed to switch off, 0 it could not gate
ds4:   one token, exclusive, same window: entry 0.00 + encode 1.56 + commit-to-done 62.88 + repair-load 19.21 + accounting 0.06 + tail 2.39 = 86.11 of a 90.84 ms wall, residual 4.74
ds4:   GPU busy 66.08 ms of the token's wall (the union of its buffers' spans), idle 24.76 ms
ds4:   1315.1 gated dispatches a token, 11.2 of them behind an abort; 326.1 sent plain ahead of a buffer's first validate
ds4:   encode-ahead: 9.62 segments used, 9.45 dropped, 4.09 ms a token spent encoding under the GPU
ds4:   concurrent sections: 171.56 attempted, 171.56 opened a token
ds4:   speculation: 0.00 layers a token, 0.00 lanes computed, 0.00 matched, 0.00 GEMVs actually saved, 0.00 left to compute; compared 0.00 lanes, 0.00 floats differ, 0.00 by more than an ulp
ds4:   Metal 4: 31.11 command buffers sent, 2503.6 dispatches a token; 0 pieces of Metal 3 work so far
ds4:   Metal 4 a token: 31.11 contexts in 31.11 command buffers (0.00 split); 2591.1 nodes = 2503.6 dispatches + 87.5 copies; barriers 1927.0 from the graph, 62.2 queue; engine asked for 94.8 barriers and 364.2 section ends, neither encoded; 10442.2 buffer and 2894.4 constant bindings (265214 B), 0.0 with no stated length; 31.11 blocking waits, 64.08 ms
ds4:   expert cache over the last 64 tokens: 239.98 hits, 13.69 misses, 4.45 evictions a token; 6665 of 6665 entries live (100.0%)
ds4:   of the address-table holes repaired a token: 0.00 already resident, 13.69 genuinely absent
ds4:   of the repair a token: readahead 9.49 ms, slot preparation 4.67 ms, reads 4.87 ms, install 0.03 ms, over 13.69 loads
ds4:   Engram rows written at step start in 128 steps; layer-13 drains 0
ds4:   residency a token: 0.00 adds, 0.00 removes, 0.00 commits
ds4:   decode path so far: 192 single-row steps (87.8 ms each inside the graph over the last 64), 0 K-row verification steps over 0 positions, 0 batch-fusion sites taken; candidate K none
ds4: gate over tokens 129-192: 19.28 command buffers, 7.91 aborts, 240.0 expert ids accounted, 95.66 MiB loaded a token; 0 the gate failed to switch off, 0 it could not gate
ds4:   one token, exclusive, same window: entry 0.00 + encode 1.40 + commit-to-done 63.20 + repair-load 14.07 + accounting 0.06 + tail 2.42 = 81.15 of a 86.04 ms wall, residual 4.88
ds4:   GPU busy 67.00 ms of the token's wall (the union of its buffers' spans), idle 19.03 ms
ds4:   1299.0 gated dispatches a token, 6.5 of them behind an abort; 261.1 sent plain ahead of a buffer's first validate
ds4:   encode-ahead: 10.38 segments used, 7.53 dropped, 4.34 ms a token spent encoding under the GPU
ds4:   concurrent sections: 152.62 attempted, 152.62 opened a token
ds4:   speculation: 0.00 layers a token, 0.00 lanes computed, 0.00 matched, 0.00 GEMVs actually saved, 0.00 left to compute; compared 0.00 lanes, 0.00 floats differ, 0.00 by more than an ulp
ds4:   Metal 4: 27.81 command buffers sent, 2258.7 dispatches a token; 0 pieces of Metal 3 work so far
ds4:   Metal 4 a token: 27.81 contexts in 27.81 command buffers (0.00 split); 2350.3 nodes = 2258.7 dispatches + 91.6 copies; barriers 1741.3 from the graph, 55.6 queue; engine asked for 86.3 barriers and 325.2 section ends, neither encoded; 9409.9 buffer and 2607.5 constant bindings (239078 B), 0.0 with no stated length; 27.81 blocking waits, 64.45 ms
ds4:   expert cache over the last 64 tokens: 239.95 hits, 10.08 misses, 10.08 evictions a token; 6665 of 6665 entries live (100.0%)
ds4:   of the address-table holes repaired a token: 0.00 already resident, 10.08 genuinely absent
ds4:   of the repair a token: readahead 7.74 ms, slot preparation 0.56 ms, reads 5.49 ms, install 0.03 ms, over 10.08 loads
ds4:   Engram rows written at step start in 192 steps; layer-13 drains 0
ds4:   residency a token: 0.00 adds, 0.00 removes, 0.00 commits
ds4:   decode path so far: 256 single-row steps (85.3 ms each inside the graph over the last 64), 0 K-row verification steps over 0 positions, 0 batch-fusion sites taken; candidate K none
ds4: gate over tokens 193-256: 18.33 command buffers, 6.45 aborts, 240.0 expert ids accounted, 73.12 MiB loaded a token; 0 the gate failed to switch off, 0 it could not gate
ds4:   one token, exclusive, same window: entry 0.00 + encode 1.31 + commit-to-done 63.31 + repair-load 10.88 + accounting 0.06 + tail 2.47 = 78.04 of a 83.09 ms wall, residual 5.05
ds4:   GPU busy 67.92 ms of the token's wall (the union of its buffers' spans), idle 15.16 ms
ds4:   1296.0 gated dispatches a token, 6.1 of them behind an abort; 217.6 sent plain ahead of a buffer's first validate
ds4:   encode-ahead: 10.88 segments used, 6.17 dropped, 4.58 ms a token spent encoding under the GPU
ds4:   concurrent sections: 139.94 attempted, 139.94 opened a token
ds4:   speculation: 0.00 layers a token, 0.00 lanes computed, 0.00 matched, 0.00 GEMVs actually saved, 0.00 left to compute; compared 0.00 lanes, 0.00 floats differ, 0.00 by more than an ulp
ds4:   Metal 4: 25.50 command buffers sent, 2090.0 dispatches a token; 0 pieces of Metal 3 work so far
ds4:   Metal 4 a token: 25.50 contexts in 25.50 command buffers (0.00 split); 2169.4 nodes = 2090.0 dispatches + 79.4 copies; barriers 1611.8 from the graph, 51.0 queue; engine asked for 80.6 barriers and 298.9 section ends, neither encoded; 8702.2 buffer and 2410.9 constant bindings (221068 B), 0.0 with no stated length; 25.50 blocking waits, 64.67 ms
ds4:   expert cache over the last 64 tokens: 239.97 hits, 7.70 misses, 7.70 evictions a token; 6665 of 6665 entries live (100.0%)
ds4:   of the address-table holes repaired a token: 0.00 already resident, 7.70 genuinely absent
ds4:   of the repair a token: readahead 6.35 ms, slot preparation 0.55 ms, reads 3.79 ms, install 0.03 ms, over 7.70 loads
ds4:   Engram rows written at step start in 256 steps; layer-13 drains 0
ds4:   residency a token: 0.00 adds, 0.00 removes, 0.00 commits
ds4:   decode path so far: 320 single-row steps (85.3 ms each inside the graph over the last 64), 0 K-row verification steps over 0 positions, 0 batch-fusion sites taken; candidate K none
ds4: gate over tokens 257-320: 17.97 command buffers, 5.97 aborts, 240.0 expert ids accounted, 66.00 MiB loaded a token; 0 the gate failed to switch off, 0 it could not gate
ds4:   one token, exclusive, same window: entry 0.00 + encode 1.34 + commit-to-done 60.42 + repair-load 13.95 + accounting 0.07 + tail 2.38 = 78.16 of a 83.40 ms wall, residual 5.25
ds4:   GPU busy 65.02 ms of the token's wall (the union of its buffers' spans), idle 18.39 ms
ds4:   1328.2 gated dispatches a token, 5.3 of them behind an abort; 205.6 sent plain ahead of a buffer's first validate
ds4:   encode-ahead: 11.00 segments used, 5.70 dropped, 4.82 ms a token spent encoding under the GPU
ds4:   concurrent sections: 134.97 attempted, 134.97 opened a token
ds4:   speculation: 0.00 layers a token, 0.00 lanes computed, 0.00 matched, 0.00 GEMVs actually saved, 0.00 left to compute; compared 0.00 lanes, 0.00 floats differ, 0.00 by more than an ulp
ds4:   Metal 4: 24.67 command buffers sent, 2084.2 dispatches a token; 0 pieces of Metal 3 work so far
ds4:   Metal 4 a token: 24.67 contexts in 24.67 command buffers (0.00 split); 2158.9 nodes = 2084.2 dispatches + 74.6 copies; barriers 1560.6 from the graph, 49.3 queue; engine asked for 78.2 barriers and 288.6 section ends, neither encoded; 8541.5 buffer and 2394.0 constant bindings (214154 B), 0.0 with no stated length; 24.67 blocking waits, 61.63 ms
ds4:   expert cache over the last 64 tokens: 240.00 hits, 6.95 misses, 6.95 evictions a token; 6665 of 6665 entries live (100.0%)
ds4:   of the address-table holes repaired a token: 0.00 already resident, 6.95 genuinely absent
ds4:   of the repair a token: readahead 9.65 ms, slot preparation 0.55 ms, reads 3.56 ms, install 0.02 ms, over 6.95 loads
ds4:   Engram rows written at step start in 320 steps; layer-13 drains 0
ds4:   residency a token: 0.00 adds, 0.00 removes, 0.00 commits
ds4:   decode path so far: 384 single-row steps (81.9 ms each inside the graph over the last 64), 0 K-row verification steps over 0 positions, 0 batch-fusion sites taken; candidate K none
ds4: gate over tokens 321-384: 16.84 command buffers, 4.25 aborts, 240.0 expert ids accounted, 44.79 MiB loaded a token; 0 the gate failed to switch off, 0 it could not gate
ds4:   one token, exclusive, same window: entry 0.00 + encode 1.13 + commit-to-done 62.06 + repair-load 8.83 + accounting 0.07 + tail 2.47 = 74.55 of a 79.75 ms wall, residual 5.19
ds4:   GPU busy 67.18 ms of the token's wall (the union of its buffers' spans), idle 12.56 ms
ds4:   1317.2 gated dispatches a token, 7.7 of them behind an abort; 151.6 sent plain ahead of a buffer's first validate
ds4:   encode-ahead: 11.59 segments used, 3.95 dropped, 4.86 ms a token spent encoding under the GPU
ds4:   concurrent sections: 118.97 attempted, 118.97 opened a token
ds4:   speculation: 0.00 layers a token, 0.00 lanes computed, 0.00 matched, 0.00 GEMVs actually saved, 0.00 left to compute; compared 0.00 lanes, 0.00 floats differ, 0.00 by more than an ulp
ds4:   Metal 4: 21.80 command buffers sent, 1861.6 dispatches a token; 0 pieces of Metal 3 work so far
ds4:   Metal 4 a token: 21.80 contexts in 21.80 command buffers (0.00 split); 1921.3 nodes = 1861.6 dispatches + 59.7 copies; barriers 1394.8 from the graph, 43.6 queue; engine asked for 70.8 barriers and 255.5 section ends, neither encoded; 7626.9 buffer and 2136.0 constant bindings (191113 B), 0.0 with no stated length; 21.80 blocking waits, 63.47 ms
ds4:   expert cache over the last 64 tokens: 240.00 hits, 4.72 misses, 4.72 evictions a token; 6665 of 6665 entries live (100.0%)
ds4:   of the address-table holes repaired a token: 0.00 already resident, 4.72 genuinely absent
ds4:   of the repair a token: readahead 5.98 ms, slot preparation 0.48 ms, reads 2.26 ms, install 0.02 ms, over 4.72 loads
ds4:   Engram rows written at step start in 384 steps; layer-13 drains 0
ds4:   residency a token: 0.00 adds, 0.00 removes, 0.00 commits
ds4:   decode path so far: 448 single-row steps (88.0 ms each inside the graph over the last 64), 0 K-row verification steps over 0 positions, 0 batch-fusion sites taken; candidate K none
ds4: gate over tokens 385-448: 17.12 command buffers, 4.77 aborts, 240.0 expert ids accounted, 53.10 MiB loaded a token; 0 the gate failed to switch off, 0 it could not gate
ds4:   one token, exclusive, same window: entry 0.00 + encode 2.08 + commit-to-done 56.85 + repair-load 16.31 + accounting 0.09 + tail 2.44 = 77.78 of a 86.71 ms wall, residual 8.93
ds4:   GPU busy 63.44 ms of the token's wall (the union of its buffers' spans), idle 23.27 ms
ds4:   1313.3 gated dispatches a token, 4.4 of them behind an abort; 170.4 sent plain ahead of a buffer's first validate
ds4:   encode-ahead: 11.36 segments used, 4.52 dropped, 8.53 ms a token spent encoding under the GPU
ds4:   concurrent sections: 123.41 attempted, 123.41 opened a token
ds4:   speculation: 0.00 layers a token, 0.00 lanes computed, 0.00 matched, 0.00 GEMVs actually saved, 0.00 left to compute; compared 0.00 lanes, 0.00 floats differ, 0.00 by more than an ulp
ds4:   Metal 4: 22.64 command buffers sent, 1925.6 dispatches a token; 0 pieces of Metal 3 work so far
ds4:   Metal 4 a token: 22.64 contexts in 22.64 command buffers (0.00 split); 1991.0 nodes = 1925.6 dispatches + 65.4 copies; barriers 1442.8 from the graph, 45.3 queue; engine asked for 72.8 barriers and 264.7 section ends, neither encoded; 7885.5 buffer and 2209.8 constant bindings (197706 B), 0.0 with no stated length; 22.64 blocking waits, 56.98 ms
ds4:   expert cache over the last 64 tokens: 239.98 hits, 5.59 misses, 5.59 evictions a token; 6665 of 6665 entries live (100.0%)
ds4:   of the address-table holes repaired a token: 0.00 already resident, 5.59 genuinely absent
ds4:   of the repair a token: readahead 11.73 ms, slot preparation 0.73 ms, reads 3.63 ms, install 0.04 ms, over 5.59 loads
ds4:   Engram rows written at step start in 448 steps; layer-13 drains 0
ds4:   residency a token: 0.00 adds, 0.00 removes, 0.00 commits
ds4:   decode path so far: 512 single-row steps (84.6 ms each inside the graph over the last 64), 0 K-row verification steps over 0 positions, 0 batch-fusion sites taken; candidate K none
ds4: gate over tokens 449-512: 17.14 command buffers, 4.58 aborts, 240.0 expert ids accounted, 51.76 MiB loaded a token; 0 the gate failed to switch off, 0 it could not gate
ds4:   one token, exclusive, same window: entry 0.00 + encode 1.58 + commit-to-done 55.05 + repair-load 15.27 + accounting 0.08 + tail 2.26 = 74.24 of a 81.34 ms wall, residual 7.10
ds4:   GPU busy 60.43 ms of the token's wall (the union of its buffers' spans), idle 20.91 ms
ds4:   1318.7 gated dispatches a token, 3.9 of them behind an abort; 162.3 sent plain ahead of a buffer's first validate
ds4:   encode-ahead: 11.56 segments used, 4.33 dropped, 6.74 ms a token spent encoding under the GPU
ds4:   concurrent sections: 121.91 attempted, 121.91 opened a token
ds4:   speculation: 0.00 layers a token, 0.00 lanes computed, 0.00 matched, 0.00 GEMVs actually saved, 0.00 left to compute; compared 0.00 lanes, 0.00 floats differ, 0.00 by more than an ulp
ds4:   Metal 4: 22.47 command buffers sent, 1903.3 dispatches a token; 0 pieces of Metal 3 work so far
ds4:   Metal 4 a token: 22.47 contexts in 22.47 command buffers (0.00 split); 1967.9 nodes = 1903.3 dispatches + 64.6 copies; barriers 1428.1 from the graph, 44.9 queue; engine asked for 72.3 barriers and 261.7 section ends, neither encoded; 7797.2 buffer and 2184.0 constant bindings (195601 B), 0.0 with no stated length; 22.47 blocking waits, 55.48 ms
ds4:   expert cache over the last 64 tokens: 239.98 hits, 5.45 misses, 5.45 evictions a token; 6665 of 6665 entries live (100.0%)
ds4:   of the address-table holes repaired a token: 0.00 already resident, 5.45 genuinely absent
ds4:   of the repair a token: readahead 10.51 ms, slot preparation 0.71 ms, reads 3.86 ms, install 0.03 ms, over 5.45 loads
ds4:   Engram rows written at step start in 512 steps; layer-13 drains 0
ds4:   residency a token: 0.00 adds, 0.00 removes, 0.00 commits
ds4:   decode path so far: 576 single-row steps (81.8 ms each inside the graph over the last 64), 0 K-row verification steps over 0 positions, 0 batch-fusion sites taken; candidate K none
ds4: gate over tokens 513-576: 16.44 command buffers, 3.56 aborts, 240.0 expert ids accounted, 37.38 MiB loaded a token; 0 the gate failed to switch off, 0 it could not gate
ds4:   one token, exclusive, same window: entry 0.00 + encode 1.17 + commit-to-done 60.18 + repair-load 10.06 + accounting 0.08 + tail 2.48 = 73.97 of a 80.14 ms wall, residual 6.17
ds4:   GPU busy 65.68 ms of the token's wall (the union of its buffers' spans), idle 14.47 ms
ds4:   1315.9 gated dispatches a token, 3.9 of them behind an abort; 131.9 sent plain ahead of a buffer's first validate
ds4:   encode-ahead: 11.88 segments used, 3.39 dropped, 5.91 ms a token spent encoding under the GPU
ds4:   concurrent sections: 112.72 attempted, 112.72 opened a token
ds4:   speculation: 0.00 layers a token, 0.00 lanes computed, 0.00 matched, 0.00 GEMVs actually saved, 0.00 left to compute; compared 0.00 lanes, 0.00 floats differ, 0.00 by more than an ulp
ds4:   Metal 4: 20.83 command buffers sent, 1777.5 dispatches a token; 0 pieces of Metal 3 work so far
ds4:   Metal 4 a token: 20.83 contexts in 20.83 command buffers (0.00 split); 1831.8 nodes = 1777.5 dispatches + 54.4 copies; barriers 1332.5 from the graph, 41.7 queue; engine asked for 68.1 barriers and 242.7 section ends, neither encoded; 7277.2 buffer and 2037.9 constant bindings (182349 B), 0.0 with no stated length; 20.83 blocking waits, 61.11 ms
ds4:   expert cache over the last 64 tokens: 239.98 hits, 3.94 misses, 3.94 evictions a token; 6665 of 6665 entries live (100.0%)
ds4:   of the address-table holes repaired a token: 0.00 already resident, 3.94 genuinely absent
ds4:   of the repair a token: readahead 6.83 ms, slot preparation 0.62 ms, reads 2.51 ms, install 0.02 ms, over 3.94 loads
ds4:   Engram rows written at step start in 576 steps; layer-13 drains 0
ds4:   residency a token: 0.00 adds, 0.00 removes, 0.00 commits
ds4:   decode path so far: 640 single-row steps (85.6 ms each inside the graph over the last 64), 0 K-row verification steps over 0 positions, 0 batch-fusion sites taken; candidate K none
ds4: gate over tokens 577-640: 16.86 command buffers, 4.44 aborts, 240.0 expert ids accounted, 48.94 MiB loaded a token; 0 the gate failed to switch off, 0 it could not gate
ds4:   one token, exclusive, same window: entry 0.00 + encode 1.51 + commit-to-done 60.71 + repair-load 12.09 + accounting 0.09 + tail 2.51 = 76.91 of a 83.69 ms wall, residual 6.78
ds4:   GPU busy 66.26 ms of the token's wall (the union of its buffers' spans), idle 17.43 ms
ds4:   1311.9 gated dispatches a token, 2.4 of them behind an abort; 159.9 sent plain ahead of a buffer's first validate
ds4:   encode-ahead: 11.42 segments used, 4.23 dropped, 6.46 ms a token spent encoding under the GPU
ds4:   concurrent sections: 120.38 attempted, 120.38 opened a token
ds4:   speculation: 0.00 layers a token, 0.00 lanes computed, 0.00 matched, 0.00 GEMVs actually saved, 0.00 left to compute; compared 0.00 lanes, 0.00 floats differ, 0.00 by more than an ulp
ds4:   Metal 4: 22.09 command buffers sent, 1881.4 dispatches a token; 0 pieces of Metal 3 work so far
ds4:   Metal 4 a token: 22.09 contexts in 22.09 command buffers (0.00 split); 1943.8 nodes = 1881.4 dispatches + 62.4 copies; barriers 1409.8 from the graph, 44.2 queue; engine asked for 71.4 barriers and 258.4 section ends, neither encoded; 7706.5 buffer and 2158.8 constant bindings (193155 B), 0.0 with no stated length; 22.09 blocking waits, 61.41 ms
ds4:   expert cache over the last 64 tokens: 240.00 hits, 5.16 misses, 5.16 evictions a token; 6665 of 6665 entries live (100.0%)
ds4:   of the address-table holes repaired a token: 0.00 already resident, 5.16 genuinely absent
ds4:   of the repair a token: readahead 6.46 ms, slot preparation 0.72 ms, reads 4.74 ms, install 0.03 ms, over 5.16 loads
ds4:   Engram rows written at step start in 640 steps; layer-13 drains 0
ds4:   residency a token: 0.00 adds, 0.00 removes, 0.00 commits
ds4:   decode path so far: 704 single-row steps (80.3 ms each inside the graph over the last 64), 0 K-row verification steps over 0 positions, 0 batch-fusion sites taken; candidate K none
ds4: gate over tokens 641-704: 15.92 command buffers, 2.89 aborts, 240.0 expert ids accounted, 30.11 MiB loaded a token; 0 the gate failed to switch off, 0 it could not gate
ds4:   one token, exclusive, same window: entry 0.00 + encode 1.09 + commit-to-done 57.70 + repair-load 5.70 + accounting 0.09 + tail 2.37 = 66.95 of a 73.40 ms wall, residual 6.45
ds4:   GPU busy 63.72 ms of the token's wall (the union of its buffers' spans), idle 9.68 ms
ds4:   1301.1 gated dispatches a token, 1.9 of them behind an abort; 111.8 sent plain ahead of a buffer's first validate
ds4:   encode-ahead: 12.03 segments used, 2.78 dropped, 6.23 ms a token spent encoding under the GPU
ds4:   concurrent sections: 106.38 attempted, 106.38 opened a token
ds4:   speculation: 0.00 layers a token, 0.00 lanes computed, 0.00 matched, 0.00 GEMVs actually saved, 0.00 left to compute; compared 0.00 lanes, 0.00 floats differ, 0.00 by more than an ulp
ds4:   Metal 4: 19.70 command buffers sent, 1692.6 dispatches a token; 0 pieces of Metal 3 work so far
ds4:   Metal 4 a token: 19.70 contexts in 19.70 command buffers (0.00 split); 1741.9 nodes = 1692.6 dispatches + 49.3 copies; barriers 1270.4 from the graph, 39.4 queue; engine asked for 65.1 barriers and 229.6 section ends, neither encoded; 6922.4 buffer and 1939.0 constant bindings (173571 B), 0.0 with no stated length; 19.70 blocking waits, 58.50 ms
ds4:   expert cache over the last 64 tokens: 240.00 hits, 3.17 misses, 3.17 evictions a token; 6665 of 6665 entries live (100.0%)
ds4:   of the address-table holes repaired a token: 0.00 already resident, 3.17 genuinely absent
ds4:   of the repair a token: readahead 3.28 ms, slot preparation 0.45 ms, reads 1.89 ms, install 0.02 ms, over 3.17 loads
ds4:   Engram rows written at step start in 704 steps; layer-13 drains 0
ds4:   residency a token: 0.00 adds, 0.00 removes, 0.00 commits
ds4:   decode path so far: 768 single-row steps (84.3 ms each inside the graph over the last 64), 0 K-row verification steps over 0 positions, 0 batch-fusion sites taken; candidate K none
ds4: gate over tokens 705-768: 17.14 command buffers, 4.62 aborts, 240.0 expert ids accounted, 49.54 MiB loaded a token; 0 the gate failed to switch off, 0 it could not gate
ds4:   one token, exclusive, same window: entry 0.00 + encode 1.54 + commit-to-done 58.64 + repair-load 11.72 + accounting 0.08 + tail 2.33 = 74.31 of a 81.19 ms wall, residual 6.87
ds4:   GPU busy 63.99 ms of the token's wall (the union of its buffers' spans), idle 17.20 ms
ds4:   1326.4 gated dispatches a token, 5.8 of them behind an abort; 167.5 sent plain ahead of a buffer's first validate
ds4:   encode-ahead: 11.52 segments used, 4.41 dropped, 6.56 ms a token spent encoding under the GPU
ds4:   concurrent sections: 123.12 attempted, 123.12 opened a token
ds4:   speculation: 0.00 layers a token, 0.00 lanes computed, 0.00 matched, 0.00 GEMVs actually saved, 0.00 left to compute; compared 0.00 lanes, 0.00 floats differ, 0.00 by more than an ulp
ds4:   Metal 4: 22.55 command buffers sent, 1920.6 dispatches a token; 0 pieces of Metal 3 work so far
ds4:   Metal 4 a token: 22.55 contexts in 22.55 command buffers (0.00 split); 1984.5 nodes = 1920.6 dispatches + 63.9 copies; barriers 1440.5 from the graph, 45.1 queue; engine asked for 72.9 barriers and 264.2 section ends, neither encoded; 7870.7 buffer and 2204.3 constant bindings (197370 B), 0.0 with no stated length; 22.55 blocking waits, 59.08 ms
ds4:   expert cache over the last 64 tokens: 240.00 hits, 5.22 misses, 5.22 evictions a token; 6665 of 6665 entries live (100.0%)
ds4:   of the address-table holes repaired a token: 0.00 already resident, 5.22 genuinely absent
ds4:   of the repair a token: readahead 7.85 ms, slot preparation 0.76 ms, reads 2.97 ms, install 0.03 ms, over 5.22 loads
ds4:   Engram rows written at step start in 768 steps; layer-13 drains 0
ds4:   residency a token: 0.00 adds, 0.00 removes, 0.00 commits
ds4:   decode path so far: 832 single-row steps (79.5 ms each inside the graph over the last 64), 0 K-row verification steps over 0 positions, 0 batch-fusion sites taken; candidate K none
ds4: gate over tokens 769-832: 15.95 command buffers, 3.00 aborts, 240.0 expert ids accounted, 33.22 MiB loaded a token; 0 the gate failed to switch off, 0 it could not gate
ds4:   one token, exclusive, same window: entry 0.00 + encode 0.99 + commit-to-done 60.70 + repair-load 7.57 + accounting 0.07 + tail 2.43 = 71.76 of a 77.24 ms wall, residual 5.49
ds4:   GPU busy 66.10 ms of the token's wall (the union of its buffers' spans), idle 11.15 ms
ds4:   1309.6 gated dispatches a token, 3.4 of them behind an abort; 114.6 sent plain ahead of a buffer's first validate
ds4:   encode-ahead: 11.95 segments used, 2.88 dropped, 5.26 ms a token spent encoding under the GPU
ds4:   concurrent sections: 107.44 attempted, 107.44 opened a token
ds4:   speculation: 0.00 layers a token, 0.00 lanes computed, 0.00 matched, 0.00 GEMVs actually saved, 0.00 left to compute; compared 0.00 lanes, 0.00 floats differ, 0.00 by more than an ulp
ds4:   Metal 4: 19.83 command buffers sent, 1703.9 dispatches a token; 0 pieces of Metal 3 work so far
ds4:   Metal 4 a token: 19.83 contexts in 19.83 command buffers (0.00 split); 1753.8 nodes = 1703.9 dispatches + 49.8 copies; barriers 1277.8 from the graph, 39.7 queue; engine asked for 65.5 barriers and 231.7 section ends, neither encoded; 6975.0 buffer and 1952.7 constant bindings (174751 B), 0.0 with no stated length; 19.83 blocking waits, 61.85 ms
ds4:   expert cache over the last 64 tokens: 239.98 hits, 3.50 misses, 3.50 evictions a token; 6665 of 6665 entries live (100.0%)
ds4:   of the address-table holes repaired a token: 0.00 already resident, 3.50 genuinely absent
ds4:   of the repair a token: readahead 4.78 ms, slot preparation 0.46 ms, reads 2.23 ms, install 0.01 ms, over 3.50 loads
ds4:   Engram rows written at step start in 832 steps; layer-13 drains 0
ds4:   residency a token: 0.00 adds, 0.00 removes, 0.00 commits
ds4:   decode path so far: 896 single-row steps (84.7 ms each inside the graph over the last 64), 0 K-row verification steps over 0 positions, 0 batch-fusion sites taken; candidate K none
ds4: gate over tokens 833-896: 17.00 command buffers, 4.58 aborts, 240.0 expert ids accounted, 57.40 MiB loaded a token; 0 the gate failed to switch off, 0 it could not gate
ds4:   one token, exclusive, same window: entry 0.00 + encode 1.27 + commit-to-done 61.95 + repair-load 10.90 + accounting 0.07 + tail 2.35 = 76.53 of a 82.14 ms wall, residual 5.60
ds4:   GPU busy 66.92 ms of the token's wall (the union of its buffers' spans), idle 15.22 ms
ds4:   1318.2 gated dispatches a token, 4.8 of them behind an abort; 166.1 sent plain ahead of a buffer's first validate
ds4:   encode-ahead: 11.42 segments used, 4.38 dropped, 5.28 ms a token spent encoding under the GPU
ds4:   concurrent sections: 122.66 attempted, 122.66 opened a token
ds4:   speculation: 0.00 layers a token, 0.00 lanes computed, 0.00 matched, 0.00 GEMVs actually saved, 0.00 left to compute; compared 0.00 lanes, 0.00 floats differ, 0.00 by more than an ulp
ds4:   Metal 4: 22.38 command buffers sent, 1912.9 dispatches a token; 0 pieces of Metal 3 work so far
ds4:   Metal 4 a token: 22.38 contexts in 22.38 command buffers (0.00 split); 1978.0 nodes = 1912.9 dispatches + 65.1 copies; barriers 1432.6 from the graph, 44.8 queue; engine asked for 72.5 barriers and 263.1 section ends, neither encoded; 7838.2 buffer and 2195.5 constant bindings (196395 B), 0.0 with no stated length; 22.38 blocking waits, 63.05 ms
ds4:   expert cache over the last 64 tokens: 239.95 hits, 6.05 misses, 6.05 evictions a token; 6665 of 6665 entries live (100.0%)
ds4:   of the address-table holes repaired a token: 0.00 already resident, 6.05 genuinely absent
ds4:   of the repair a token: readahead 7.28 ms, slot preparation 0.49 ms, reads 2.90 ms, install 0.02 ms, over 6.05 loads
ds4:   Engram rows written at step start in 896 steps; layer-13 drains 0
ds4:   residency a token: 0.00 adds, 0.00 removes, 0.00 commits
ds4:   decode path so far: 960 single-row steps (83.3 ms each inside the graph over the last 64), 0 K-row verification steps over 0 positions, 0 batch-fusion sites taken; candidate K none
ds4: gate over tokens 897-960: 17.66 command buffers, 5.44 aborts, 240.0 expert ids accounted, 63.92 MiB loaded a token; 0 the gate failed to switch off, 0 it could not gate
ds4:   one token, exclusive, same window: entry 0.00 + encode 1.42 + commit-to-done 60.04 + repair-load 11.24 + accounting 0.07 + tail 2.35 = 75.13 of a 81.08 ms wall, residual 5.95
ds4:   GPU busy 64.99 ms of the token's wall (the union of its buffers' spans), idle 16.09 ms
ds4:   1329.8 gated dispatches a token, 4.3 of them behind an abort; 189.9 sent plain ahead of a buffer's first validate
ds4:   encode-ahead: 11.22 segments used, 5.12 dropped, 5.59 ms a token spent encoding under the GPU
ds4:   concurrent sections: 130.00 attempted, 130.00 opened a token
ds4:   speculation: 0.00 layers a token, 0.00 lanes computed, 0.00 matched, 0.00 GEMVs actually saved, 0.00 left to compute; compared 0.00 lanes, 0.00 floats differ, 0.00 by more than an ulp
ds4:   Metal 4: 23.78 command buffers sent, 2013.2 dispatches a token; 0 pieces of Metal 3 work so far
ds4:   Metal 4 a token: 23.78 contexts in 23.78 command buffers (0.00 split); 2084.9 nodes = 2013.2 dispatches + 71.8 copies; barriers 1507.2 from the graph, 47.6 queue; engine asked for 75.9 barriers and 278.3 section ends, neither encoded; 8252.2 buffer and 2311.9 constant bindings (206794 B), 0.0 with no stated length; 23.78 blocking waits, 60.99 ms
ds4:   expert cache over the last 64 tokens: 239.97 hits, 6.73 misses, 6.73 evictions a token; 6665 of 6665 entries live (100.0%)
ds4:   of the address-table holes repaired a token: 0.00 already resident, 6.73 genuinely absent
ds4:   of the repair a token: readahead 7.01 ms, slot preparation 0.59 ms, reads 3.41 ms, install 0.03 ms, over 6.73 loads
ds4:   Engram rows written at step start in 960 steps; layer-13 drains 0
ds4:   residency a token: 0.00 adds, 0.00 removes, 0.00 commits
ds4:   decode path so far: 1024 single-row steps (81.1 ms each inside the graph over the last 64), 0 K-row verification steps over 0 positions, 0 batch-fusion sites taken; candidate K none
ds4: gate over tokens 961-1024: 16.64 command buffers, 3.88 aborts, 240.0 expert ids accounted, 40.94 MiB loaded a token; 0 the gate failed to switch off, 0 it could not gate
ds4:   one token, exclusive, same window: entry 0.00 + encode 1.12 + commit-to-done 61.43 + repair-load 8.26 + accounting 0.07 + tail 2.39 = 73.27 of a 78.78 ms wall, residual 5.51
ds4:   GPU busy 66.39 ms of the token's wall (the union of its buffers' spans), idle 12.39 ms
ds4:   1314.7 gated dispatches a token, 7.3 of them behind an abort; 139.2 sent plain ahead of a buffer's first validate
ds4:   encode-ahead: 11.77 segments used, 3.58 dropped, 5.22 ms a token spent encoding under the GPU
ds4:   concurrent sections: 114.88 attempted, 114.88 opened a token
ds4:   speculation: 0.00 layers a token, 0.00 lanes computed, 0.00 matched, 0.00 GEMVs actually saved, 0.00 left to compute; compared 0.00 lanes, 0.00 floats differ, 0.00 by more than an ulp
ds4:   Metal 4: 21.22 command buffers sent, 1803.7 dispatches a token; 0 pieces of Metal 3 work so far
ds4:   Metal 4 a token: 21.22 contexts in 21.22 command buffers (0.00 split); 1860.5 nodes = 1803.7 dispatches + 56.8 copies; barriers 1353.5 from the graph, 42.4 queue; engine asked for 68.9 barriers and 247.1 section ends, neither encoded; 7388.5 buffer and 2068.8 constant bindings (185263 B), 0.0 with no stated length; 21.22 blocking waits, 62.64 ms
ds4:   expert cache over the last 64 tokens: 239.97 hits, 4.31 misses, 4.31 evictions a token; 6665 of 6665 entries live (100.0%)
ds4:   of the address-table holes repaired a token: 0.00 already resident, 4.31 genuinely absent
ds4:   of the repair a token: readahead 5.13 ms, slot preparation 0.48 ms, reads 2.56 ms, install 0.02 ms, over 4.31 loads
ds4:   Engram rows written at step start in 1024 steps; layer-13 drains 0
ds4:   residency a token: 0.00 adds, 0.00 removes, 0.00 commits
ds4:   decode path so far: 1088 single-row steps (84.7 ms each inside the graph over the last 64), 0 K-row verification steps over 0 positions, 0 batch-fusion sites taken; candidate K none
ds4: gate over tokens 1025-1088: 17.06 command buffers, 4.59 aborts, 240.0 expert ids accounted, 53.39 MiB loaded a token; 0 the gate failed to switch off, 0 it could not gate
ds4:   one token, exclusive, same window: entry 0.00 + encode 1.25 + commit-to-done 61.11 + repair-load 12.29 + accounting 0.07 + tail 2.37 = 77.08 of a 82.55 ms wall, residual 5.47
ds4:   GPU busy 66.04 ms of the token's wall (the union of its buffers' spans), idle 16.51 ms
ds4:   1301.9 gated dispatches a token, 4.7 of them behind an abort; 161.8 sent plain ahead of a buffer's first validate
ds4:   encode-ahead: 11.47 segments used, 4.39 dropped, 5.14 ms a token spent encoding under the GPU
ds4:   concurrent sections: 122.44 attempted, 122.44 opened a token
ds4:   speculation: 0.00 layers a token, 0.00 lanes computed, 0.00 matched, 0.00 GEMVs actually saved, 0.00 left to compute; compared 0.00 lanes, 0.00 floats differ, 0.00 by more than an ulp
ds4:   Metal 4: 22.45 command buffers sent, 1883.6 dispatches a token; 0 pieces of Metal 3 work so far
ds4:   Metal 4 a token: 22.45 contexts in 22.45 command buffers (0.00 split); 1948.5 nodes = 1883.6 dispatches + 64.9 copies; barriers 1404.2 from the graph, 44.9 queue; engine asked for 72.5 barriers and 262.7 section ends, neither encoded; 7719.2 buffer and 2165.7 constant bindings (193355 B), 0.0 with no stated length; 22.45 blocking waits, 62.26 ms
ds4:   expert cache over the last 64 tokens: 240.00 hits, 5.62 misses, 5.62 evictions a token; 6665 of 6665 entries live (100.0%)
ds4:   of the address-table holes repaired a token: 0.00 already resident, 5.62 genuinely absent
ds4:   of the repair a token: readahead 8.61 ms, slot preparation 0.49 ms, reads 3.00 ms, install 0.02 ms, over 5.62 loads
ds4:   Engram rows written at step start in 1088 steps; layer-13 drains 0
ds4:   residency a token: 0.00 adds, 0.00 removes, 0.00 commits
ds4:   decode path so far: 1152 single-row steps (80.3 ms each inside the graph over the last 64), 0 K-row verification steps over 0 positions, 0 batch-fusion sites taken; candidate K none
ds4: gate over tokens 1089-1152: 16.70 command buffers, 4.14 aborts, 240.0 expert ids accounted, 44.05 MiB loaded a token; 0 the gate failed to switch off, 0 it could not gate
ds4:   one token, exclusive, same window: entry 0.00 + encode 1.15 + commit-to-done 59.62 + repair-load 9.44 + accounting 0.07 + tail 2.37 = 72.66 of a 78.06 ms wall, residual 5.41
ds4:   GPU busy 64.63 ms of the token's wall (the union of its buffers' spans), idle 13.43 ms
ds4:   1291.8 gated dispatches a token, 3.3 of them behind an abort; 147.4 sent plain ahead of a buffer's first validate
ds4:   encode-ahead: 11.56 segments used, 3.92 dropped, 5.11 ms a token spent encoding under the GPU
ds4:   concurrent sections: 117.69 attempted, 117.69 opened a token
ds4:   speculation: 0.00 layers a token, 0.00 lanes computed, 0.00 matched, 0.00 GEMVs actually saved, 0.00 left to compute; compared 0.00 lanes, 0.00 floats differ, 0.00 by more than an ulp
ds4:   Metal 4: 21.62 command buffers sent, 1817.8 dispatches a token; 0 pieces of Metal 3 work so far
ds4:   Metal 4 a token: 21.62 contexts in 21.62 command buffers (0.00 split); 1877.5 nodes = 1817.8 dispatches + 59.7 copies; barriers 1355.6 from the graph, 43.2 queue; engine asked for 70.2 barriers and 252.9 section ends, neither encoded; 7446.7 buffer and 2089.3 constant bindings (186548 B), 0.0 with no stated length; 21.62 blocking waits, 60.81 ms
ds4:   expert cache over the last 64 tokens: 240.00 hits, 4.64 misses, 4.64 evictions a token; 6665 of 6665 entries live (100.0%)
ds4:   of the address-table holes repaired a token: 0.00 already resident, 4.64 genuinely absent
ds4:   of the repair a token: readahead 6.49 ms, slot preparation 0.49 ms, reads 2.35 ms, install 0.02 ms, over 4.64 loads
ds4:   Engram rows written at step start in 1152 steps; layer-13 drains 0
ds4:   residency a token: 0.00 adds, 0.00 removes, 0.00 commits
ds4:   decode path so far: 1216 single-row steps (83.5 ms each inside the graph over the last 64), 0 K-row verification steps over 0 positions, 0 batch-fusion sites taken; candidate K none
ds4: gate over tokens 1153-1216: 17.00 command buffers, 4.52 aborts, 240.0 expert ids accounted, 50.43 MiB loaded a token; 0 the gate failed to switch off, 0 it could not gate
ds4:   one token, exclusive, same window: entry 0.00 + encode 1.25 + commit-to-done 60.55 + repair-load 11.85 + accounting 0.07 + tail 2.34 = 76.06 of a 81.63 ms wall, residual 5.56
ds4:   GPU busy 65.52 ms of the token's wall (the union of its buffers' spans), idle 16.10 ms
ds4:   1296.1 gated dispatches a token, 4.2 of them behind an abort; 159.5 sent plain ahead of a buffer's first validate
ds4:   encode-ahead: 11.48 segments used, 4.28 dropped, 5.24 ms a token spent encoding under the GPU
ds4:   concurrent sections: 121.28 attempted, 121.28 opened a token
ds4:   speculation: 0.00 layers a token, 0.00 lanes computed, 0.00 matched, 0.00 GEMVs actually saved, 0.00 left to compute; compared 0.00 lanes, 0.00 floats differ, 0.00 by more than an ulp
ds4:   Metal 4: 22.28 command buffers sent, 1866.6 dispatches a token; 0 pieces of Metal 3 work so far
ds4:   Metal 4 a token: 22.28 contexts in 22.28 command buffers (0.00 split); 1930.2 nodes = 1866.6 dispatches + 63.6 copies; barriers 1391.5 from the graph, 44.6 queue; engine asked for 71.9 barriers and 260.3 section ends, neither encoded; 7649.2 buffer and 2146.0 constant bindings (191597 B), 0.0 with no stated length; 22.28 blocking waits, 61.64 ms
ds4:   expert cache over the last 64 tokens: 240.00 hits, 5.31 misses, 5.31 evictions a token; 6665 of 6665 entries live (100.0%)
ds4:   of the address-table holes repaired a token: 0.00 already resident, 5.31 genuinely absent
ds4:   of the repair a token: readahead 8.28 ms, slot preparation 0.50 ms, reads 2.91 ms, install 0.02 ms, over 5.31 loads
ds4:   Engram rows written at step start in 1216 steps; layer-13 drains 0
ds4:   residency a token: 0.00 adds, 0.00 removes, 0.00 commits
ds4:   decode path so far: 1280 single-row steps (83.0 ms each inside the graph over the last 64), 0 K-row verification steps over 0 positions, 0 batch-fusion sites taken; candidate K none
ds4: gate over tokens 1217-1280: 17.11 command buffers, 4.58 aborts, 240.0 expert ids accounted, 49.24 MiB loaded a token; 0 the gate failed to switch off, 0 it could not gate
ds4:   one token, exclusive, same window: entry 0.00 + encode 1.25 + commit-to-done 60.03 + repair-load 11.48 + accounting 0.07 + tail 2.34 = 75.16 of a 80.74 ms wall, residual 5.57
ds4:   GPU busy 64.95 ms of the token's wall (the union of its buffers' spans), idle 15.78 ms
ds4:   1302.3 gated dispatches a token, 3.3 of them behind an abort; 161.6 sent plain ahead of a buffer's first validate
ds4:   encode-ahead: 11.53 segments used, 4.39 dropped, 5.25 ms a token spent encoding under the GPU
ds4:   concurrent sections: 122.75 attempted, 122.75 opened a token
ds4:   speculation: 0.00 layers a token, 0.00 lanes computed, 0.00 matched, 0.00 GEMVs actually saved, 0.00 left to compute; compared 0.00 lanes, 0.00 floats differ, 0.00 by more than an ulp
ds4:   Metal 4: 22.50 command buffers sent, 1889.4 dispatches a token; 0 pieces of Metal 3 work so far
ds4:   Metal 4 a token: 22.50 contexts in 22.50 command buffers (0.00 split); 1952.7 nodes = 1889.4 dispatches + 63.3 copies; barriers 1410.0 from the graph, 45.0 queue; engine asked for 72.7 barriers and 263.4 section ends, neither encoded; 7742.2 buffer and 2172.2 constant bindings (194081 B), 0.0 with no stated length; 22.50 blocking waits, 61.11 ms
ds4:   expert cache over the last 64 tokens: 239.92 hits, 5.19 misses, 5.19 evictions a token; 6665 of 6665 entries live (100.0%)
ds4:   of the address-table holes repaired a token: 0.00 already resident, 5.19 genuinely absent
ds4:   of the repair a token: readahead 8.14 ms, slot preparation 0.56 ms, reads 2.63 ms, install 0.02 ms, over 5.19 loads
ds4:   Engram rows written at step start in 1280 steps; layer-13 drains 0
ds4:   residency a token: 0.00 adds, 0.00 removes, 0.00 commits
ds4:   decode path so far: 1344 single-row steps (83.3 ms each inside the graph over the last 64), 0 K-row verification steps over 0 positions, 0 batch-fusion sites taken; candidate K none
ds4: gate over tokens 1281-1344: 16.69 command buffers, 4.27 aborts, 240.0 expert ids accounted, 45.09 MiB loaded a token; 0 the gate failed to switch off, 0 it could not gate
ds4:   one token, exclusive, same window: entry 0.00 + encode 1.22 + commit-to-done 61.95 + repair-load 9.92 + accounting 0.07 + tail 2.37 = 75.54 of a 81.09 ms wall, residual 5.55
ds4:   GPU busy 66.93 ms of the token's wall (the union of its buffers' spans), idle 14.15 ms
ds4:   1284.7 gated dispatches a token, 3.3 of them behind an abort; 152.2 sent plain ahead of a buffer's first validate
ds4:   encode-ahead: 11.42 segments used, 4.03 dropped, 5.24 ms a token spent encoding under the GPU
ds4:   concurrent sections: 118.12 attempted, 118.12 opened a token
ds4:   speculation: 0.00 layers a token, 0.00 lanes computed, 0.00 matched, 0.00 GEMVs actually saved, 0.00 left to compute; compared 0.00 lanes, 0.00 floats differ, 0.00 by more than an ulp
ds4:   Metal 4: 21.72 command buffers sent, 1821.5 dispatches a token; 0 pieces of Metal 3 work so far
ds4:   Metal 4 a token: 21.72 contexts in 21.72 command buffers (0.00 split); 1881.8 nodes = 1821.5 dispatches + 60.3 copies; barriers 1358.1 from the graph, 43.4 queue; engine asked for 70.2 barriers and 253.7 section ends, neither encoded; 7462.4 buffer and 2093.8 constant bindings (186937 B), 0.0 with no stated length; 21.72 blocking waits, 63.03 ms
ds4:   expert cache over the last 64 tokens: 239.97 hits, 4.75 misses, 4.75 evictions a token; 6665 of 6665 entries live (100.0%)
ds4:   of the address-table holes repaired a token: 0.00 already resident, 4.75 genuinely absent
ds4:   of the repair a token: readahead 6.51 ms, slot preparation 0.58 ms, reads 2.73 ms, install 0.02 ms, over 4.75 loads
ds4:   Engram rows written at step start in 1344 steps; layer-13 drains 0
ds4:   residency a token: 0.00 adds, 0.00 removes, 0.00 commits
ds4:   decode path so far: 1408 single-row steps (82.3 ms each inside the graph over the last 64), 0 K-row verification steps over 0 positions, 0 batch-fusion sites taken; candidate K none
ds4: gate over tokens 1345-1408: 17.16 command buffers, 4.62 aborts, 240.0 expert ids accounted, 50.43 MiB loaded a token; 0 the gate failed to switch off, 0 it could not gate
ds4:   one token, exclusive, same window: entry 0.00 + encode 1.24 + commit-to-done 60.80 + repair-load 9.83 + accounting 0.07 + tail 2.36 = 74.30 of a 79.84 ms wall, residual 5.54
ds4:   GPU busy 65.83 ms of the token's wall (the union of its buffers' spans), idle 14.01 ms
ds4:   1303.0 gated dispatches a token, 2.3 of them behind an abort; 160.2 sent plain ahead of a buffer's first validate
ds4:   encode-ahead: 11.53 segments used, 4.41 dropped, 5.22 ms a token spent encoding under the GPU
ds4:   concurrent sections: 123.28 attempted, 123.28 opened a token
ds4:   speculation: 0.00 layers a token, 0.00 lanes computed, 0.00 matched, 0.00 GEMVs actually saved, 0.00 left to compute; compared 0.00 lanes, 0.00 floats differ, 0.00 by more than an ulp
ds4:   Metal 4: 22.56 command buffers sent, 1895.4 dispatches a token; 0 pieces of Metal 3 work so far
ds4:   Metal 4 a token: 22.56 contexts in 22.56 command buffers (0.00 split); 1959.2 nodes = 1895.4 dispatches + 63.7 copies; barriers 1412.5 from the graph, 45.1 queue; engine asked for 73.0 barriers and 264.5 section ends, neither encoded; 7768.7 buffer and 2179.4 constant bindings (194550 B), 0.0 with no stated length; 22.56 blocking waits, 61.94 ms
ds4:   expert cache over the last 64 tokens: 240.00 hits, 5.31 misses, 5.31 evictions a token; 6665 of 6665 entries live (100.0%)
ds4:   of the address-table holes repaired a token: 0.00 already resident, 5.31 genuinely absent
ds4:   of the repair a token: readahead 6.57 ms, slot preparation 0.54 ms, reads 2.57 ms, install 0.02 ms, over 5.31 loads
ds4:   Engram rows written at step start in 1408 steps; layer-13 drains 0
ds4:   residency a token: 0.00 adds, 0.00 removes, 0.00 commits
ds4:   decode path so far: 1472 single-row steps (81.2 ms each inside the graph over the last 64), 0 K-row verification steps over 0 positions, 0 batch-fusion sites taken; candidate K none
ds4: gate over tokens 1409-1472: 16.23 command buffers, 3.38 aborts, 240.0 expert ids accounted, 35.15 MiB loaded a token; 0 the gate failed to switch off, 0 it could not gate
ds4:   one token, exclusive, same window: entry 0.00 + encode 1.04 + commit-to-done 62.89 + repair-load 7.11 + accounting 0.07 + tail 2.44 = 73.55 of a 78.72 ms wall, residual 5.17
ds4:   GPU busy 68.05 ms of the token's wall (the union of its buffers' spans), idle 10.67 ms
ds4:   1295.6 gated dispatches a token, 6.6 of them behind an abort; 127.5 sent plain ahead of a buffer's first validate
ds4:   encode-ahead: 11.86 segments used, 3.17 dropped, 4.92 ms a token spent encoding under the GPU
ds4:   concurrent sections: 111.16 attempted, 111.16 opened a token
ds4:   speculation: 0.00 layers a token, 0.00 lanes computed, 0.00 matched, 0.00 GEMVs actually saved, 0.00 left to compute; compared 0.00 lanes, 0.00 floats differ, 0.00 by more than an ulp
ds4:   Metal 4: 20.41 command buffers sent, 1731.9 dispatches a token; 0 pieces of Metal 3 work so far
ds4:   Metal 4 a token: 20.41 contexts in 20.41 command buffers (0.00 split); 1784.9 nodes = 1731.9 dispatches + 53.1 copies; barriers 1292.4 from the graph, 40.8 queue; engine asked for 67.2 barriers and 239.3 section ends, neither encoded; 7090.8 buffer and 1989.0 constant bindings (177642 B), 0.0 with no stated length; 20.41 blocking waits, 64.25 ms
ds4:   expert cache over the last 64 tokens: 239.98 hits, 3.70 misses, 3.70 evictions a token; 6665 of 6665 entries live (100.0%)
ds4:   of the address-table holes repaired a token: 0.00 already resident, 3.70 genuinely absent
ds4:   of the repair a token: readahead 4.37 ms, slot preparation 0.41 ms, reads 2.25 ms, install 0.02 ms, over 3.70 loads
ds4:   Engram rows written at step start in 1472 steps; layer-13 drains 0
ds4:   residency a token: 0.00 adds, 0.00 removes, 0.00 commits
ds4:   decode path so far: 1536 single-row steps (82.0 ms each inside the graph over the last 64), 0 K-row verification steps over 0 positions, 0 batch-fusion sites taken; candidate K none
ds4: gate over tokens 1473-1536: 16.41 command buffers, 3.61 aborts, 240.0 expert ids accounted, 38.86 MiB loaded a token; 0 the gate failed to switch off, 0 it could not gate
ds4:   one token, exclusive, same window: entry 0.00 + encode 1.07 + commit-to-done 61.11 + repair-load 10.31 + accounting 0.07 + tail 2.33 = 74.89 of a 80.20 ms wall, residual 5.31
ds4:   GPU busy 66.24 ms of the token's wall (the union of its buffers' spans), idle 13.96 ms
ds4:   1296.2 gated dispatches a token, 3.3 of them behind an abort; 133.4 sent plain ahead of a buffer's first validate
ds4:   encode-ahead: 11.80 segments used, 3.50 dropped, 5.05 ms a token spent encoding under the GPU
ds4:   concurrent sections: 114.03 attempted, 114.03 opened a token
ds4:   speculation: 0.00 layers a token, 0.00 lanes computed, 0.00 matched, 0.00 GEMVs actually saved, 0.00 left to compute; compared 0.00 lanes, 0.00 floats differ, 0.00 by more than an ulp
ds4:   Metal 4: 20.91 command buffers sent, 1770.0 dispatches a token; 0 pieces of Metal 3 work so far
ds4:   Metal 4 a token: 20.91 contexts in 20.91 command buffers (0.00 split); 1825.6 nodes = 1770.0 dispatches + 55.5 copies; barriers 1322.1 from the graph, 41.8 queue; engine asked for 68.7 barriers and 245.4 section ends, neither encoded; 7252.8 buffer and 2033.6 constant bindings (181773 B), 0.0 with no stated length; 20.91 blocking waits, 62.28 ms
ds4:   expert cache over the last 64 tokens: 240.00 hits, 4.09 misses, 4.09 evictions a token; 6665 of 6665 entries live (100.0%)
ds4:   of the address-table holes repaired a token: 0.00 already resident, 4.09 genuinely absent
ds4:   of the repair a token: readahead 7.74 ms, slot preparation 0.42 ms, reads 2.04 ms, install 0.02 ms, over 4.09 loads
ds4:   Engram rows written at step start in 1536 steps; layer-13 drains 0
ds4:   residency a token: 0.00 adds, 0.00 removes, 0.00 commits
ds4:   decode path so far: 1600 single-row steps (82.6 ms each inside the graph over the last 64), 0 K-row verification steps over 0 positions, 0 batch-fusion sites taken; candidate K none
ds4: gate over tokens 1537-1600: 16.53 command buffers, 3.86 aborts, 240.0 expert ids accounted, 41.82 MiB loaded a token; 0 the gate failed to switch off, 0 it could not gate
ds4:   one token, exclusive, same window: entry 0.00 + encode 1.13 + commit-to-done 62.11 + repair-load 9.71 + accounting 0.07 + tail 2.31 = 75.33 of a 80.63 ms wall, residual 5.29
ds4:   GPU busy 66.92 ms of the token's wall (the union of its buffers' spans), idle 13.71 ms
ds4:   1291.8 gated dispatches a token, 2.3 of them behind an abort; 140.6 sent plain ahead of a buffer's first validate
ds4:   encode-ahead: 11.67 segments used, 3.72 dropped, 5.00 ms a token spent encoding under the GPU
ds4:   concurrent sections: 115.59 attempted, 115.59 opened a token
ds4:   speculation: 0.00 layers a token, 0.00 lanes computed, 0.00 matched, 0.00 GEMVs actually saved, 0.00 left to compute; compared 0.00 lanes, 0.00 floats differ, 0.00 by more than an ulp
ds4:   Metal 4: 21.25 command buffers sent, 1790.9 dispatches a token; 0 pieces of Metal 3 work so far
ds4:   Metal 4 a token: 21.25 contexts in 21.25 command buffers (0.00 split); 1847.9 nodes = 1790.9 dispatches + 57.0 copies; barriers 1335.7 from the graph, 42.5 queue; engine asked for 69.3 barriers and 248.6 section ends, neither encoded; 7335.8 buffer and 2057.8 constant bindings (183736 B), 0.0 with no stated length; 21.25 blocking waits, 63.30 ms
ds4:   expert cache over the last 64 tokens: 240.00 hits, 4.41 misses, 4.41 evictions a token; 6665 of 6665 entries live (100.0%)
ds4:   of the address-table holes repaired a token: 0.00 already resident, 4.41 genuinely absent
ds4:   of the repair a token: readahead 6.92 ms, slot preparation 0.44 ms, reads 2.24 ms, install 0.02 ms, over 4.41 loads
ds4:   Engram rows written at step start in 1600 steps; layer-13 drains 0
ds4:   residency a token: 0.00 adds, 0.00 removes, 0.00 commits
ds4:   decode path so far: 1664 single-row steps (80.3 ms each inside the graph over the last 64), 0 K-row verification steps over 0 positions, 0 batch-fusion sites taken; candidate K none
ds4: gate over tokens 1601-1664: 16.20 command buffers, 3.12 aborts, 240.0 expert ids accounted, 32.63 MiB loaded a token; 0 the gate failed to switch off, 0 it could not gate
ds4:   one token, exclusive, same window: entry 0.00 + encode 0.96 + commit-to-done 62.15 + repair-load 7.68 + accounting 0.07 + tail 2.39 = 73.25 of a 78.17 ms wall, residual 4.92
ds4:   GPU busy 67.06 ms of the token's wall (the union of its buffers' spans), idle 11.11 ms
ds4:   1302.6 gated dispatches a token, 6.1 of them behind an abort; 116.0 sent plain ahead of a buffer's first validate
ds4:   encode-ahead: 12.08 segments used, 2.91 dropped, 4.69 ms a token spent encoding under the GPU
ds4:   concurrent sections: 109.38 attempted, 109.38 opened a token
ds4:   speculation: 0.00 layers a token, 0.00 lanes computed, 0.00 matched, 0.00 GEMVs actually saved, 0.00 left to compute; compared 0.00 lanes, 0.00 floats differ, 0.00 by more than an ulp
ds4:   Metal 4: 20.11 command buffers sent, 1708.0 dispatches a token; 0 pieces of Metal 3 work so far
ds4:   Metal 4 a token: 20.11 contexts in 20.11 command buffers (0.00 split); 1758.1 nodes = 1708.0 dispatches + 50.2 copies; barriers 1274.3 from the graph, 40.2 queue; engine asked for 66.5 barriers and 235.7 section ends, neither encoded; 6992.7 buffer and 1961.2 constant bindings (175121 B), 0.0 with no stated length; 20.11 blocking waits, 63.50 ms
ds4:   expert cache over the last 64 tokens: 240.00 hits, 3.44 misses, 3.44 evictions a token; 6665 of 6665 entries live (100.0%)
ds4:   of the address-table holes repaired a token: 0.00 already resident, 3.44 genuinely absent
ds4:   of the repair a token: readahead 5.51 ms, slot preparation 0.36 ms, reads 1.73 ms, install 0.02 ms, over 3.44 loads
ds4:   Engram rows written at step start in 1664 steps; layer-13 drains 0
ds4:   residency a token: 0.00 adds, 0.00 removes, 0.00 commits
ds4:   decode path so far: 1728 single-row steps (79.0 ms each inside the graph over the last 64), 0 K-row verification steps over 0 positions, 0 batch-fusion sites taken; candidate K none
ds4: gate over tokens 1665-1728: 16.16 command buffers, 3.08 aborts, 240.0 expert ids accounted, 31.89 MiB loaded a token; 0 the gate failed to switch off, 0 it could not gate
ds4:   one token, exclusive, same window: entry 0.00 + encode 0.91 + commit-to-done 62.61 + repair-load 6.11 + accounting 0.07 + tail 2.45 = 72.14 of a 76.94 ms wall, residual 4.80
ds4:   GPU busy 67.76 ms of the token's wall (the union of its buffers' spans), idle 9.18 ms
ds4:   1293.6 gated dispatches a token, 3.8 of them behind an abort; 114.1 sent plain ahead of a buffer's first validate
ds4:   encode-ahead: 12.08 segments used, 2.91 dropped, 4.58 ms a token spent encoding under the GPU
ds4:   concurrent sections: 108.47 attempted, 108.47 opened a token
ds4:   speculation: 0.00 layers a token, 0.00 lanes computed, 0.00 matched, 0.00 GEMVs actually saved, 0.00 left to compute; compared 0.00 lanes, 0.00 floats differ, 0.00 by more than an ulp
ds4:   Metal 4: 20.06 command buffers sent, 1693.6 dispatches a token; 0 pieces of Metal 3 work so far
ds4:   Metal 4 a token: 20.06 contexts in 20.06 command buffers (0.00 split); 1743.1 nodes = 1693.6 dispatches + 49.5 copies; barriers 1263.5 from the graph, 40.1 queue; engine asked for 66.1 barriers and 233.9 section ends, neither encoded; 6934.8 buffer and 1944.6 constant bindings (173628 B), 0.0 with no stated length; 20.06 blocking waits, 64.05 ms
ds4:   expert cache over the last 64 tokens: 240.00 hits, 3.36 misses, 3.36 evictions a token; 6665 of 6665 entries live (100.0%)
ds4:   of the address-table holes repaired a token: 0.00 already resident, 3.36 genuinely absent
ds4:   of the repair a token: readahead 3.99 ms, slot preparation 0.35 ms, reads 1.70 ms, install 0.01 ms, over 3.36 loads
ds4:   Engram rows written at step start in 1728 steps; layer-13 drains 0
ds4:   residency a token: 0.00 adds, 0.00 removes, 0.00 commits
ds4:   decode path so far: 1792 single-row steps (82.8 ms each inside the graph over the last 64), 0 K-row verification steps over 0 positions, 0 batch-fusion sites taken; candidate K none
ds4: gate over tokens 1729-1792: 16.25 command buffers, 3.31 aborts, 240.0 expert ids accounted, 34.85 MiB loaded a token; 0 the gate failed to switch off, 0 it could not gate
ds4:   one token, exclusive, same window: entry 0.00 + encode 0.94 + commit-to-done 63.36 + repair-load 8.53 + accounting 0.07 + tail 2.40 = 75.29 of a 79.92 ms wall, residual 4.63
ds4:   GPU busy 68.18 ms of the token's wall (the union of its buffers' spans), idle 11.75 ms
ds4:   1292.3 gated dispatches a token, 2.3 of them behind an abort; 123.9 sent plain ahead of a buffer's first validate
ds4:   encode-ahead: 11.94 segments used, 3.14 dropped, 4.39 ms a token spent encoding under the GPU
ds4:   concurrent sections: 110.50 attempted, 110.50 opened a token
ds4:   speculation: 0.00 layers a token, 0.00 lanes computed, 0.00 matched, 0.00 GEMVs actually saved, 0.00 left to compute; compared 0.00 lanes, 0.00 floats differ, 0.00 by more than an ulp
ds4:   Metal 4: 20.39 command buffers sent, 1721.7 dispatches a token; 0 pieces of Metal 3 work so far
ds4:   Metal 4 a token: 20.39 contexts in 20.39 command buffers (0.00 split); 1774.4 nodes = 1721.7 dispatches + 52.7 copies; barriers 1286.3 from the graph, 40.8 queue; engine asked for 67.0 barriers and 238.1 section ends, neither encoded; 7050.9 buffer and 1977.2 constant bindings (176746 B), 0.0 with no stated length; 20.39 blocking waits, 64.74 ms
ds4:   expert cache over the last 64 tokens: 240.00 hits, 3.67 misses, 3.67 evictions a token; 6665 of 6665 entries live (100.0%)
ds4:   of the address-table holes repaired a token: 0.00 already resident, 3.67 genuinely absent
ds4:   of the repair a token: readahead 6.33 ms, slot preparation 0.37 ms, reads 1.75 ms, install 0.02 ms, over 3.67 loads
ds4:   Engram rows written at step start in 1792 steps; layer-13 drains 0
ds4:   residency a token: 0.00 adds, 0.00 removes, 0.00 commits
ds4:   decode path so far: 1856 single-row steps (81.7 ms each inside the graph over the last 64), 0 K-row verification steps over 0 positions, 0 batch-fusion sites taken; candidate K none
ds4: gate over tokens 1793-1856: 16.45 command buffers, 3.69 aborts, 240.0 expert ids accounted, 38.86 MiB loaded a token; 0 the gate failed to switch off, 0 it could not gate
ds4:   one token, exclusive, same window: entry 0.00 + encode 1.00 + commit-to-done 61.69 + repair-load 9.91 + accounting 0.07 + tail 2.39 = 75.05 of a 79.89 ms wall, residual 4.84
ds4:   GPU busy 66.61 ms of the token's wall (the union of its buffers' spans), idle 13.28 ms
ds4:   1293.8 gated dispatches a token, 2.3 of them behind an abort; 133.3 sent plain ahead of a buffer's first validate
ds4:   encode-ahead: 11.77 segments used, 3.48 dropped, 4.58 ms a token spent encoding under the GPU
ds4:   concurrent sections: 113.78 attempted, 113.78 opened a token
ds4:   speculation: 0.00 layers a token, 0.00 lanes computed, 0.00 matched, 0.00 GEMVs actually saved, 0.00 left to compute; compared 0.00 lanes, 0.00 floats differ, 0.00 by more than an ulp
ds4:   Metal 4: 20.94 command buffers sent, 1766.7 dispatches a token; 0 pieces of Metal 3 work so far
ds4:   Metal 4 a token: 20.94 contexts in 20.94 command buffers (0.00 split); 1822.2 nodes = 1766.7 dispatches + 55.6 copies; barriers 1317.9 from the graph, 41.9 queue; engine asked for 68.5 barriers and 244.8 section ends, neither encoded; 7234.1 buffer and 2029.5 constant bindings (181227 B), 0.0 with no stated length; 20.94 blocking waits, 63.03 ms
ds4:   expert cache over the last 64 tokens: 239.97 hits, 4.09 misses, 4.09 evictions a token; 6665 of 6665 entries live (100.0%)
ds4:   of the address-table holes repaired a token: 0.00 already resident, 4.09 genuinely absent
ds4:   of the repair a token: readahead 7.44 ms, slot preparation 0.39 ms, reads 1.99 ms, install 0.02 ms, over 4.09 loads
ds4:   Engram rows written at step start in 1856 steps; layer-13 drains 0
ds4:   residency a token: 0.00 adds, 0.00 removes, 0.00 commits
ds4:   decode path so far: 1920 single-row steps (78.8 ms each inside the graph over the last 64), 0 K-row verification steps over 0 positions, 0 batch-fusion sites taken; candidate K none
ds4: gate over tokens 1857-1920: 16.56 command buffers, 3.89 aborts, 240.0 expert ids accounted, 44.49 MiB loaded a token; 0 the gate failed to switch off, 0 it could not gate
ds4:   one token, exclusive, same window: entry 0.00 + encode 1.08 + commit-to-done 61.15 + repair-load 7.59 + accounting 0.07 + tail 2.38 = 72.28 of a 77.22 ms wall, residual 4.94
ds4:   GPU busy 65.95 ms of the token's wall (the union of its buffers' spans), idle 11.26 ms
ds4:   1294.8 gated dispatches a token, 2.8 of them behind an abort; 141.0 sent plain ahead of a buffer's first validate
ds4:   encode-ahead: 11.67 segments used, 3.69 dropped, 4.67 ms a token spent encoding under the GPU
ds4:   concurrent sections: 115.69 attempted, 115.69 opened a token
ds4:   speculation: 0.00 layers a token, 0.00 lanes computed, 0.00 matched, 0.00 GEMVs actually saved, 0.00 left to compute; compared 0.00 lanes, 0.00 floats differ, 0.00 by more than an ulp
ds4:   Metal 4: 21.25 command buffers sent, 1790.4 dispatches a token; 0 pieces of Metal 3 work so far
ds4:   Metal 4 a token: 21.25 contexts in 21.25 command buffers (0.00 split); 1848.2 nodes = 1790.4 dispatches + 57.8 copies; barriers 1335.1 from the graph, 42.5 queue; engine asked for 69.3 barriers and 248.7 section ends, neither encoded; 7336.3 buffer and 2057.4 constant bindings (183711 B), 0.0 with no stated length; 21.25 blocking waits, 62.44 ms
ds4:   expert cache over the last 64 tokens: 239.97 hits, 4.69 misses, 4.69 evictions a token; 6665 of 6665 entries live (100.0%)
ds4:   of the address-table holes repaired a token: 0.00 already resident, 4.69 genuinely absent
ds4:   of the repair a token: readahead 4.84 ms, slot preparation 0.42 ms, reads 2.21 ms, install 0.02 ms, over 4.69 loads
ds4:   Engram rows written at step start in 1920 steps; layer-13 drains 0
ds4:   residency a token: 0.00 adds, 0.00 removes, 0.00 commits
ds4:   decode path so far: 1984 single-row steps (81.9 ms each inside the graph over the last 64), 0 K-row verification steps over 0 positions, 0 batch-fusion sites taken; candidate K none
ds4: gate over tokens 1921-1984: 16.80 command buffers, 4.30 aborts, 240.0 expert ids accounted, 47.76 MiB loaded a token; 0 the gate failed to switch off, 0 it could not gate
ds4:   one token, exclusive, same window: entry 0.00 + encode 1.20 + commit-to-done 61.48 + repair-load 9.30 + accounting 0.07 + tail 2.35 = 74.40 of a 79.71 ms wall, residual 5.31
ds4:   GPU busy 66.40 ms of the token's wall (the union of its buffers' spans), idle 13.32 ms
ds4:   1295.6 gated dispatches a token, 3.8 of them behind an abort; 154.4 sent plain ahead of a buffer's first validate
ds4:   encode-ahead: 11.50 segments used, 4.08 dropped, 5.01 ms a token spent encoding under the GPU
ds4:   concurrent sections: 119.19 attempted, 119.19 opened a token
ds4:   speculation: 0.00 layers a token, 0.00 lanes computed, 0.00 matched, 0.00 GEMVs actually saved, 0.00 left to compute; compared 0.00 lanes, 0.00 floats differ, 0.00 by more than an ulp
ds4:   Metal 4: 21.88 command buffers sent, 1838.5 dispatches a token; 0 pieces of Metal 3 work so far
ds4:   Metal 4 a token: 21.88 contexts in 21.88 command buffers (0.00 split); 1900.3 nodes = 1838.5 dispatches + 61.8 copies; barriers 1371.1 from the graph, 43.8 queue; engine asked for 70.9 barriers and 256.0 section ends, neither encoded; 7533.8 buffer and 2113.3 constant bindings (188717 B), 0.0 with no stated length; 21.88 blocking waits, 62.67 ms
ds4:   expert cache over the last 64 tokens: 240.00 hits, 5.03 misses, 5.03 evictions a token; 6665 of 6665 entries live (100.0%)
ds4:   of the address-table holes repaired a token: 0.00 already resident, 5.03 genuinely absent
ds4:   of the repair a token: readahead 6.36 ms, slot preparation 0.47 ms, reads 2.32 ms, install 0.02 ms, over 5.03 loads
ds4:   Engram rows written at step start in 1984 steps; layer-13 drains 0
ds4:   residency a token: 0.00 adds, 0.00 removes, 0.00 commits
ds4:   decode path so far: 2048 single-row steps (79.9 ms each inside the graph over the last 64), 0 K-row verification steps over 0 positions, 0 batch-fusion sites taken; candidate K none
ds4: gate over tokens 1985-2048: 16.50 command buffers, 3.67 aborts, 240.0 expert ids accounted, 39.45 MiB loaded a token; 0 the gate failed to switch off, 0 it could not gate
ds4:   one token, exclusive, same window: entry 0.00 + encode 1.01 + commit-to-done 61.50 + repair-load 7.81 + accounting 0.07 + tail 2.36 = 72.75 of a 77.62 ms wall, residual 4.87
ds4:   GPU busy 66.47 ms of the token's wall (the union of its buffers' spans), idle 11.15 ms
ds4:   1290.2 gated dispatches a token, 3.3 of them behind an abort; 133.7 sent plain ahead of a buffer's first validate
ds4:   encode-ahead: 11.83 segments used, 3.44 dropped, 4.61 ms a token spent encoding under the GPU
ds4:   concurrent sections: 113.69 attempted, 113.69 opened a token
ds4:   speculation: 0.00 layers a token, 0.00 lanes computed, 0.00 matched, 0.00 GEMVs actually saved, 0.00 left to compute; compared 0.00 lanes, 0.00 floats differ, 0.00 by more than an ulp
ds4:   Metal 4: 20.94 command buffers sent, 1764.3 dispatches a token; 0 pieces of Metal 3 work so far
ds4:   Metal 4 a token: 20.94 contexts in 20.94 command buffers (0.00 split); 1820.1 nodes = 1764.3 dispatches + 55.8 copies; barriers 1317.3 from the graph, 41.9 queue; engine asked for 68.4 barriers and 244.6 section ends, neither encoded; 7226.8 buffer and 2026.9 constant bindings (181117 B), 0.0 with no stated length; 20.94 blocking waits, 62.79 ms
ds4:   expert cache over the last 64 tokens: 239.98 hits, 4.16 misses, 4.16 evictions a token; 6665 of 6665 entries live (100.0%)
ds4:   of the address-table holes repaired a token: 0.00 already resident, 4.16 genuinely absent
ds4:   of the repair a token: readahead 5.35 ms, slot preparation 0.38 ms, reads 1.98 ms, install 0.02 ms, over 4.16 loads
ds4:   Engram rows written at step start in 2048 steps; layer-13 drains 0
ds4:   residency a token: 0.00 adds, 0.00 removes, 0.00 commits
ds4:   decode path so far: 2112 single-row steps (81.9 ms each inside the graph over the last 64), 0 K-row verification steps over 0 positions, 0 batch-fusion sites taken; candidate K none
ds4: gate over tokens 2049-2112: 17.36 command buffers, 5.23 aborts, 240.0 expert ids accounted, 57.84 MiB loaded a token; 0 the gate failed to switch off, 0 it could not gate
ds4:   one token, exclusive, same window: entry 0.00 + encode 1.31 + commit-to-done 60.91 + repair-load 9.30 + accounting 0.07 + tail 2.30 = 73.89 of a 79.27 ms wall, residual 5.38
ds4:   GPU busy 65.61 ms of the token's wall (the union of its buffers' spans), idle 13.66 ms
ds4:   1284.4 gated dispatches a token, 5.2 of them behind an abort; 176.4 sent plain ahead of a buffer's first validate
ds4:   encode-ahead: 11.12 segments used, 4.94 dropped, 5.03 ms a token spent encoding under the GPU
ds4:   concurrent sections: 126.78 attempted, 126.78 opened a token
ds4:   speculation: 0.00 layers a token, 0.00 lanes computed, 0.00 matched, 0.00 GEMVs actually saved, 0.00 left to compute; compared 0.00 lanes, 0.00 floats differ, 0.00 by more than an ulp
ds4:   Metal 4: 23.30 command buffers sent, 1918.1 dispatches a token; 0 pieces of Metal 3 work so far
ds4:   Metal 4 a token: 23.30 contexts in 23.30 command buffers (0.00 split); 1987.1 nodes = 1918.1 dispatches + 69.0 copies; barriers 1424.2 from the graph, 46.6 queue; engine asked for 74.2 barriers and 271.6 section ends, neither encoded; 7860.2 buffer and 2209.5 constant bindings (197020 B), 0.0 with no stated length; 23.30 blocking waits, 62.00 ms
ds4:   expert cache over the last 64 tokens: 239.98 hits, 6.09 misses, 6.09 evictions a token; 6665 of 6665 entries live (100.0%)
ds4:   of the address-table holes repaired a token: 0.00 already resident, 6.09 genuinely absent
ds4:   of the repair a token: readahead 5.81 ms, slot preparation 0.53 ms, reads 2.79 ms, install 0.02 ms, over 6.09 loads
ds4:   Engram rows written at step start in 2112 steps; layer-13 drains 0
ds4:   residency a token: 0.00 adds, 0.00 removes, 0.00 commits
ds4:   decode path so far: 2176 single-row steps (81.2 ms each inside the graph over the last 64), 0 K-row verification steps over 0 positions, 0 batch-fusion sites taken; candidate K none
ds4: gate over tokens 2113-2176: 17.14 command buffers, 4.55 aborts, 240.0 expert ids accounted, 47.76 MiB loaded a token; 0 the gate failed to switch off, 0 it could not gate
ds4:   one token, exclusive, same window: entry 0.00 + encode 1.18 + commit-to-done 60.78 + repair-load 9.60 + accounting 0.07 + tail 2.35 = 73.98 of a 79.22 ms wall, residual 5.23
ds4:   GPU busy 65.79 ms of the token's wall (the union of its buffers' spans), idle 13.42 ms
ds4:   1291.4 gated dispatches a token, 3.8 of them behind an abort; 159.7 sent plain ahead of a buffer's first validate
ds4:   encode-ahead: 11.59 segments used, 4.31 dropped, 4.91 ms a token spent encoding under the GPU
ds4:   concurrent sections: 122.44 attempted, 122.44 opened a token
ds4:   speculation: 0.00 layers a token, 0.00 lanes computed, 0.00 matched, 0.00 GEMVs actually saved, 0.00 left to compute; compared 0.00 lanes, 0.00 floats differ, 0.00 by more than an ulp
ds4:   Metal 4: 22.45 command buffers sent, 1867.4 dispatches a token; 0 pieces of Metal 3 work so far
ds4:   Metal 4 a token: 22.45 contexts in 22.45 command buffers (0.00 split); 1930.2 nodes = 1867.4 dispatches + 62.8 copies; barriers 1387.5 from the graph, 44.9 queue; engine asked for 72.6 barriers and 262.8 section ends, neither encoded; 7646.4 buffer and 2149.5 constant bindings (191699 B), 0.0 with no stated length; 22.45 blocking waits, 62.00 ms
ds4:   expert cache over the last 64 tokens: 239.98 hits, 5.03 misses, 5.03 evictions a token; 6665 of 6665 entries live (100.0%)
ds4:   of the address-table holes repaired a token: 0.00 already resident, 5.03 genuinely absent
ds4:   of the repair a token: readahead 6.62 ms, slot preparation 0.49 ms, reads 2.38 ms, install 0.02 ms, over 5.03 loads
ds4:   Engram rows written at step start in 2176 steps; layer-13 drains 0
ds4:   residency a token: 0.00 adds, 0.00 removes, 0.00 commits
ds4:   decode path so far: 2240 single-row steps (80.2 ms each inside the graph over the last 64), 0 K-row verification steps over 0 positions, 0 batch-fusion sites taken; candidate K none
ds4: gate over tokens 2177-2240: 16.16 command buffers, 3.23 aborts, 240.0 expert ids accounted, 32.78 MiB loaded a token; 0 the gate failed to switch off, 0 it could not gate
ds4:   one token, exclusive, same window: entry 0.00 + encode 0.94 + commit-to-done 61.24 + repair-load 8.89 + accounting 0.06 + tail 2.29 = 73.43 of a 78.17 ms wall, residual 4.74
ds4:   GPU busy 65.83 ms of the token's wall (the union of its buffers' spans), idle 12.34 ms
ds4:   1282.8 gated dispatches a token, 2.8 of them behind an abort; 121.2 sent plain ahead of a buffer's first validate
ds4:   encode-ahead: 11.92 segments used, 3.11 dropped, 4.51 ms a token spent encoding under the GPU
ds4:   concurrent sections: 110.09 attempted, 110.09 opened a token
ds4:   speculation: 0.00 layers a token, 0.00 lanes computed, 0.00 matched, 0.00 GEMVs actually saved, 0.00 left to compute; compared 0.00 lanes, 0.00 floats differ, 0.00 by more than an ulp
ds4:   Metal 4: 20.27 command buffers sent, 1700.2 dispatches a token; 0 pieces of Metal 3 work so far
ds4:   Metal 4 a token: 20.27 contexts in 20.27 command buffers (0.00 split); 1751.7 nodes = 1700.2 dispatches + 51.5 copies; barriers 1264.4 from the graph, 40.5 queue; engine asked for 66.8 barriers and 237.2 section ends, neither encoded; 6957.8 buffer and 1955.0 constant bindings (174401 B), 0.0 with no stated length; 20.27 blocking waits, 62.50 ms
ds4:   expert cache over the last 64 tokens: 240.00 hits, 3.45 misses, 3.45 evictions a token; 6665 of 6665 entries live (100.0%)
ds4:   of the address-table holes repaired a token: 0.00 already resident, 3.45 genuinely absent
ds4:   of the repair a token: readahead 6.71 ms, slot preparation 0.37 ms, reads 1.75 ms, install 0.02 ms, over 3.45 loads
ds4:   Engram rows written at step start in 2240 steps; layer-13 drains 0
ds4:   residency a token: 0.00 adds, 0.00 removes, 0.00 commits
ds4:   decode path so far: 2304 single-row steps (80.5 ms each inside the graph over the last 64), 0 K-row verification steps over 0 positions, 0 batch-fusion sites taken; candidate K none
ds4: gate over tokens 2241-2304: 16.69 command buffers, 3.86 aborts, 240.0 expert ids accounted, 41.82 MiB loaded a token; 0 the gate failed to switch off, 0 it could not gate
ds4:   one token, exclusive, same window: entry 0.00 + encode 1.06 + commit-to-done 61.36 + repair-load 8.50 + accounting 0.07 + tail 2.36 = 73.34 of a 78.29 ms wall, residual 4.95
ds4:   GPU busy 65.98 ms of the token's wall (the union of its buffers' spans), idle 12.32 ms
ds4:   1289.8 gated dispatches a token, 4.2 of them behind an abort; 137.0 sent plain ahead of a buffer's first validate
ds4:   encode-ahead: 11.83 segments used, 3.61 dropped, 4.68 ms a token spent encoding under the GPU
ds4:   concurrent sections: 115.34 attempted, 115.34 opened a token
ds4:   speculation: 0.00 layers a token, 0.00 lanes computed, 0.00 matched, 0.00 GEMVs actually saved, 0.00 left to compute; compared 0.00 lanes, 0.00 floats differ, 0.00 by more than an ulp
ds4:   Metal 4: 21.30 command buffers sent, 1768.8 dispatches a token; 0 pieces of Metal 3 work so far
ds4:   Metal 4 a token: 21.30 contexts in 21.30 command buffers (0.00 split); 1826.1 nodes = 1768.8 dispatches + 57.3 copies; barriers 1316.1 from the graph, 42.6 queue; engine asked for 69.2 barriers and 248.1 section ends, neither encoded; 7243.0 buffer and 2035.0 constant bindings (181652 B), 0.0 with no stated length; 21.30 blocking waits, 62.61 ms
ds4:   expert cache over the last 64 tokens: 239.98 hits, 4.41 misses, 4.41 evictions a token; 6665 of 6665 entries live (100.0%)
ds4:   of the address-table holes repaired a token: 0.00 already resident, 4.41 genuinely absent
ds4:   of the repair a token: readahead 5.85 ms, slot preparation 0.41 ms, reads 2.13 ms, install 0.02 ms, over 4.41 loads
ds4:   Engram rows written at step start in 2304 steps; layer-13 drains 0
ds4:   residency a token: 0.00 adds, 0.00 removes, 0.00 commits
ds4:   decode path so far: 2368 single-row steps (79.5 ms each inside the graph over the last 64), 0 K-row verification steps over 0 positions, 0 batch-fusion sites taken; candidate K none
ds4: gate over tokens 2305-2368: 16.16 command buffers, 3.30 aborts, 240.0 expert ids accounted, 34.11 MiB loaded a token; 0 the gate failed to switch off, 0 it could not gate
ds4:   one token, exclusive, same window: entry 0.00 + encode 0.99 + commit-to-done 60.03 + repair-load 9.51 + accounting 0.07 + tail 2.30 = 72.90 of a 77.82 ms wall, residual 4.92
ds4:   GPU busy 64.85 ms of the token's wall (the union of its buffers' spans), idle 12.97 ms
ds4:   1277.1 gated dispatches a token, 2.8 of them behind an abort; 122.6 sent plain ahead of a buffer's first validate
ds4:   encode-ahead: 11.86 segments used, 3.14 dropped, 4.68 ms a token spent encoding under the GPU
ds4:   concurrent sections: 110.53 attempted, 110.53 opened a token
ds4:   speculation: 0.00 layers a token, 0.00 lanes computed, 0.00 matched, 0.00 GEMVs actually saved, 0.00 left to compute; compared 0.00 lanes, 0.00 floats differ, 0.00 by more than an ulp
ds4:   Metal 4: 20.30 command buffers sent, 1706.2 dispatches a token; 0 pieces of Metal 3 work so far
ds4:   Metal 4 a token: 20.30 contexts in 20.30 command buffers (0.00 split); 1758.1 nodes = 1706.2 dispatches + 51.8 copies; barriers 1268.8 from the graph, 40.6 queue; engine asked for 67.0 barriers and 238.1 section ends, neither encoded; 6982.4 buffer and 1962.0 constant bindings (175013 B), 0.0 with no stated length; 20.30 blocking waits, 61.27 ms
ds4:   expert cache over the last 64 tokens: 239.98 hits, 3.59 misses, 3.59 evictions a token; 6665 of 6665 entries live (100.0%)
ds4:   of the address-table holes repaired a token: 0.00 already resident, 3.59 genuinely absent
ds4:   of the repair a token: readahead 7.33 ms, slot preparation 0.39 ms, reads 1.71 ms, install 0.02 ms, over 3.59 loads
ds4:   Engram rows written at step start in 2368 steps; layer-13 drains 0
ds4:   residency a token: 0.00 adds, 0.00 removes, 0.00 commits
ds4:   decode path so far: 2432 single-row steps (80.3 ms each inside the graph over the last 64), 0 K-row verification steps over 0 positions, 0 batch-fusion sites taken; candidate K none
ds4: gate over tokens 2369-2432: 16.39 command buffers, 3.58 aborts, 240.0 expert ids accounted, 37.97 MiB loaded a token; 0 the gate failed to switch off, 0 it could not gate
ds4:   one token, exclusive, same window: entry 0.00 + encode 0.99 + commit-to-done 59.22 + repair-load 11.11 + accounting 0.07 + tail 2.27 = 73.65 of a 78.47 ms wall, residual 4.82
ds4:   GPU busy 63.97 ms of the token's wall (the union of its buffers' spans), idle 14.50 ms
ds4:   1281.3 gated dispatches a token, 3.8 of them behind an abort; 129.0 sent plain ahead of a buffer's first validate
ds4:   encode-ahead: 11.81 segments used, 3.39 dropped, 4.58 ms a token spent encoding under the GPU
ds4:   concurrent sections: 113.03 attempted, 113.03 opened a token
ds4:   speculation: 0.00 layers a token, 0.00 lanes computed, 0.00 matched, 0.00 GEMVs actually saved, 0.00 left to compute; compared 0.00 lanes, 0.00 floats differ, 0.00 by more than an ulp
ds4:   Metal 4: 20.78 command buffers sent, 1739.6 dispatches a token; 0 pieces of Metal 3 work so far
ds4:   Metal 4 a token: 20.78 contexts in 20.78 command buffers (0.00 split); 1794.5 nodes = 1739.6 dispatches + 54.9 copies; barriers 1293.8 from the graph, 41.6 queue; engine asked for 68.1 barriers and 243.3 section ends, neither encoded; 7119.5 buffer and 2000.8 constant bindings (178494 B), 0.0 with no stated length; 20.78 blocking waits, 60.42 ms
ds4:   expert cache over the last 64 tokens: 240.00 hits, 4.00 misses, 4.00 evictions a token; 6665 of 6665 entries live (100.0%)
ds4:   of the address-table holes repaired a token: 0.00 already resident, 4.00 genuinely absent
ds4:   of the repair a token: readahead 8.63 ms, slot preparation 0.40 ms, reads 2.00 ms, install 0.02 ms, over 4.00 loads
ds4:   Engram rows written at step start in 2432 steps; layer-13 drains 0
ds4:   residency a token: 0.00 adds, 0.00 removes, 0.00 commits
ds4:   decode path so far: 2496 single-row steps (79.3 ms each inside the graph over the last 64), 0 K-row verification steps over 0 positions, 0 batch-fusion sites taken; candidate K none
ds4: gate over tokens 2433-2496: 16.12 command buffers, 3.16 aborts, 240.0 expert ids accounted, 32.63 MiB loaded a token; 0 the gate failed to switch off, 0 it could not gate
ds4:   one token, exclusive, same window: entry 0.00 + encode 0.92 + commit-to-done 60.24 + repair-load 9.15 + accounting 0.07 + tail 2.32 = 72.70 of a 77.50 ms wall, residual 4.80
ds4:   GPU busy 65.13 ms of the token's wall (the union of its buffers' spans), idle 12.37 ms
ds4:   1278.7 gated dispatches a token, 3.8 of them behind an abort; 117.0 sent plain ahead of a buffer's first validate
ds4:   encode-ahead: 11.97 segments used, 2.95 dropped, 4.57 ms a token spent encoding under the GPU
ds4:   concurrent sections: 108.72 attempted, 108.72 opened a token
ds4:   speculation: 0.00 layers a token, 0.00 lanes computed, 0.00 matched, 0.00 GEMVs actually saved, 0.00 left to compute; compared 0.00 lanes, 0.00 floats differ, 0.00 by more than an ulp
ds4:   Metal 4: 20.08 command buffers sent, 1680.5 dispatches a token; 0 pieces of Metal 3 work so far
ds4:   Metal 4 a token: 20.08 contexts in 20.08 command buffers (0.00 split); 1731.1 nodes = 1680.5 dispatches + 50.6 copies; barriers 1250.0 from the graph, 40.2 queue; engine asked for 66.1 barriers and 234.4 section ends, neither encoded; 6876.1 buffer and 1932.0 constant bindings (172361 B), 0.0 with no stated length; 20.08 blocking waits, 61.53 ms
ds4:   expert cache over the last 64 tokens: 240.00 hits, 3.44 misses, 3.44 evictions a token; 6665 of 6665 entries live (100.0%)
ds4:   of the address-table holes repaired a token: 0.00 already resident, 3.44 genuinely absent
ds4:   of the repair a token: readahead 6.93 ms, slot preparation 0.38 ms, reads 1.78 ms, install 0.01 ms, over 3.44 loads
ds4:   Engram rows written at step start in 2496 steps; layer-13 drains 0
ds4:   residency a token: 0.00 adds, 0.00 removes, 0.00 commits
ds4:   decode path so far: 2560 single-row steps (79.7 ms each inside the graph over the last 64), 0 K-row verification steps over 0 positions, 0 batch-fusion sites taken; candidate K none
ds4: gate over tokens 2497-2560: 16.12 command buffers, 3.28 aborts, 240.0 expert ids accounted, 33.52 MiB loaded a token; 0 the gate failed to switch off, 0 it could not gate
ds4:   one token, exclusive, same window: entry 0.00 + encode 0.93 + commit-to-done 61.40 + repair-load 7.62 + accounting 0.06 + tail 2.37 = 72.38 of a 77.01 ms wall, residual 4.63
ds4:   GPU busy 66.30 ms of the token's wall (the union of its buffers' spans), idle 10.71 ms
ds4:   1273.6 gated dispatches a token, 1.4 of them behind an abort; 124.0 sent plain ahead of a buffer's first validate
ds4:   encode-ahead: 11.84 segments used, 3.16 dropped, 4.39 ms a token spent encoding under the GPU
ds4:   concurrent sections: 110.59 attempted, 110.59 opened a token
ds4:   speculation: 0.00 layers a token, 0.00 lanes computed, 0.00 matched, 0.00 GEMVs actually saved, 0.00 left to compute; compared 0.00 lanes, 0.00 floats differ, 0.00 by more than an ulp
ds4:   Metal 4: 20.28 command buffers sent, 1707.7 dispatches a token; 0 pieces of Metal 3 work so far
ds4:   Metal 4 a token: 20.28 contexts in 20.28 command buffers (0.00 split); 1760.0 nodes = 1707.7 dispatches + 52.4 copies; barriers 1272.3 from the graph, 40.6 queue; engine asked for 67.0 barriers and 238.2 section ends, neither encoded; 6988.3 buffer and 1963.6 constant bindings (175392 B), 0.0 with no stated length; 20.28 blocking waits, 62.75 ms
ds4:   expert cache over the last 64 tokens: 239.98 hits, 3.53 misses, 3.53 evictions a token; 6665 of 6665 entries live (100.0%)
ds4:   of the address-table holes repaired a token: 0.00 already resident, 3.53 genuinely absent
ds4:   of the repair a token: readahead 5.38 ms, slot preparation 0.38 ms, reads 1.80 ms, install 0.01 ms, over 3.53 loads
ds4:   Engram rows written at step start in 2560 steps; layer-13 drains 0
ds4:   residency a token: 0.00 adds, 0.00 removes, 0.00 commits
ds4:   decode path so far: 2624 single-row steps (79.2 ms each inside the graph over the last 64), 0 K-row verification steps over 0 positions, 0 batch-fusion sites taken; candidate K none
ds4: gate over tokens 2561-2624: 16.62 command buffers, 3.78 aborts, 240.0 expert ids accounted, 39.90 MiB loaded a token; 0 the gate failed to switch off, 0 it could not gate
ds4:   one token, exclusive, same window: entry 0.00 + encode 0.98 + commit-to-done 60.16 + repair-load 9.35 + accounting 0.06 + tail 2.30 = 72.86 of a 77.56 ms wall, residual 4.70
ds4:   GPU busy 64.78 ms of the token's wall (the union of its buffers' spans), idle 12.78 ms
ds4:   1288.7 gated dispatches a token, 2.8 of them behind an abort; 136.2 sent plain ahead of a buffer's first validate
ds4:   encode-ahead: 11.84 segments used, 3.59 dropped, 4.45 ms a token spent encoding under the GPU
ds4:   concurrent sections: 114.88 attempted, 114.88 opened a token
ds4:   speculation: 0.00 layers a token, 0.00 lanes computed, 0.00 matched, 0.00 GEMVs actually saved, 0.00 left to compute; compared 0.00 lanes, 0.00 floats differ, 0.00 by more than an ulp
ds4:   Metal 4: 21.22 command buffers sent, 1765.2 dispatches a token; 0 pieces of Metal 3 work so far
ds4:   Metal 4 a token: 21.22 contexts in 21.22 command buffers (0.00 split); 1821.4 nodes = 1765.2 dispatches + 56.2 copies; barriers 1312.5 from the graph, 42.4 queue; engine asked for 69.1 barriers and 247.2 section ends, neither encoded; 7223.7 buffer and 2030.4 constant bindings (181110 B), 0.0 with no stated length; 21.22 blocking waits, 61.39 ms
ds4:   expert cache over the last 64 tokens: 240.00 hits, 4.20 misses, 4.20 evictions a token; 6665 of 6665 entries live (100.0%)
ds4:   of the address-table holes repaired a token: 0.00 already resident, 4.20 genuinely absent
ds4:   of the repair a token: readahead 6.87 ms, slot preparation 0.41 ms, reads 1.99 ms, install 0.02 ms, over 4.20 loads
ds4:   Engram rows written at step start in 2624 steps; layer-13 drains 0
ds4:   residency a token: 0.00 adds, 0.00 removes, 0.00 commits
ds4:   decode path so far: 2688 single-row steps (80.5 ms each inside the graph over the last 64), 0 K-row verification steps over 0 positions, 0 batch-fusion sites taken; candidate K none
ds4: gate over tokens 2625-2688: 16.05 command buffers, 3.20 aborts, 240.0 expert ids accounted, 33.67 MiB loaded a token; 0 the gate failed to switch off, 0 it could not gate
ds4:   one token, exclusive, same window: entry 0.00 + encode 0.93 + commit-to-done 63.00 + repair-load 6.96 + accounting 0.07 + tail 2.40 = 73.37 of a 78.08 ms wall, residual 4.72
ds4:   GPU busy 67.89 ms of the token's wall (the union of its buffers' spans), idle 10.19 ms
ds4:   1276.5 gated dispatches a token, 1.9 of them behind an abort; 120.1 sent plain ahead of a buffer's first validate
ds4:   encode-ahead: 11.84 segments used, 3.08 dropped, 4.49 ms a token spent encoding under the GPU
ds4:   concurrent sections: 109.41 attempted, 109.41 opened a token
ds4:   speculation: 0.00 layers a token, 0.00 lanes computed, 0.00 matched, 0.00 GEMVs actually saved, 0.00 left to compute; compared 0.00 lanes, 0.00 floats differ, 0.00 by more than an ulp
ds4:   Metal 4: 20.12 command buffers sent, 1690.4 dispatches a token; 0 pieces of Metal 3 work so far
ds4:   Metal 4 a token: 20.12 contexts in 20.12 command buffers (0.00 split); 1741.5 nodes = 1690.4 dispatches + 51.1 copies; barriers 1257.4 from the graph, 40.2 queue; engine asked for 66.4 barriers and 235.7 section ends, neither encoded; 6917.0 buffer and 1943.6 constant bindings (173386 B), 0.0 with no stated length; 20.12 blocking waits, 64.35 ms
ds4:   expert cache over the last 64 tokens: 240.00 hits, 3.55 misses, 3.55 evictions a token; 6665 of 6665 entries live (100.0%)
ds4:   of the address-table holes repaired a token: 0.00 already resident, 3.55 genuinely absent
ds4:   of the repair a token: readahead 4.77 ms, slot preparation 0.36 ms, reads 1.75 ms, install 0.02 ms, over 3.55 loads
ds4:   Engram rows written at step start in 2688 steps; layer-13 drains 0
ds4:   residency a token: 0.00 adds, 0.00 removes, 0.00 commits
ds4:   decode path so far: 2752 single-row steps (77.7 ms each inside the graph over the last 64), 0 K-row verification steps over 0 positions, 0 batch-fusion sites taken; candidate K none
ds4: gate over tokens 2689-2752: 15.64 command buffers, 2.27 aborts, 240.0 expert ids accounted, 22.69 MiB loaded a token; 0 the gate failed to switch off, 0 it could not gate
ds4:   one token, exclusive, same window: entry 0.00 + encode 0.72 + commit-to-done 62.46 + repair-load 5.74 + accounting 0.07 + tail 2.36 = 71.35 of a 75.71 ms wall, residual 4.36
ds4:   GPU busy 67.43 ms of the token's wall (the union of its buffers' spans), idle 8.28 ms
ds4:   1284.7 gated dispatches a token, 0.9 of them behind an abort; 90.6 sent plain ahead of a buffer's first validate
ds4:   encode-ahead: 12.38 segments used, 2.17 dropped, 4.19 ms a token spent encoding under the GPU
ds4:   concurrent sections: 101.72 attempted, 101.72 opened a token
ds4:   speculation: 0.00 layers a token, 0.00 lanes computed, 0.00 matched, 0.00 GEMVs actually saved, 0.00 left to compute; compared 0.00 lanes, 0.00 floats differ, 0.00 by more than an ulp
ds4:   Metal 4: 18.81 command buffers sent, 1590.6 dispatches a token; 0 pieces of Metal 3 work so far
ds4:   Metal 4 a token: 18.81 contexts in 18.81 command buffers (0.00 split); 1633.6 nodes = 1590.6 dispatches + 43.0 copies; barriers 1183.9 from the graph, 37.6 queue; engine asked for 63.1 barriers and 220.0 section ends, neither encoded; 6503.4 buffer and 1826.8 constant bindings (163010 B), 0.0 with no stated length; 18.81 blocking waits, 63.87 ms
ds4:   expert cache over the last 64 tokens: 240.00 hits, 2.39 misses, 2.39 evictions a token; 6665 of 6665 entries live (100.0%)
ds4:   of the address-table holes repaired a token: 0.00 already resident, 2.39 genuinely absent
ds4:   of the repair a token: readahead 4.06 ms, slot preparation 0.28 ms, reads 1.37 ms, install 0.01 ms, over 2.39 loads
ds4:   Engram rows written at step start in 2752 steps; layer-13 drains 0
ds4:   residency a token: 0.00 adds, 0.00 removes, 0.00 commits
ds4:   decode path so far: 2816 single-row steps (78.5 ms each inside the graph over the last 64), 0 K-row verification steps over 0 positions, 0 batch-fusion sites taken; candidate K none
ds4: gate over tokens 2753-2816: 15.72 command buffers, 2.39 aborts, 240.0 expert ids accounted, 24.77 MiB loaded a token; 0 the gate failed to switch off, 0 it could not gate
ds4:   one token, exclusive, same window: entry 0.00 + encode 0.71 + commit-to-done 62.02 + repair-load 6.91 + accounting 0.07 + tail 2.36 = 72.07 of a 76.40 ms wall, residual 4.34
ds4:   GPU busy 67.02 ms of the token's wall (the union of its buffers' spans), idle 9.38 ms
ds4:   1278.1 gated dispatches a token, 0.9 of them behind an abort; 91.5 sent plain ahead of a buffer's first validate
ds4:   encode-ahead: 12.33 segments used, 2.31 dropped, 4.15 ms a token spent encoding under the GPU
ds4:   concurrent sections: 102.56 attempted, 102.56 opened a token
ds4:   speculation: 0.00 layers a token, 0.00 lanes computed, 0.00 matched, 0.00 GEMVs actually saved, 0.00 left to compute; compared 0.00 lanes, 0.00 floats differ, 0.00 by more than an ulp
ds4:   Metal 4: 19.03 command buffers sent, 1601.7 dispatches a token; 0 pieces of Metal 3 work so far
ds4:   Metal 4 a token: 19.03 contexts in 19.03 command buffers (0.00 split); 1646.7 nodes = 1601.7 dispatches + 45.0 copies; barriers 1193.6 from the graph, 38.1 queue; engine asked for 63.5 barriers and 221.8 section ends, neither encoded; 6549.4 buffer and 1839.7 constant bindings (164289 B), 0.0 with no stated length; 19.03 blocking waits, 63.47 ms
ds4:   expert cache over the last 64 tokens: 240.00 hits, 2.61 misses, 2.61 evictions a token; 6665 of 6665 entries live (100.0%)
ds4:   of the address-table holes repaired a token: 0.00 already resident, 2.61 genuinely absent
ds4:   of the repair a token: readahead 5.08 ms, slot preparation 0.28 ms, reads 1.50 ms, install 0.01 ms, over 2.61 loads
ds4:   Engram rows written at step start in 2816 steps; layer-13 drains 0
ds4:   residency a token: 0.00 adds, 0.00 removes, 0.00 commits
ds4:   decode path so far: 2880 single-row steps (77.9 ms each inside the graph over the last 64), 0 K-row verification steps over 0 positions, 0 batch-fusion sites taken; candidate K none
ds4: gate over tokens 2817-2880: 16.22 command buffers, 3.22 aborts, 240.0 expert ids accounted, 35.45 MiB loaded a token; 0 the gate failed to switch off, 0 it could not gate
ds4:   one token, exclusive, same window: entry 0.00 + encode 0.87 + commit-to-done 61.55 + repair-load 6.44 + accounting 0.06 + tail 2.37 = 71.29 of a 75.73 ms wall, residual 4.44
ds4:   GPU busy 66.32 ms of the token's wall (the union of its buffers' spans), idle 9.42 ms
ds4:   1279.2 gated dispatches a token, 3.8 of them behind an abort; 116.8 sent plain ahead of a buffer's first validate
ds4:   encode-ahead: 12.00 segments used, 2.94 dropped, 4.23 ms a token spent encoding under the GPU
ds4:   concurrent sections: 108.66 attempted, 108.66 opened a token
ds4:   speculation: 0.00 layers a token, 0.00 lanes computed, 0.00 matched, 0.00 GEMVs actually saved, 0.00 left to compute; compared 0.00 lanes, 0.00 floats differ, 0.00 by more than an ulp
ds4:   Metal 4: 20.16 command buffers sent, 1679.4 dispatches a token; 0 pieces of Metal 3 work so far
ds4:   Metal 4 a token: 20.16 contexts in 20.16 command buffers (0.00 split); 1731.1 nodes = 1679.4 dispatches + 51.7 copies; barriers 1249.2 from the graph, 40.3 queue; engine asked for 66.0 barriers and 234.2 section ends, neither encoded; 6869.7 buffer and 1930.6 constant bindings (172233 B), 0.0 with no stated length; 20.16 blocking waits, 62.89 ms
ds4:   expert cache over the last 64 tokens: 239.98 hits, 3.73 misses, 3.73 evictions a token; 6665 of 6665 entries live (100.0%)
ds4:   of the address-table holes repaired a token: 0.00 already resident, 3.73 genuinely absent
ds4:   of the repair a token: readahead 4.10 ms, slot preparation 0.32 ms, reads 1.93 ms, install 0.01 ms, over 3.73 loads
ds4:   Engram rows written at step start in 2880 steps; layer-13 drains 0
ds4:   residency a token: 0.00 adds, 0.00 removes, 0.00 commits
ds4:   decode path so far: 2944 single-row steps (83.1 ms each inside the graph over the last 64), 0 K-row verification steps over 0 positions, 0 batch-fusion sites taken; candidate K none
ds4: gate over tokens 2881-2944: 15.69 command buffers, 2.50 aborts, 240.0 expert ids accounted, 26.70 MiB loaded a token; 0 the gate failed to switch off, 0 it could not gate
ds4:   one token, exclusive, same window: entry 0.00 + encode 0.79 + commit-to-done 67.08 + repair-load 6.66 + accounting 0.07 + tail 2.52 = 77.12 of a 81.84 ms wall, residual 4.72
ds4:   GPU busy 72.50 ms of the token's wall (the union of its buffers' spans), idle 9.35 ms
ds4:   1274.8 gated dispatches a token, 6.1 of them behind an abort; 97.0 sent plain ahead of a buffer's first validate
ds4:   encode-ahead: 12.19 segments used, 2.27 dropped, 4.54 ms a token spent encoding under the GPU
ds4:   concurrent sections: 102.38 attempted, 102.38 opened a token
ds4:   speculation: 0.00 layers a token, 0.00 lanes computed, 0.00 matched, 0.00 GEMVs actually saved, 0.00 left to compute; compared 0.00 lanes, 0.00 floats differ, 0.00 by more than an ulp
ds4:   Metal 4: 18.95 command buffers sent, 1593.3 dispatches a token; 0 pieces of Metal 3 work so far
ds4:   Metal 4 a token: 18.95 contexts in 18.95 command buffers (0.00 split); 1638.1 nodes = 1593.3 dispatches + 44.8 copies; barriers 1185.5 from the graph, 37.9 queue; engine asked for 63.1 barriers and 221.2 section ends, neither encoded; 6518.8 buffer and 1830.8 constant bindings (163342 B), 0.0 with no stated length; 18.95 blocking waits, 68.56 ms
ds4:   expert cache over the last 64 tokens: 239.97 hits, 2.81 misses, 2.81 evictions a token; 6665 of 6665 entries live (100.0%)
ds4:   of the address-table holes repaired a token: 0.00 already resident, 2.81 genuinely absent
ds4:   of the repair a token: readahead 4.84 ms, slot preparation 0.29 ms, reads 1.46 ms, install 0.01 ms, over 2.81 loads
ds4:   Engram rows written at step start in 2944 steps; layer-13 drains 0
ds4:   residency a token: 0.00 adds, 0.00 removes, 0.00 commits
ds4:   decode path so far: 3008 single-row steps (77.9 ms each inside the graph over the last 64), 0 K-row verification steps over 0 positions, 0 batch-fusion sites taken; candidate K none
ds4: gate over tokens 2945-3008: 15.84 command buffers, 2.78 aborts, 240.0 expert ids accounted, 29.37 MiB loaded a token; 0 the gate failed to switch off, 0 it could not gate
ds4:   one token, exclusive, same window: entry 0.00 + encode 0.89 + commit-to-done 59.93 + repair-load 7.04 + accounting 0.07 + tail 2.30 = 70.23 of a 75.13 ms wall, residual 4.90
ds4:   GPU busy 65.00 ms of the token's wall (the union of its buffers' spans), idle 10.13 ms
ds4:   1276.1 gated dispatches a token, 0.9 of them behind an abort; 106.0 sent plain ahead of a buffer's first validate
ds4:   encode-ahead: 12.06 segments used, 2.70 dropped, 4.70 ms a token spent encoding under the GPU
ds4:   concurrent sections: 106.06 attempted, 106.06 opened a token
ds4:   speculation: 0.00 layers a token, 0.00 lanes computed, 0.00 matched, 0.00 GEMVs actually saved, 0.00 left to compute; compared 0.00 lanes, 0.00 floats differ, 0.00 by more than an ulp
ds4:   Metal 4: 19.55 command buffers sent, 1645.9 dispatches a token; 0 pieces of Metal 3 work so far
ds4:   Metal 4 a token: 19.55 contexts in 19.55 command buffers (0.00 split); 1693.3 nodes = 1645.9 dispatches + 47.4 copies; barriers 1224.3 from the graph, 39.1 queue; engine asked for 65.0 barriers and 228.9 section ends, neither encoded; 6734.8 buffer and 1891.7 constant bindings (168764 B), 0.0 with no stated length; 19.55 blocking waits, 61.18 ms
ds4:   expert cache over the last 64 tokens: 240.00 hits, 3.09 misses, 3.09 evictions a token; 6665 of 6665 entries live (100.0%)
ds4:   of the address-table holes repaired a token: 0.00 already resident, 3.09 genuinely absent
ds4:   of the repair a token: readahead 4.76 ms, slot preparation 0.33 ms, reads 1.88 ms, install 0.01 ms, over 3.09 loads
ds4:   Engram rows written at step start in 3008 steps; layer-13 drains 0
ds4:   residency a token: 0.00 adds, 0.00 removes, 0.00 commits
ds4:   decode path so far: 3072 single-row steps (78.3 ms each inside the graph over the last 64), 0 K-row verification steps over 0 positions, 0 batch-fusion sites taken; candidate K none
ds4: gate over tokens 3009-3072: 15.66 command buffers, 2.50 aborts, 240.0 expert ids accounted, 24.62 MiB loaded a token; 0 the gate failed to switch off, 0 it could not gate
ds4:   one token, exclusive, same window: entry 0.00 + encode 0.80 + commit-to-done 61.68 + repair-load 5.98 + accounting 0.07 + tail 2.39 = 70.92 of a 75.56 ms wall, residual 4.65
ds4:   GPU busy 66.79 ms of the token's wall (the union of its buffers' spans), idle 8.77 ms
ds4:   1275.2 gated dispatches a token, 0.0 of them behind an abort; 97.8 sent plain ahead of a buffer's first validate
ds4:   encode-ahead: 12.16 segments used, 2.42 dropped, 4.46 ms a token spent encoding under the GPU
ds4:   concurrent sections: 103.53 attempted, 103.53 opened a token
ds4:   speculation: 0.00 layers a token, 0.00 lanes computed, 0.00 matched, 0.00 GEMVs actually saved, 0.00 left to compute; compared 0.00 lanes, 0.00 floats differ, 0.00 by more than an ulp
ds4:   Metal 4: 19.08 command buffers sent, 1612.0 dispatches a token; 0 pieces of Metal 3 work so far
ds4:   Metal 4 a token: 19.08 contexts in 19.08 command buffers (0.00 split); 1656.9 nodes = 1612.0 dispatches + 44.9 copies; barriers 1201.1 from the graph, 38.2 queue; engine asked for 63.8 barriers and 223.6 section ends, neither encoded; 6595.8 buffer and 1852.2 constant bindings (165430 B), 0.0 with no stated length; 19.08 blocking waits, 63.09 ms
ds4:   expert cache over the last 64 tokens: 240.00 hits, 2.59 misses, 2.59 evictions a token; 6665 of 6665 entries live (100.0%)
ds4:   of the address-table holes repaired a token: 0.00 already resident, 2.59 genuinely absent
ds4:   of the repair a token: readahead 4.26 ms, slot preparation 0.31 ms, reads 1.37 ms, install 0.01 ms, over 2.59 loads
ds4:   Engram rows written at step start in 3072 steps; layer-13 drains 0
ds4:   residency a token: 0.00 adds, 0.00 removes, 0.00 commits
ds4:   decode path so far: 3136 single-row steps (77.7 ms each inside the graph over the last 64), 0 K-row verification steps over 0 positions, 0 batch-fusion sites taken; candidate K none
ds4: gate over tokens 3073-3136: 15.81 command buffers, 2.70 aborts, 240.0 expert ids accounted, 28.92 MiB loaded a token; 0 the gate failed to switch off, 0 it could not gate
ds4:   one token, exclusive, same window: entry 0.00 + encode 0.78 + commit-to-done 61.14 + repair-load 7.08 + accounting 0.07 + tail 2.35 = 71.41 of a 75.71 ms wall, residual 4.29
ds4:   GPU busy 65.83 ms of the token's wall (the union of its buffers' spans), idle 9.87 ms
ds4:   1277.3 gated dispatches a token, 7.0 of them behind an abort; 103.2 sent plain ahead of a buffer's first validate
ds4:   encode-ahead: 12.11 segments used, 2.48 dropped, 4.12 ms a token spent encoding under the GPU
ds4:   concurrent sections: 104.44 attempted, 104.44 opened a token
ds4:   speculation: 0.00 layers a token, 0.00 lanes computed, 0.00 matched, 0.00 GEMVs actually saved, 0.00 left to compute; compared 0.00 lanes, 0.00 floats differ, 0.00 by more than an ulp
ds4:   Metal 4: 19.30 command buffers sent, 1623.3 dispatches a token; 0 pieces of Metal 3 work so far
ds4:   Metal 4 a token: 19.30 contexts in 19.30 command buffers (0.00 split); 1670.2 nodes = 1623.3 dispatches + 46.9 copies; barriers 1208.0 from the graph, 38.6 queue; engine asked for 64.1 barriers and 225.5 section ends, neither encoded; 6639.6 buffer and 1865.4 constant bindings (166432 B), 0.0 with no stated length; 19.30 blocking waits, 62.51 ms
ds4:   expert cache over the last 64 tokens: 240.00 hits, 3.05 misses, 3.05 evictions a token; 6665 of 6665 entries live (100.0%)
ds4:   of the address-table holes repaired a token: 0.00 already resident, 3.05 genuinely absent
ds4:   of the repair a token: readahead 5.13 ms, slot preparation 0.28 ms, reads 1.59 ms, install 0.01 ms, over 3.05 loads
ds4:   Engram rows written at step start in 3136 steps; layer-13 drains 0
ds4:   residency a token: 0.00 adds, 0.00 removes, 0.00 commits
ds4:   decode path so far: 3200 single-row steps (80.1 ms each inside the graph over the last 64), 0 K-row verification steps over 0 positions, 0 batch-fusion sites taken; candidate K none
ds4: gate over tokens 3137-3200: 16.66 command buffers, 4.19 aborts, 240.0 expert ids accounted, 47.02 MiB loaded a token; 0 the gate failed to switch off, 0 it could not gate
ds4:   one token, exclusive, same window: entry 0.00 + encode 1.05 + commit-to-done 59.96 + repair-load 10.06 + accounting 0.07 + tail 2.28 = 73.42 of a 78.14 ms wall, residual 4.73
ds4:   GPU busy 64.48 ms of the token's wall (the union of its buffers' spans), idle 13.67 ms
ds4:   1280.4 gated dispatches a token, 0.5 of them behind an abort; 146.7 sent plain ahead of a buffer's first validate
ds4:   encode-ahead: 11.47 segments used, 4.08 dropped, 4.43 ms a token spent encoding under the GPU
ds4:   concurrent sections: 118.81 attempted, 118.81 opened a token
ds4:   speculation: 0.00 layers a token, 0.00 lanes computed, 0.00 matched, 0.00 GEMVs actually saved, 0.00 left to compute; compared 0.00 lanes, 0.00 floats differ, 0.00 by more than an ulp
ds4:   Metal 4: 21.73 command buffers sent, 1816.9 dispatches a token; 0 pieces of Metal 3 work so far
ds4:   Metal 4 a token: 21.73 contexts in 21.73 command buffers (0.00 split); 1877.2 nodes = 1816.9 dispatches + 60.3 copies; barriers 1350.3 from the graph, 43.5 queue; engine asked for 70.8 barriers and 255.2 section ends, neither encoded; 7439.6 buffer and 2091.0 constant bindings (186495 B), 0.0 with no stated length; 21.73 blocking waits, 61.16 ms
ds4:   expert cache over the last 64 tokens: 240.00 hits, 4.95 misses, 4.95 evictions a token; 6665 of 6665 entries live (100.0%)
ds4:   of the address-table holes repaired a token: 0.00 already resident, 4.95 genuinely absent
ds4:   of the repair a token: readahead 7.21 ms, slot preparation 0.40 ms, reads 2.31 ms, install 0.02 ms, over 4.95 loads
ds4:   Engram rows written at step start in 3200 steps; layer-13 drains 0
ds4:   residency a token: 0.00 adds, 0.00 removes, 0.00 commits
ds4:   decode path so far: 3264 single-row steps (78.3 ms each inside the graph over the last 64), 0 K-row verification steps over 0 positions, 0 batch-fusion sites taken; candidate K none
ds4: gate over tokens 3201-3264: 16.23 command buffers, 3.44 aborts, 240.0 expert ids accounted, 36.04 MiB loaded a token; 0 the gate failed to switch off, 0 it could not gate
ds4:   one token, exclusive, same window: entry 0.00 + encode 0.94 + commit-to-done 59.50 + repair-load 6.64 + accounting 0.07 + tail 2.27 = 69.42 of a 74.10 ms wall, residual 4.68
ds4:   GPU busy 64.28 ms of the token's wall (the union of its buffers' spans), idle 9.82 ms
ds4:   1273.0 gated dispatches a token, 4.2 of them behind an abort; 124.1 sent plain ahead of a buffer's first validate
ds4:   encode-ahead: 11.80 segments used, 3.23 dropped, 4.45 ms a token spent encoding under the GPU
ds4:   concurrent sections: 110.69 attempted, 110.69 opened a token
ds4:   speculation: 0.00 layers a token, 0.00 lanes computed, 0.00 matched, 0.00 GEMVs actually saved, 0.00 left to compute; compared 0.00 lanes, 0.00 floats differ, 0.00 by more than an ulp
ds4:   Metal 4: 20.47 command buffers sent, 1705.7 dispatches a token; 0 pieces of Metal 3 work so far
ds4:   Metal 4 a token: 20.47 contexts in 20.47 command buffers (0.00 split); 1758.7 nodes = 1705.7 dispatches + 53.0 copies; barriers 1268.5 from the graph, 40.9 queue; engine asked for 66.9 barriers and 238.4 section ends, neither encoded; 6979.7 buffer and 1961.5 constant bindings (174973 B), 0.0 with no stated length; 20.47 blocking waits, 60.71 ms
ds4:   expert cache over the last 64 tokens: 239.98 hits, 3.80 misses, 3.80 evictions a token; 6665 of 6665 entries live (100.0%)
ds4:   of the address-table holes repaired a token: 0.00 already resident, 3.80 genuinely absent
ds4:   of the repair a token: readahead 4.32 ms, slot preparation 0.39 ms, reads 1.85 ms, install 0.02 ms, over 3.80 loads
ds4:   Engram rows written at step start in 3264 steps; layer-13 drains 0
ds4:   residency a token: 0.00 adds, 0.00 removes, 0.00 commits
ds4:   decode path so far: 3328 single-row steps (78.1 ms each inside the graph over the last 64), 0 K-row verification steps over 0 positions, 0 batch-fusion sites taken; candidate K none
ds4: gate over tokens 3265-3328: 15.88 command buffers, 2.62 aborts, 240.0 expert ids accounted, 26.55 MiB loaded a token; 0 the gate failed to switch off, 0 it could not gate
ds4:   one token, exclusive, same window: entry 0.00 + encode 0.80 + commit-to-done 61.35 + repair-load 6.79 + accounting 0.07 + tail 2.35 = 71.36 of a 75.91 ms wall, residual 4.55
ds4:   GPU busy 66.33 ms of the token's wall (the union of its buffers' spans), idle 9.58 ms
ds4:   1281.8 gated dispatches a token, 0.9 of them behind an abort; 100.6 sent plain ahead of a buffer's first validate
ds4:   encode-ahead: 12.25 segments used, 2.55 dropped, 4.35 ms a token spent encoding under the GPU
ds4:   concurrent sections: 104.91 attempted, 104.91 opened a token
ds4:   speculation: 0.00 layers a token, 0.00 lanes computed, 0.00 matched, 0.00 GEMVs actually saved, 0.00 left to compute; compared 0.00 lanes, 0.00 floats differ, 0.00 by more than an ulp
ds4:   Metal 4: 19.42 command buffers sent, 1631.0 dispatches a token; 0 pieces of Metal 3 work so far
ds4:   Metal 4 a token: 19.42 contexts in 19.42 command buffers (0.00 split); 1677.5 nodes = 1631.0 dispatches + 46.5 copies; barriers 1214.9 from the graph, 38.8 queue; engine asked for 64.6 barriers and 226.6 section ends, neither encoded; 6673.9 buffer and 1874.2 constant bindings (167345 B), 0.0 with no stated length; 19.42 blocking waits, 62.74 ms
ds4:   expert cache over the last 64 tokens: 239.98 hits, 2.80 misses, 2.80 evictions a token; 6665 of 6665 entries live (100.0%)
ds4:   of the address-table holes repaired a token: 0.00 already resident, 2.80 genuinely absent
ds4:   of the repair a token: readahead 5.04 ms, slot preparation 0.30 ms, reads 1.40 ms, install 0.01 ms, over 2.80 loads
ds4:   Engram rows written at step start in 3328 steps; layer-13 drains 0
ds4:   residency a token: 0.00 adds, 0.00 removes, 0.00 commits
ds4:   decode path so far: 3392 single-row steps (76.8 ms each inside the graph over the last 64), 0 K-row verification steps over 0 positions, 0 batch-fusion sites taken; candidate K none
ds4: gate over tokens 3329-3392: 16.34 command buffers, 3.59 aborts, 240.0 expert ids accounted, 37.38 MiB loaded a token; 0 the gate failed to switch off, 0 it could not gate
ds4:   one token, exclusive, same window: entry 0.00 + encode 0.92 + commit-to-done 60.41 + repair-load 7.01 + accounting 0.07 + tail 2.34 = 70.74 of a 75.26 ms wall, residual 4.51
ds4:   GPU busy 65.02 ms of the token's wall (the union of its buffers' spans), idle 10.23 ms
ds4:   1278.3 gated dispatches a token, 3.8 of them behind an abort; 129.6 sent plain ahead of a buffer's first validate
ds4:   encode-ahead: 11.75 segments used, 3.38 dropped, 4.27 ms a token spent encoding under the GPU
ds4:   concurrent sections: 112.62 attempted, 112.62 opened a token
ds4:   speculation: 0.00 layers a token, 0.00 lanes computed, 0.00 matched, 0.00 GEMVs actually saved, 0.00 left to compute; compared 0.00 lanes, 0.00 floats differ, 0.00 by more than an ulp
ds4:   Metal 4: 20.72 command buffers sent, 1733.4 dispatches a token; 0 pieces of Metal 3 work so far
ds4:   Metal 4 a token: 20.72 contexts in 20.72 command buffers (0.00 split); 1787.8 nodes = 1733.4 dispatches + 54.4 copies; barriers 1289.2 from the graph, 41.4 queue; engine asked for 67.8 barriers and 242.4 section ends, neither encoded; 7093.0 buffer and 1993.7 constant bindings (177851 B), 0.0 with no stated length; 20.72 blocking waits, 61.71 ms
ds4:   expert cache over the last 64 tokens: 240.00 hits, 3.94 misses, 3.94 evictions a token; 6665 of 6665 entries live (100.0%)
ds4:   of the address-table holes repaired a token: 0.00 already resident, 3.94 genuinely absent
ds4:   of the repair a token: readahead 4.62 ms, slot preparation 0.37 ms, reads 1.94 ms, install 0.02 ms, over 3.94 loads
ds4:   Engram rows written at step start in 3392 steps; layer-13 drains 0
ds4:   residency a token: 0.00 adds, 0.00 removes, 0.00 commits
ds4:   decode path so far: 3456 single-row steps (86.5 ms each inside the graph over the last 64), 0 K-row verification steps over 0 positions, 0 batch-fusion sites taken; candidate K none
ds4: gate over tokens 3393-3456: 17.62 command buffers, 5.25 aborts, 240.0 expert ids accounted, 90.03 MiB loaded a token; 0 the gate failed to switch off, 0 it could not gate
ds4:   one token, exclusive, same window: entry 0.00 + encode 1.22 + commit-to-done 59.17 + repair-load 16.70 + accounting 0.06 + tail 2.22 = 79.37 of a 84.36 ms wall, residual 4.99
ds4:   GPU busy 63.47 ms of the token's wall (the union of its buffers' spans), idle 20.89 ms
ds4:   1300.2 gated dispatches a token, 3.3 of them behind an abort; 180.8 sent plain ahead of a buffer's first validate
ds4:   encode-ahead: 11.38 segments used, 5.00 dropped, 4.67 ms a token spent encoding under the GPU
ds4:   concurrent sections: 128.78 attempted, 128.78 opened a token
ds4:   speculation: 0.00 layers a token, 0.00 lanes computed, 0.00 matched, 0.00 GEMVs actually saved, 0.00 left to compute; compared 0.00 lanes, 0.00 floats differ, 0.00 by more than an ulp
ds4:   Metal 4: 23.62 command buffers sent, 1952.8 dispatches a token; 0 pieces of Metal 3 work so far
ds4:   Metal 4 a token: 23.62 contexts in 23.62 command buffers (0.00 split); 2031.6 nodes = 1952.8 dispatches + 78.8 copies; barriers 1450.5 from the graph, 47.2 queue; engine asked for 75.5 barriers and 275.9 section ends, neither encoded; 7997.8 buffer and 2248.9 constant bindings (200538 B), 0.0 with no stated length; 23.62 blocking waits, 60.17 ms
ds4:   expert cache over the last 64 tokens: 239.98 hits, 9.48 misses, 9.48 evictions a token; 6665 of 6665 entries live (100.0%)
ds4:   of the address-table holes repaired a token: 0.00 already resident, 9.48 genuinely absent
ds4:   of the repair a token: readahead 12.48 ms, slot preparation 0.38 ms, reads 3.45 ms, install 0.03 ms, over 9.48 loads
ds4:   Engram rows written at step start in 3456 steps; layer-13 drains 0
ds4:   residency a token: 0.00 adds, 0.00 removes, 0.00 commits
ds4:   decode path so far: 3520 single-row steps (85.1 ms each inside the graph over the last 64), 0 K-row verification steps over 0 positions, 0 batch-fusion sites taken; candidate K none
ds4: gate over tokens 3457-3520: 20.16 command buffers, 9.25 aborts, 240.0 expert ids accounted, 126.07 MiB loaded a token; 0 the gate failed to switch off, 0 it could not gate
ds4:   one token, exclusive, same window: entry 0.00 + encode 2.08 + commit-to-done 52.79 + repair-load 20.16 + accounting 0.07 + tail 2.02 = 77.12 of a 83.42 ms wall, residual 6.31
ds4:   GPU busy 56.18 ms of the token's wall (the union of its buffers' spans), idle 27.24 ms
ds4:   1314.6 gated dispatches a token, 10.3 of them behind an abort; 301.0 sent plain ahead of a buffer's first validate
ds4:   encode-ahead: 9.91 segments used, 8.75 dropped, 5.84 ms a token spent encoding under the GPU
ds4:   concurrent sections: 164.84 attempted, 164.84 opened a token
ds4:   speculation: 0.00 layers a token, 0.00 lanes computed, 0.00 matched, 0.00 GEMVs actually saved, 0.00 left to compute; compared 0.00 lanes, 0.00 floats differ, 0.00 by more than an ulp
ds4:   Metal 4: 29.91 command buffers sent, 2432.7 dispatches a token; 0 pieces of Metal 3 work so far
ds4:   Metal 4 a token: 29.91 contexts in 29.91 command buffers (0.00 split); 2543.8 nodes = 2432.7 dispatches + 111.1 copies; barriers 1803.8 from the graph, 59.8 queue; engine asked for 91.8 barriers and 350.3 section ends, neither encoded; 9981.0 buffer and 2808.6 constant bindings (250349 B), 0.0 with no stated length; 29.91 blocking waits, 53.09 ms
ds4:   expert cache over the last 64 tokens: 239.97 hits, 13.28 misses, 13.28 evictions a token; 6665 of 6665 entries live (100.0%)
ds4:   of the address-table holes repaired a token: 0.00 already resident, 13.28 genuinely absent
ds4:   of the repair a token: readahead 13.21 ms, slot preparation 0.75 ms, reads 5.62 ms, install 0.04 ms, over 13.28 loads
ds4:   Engram rows written at step start in 3520 steps; layer-13 drains 0
ds4:   residency a token: 0.00 adds, 0.00 removes, 0.00 commits
ds4:   decode path so far: 3584 single-row steps (86.5 ms each inside the graph over the last 64), 0 K-row verification steps over 0 positions, 0 batch-fusion sites taken; candidate K none
ds4: gate over tokens 3521-3584: 19.62 command buffers, 8.47 aborts, 240.0 expert ids accounted, 103.38 MiB loaded a token; 0 the gate failed to switch off, 0 it could not gate
ds4:   one token, exclusive, same window: entry 0.00 + encode 1.96 + commit-to-done 54.22 + repair-load 20.21 + accounting 0.07 + tail 2.06 = 78.51 of a 84.90 ms wall, residual 6.39
ds4:   GPU busy 57.76 ms of the token's wall (the union of its buffers' spans), idle 27.14 ms
ds4:   1303.5 gated dispatches a token, 6.1 of them behind an abort; 278.8 sent plain ahead of a buffer's first validate
ds4:   encode-ahead: 10.16 segments used, 8.12 dropped, 5.92 ms a token spent encoding under the GPU
ds4:   concurrent sections: 158.03 attempted, 158.03 opened a token
ds4:   speculation: 0.00 layers a token, 0.00 lanes computed, 0.00 matched, 0.00 GEMVs actually saved, 0.00 left to compute; compared 0.00 lanes, 0.00 floats differ, 0.00 by more than an ulp
ds4:   Metal 4: 28.75 command buffers sent, 2340.2 dispatches a token; 0 pieces of Metal 3 work so far
ds4:   Metal 4 a token: 28.75 contexts in 28.75 command buffers (0.00 split); 2439.8 nodes = 2340.2 dispatches + 99.6 copies; barriers 1736.9 from the graph, 57.5 queue; engine asked for 88.8 barriers and 336.3 section ends, neither encoded; 9604.8 buffer and 2701.0 constant bindings (240937 B), 0.0 with no stated length; 28.75 blocking waits, 54.57 ms
ds4:   expert cache over the last 64 tokens: 240.00 hits, 10.89 misses, 10.89 evictions a token; 6665 of 6665 entries live (100.0%)
ds4:   of the address-table holes repaired a token: 0.00 already resident, 10.89 genuinely absent
ds4:   of the repair a token: readahead 12.88 ms, slot preparation 0.82 ms, reads 6.07 ms, install 0.04 ms, over 10.89 loads
ds4:   Engram rows written at step start in 3584 steps; layer-13 drains 0
ds4:   residency a token: 0.00 adds, 0.00 removes, 0.00 commits
ds4:   decode path so far: 3648 single-row steps (81.6 ms each inside the graph over the last 64), 0 K-row verification steps over 0 positions, 0 batch-fusion sites taken; candidate K none
ds4: gate over tokens 3585-3648: 18.86 command buffers, 7.39 aborts, 240.0 expert ids accounted, 84.24 MiB loaded a token; 0 the gate failed to switch off, 0 it could not gate
ds4:   one token, exclusive, same window: entry 0.00 + encode 1.71 + commit-to-done 52.90 + repair-load 16.77 + accounting 0.07 + tail 2.07 = 73.52 of a 79.71 ms wall, residual 6.19
ds4:   GPU busy 56.86 ms of the token's wall (the union of its buffers' spans), idle 22.85 ms
ds4:   1304.5 gated dispatches a token, 7.5 of them behind an abort; 245.9 sent plain ahead of a buffer's first validate
ds4:   encode-ahead: 10.47 segments used, 7.02 dropped, 5.78 ms a token spent encoding under the GPU
ds4:   concurrent sections: 147.78 attempted, 147.78 opened a token
ds4:   speculation: 0.00 layers a token, 0.00 lanes computed, 0.00 matched, 0.00 GEMVs actually saved, 0.00 left to compute; compared 0.00 lanes, 0.00 floats differ, 0.00 by more than an ulp
ds4:   Metal 4: 26.88 command buffers sent, 2205.9 dispatches a token; 0 pieces of Metal 3 work so far
ds4:   Metal 4 a token: 26.88 contexts in 26.88 command buffers (0.00 split); 2294.4 nodes = 2205.9 dispatches + 88.5 copies; barriers 1637.1 from the graph, 53.8 queue; engine asked for 84.0 barriers and 315.0 section ends, neither encoded; 9042.2 buffer and 2544.1 constant bindings (226813 B), 0.0 with no stated length; 26.88 blocking waits, 53.34 ms
ds4:   expert cache over the last 64 tokens: 239.95 hits, 8.88 misses, 8.88 evictions a token; 6665 of 6665 entries live (100.0%)
ds4:   of the address-table holes repaired a token: 0.00 already resident, 8.88 genuinely absent
ds4:   of the repair a token: readahead 10.98 ms, slot preparation 0.77 ms, reads 4.76 ms, install 0.03 ms, over 8.88 loads
ds4:   Engram rows written at step start in 3648 steps; layer-13 drains 0
ds4:   residency a token: 0.00 adds, 0.00 removes, 0.00 commits
ds4:   decode path so far: 3712 single-row steps (81.6 ms each inside the graph over the last 64), 0 K-row verification steps over 0 positions, 0 batch-fusion sites taken; candidate K none
ds4: gate over tokens 3649-3712: 18.11 command buffers, 6.11 aborts, 240.0 expert ids accounted, 70.89 MiB loaded a token; 0 the gate failed to switch off, 0 it could not gate
ds4:   one token, exclusive, same window: entry 0.00 + encode 1.57 + commit-to-done 55.18 + repair-load 14.32 + accounting 0.07 + tail 2.13 = 73.28 of a 79.49 ms wall, residual 6.21
ds4:   GPU busy 59.25 ms of the token's wall (the union of its buffers' spans), idle 20.24 ms
ds4:   1298.6 gated dispatches a token, 4.7 of them behind an abort; 206.7 sent plain ahead of a buffer's first validate
ds4:   encode-ahead: 11.00 segments used, 5.80 dropped, 5.87 ms a token spent encoding under the GPU
ds4:   concurrent sections: 135.84 attempted, 135.84 opened a token
ds4:   speculation: 0.00 layers a token, 0.00 lanes computed, 0.00 matched, 0.00 GEMVs actually saved, 0.00 left to compute; compared 0.00 lanes, 0.00 floats differ, 0.00 by more than an ulp
ds4:   Metal 4: 24.91 command buffers sent, 2045.1 dispatches a token; 0 pieces of Metal 3 work so far
ds4:   Metal 4 a token: 24.91 contexts in 24.91 command buffers (0.00 split); 2123.0 nodes = 2045.1 dispatches + 77.9 copies; barriers 1518.5 from the graph, 49.8 queue; engine asked for 78.6 barriers and 290.5 section ends, neither encoded; 8379.3 buffer and 2356.7 constant bindings (210134 B), 0.0 with no stated length; 24.91 blocking waits, 55.60 ms
ds4:   expert cache over the last 64 tokens: 239.97 hits, 7.47 misses, 7.47 evictions a token; 6665 of 6665 entries live (100.0%)
ds4:   of the address-table holes repaired a token: 0.00 already resident, 7.47 genuinely absent
ds4:   of the repair a token: readahead 8.79 ms, slot preparation 0.88 ms, reads 4.40 ms, install 0.03 ms, over 7.47 loads
ds4:   Engram rows written at step start in 3712 steps; layer-13 drains 0
ds4:   residency a token: 0.00 adds, 0.00 removes, 0.00 commits
ds4:   decode path so far: 3776 single-row steps (80.7 ms each inside the graph over the last 64), 0 K-row verification steps over 0 positions, 0 batch-fusion sites taken; candidate K none
ds4: gate over tokens 3713-3776: 18.56 command buffers, 6.91 aborts, 240.0 expert ids accounted, 79.50 MiB loaded a token; 0 the gate failed to switch off, 0 it could not gate
ds4:   one token, exclusive, same window: entry 0.00 + encode 1.80 + commit-to-done 54.35 + repair-load 13.48 + accounting 0.07 + tail 2.06 = 71.77 of a 78.26 ms wall, residual 6.49
ds4:   GPU busy 58.20 ms of the token's wall (the union of its buffers' spans), idle 20.06 ms
ds4:   1295.0 gated dispatches a token, 4.7 of them behind an abort; 231.6 sent plain ahead of a buffer's first validate
ds4:   encode-ahead: 10.66 segments used, 6.59 dropped, 6.10 ms a token spent encoding under the GPU
ds4:   concurrent sections: 143.84 attempted, 143.84 opened a token
ds4:   speculation: 0.00 layers a token, 0.00 lanes computed, 0.00 matched, 0.00 GEMVs actually saved, 0.00 left to compute; compared 0.00 lanes, 0.00 floats differ, 0.00 by more than an ulp
ds4:   Metal 4: 26.16 command buffers sent, 2156.1 dispatches a token; 0 pieces of Metal 3 work so far
ds4:   Metal 4 a token: 26.16 contexts in 26.16 command buffers (0.00 split); 2240.5 nodes = 2156.1 dispatches + 84.3 copies; barriers 1600.6 from the graph, 52.3 queue; engine asked for 82.3 barriers and 306.9 section ends, neither encoded; 8833.6 buffer and 2485.7 constant bindings (221611 B), 0.0 with no stated length; 26.16 blocking waits, 54.54 ms
ds4:   expert cache over the last 64 tokens: 240.00 hits, 8.38 misses, 8.38 evictions a token; 6665 of 6665 entries live (100.0%)
ds4:   of the address-table holes repaired a token: 0.00 already resident, 8.38 genuinely absent
ds4:   of the repair a token: readahead 8.00 ms, slot preparation 1.02 ms, reads 4.16 ms, install 0.03 ms, over 8.38 loads
ds4:   Engram rows written at step start in 3776 steps; layer-13 drains 0
ds4:   residency a token: 0.00 adds, 0.00 removes, 0.00 commits
ds4:   decode path so far: 3840 single-row steps (82.3 ms each inside the graph over the last 64), 0 K-row verification steps over 0 positions, 0 batch-fusion sites taken; candidate K none
ds4: gate over tokens 3777-3840: 18.17 command buffers, 6.19 aborts, 240.0 expert ids accounted, 70.75 MiB loaded a token; 0 the gate failed to switch off, 0 it could not gate
ds4:   one token, exclusive, same window: entry 0.00 + encode 1.74 + commit-to-done 53.21 + repair-load 15.78 + accounting 0.08 + tail 2.10 = 72.91 of a 79.62 ms wall, residual 6.70
ds4:   GPU busy 56.99 ms of the token's wall (the union of its buffers' spans), idle 22.63 ms
ds4:   1295.8 gated dispatches a token, 3.8 of them behind an abort; 210.3 sent plain ahead of a buffer's first validate
ds4:   encode-ahead: 10.98 segments used, 5.91 dropped, 6.38 ms a token spent encoding under the GPU
ds4:   concurrent sections: 137.38 attempted, 137.38 opened a token
ds4:   speculation: 0.00 layers a token, 0.00 lanes computed, 0.00 matched, 0.00 GEMVs actually saved, 0.00 left to compute; compared 0.00 lanes, 0.00 floats differ, 0.00 by more than an ulp
ds4:   Metal 4: 25.08 command buffers sent, 2064.8 dispatches a token; 0 pieces of Metal 3 work so far
ds4:   Metal 4 a token: 25.08 contexts in 25.08 command buffers (0.00 split); 2141.9 nodes = 2064.8 dispatches + 77.1 copies; barriers 1534.2 from the graph, 50.2 queue; engine asked for 79.4 barriers and 293.6 section ends, neither encoded; 8465.7 buffer and 2380.0 constant bindings (212342 B), 0.0 with no stated length; 25.08 blocking waits, 53.28 ms
ds4:   expert cache over the last 64 tokens: 240.00 hits, 7.45 misses, 7.45 evictions a token; 6665 of 6665 entries live (100.0%)
ds4:   of the address-table holes repaired a token: 0.00 already resident, 7.45 genuinely absent
ds4:   of the repair a token: readahead 10.48 ms, slot preparation 0.97 ms, reads 4.08 ms, install 0.03 ms, over 7.45 loads
ds4:   Engram rows written at step start in 3840 steps; layer-13 drains 0
ds4:   residency a token: 0.00 adds, 0.00 removes, 0.00 commits
ds4:   decode path so far: 3904 single-row steps (82.1 ms each inside the graph over the last 64), 0 K-row verification steps over 0 positions, 0 batch-fusion sites taken; candidate K none
ds4: gate over tokens 3841-3904: 18.39 command buffers, 6.55 aborts, 240.0 expert ids accounted, 73.71 MiB loaded a token; 0 the gate failed to switch off, 0 it could not gate
ds4:   one token, exclusive, same window: entry 0.00 + encode 1.69 + commit-to-done 53.76 + repair-load 16.10 + accounting 0.07 + tail 2.09 = 73.72 of a 80.08 ms wall, residual 6.36
ds4:   GPU busy 57.42 ms of the token's wall (the union of its buffers' spans), idle 22.66 ms
ds4:   1304.5 gated dispatches a token, 4.7 of them behind an abort; 221.1 sent plain ahead of a buffer's first validate
ds4:   encode-ahead: 10.84 segments used, 6.33 dropped, 5.99 ms a token spent encoding under the GPU
ds4:   concurrent sections: 141.28 attempted, 141.28 opened a token
ds4:   speculation: 0.00 layers a token, 0.00 lanes computed, 0.00 matched, 0.00 GEMVs actually saved, 0.00 left to compute; compared 0.00 lanes, 0.00 floats differ, 0.00 by more than an ulp
ds4:   Metal 4: 25.72 command buffers sent, 2121.4 dispatches a token; 0 pieces of Metal 3 work so far
ds4:   Metal 4 a token: 25.72 contexts in 25.72 command buffers (0.00 split); 2202.9 nodes = 2121.4 dispatches + 81.5 copies; barriers 1574.9 from the graph, 51.4 queue; engine asked for 81.3 barriers and 301.7 section ends, neither encoded; 8694.2 buffer and 2445.4 constant bindings (218043 B), 0.0 with no stated length; 25.72 blocking waits, 54.07 ms
ds4:   expert cache over the last 64 tokens: 239.98 hits, 7.77 misses, 7.77 evictions a token; 6665 of 6665 entries live (100.0%)
ds4:   of the address-table holes repaired a token: 0.00 already resident, 7.77 genuinely absent
ds4:   of the repair a token: readahead 10.15 ms, slot preparation 0.93 ms, reads 4.77 ms, install 0.03 ms, over 7.77 loads
ds4:   Engram rows written at step start in 3904 steps; layer-13 drains 0
ds4:   residency a token: 0.00 adds, 0.00 removes, 0.00 commits
ds4:   decode path so far: 3968 single-row steps (82.6 ms each inside the graph over the last 64), 0 K-row verification steps over 0 positions, 0 batch-fusion sites taken; candidate K none
ds4: gate over tokens 3905-3968: 18.09 command buffers, 6.31 aborts, 240.0 expert ids accounted, 70.89 MiB loaded a token; 0 the gate failed to switch off, 0 it could not gate
ds4:   one token, exclusive, same window: entry 0.00 + encode 1.61 + commit-to-done 54.03 + repair-load 16.64 + accounting 0.07 + tail 2.13 = 74.48 of a 80.61 ms wall, residual 6.14
ds4:   GPU busy 58.07 ms of the token's wall (the union of its buffers' spans), idle 22.54 ms
ds4:   1290.1 gated dispatches a token, 4.2 of them behind an abort; 211.1 sent plain ahead of a buffer's first validate
ds4:   encode-ahead: 10.78 segments used, 5.97 dropped, 5.80 ms a token spent encoding under the GPU
ds4:   concurrent sections: 137.22 attempted, 137.22 opened a token
ds4:   speculation: 0.00 layers a token, 0.00 lanes computed, 0.00 matched, 0.00 GEMVs actually saved, 0.00 left to compute; compared 0.00 lanes, 0.00 floats differ, 0.00 by more than an ulp
ds4:   Metal 4: 25.06 command buffers sent, 2061.6 dispatches a token; 0 pieces of Metal 3 work so far
ds4:   Metal 4 a token: 25.06 contexts in 25.06 command buffers (0.00 split); 2140.0 nodes = 2061.6 dispatches + 78.3 copies; barriers 1530.3 from the graph, 50.1 queue; engine asked for 79.0 barriers and 293.2 section ends, neither encoded; 8448.6 buffer and 2376.3 constant bindings (211861 B), 0.0 with no stated length; 25.06 blocking waits, 54.47 ms
ds4:   expert cache over the last 64 tokens: 239.73 hits, 7.47 misses, 7.47 evictions a token; 6665 of 6665 entries live (100.0%)
ds4:   of the address-table holes repaired a token: 0.00 already resident, 7.47 genuinely absent
ds4:   of the repair a token: readahead 11.09 ms, slot preparation 0.81 ms, reads 4.50 ms, install 0.03 ms, over 7.47 loads
ds4:   Engram rows written at step start in 3968 steps; layer-13 drains 0
ds4:   residency a token: 0.00 adds, 0.00 removes, 0.00 commits
ds4:   decode path so far: 4032 single-row steps (80.0 ms each inside the graph over the last 64), 0 K-row verification steps over 0 positions, 0 batch-fusion sites taken; candidate K none
ds4: gate over tokens 3969-4032: 17.97 command buffers, 5.98 aborts, 240.0 expert ids accounted, 68.08 MiB loaded a token; 0 the gate failed to switch off, 0 it could not gate
ds4:   one token, exclusive, same window: entry 0.00 + encode 1.48 + commit-to-done 54.23 + repair-load 14.34 + accounting 0.07 + tail 2.13 = 72.24 of a 78.13 ms wall, residual 5.89
ds4:   GPU busy 58.53 ms of the token's wall (the union of its buffers' spans), idle 19.60 ms
ds4:   1291.6 gated dispatches a token, 5.6 of them behind an abort; 202.2 sent plain ahead of a buffer's first validate
ds4:   encode-ahead: 10.98 segments used, 5.64 dropped, 5.54 ms a token spent encoding under the GPU
ds4:   concurrent sections: 134.81 attempted, 134.81 opened a token
ds4:   speculation: 0.00 layers a token, 0.00 lanes computed, 0.00 matched, 0.00 GEMVs actually saved, 0.00 left to compute; compared 0.00 lanes, 0.00 floats differ, 0.00 by more than an ulp
ds4:   Metal 4: 24.61 command buffers sent, 2031.2 dispatches a token; 0 pieces of Metal 3 work so far
ds4:   Metal 4 a token: 24.61 contexts in 24.61 command buffers (0.00 split); 2107.2 nodes = 2031.2 dispatches + 76.0 copies; barriers 1508.3 from the graph, 49.2 queue; engine asked for 78.0 barriers and 288.2 section ends, neither encoded; 8322.3 buffer and 2340.7 constant bindings (208704 B), 0.0 with no stated length; 24.61 blocking waits, 54.85 ms
ds4:   expert cache over the last 64 tokens: 239.97 hits, 7.17 misses, 7.17 evictions a token; 6665 of 6665 entries live (100.0%)
ds4:   of the address-table holes repaired a token: 0.00 already resident, 7.17 genuinely absent
ds4:   of the repair a token: readahead 9.32 ms, slot preparation 0.66 ms, reads 4.11 ms, install 0.03 ms, over 7.17 loads
ds4:   Engram rows written at step start in 4032 steps; layer-13 drains 0
ds4:   residency a token: 0.00 adds, 0.00 removes, 0.00 commits
ds4:   decode path so far: 4096 single-row steps (84.8 ms each inside the graph over the last 64), 0 K-row verification steps over 0 positions, 0 batch-fusion sites taken; candidate K none
ds4: gate over tokens 4033-4096: 18.33 command buffers, 6.52 aborts, 240.0 expert ids accounted, 78.16 MiB loaded a token; 0 the gate failed to switch off, 0 it could not gate
ds4:   one token, exclusive, same window: entry 0.00 + encode 2.36 + commit-to-done 50.94 + repair-load 19.43 + accounting 0.09 + tail 2.19 = 75.00 of a 83.36 ms wall, residual 8.36
ds4:   GPU busy 55.80 ms of the token's wall (the union of its buffers' spans), idle 27.56 ms
ds4:   1291.4 gated dispatches a token, 4.7 of them behind an abort; 217.5 sent plain ahead of a buffer's first validate
ds4:   encode-ahead: 10.81 segments used, 6.16 dropped, 7.95 ms a token spent encoding under the GPU
ds4:   concurrent sections: 138.81 attempted, 138.81 opened a token
ds4:   speculation: 0.00 layers a token, 0.00 lanes computed, 0.00 matched, 0.00 GEMVs actually saved, 0.00 left to compute; compared 0.00 lanes, 0.00 floats differ, 0.00 by more than an ulp
ds4:   Metal 4: 25.48 command buffers sent, 2081.0 dispatches a token; 0 pieces of Metal 3 work so far
ds4:   Metal 4 a token: 25.48 contexts in 25.48 command buffers (0.00 split); 2163.4 nodes = 2081.0 dispatches + 82.4 copies; barriers 1545.8 from the graph, 51.0 queue; engine asked for 79.9 barriers and 296.6 section ends, neither encoded; 8532.4 buffer and 2399.1 constant bindings (214032 B), 0.0 with no stated length; 25.48 blocking waits, 50.58 ms
ds4:   expert cache over the last 64 tokens: 239.98 hits, 8.23 misses, 8.23 evictions a token; 6665 of 6665 entries live (100.0%)
ds4:   of the address-table holes repaired a token: 0.00 already resident, 8.23 genuinely absent
ds4:   of the repair a token: readahead 13.51 ms, slot preparation 0.87 ms, reads 4.70 ms, install 0.05 ms, over 8.23 loads
ds4:   Engram rows written at step start in 4096 steps; layer-13 drains 0
ds4:   residency a token: 0.00 adds, 0.00 removes, 0.00 commits
ds4: V4.1 static context buffers 3503.03 MiB (ctx=8192), Engram disk-only
ds4: V4.1 static context buffers 3503.03 MiB (ctx=8192), Engram disk-only
ds4: memory budget: the expert cache returned a slab of 337 experts (3.13 GiB); it now has 6328 slots
ds4: memory budget: the expert cache returned a slab of 431 experts (4.00 GiB); it now has 5897 slots
ds4:   decode path so far: 4160 single-row steps (99.0 ms each inside the graph over the last 64), 0 K-row verification steps over 0 positions, 0 batch-fusion sites taken; candidate K none
ds4: gate over tokens 4097-4160: 21.28 command buffers, 10.86 aborts, 240.0 expert ids accounted, 177.24 MiB loaded a token; 0 the gate failed to switch off, 0 it could not gate
ds4:   one token, exclusive, same window: entry 0.00 + encode 3.07 + commit-to-done 52.63 + repair-load 30.95 + accounting 0.09 + tail 1.86 = 88.59 of a 97.72 ms wall, residual 9.12
ds4:   GPU busy 55.94 ms of the token's wall (the union of its buffers' spans), idle 41.77 ms
ds4:   1336.9 gated dispatches a token, 7.5 of them behind an abort; 351.8 sent plain ahead of a buffer's first validate
ds4:   encode-ahead: 9.42 segments used, 10.38 dropped, 8.59 ms a token spent encoding under the GPU
ds4:   concurrent sections: 180.59 attempted, 180.59 opened a token
ds4:   speculation: 0.00 layers a token, 0.00 lanes computed, 0.00 matched, 0.00 GEMVs actually saved, 0.00 left to compute; compared 0.00 lanes, 0.00 floats differ, 0.00 by more than an ulp
ds4:   Metal 4: 32.47 command buffers sent, 2648.3 dispatches a token; 0 pieces of Metal 3 work so far
ds4:   Metal 4 a token: 32.47 contexts in 32.47 command buffers (0.00 split); 2783.5 nodes = 2648.3 dispatches + 135.2 copies; barriers 1994.2 from the graph, 64.9 queue; engine asked for 99.2 barriers and 382.8 section ends, neither encoded; 10927.6 buffer and 3059.3 constant bindings (275722 B), 0.0 with no stated length; 32.47 blocking waits, 51.35 ms
ds4:   expert cache over the last 64 tokens: 239.94 hits, 18.67 misses, 30.67 evictions a token; 5897 of 5897 entries live (100.0%)
ds4:   of the address-table holes repaired a token: 0.00 already resident, 18.67 genuinely absent
ds4:   of the repair a token: readahead 18.22 ms, slot preparation 0.95 ms, reads 10.96 ms, install 0.07 ms, over 18.67 loads
ds4:   Engram rows written at step start in 4160 steps; layer-13 drains 0
ds4:   residency a token: 0.00 adds, 0.00 removes, 0.00 commits
ds4: expert cache lent the prefill headroom for decode: 5897 -> 6665 experts
ds4: expert cache lent the prefill headroom for decode: 5897 -> 6665 experts
ds4:   decode path so far: 4224 single-row steps (85.9 ms each inside the graph over the last 64), 0 K-row verification steps over 0 positions, 0 batch-fusion sites taken; candidate K none
ds4: gate over tokens 4161-4224: 18.52 command buffers, 6.64 aborts, 240.0 expert ids accounted, 77.57 MiB loaded a token; 0 the gate failed to switch off, 0 it could not gate
ds4:   one token, exclusive, same window: entry 0.00 + encode 1.52 + commit-to-done 53.47 + repair-load 21.67 + accounting 0.06 + tail 1.50 = 78.21 of a 83.76 ms wall, residual 5.55
ds4:   GPU busy 56.57 ms of the token's wall (the union of its buffers' spans), idle 27.19 ms
ds4:   1301.4 gated dispatches a token, 4.7 of them behind an abort; 221.3 sent plain ahead of a buffer's first validate
ds4:   encode-ahead: 10.88 segments used, 6.28 dropped, 5.14 ms a token spent encoding under the GPU
ds4:   concurrent sections: 141.78 attempted, 141.78 opened a token
ds4:   speculation: 0.00 layers a token, 0.00 lanes computed, 0.00 matched, 0.00 GEMVs actually saved, 0.00 left to compute; compared 0.00 lanes, 0.00 floats differ, 0.00 by more than an ulp
ds4:   Metal 4: 25.36 command buffers sent, 2112.6 dispatches a token; 0 pieces of Metal 3 work so far
ds4:   Metal 4 a token: 25.36 contexts in 25.36 command buffers (0.00 split); 2184.0 nodes = 2112.6 dispatches + 71.4 copies; barriers 1629.8 from the graph, 50.7 queue; engine asked for 81.4 barriers and 302.3 section ends, neither encoded; 8802.4 buffer and 2437.6 constant bindings (223516 B), 0.0 with no stated length; 25.36 blocking waits, 53.73 ms
ds4:   expert cache over the last 64 tokens: 239.98 hits, 8.17 misses, 4.30 evictions a token; 6145 of 6665 entries live (92.2%)
ds4:   of the address-table holes repaired a token: 0.00 already resident, 8.17 genuinely absent
ds4:   of the repair a token: readahead 11.22 ms, slot preparation 7.04 ms, reads 3.24 ms, install 0.03 ms, over 8.17 loads
ds4:   Engram rows written at step start in 4224 steps; layer-13 drains 0
ds4:   residency a token: 0.00 adds, 0.00 removes, 0.00 commits
ds4:   decode path so far: 4288 single-row steps (88.2 ms each inside the graph over the last 64), 0 K-row verification steps over 0 positions, 0 batch-fusion sites taken; candidate K none
ds4: gate over tokens 4225-4288: 19.33 command buffers, 7.84 aborts, 240.0 expert ids accounted, 91.96 MiB loaded a token; 0 the gate failed to switch off, 0 it could not gate
ds4:   one token, exclusive, same window: entry 0.00 + encode 2.05 + commit-to-done 48.70 + repair-load 26.27 + accounting 0.08 + tail 2.02 = 79.11 of a 86.30 ms wall, residual 7.19
ds4:   GPU busy 52.20 ms of the token's wall (the union of its buffers' spans), idle 34.10 ms
ds4:   1309.8 gated dispatches a token, 4.7 of them behind an abort; 255.5 sent plain ahead of a buffer's first validate
ds4:   encode-ahead: 10.48 segments used, 7.58 dropped, 6.75 ms a token spent encoding under the GPU
ds4:   concurrent sections: 153.38 attempted, 153.38 opened a token
ds4:   speculation: 0.00 layers a token, 0.00 lanes computed, 0.00 matched, 0.00 GEMVs actually saved, 0.00 left to compute; compared 0.00 lanes, 0.00 floats differ, 0.00 by more than an ulp
ds4:   Metal 4: 27.91 command buffers sent, 2269.2 dispatches a token; 0 pieces of Metal 3 work so far
ds4:   Metal 4 a token: 27.91 contexts in 27.91 command buffers (0.00 split); 2339.9 nodes = 2269.2 dispatches + 70.8 copies; barriers 1748.5 from the graph, 55.8 queue; engine asked for 86.9 barriers and 326.8 section ends, neither encoded; 9456.0 buffer and 2619.9 constant bindings (240160 B), 0.0 with no stated length; 27.91 blocking waits, 48.76 ms
ds4:   expert cache over the last 64 tokens: 240.00 hits, 9.69 misses, 1.56 evictions a token; 6665 of 6665 entries live (100.0%)
ds4:   of the address-table holes repaired a token: 0.00 already resident, 9.69 genuinely absent
ds4:   of the repair a token: readahead 13.60 ms, slot preparation 7.93 ms, reads 4.63 ms, install 0.04 ms, over 9.69 loads
ds4:   Engram rows written at step start in 4288 steps; layer-13 drains 0
ds4:   residency a token: 0.00 adds, 0.00 removes, 0.00 commits
ds4:   decode path so far: 4352 single-row steps (75.5 ms each inside the graph over the last 64), 0 K-row verification steps over 0 positions, 0 batch-fusion sites taken; candidate K none
ds4: gate over tokens 4289-4352: 17.53 command buffers, 5.33 aborts, 240.0 expert ids accounted, 57.55 MiB loaded a token; 0 the gate failed to switch off, 0 it could not gate
ds4:   one token, exclusive, same window: entry 0.00 + encode 1.45 + commit-to-done 51.71 + repair-load 10.64 + accounting 0.07 + tail 2.06 = 65.92 of a 71.74 ms wall, residual 5.82
ds4:   GPU busy 54.84 ms of the token's wall (the union of its buffers' spans), idle 16.90 ms
ds4:   1282.8 gated dispatches a token, 2.8 of them behind an abort; 179.7 sent plain ahead of a buffer's first validate
ds4:   encode-ahead: 11.20 segments used, 5.02 dropped, 5.51 ms a token spent encoding under the GPU
ds4:   concurrent sections: 128.25 attempted, 128.25 opened a token
ds4:   speculation: 0.00 layers a token, 0.00 lanes computed, 0.00 matched, 0.00 GEMVs actually saved, 0.00 left to compute; compared 0.00 lanes, 0.00 floats differ, 0.00 by more than an ulp
ds4:   Metal 4: 23.55 command buffers sent, 1933.4 dispatches a token; 0 pieces of Metal 3 work so far
ds4:   Metal 4 a token: 23.55 contexts in 23.55 command buffers (0.00 split); 2003.1 nodes = 1933.4 dispatches + 69.7 copies; barriers 1492.6 from the graph, 47.1 queue; engine asked for 75.0 barriers and 274.7 section ends, neither encoded; 8043.8 buffer and 2228.2 constant bindings (204380 B), 0.0 with no stated length; 23.55 blocking waits, 52.19 ms
ds4:   expert cache over the last 64 tokens: 239.98 hits, 6.06 misses, 6.06 evictions a token; 6665 of 6665 entries live (100.0%)
ds4:   of the address-table holes repaired a token: 0.00 already resident, 6.06 genuinely absent
ds4:   of the repair a token: readahead 5.67 ms, slot preparation 0.64 ms, reads 4.16 ms, install 0.03 ms, over 6.06 loads
ds4:   Engram rows written at step start in 4352 steps; layer-13 drains 0
ds4:   residency a token: 0.00 adds, 0.00 removes, 0.00 commits
ds4:   decode path so far: 4416 single-row steps (80.2 ms each inside the graph over the last 64), 0 K-row verification steps over 0 positions, 0 batch-fusion sites taken; candidate K none
ds4: gate over tokens 4353-4416: 18.47 command buffers, 6.67 aborts, 240.0 expert ids accounted, 89.14 MiB loaded a token; 0 the gate failed to switch off, 0 it could not gate
ds4:   one token, exclusive, same window: entry 0.00 + encode 1.46 + commit-to-done 54.13 + repair-load 15.74 + accounting 0.06 + tail 2.10 = 73.50 of a 78.65 ms wall, residual 5.15
ds4:   GPU busy 57.28 ms of the token's wall (the union of its buffers' spans), idle 21.37 ms
ds4:   1304.5 gated dispatches a token, 3.8 of them behind an abort; 227.1 sent plain ahead of a buffer's first validate
ds4:   encode-ahead: 10.80 segments used, 6.42 dropped, 4.80 ms a token spent encoding under the GPU
ds4:   concurrent sections: 141.81 attempted, 141.81 opened a token
ds4:   speculation: 0.00 layers a token, 0.00 lanes computed, 0.00 matched, 0.00 GEMVs actually saved, 0.00 left to compute; compared 0.00 lanes, 0.00 floats differ, 0.00 by more than an ulp
ds4:   Metal 4: 25.89 command buffers sent, 2130.5 dispatches a token; 0 pieces of Metal 3 work so far
ds4:   Metal 4 a token: 25.89 contexts in 25.89 command buffers (0.00 split); 2215.8 nodes = 2130.5 dispatches + 85.3 copies; barriers 1630.4 from the graph, 51.8 queue; engine asked for 81.5 barriers and 302.8 section ends, neither encoded; 8834.9 buffer and 2455.5 constant bindings (223724 B), 0.0 with no stated length; 25.89 blocking waits, 54.86 ms
ds4:   expert cache over the last 64 tokens: 239.97 hits, 9.39 misses, 9.39 evictions a token; 6665 of 6665 entries live (100.0%)
ds4:   of the address-table holes repaired a token: 0.00 already resident, 9.39 genuinely absent
ds4:   of the repair a token: readahead 10.99 ms, slot preparation 0.52 ms, reads 3.91 ms, install 0.03 ms, over 9.39 loads
ds4:   Engram rows written at step start in 4416 steps; layer-13 drains 0
ds4:   residency a token: 0.00 adds, 0.00 removes, 0.00 commits
ds4:   decode path so far: 4480 single-row steps (73.9 ms each inside the graph over the last 64), 0 K-row verification steps over 0 positions, 0 batch-fusion sites taken; candidate K none
ds4: gate over tokens 4417-4480: 17.17 command buffers, 4.72 aborts, 240.0 expert ids accounted, 52.80 MiB loaded a token; 0 the gate failed to switch off, 0 it could not gate
ds4:   one token, exclusive, same window: entry 0.00 + encode 1.09 + commit-to-done 55.42 + repair-load 8.86 + accounting 0.06 + tail 2.22 = 67.66 of a 72.33 ms wall, residual 4.67
ds4:   GPU busy 59.70 ms of the token's wall (the union of its buffers' spans), idle 12.63 ms
ds4:   1318.9 gated dispatches a token, 4.8 of them behind an abort; 173.6 sent plain ahead of a buffer's first validate
ds4:   encode-ahead: 11.45 segments used, 4.56 dropped, 4.37 ms a token spent encoding under the GPU
ds4:   concurrent sections: 124.16 attempted, 124.16 opened a token
ds4:   speculation: 0.00 layers a token, 0.00 lanes computed, 0.00 matched, 0.00 GEMVs actually saved, 0.00 left to compute; compared 0.00 lanes, 0.00 floats differ, 0.00 by more than an ulp
ds4:   Metal 4: 22.73 command buffers sent, 1939.1 dispatches a token; 0 pieces of Metal 3 work so far
ds4:   Metal 4 a token: 22.73 contexts in 22.73 command buffers (0.00 split); 2005.1 nodes = 1939.1 dispatches + 66.0 copies; barriers 1453.3 from the graph, 45.5 queue; engine asked for 73.4 barriers and 266.3 section ends, neither encoded; 7941.5 buffer and 2225.1 constant bindings (199116 B), 0.0 with no stated length; 22.73 blocking waits, 56.55 ms
ds4:   expert cache over the last 64 tokens: 240.00 hits, 5.56 misses, 5.56 evictions a token; 6665 of 6665 entries live (100.0%)
ds4:   of the address-table holes repaired a token: 0.00 already resident, 5.56 genuinely absent
ds4:   of the repair a token: readahead 5.63 ms, slot preparation 0.42 ms, reads 2.67 ms, install 0.02 ms, over 5.56 loads
ds4:   Engram rows written at step start in 4480 steps; layer-13 drains 0
ds4:   residency a token: 0.00 adds, 0.00 removes, 0.00 commits
ds4:   decode path so far: 4544 single-row steps (76.1 ms each inside the graph over the last 64), 0 K-row verification steps over 0 positions, 0 batch-fusion sites taken; candidate K none
ds4: gate over tokens 4481-4544: 16.81 command buffers, 4.30 aborts, 240.0 expert ids accounted, 45.09 MiB loaded a token; 0 the gate failed to switch off, 0 it could not gate
ds4:   one token, exclusive, same window: entry 0.00 + encode 0.98 + commit-to-done 57.32 + repair-load 9.37 + accounting 0.06 + tail 2.21 = 69.94 of a 74.30 ms wall, residual 4.37
ds4:   GPU busy 61.20 ms of the token's wall (the union of its buffers' spans), idle 13.11 ms
ds4:   1314.7 gated dispatches a token, 3.4 of them behind an abort; 155.3 sent plain ahead of a buffer's first validate
ds4:   encode-ahead: 11.52 segments used, 4.09 dropped, 4.11 ms a token spent encoding under the GPU
ds4:   concurrent sections: 119.06 attempted, 119.06 opened a token
ds4:   speculation: 0.00 layers a token, 0.00 lanes computed, 0.00 matched, 0.00 GEMVs actually saved, 0.00 left to compute; compared 0.00 lanes, 0.00 floats differ, 0.00 by more than an ulp
ds4:   Metal 4: 21.91 command buffers sent, 1863.5 dispatches a token; 0 pieces of Metal 3 work so far
ds4:   Metal 4 a token: 21.91 contexts in 21.91 command buffers (0.00 split); 1923.8 nodes = 1863.5 dispatches + 60.3 copies; barriers 1396.0 from the graph, 43.8 queue; engine asked for 70.8 barriers and 255.7 section ends, neither encoded; 7629.7 buffer and 2137.9 constant bindings (191264 B), 0.0 with no stated length; 21.91 blocking waits, 58.47 ms
ds4:   expert cache over the last 64 tokens: 240.00 hits, 4.75 misses, 4.75 evictions a token; 6665 of 6665 entries live (100.0%)
ds4:   of the address-table holes repaired a token: 0.00 already resident, 4.75 genuinely absent
ds4:   of the repair a token: readahead 6.41 ms, slot preparation 0.40 ms, reads 2.48 ms, install 0.02 ms, over 4.75 loads
ds4:   Engram rows written at step start in 4544 steps; layer-13 drains 0
ds4:   residency a token: 0.00 adds, 0.00 removes, 0.00 commits
ds4:   decode path so far: 4608 single-row steps (79.6 ms each inside the graph over the last 64), 0 K-row verification steps over 0 positions, 0 batch-fusion sites taken; candidate K none
ds4: gate over tokens 4545-4608: 16.00 command buffers, 2.97 aborts, 240.0 expert ids accounted, 29.96 MiB loaded a token; 0 the gate failed to switch off, 0 it could not gate
ds4:   one token, exclusive, same window: entry 0.00 + encode 0.86 + commit-to-done 61.20 + repair-load 8.63 + accounting 0.07 + tail 2.47 = 73.23 of a 78.01 ms wall, residual 4.78
ds4:   GPU busy 66.23 ms of the token's wall (the union of its buffers' spans), idle 11.78 ms
ds4:   1308.0 gated dispatches a token, 3.4 of them behind an abort; 112.1 sent plain ahead of a buffer's first validate
ds4:   encode-ahead: 12.03 segments used, 2.77 dropped, 4.57 ms a token spent encoding under the GPU
ds4:   concurrent sections: 106.62 attempted, 106.62 opened a token
ds4:   speculation: 0.00 layers a token, 0.00 lanes computed, 0.00 matched, 0.00 GEMVs actually saved, 0.00 left to compute; compared 0.00 lanes, 0.00 floats differ, 0.00 by more than an ulp
ds4:   Metal 4: 19.77 command buffers sent, 1691.6 dispatches a token; 0 pieces of Metal 3 work so far
ds4:   Metal 4 a token: 19.77 contexts in 19.77 command buffers (0.00 split); 1740.0 nodes = 1691.6 dispatches + 48.4 copies; barriers 1268.8 from the graph, 39.5 queue; engine asked for 65.1 barriers and 230.0 section ends, neither encoded; 6924.8 buffer and 1938.4 constant bindings (173482 B), 0.0 with no stated length; 19.77 blocking waits, 62.51 ms
ds4:   expert cache over the last 64 tokens: 240.00 hits, 3.16 misses, 3.16 evictions a token; 6665 of 6665 entries live (100.0%)
ds4:   of the address-table holes repaired a token: 0.00 already resident, 3.16 genuinely absent
ds4:   of the repair a token: readahead 6.34 ms, slot preparation 0.37 ms, reads 1.87 ms, install 0.01 ms, over 3.16 loads
ds4:   Engram rows written at step start in 4608 steps; layer-13 drains 0
ds4:   residency a token: 0.00 adds, 0.00 removes, 0.00 commits
ds4:   decode path so far: 4672 single-row steps (79.2 ms each inside the graph over the last 64), 0 K-row verification steps over 0 positions, 0 batch-fusion sites taken; candidate K none
ds4: gate over tokens 4609-4672: 17.16 command buffers, 4.81 aborts, 240.0 expert ids accounted, 56.21 MiB loaded a token; 0 the gate failed to switch off, 0 it could not gate
ds4:   one token, exclusive, same window: entry 0.00 + encode 1.20 + commit-to-done 58.10 + repair-load 9.76 + accounting 0.07 + tail 2.28 = 71.42 of a 76.39 ms wall, residual 4.97
ds4:   GPU busy 62.21 ms of the token's wall (the union of its buffers' spans), idle 14.18 ms
ds4:   1310.9 gated dispatches a token, 7.3 of them behind an abort; 170.9 sent plain ahead of a buffer's first validate
ds4:   encode-ahead: 11.34 segments used, 4.42 dropped, 4.67 ms a token spent encoding under the GPU
ds4:   concurrent sections: 123.12 attempted, 123.12 opened a token
ds4:   speculation: 0.00 layers a token, 0.00 lanes computed, 0.00 matched, 0.00 GEMVs actually saved, 0.00 left to compute; compared 0.00 lanes, 0.00 floats differ, 0.00 by more than an ulp
ds4:   Metal 4: 22.58 command buffers sent, 1911.4 dispatches a token; 0 pieces of Metal 3 work so far
ds4:   Metal 4 a token: 22.58 contexts in 22.58 command buffers (0.00 split); 1976.2 nodes = 1911.4 dispatches + 64.8 copies; barriers 1433.2 from the graph, 45.2 queue; engine asked for 72.5 barriers and 264.0 section ends, neither encoded; 7837.8 buffer and 2194.8 constant bindings (196535 B), 0.0 with no stated length; 22.58 blocking waits, 59.11 ms
ds4:   expert cache over the last 64 tokens: 239.98 hits, 5.92 misses, 5.92 evictions a token; 6665 of 6665 entries live (100.0%)
ds4:   of the address-table holes repaired a token: 0.00 already resident, 5.92 genuinely absent
ds4:   of the repair a token: readahead 6.29 ms, slot preparation 0.48 ms, reads 2.83 ms, install 0.02 ms, over 5.92 loads
ds4:   Engram rows written at step start in 4672 steps; layer-13 drains 0
ds4:   residency a token: 0.00 adds, 0.00 removes, 0.00 commits
ds4: V4.1 static context buffers 3503.03 MiB (ctx=8192), Engram disk-only
ds4: V4.1 static context buffers 3503.03 MiB (ctx=8192), Engram disk-only
ds4: memory budget: the expert cache returned a slab of 337 experts (3.13 GiB); it now has 6328 slots
ds4: memory budget: the expert cache returned a slab of 431 experts (4.00 GiB); it now has 5897 slots
ds4: V4.1 K-block effective configuration: rows=699 exact_vocab=0 head_tile=0 dense_tile=4 block_kv=1 block_levels=1 block_attn_k=0 block_attn_raw=0 block_low_batch=0 block_attn=0 batch_fuse=0 batch_attn_out=1 batch_stream_experts=1 row_gather=1 moe_expert_major=0 block_txn=0 row_logits_readback=0
ds4: V4.1 block-local KV delta, 699 rows over 127 prefix keys
ds4: V4.1 batch attn_output_b hoisted out of the per-row loop (699 rows)
ds4: V4.1 routed gate/up encode: ds4_gpu_encode_mul_mv_addr_iq2_pair_swiglu
ds4: V4.1 block attention by level, 699 rows, concurrent section open
ds4: V4.1 batch step rows=699 pre 0.0 ms, per-row attention 0.0 ms, moe 0.0 ms, head 0.0 ms, setup 0.0 ms, publish 0.0 ms
ds4: V4.1 prefill of 4096 rows interleaved layer by layer with the 699-row tail after it
ds4: V4.1 prefill tail at position 4096 ran 699 rows as 1 batch steps
ds4: expert cache lent the prefill headroom for decode: 5897 -> 6665 experts
ds4: memory budget: the expert cache returned a slab of 294 experts (2.73 GiB); it now has 5603 slots
ds4: memory budget: the expert cache returned a slab of 431 experts (4.00 GiB); it now has 5172 slots
ds4: memory budget: the expert cache returned a slab of 431 experts (4.00 GiB); it now has 4741 slots
ds4: memory budget: the expert cache returned a slab of 431 experts (4.00 GiB); it now has 4310 slots
ds4: memory budget reached: a cache slab of 4.00 GiB refused with 72.87 GiB allocated and a 7.12 GiB prefill reserve, of a 80.00 GiB budget; the expert cache now evicts to make room
ds4: V4.1 batch step rows=699 pre 0.0 ms, per-row attention 0.0 ms, moe 0.0 ms, head 0.0 ms, setup 0.0 ms, publish 0.0 ms
ds4: V4.1 prefill of 4096 rows interleaved layer by layer with the 699-row tail after it
ds4: V4.1 prefill tail at position 4096 ran 699 rows as 1 batch steps
ds4: expert cache lent the prefill headroom for decode: 5897 -> 6665 experts
ds4:   decode path so far: 4736 single-row steps (100.4 ms each inside the graph over the last 64), 2 K-row verification steps over 1398 positions, 0 batch-fusion sites taken; candidate K 32:2
ds4:   host row loop: 2796 nodes attended one at a time
ds4: gate over tokens 4673-4736: 25.47 command buffers, 17.03 aborts, 240.0 expert ids accounted, 340.09 MiB loaded a token; 0 the gate failed to switch off, 0 it could not gate
ds4:   one token, exclusive, same window: entry 0.00 + encode 2.97 + commit-to-done 54.57 + repair-load 31.59 + accounting 0.07 + tail 2.16 = 91.36 of a 100.55 ms wall, residual 9.20
ds4:   GPU busy 2021.13 ms of the token's wall (the union of its buffers' spans), idle -1920.57 ms
ds4:   1396.4 gated dispatches a token, 8.9 of them behind an abort; 545.9 sent plain ahead of a buffer's first validate
ds4:   encode-ahead: 7.44 segments used, 16.34 dropped, 8.14 ms a token spent encoding under the GPU
ds4:   concurrent sections: 239.94 attempted, 239.94 opened a token
ds4:   speculation: 0.00 layers a token, 0.00 lanes computed, 0.00 matched, 0.00 GEMVs actually saved, 0.00 left to compute; compared 0.00 lanes, 0.00 floats differ, 0.00 by more than an ulp
ds4:   Metal 4: 51.69 command buffers sent, 13839.1 dispatches a token; 0 pieces of Metal 3 work so far
ds4:   Metal 4 a token: 51.69 contexts in 55.81 command buffers (1.38 split); 15904.0 nodes = 13839.1 dispatches + 2064.9 copies; barriers 8445.0 from the graph, 111.6 queue; engine asked for 136.8 barriers and 513.2 section ends, neither encoded; 34486.6 buffer and 14564.7 constant bindings (1147927 B), 0.0 with no stated length; 51.69 blocking waits, 2027.66 ms
ds4:   expert cache over the last 64 tokens: 5225.22 hits, 133.70 misses, 153.94 evictions a token; 5370 of 6665 entries live (80.6%)
ds4:   of the address-table holes repaired a token: 0.00 already resident, 35.83 genuinely absent
ds4:   of the repair a token: readahead 13.89 ms, slot preparation 19.81 ms, reads 11.88 ms, install 0.21 ms, over 133.70 loads
ds4:   Engram rows written at step start in 4736 steps; layer-13 drains 0
ds4:   residency a token: 0.00 adds, 0.00 removes, 0.00 commits
ds4:   decode path so far: 4800 single-row steps (116.7 ms each inside the graph over the last 64), 2 K-row verification steps over 1398 positions, 0 batch-fusion sites taken; candidate K 32:2
ds4:   host row loop: 2796 nodes attended one at a time
ds4: gate over tokens 4737-4800: 28.72 command buffers, 21.94 aborts, 240.0 expert ids accounted, 346.17 MiB loaded a token; 0 the gate failed to switch off, 0 it could not gate
ds4:   one token, exclusive, same window: entry 0.00 + encode 5.49 + commit-to-done 57.38 + repair-load 37.85 + accounting 0.08 + tail 2.02 = 102.82 of a 113.80 ms wall, residual 10.98
ds4:   GPU busy 56.95 ms of the token's wall (the union of its buffers' spans), idle 56.85 ms
ds4:   1417.4 gated dispatches a token, 15.5 of them behind an abort; 705.9 sent plain ahead of a buffer's first validate
ds4:   encode-ahead: 5.78 segments used, 21.06 dropped, 9.75 ms a token spent encoding under the GPU
ds4:   concurrent sections: 284.78 attempted, 284.78 opened a token
ds4:   speculation: 0.00 layers a token, 0.00 lanes computed, 0.00 matched, 0.00 GEMVs actually saved, 0.00 left to compute; compared 0.00 lanes, 0.00 floats differ, 0.00 by more than an ulp
ds4:   Metal 4: 50.78 command buffers sent, 4102.4 dispatches a token; 0 pieces of Metal 3 work so far
ds4:   Metal 4 a token: 50.78 contexts in 50.78 command buffers (0.00 split); 4327.4 nodes = 4102.4 dispatches + 225.0 copies; barriers 3046.9 from the graph, 101.6 queue; engine asked for 147.3 barriers and 598.4 section ends, neither encoded; 16806.8 buffer and 4744.6 constant bindings (423644 B), 0.0 with no stated length; 50.78 blocking waits, 55.34 ms
ds4:   expert cache over the last 64 tokens: 220.81 hits, 36.47 misses, 36.47 evictions a token; 5370 of 6665 entries live (80.6%)
ds4:   of the address-table holes repaired a token: 0.00 already resident, 36.47 genuinely absent
ds4:   of the repair a token: readahead 19.55 ms, slot preparation 3.28 ms, reads 14.80 ms, install 0.14 ms, over 36.47 loads
ds4:   Engram rows written at step start in 4800 steps; layer-13 drains 0
ds4:   residency a token: 0.00 adds, 0.00 removes, 0.00 commits
ds4:   decode path so far: 4864 single-row steps (87.8 ms each inside the graph over the last 64), 2 K-row verification steps over 1398 positions, 0 batch-fusion sites taken; candidate K 32:2
ds4:   host row loop: 2796 nodes attended one at a time
ds4: gate over tokens 4801-4864: 20.12 command buffers, 9.08 aborts, 240.0 expert ids accounted, 113.02 MiB loaded a token; 0 the gate failed to switch off, 0 it could not gate
ds4:   one token, exclusive, same window: entry 0.00 + encode 2.39 + commit-to-done 51.93 + repair-load 21.34 + accounting 0.08 + tail 1.96 = 77.70 of a 85.13 ms wall, residual 7.43
ds4:   GPU busy 54.19 ms of the token's wall (the union of its buffers' spans), idle 30.94 ms
ds4:   1342.3 gated dispatches a token, 5.6 of them behind an abort; 300.8 sent plain ahead of a buffer's first validate
ds4:   encode-ahead: 10.05 segments used, 8.72 dropped, 7.01 ms a token spent encoding under the GPU
ds4:   concurrent sections: 164.97 attempted, 164.97 opened a token
ds4:   speculation: 0.00 layers a token, 0.00 lanes computed, 0.00 matched, 0.00 GEMVs actually saved, 0.00 left to compute; compared 0.00 lanes, 0.00 floats differ, 0.00 by more than an ulp
ds4:   Metal 4: 29.84 command buffers sent, 2464.8 dispatches a token; 0 pieces of Metal 3 work so far
ds4:   Metal 4 a token: 29.84 contexts in 29.84 command buffers (0.00 split); 2564.9 nodes = 2464.8 dispatches + 100.2 copies; barriers 1836.6 from the graph, 59.7 queue; engine asked for 92.2 barriers and 350.7 section ends, neither encoded; 10087.2 buffer and 2841.3 constant bindings (254128 B), 0.0 with no stated length; 29.84 blocking waits, 51.59 ms
ds4:   expert cache over the last 64 tokens: 239.97 hits, 11.91 misses, 11.91 evictions a token; 5370 of 6665 entries live (80.6%)
ds4:   of the address-table holes repaired a token: 0.00 already resident, 11.91 genuinely absent
ds4:   of the repair a token: readahead 13.33 ms, slot preparation 1.34 ms, reads 6.58 ms, install 0.05 ms, over 11.91 loads
ds4:   Engram rows written at step start in 4864 steps; layer-13 drains 0
ds4:   residency a token: 0.00 adds, 0.00 removes, 0.00 commits
ds4:   decode path so far: 4928 single-row steps (90.2 ms each inside the graph over the last 64), 2 K-row verification steps over 1398 positions, 0 batch-fusion sites taken; candidate K 32:2
ds4:   host row loop: 2796 nodes attended one at a time
ds4: gate over tokens 4865-4928: 19.58 command buffers, 8.77 aborts, 240.0 expert ids accounted, 112.42 MiB loaded a token; 0 the gate failed to switch off, 0 it could not gate
ds4:   one token, exclusive, same window: entry 0.00 + encode 2.11 + commit-to-done 56.35 + repair-load 21.59 + accounting 0.06 + tail 2.02 = 82.14 of a 88.55 ms wall, residual 6.41
ds4:   GPU busy 58.48 ms of the token's wall (the union of its buffers' spans), idle 30.07 ms
ds4:   1312.4 gated dispatches a token, 5.6 of them behind an abort; 294.3 sent plain ahead of a buffer's first validate
ds4:   encode-ahead: 9.81 segments used, 8.48 dropped, 5.96 ms a token spent encoding under the GPU
ds4:   concurrent sections: 160.66 attempted, 160.66 opened a token
ds4:   speculation: 0.00 layers a token, 0.00 lanes computed, 0.00 matched, 0.00 GEMVs actually saved, 0.00 left to compute; compared 0.00 lanes, 0.00 floats differ, 0.00 by more than an ulp
ds4:   Metal 4: 29.06 command buffers sent, 2406.1 dispatches a token; 0 pieces of Metal 3 work so far
ds4:   Metal 4 a token: 29.06 contexts in 29.06 command buffers (0.00 split); 2503.4 nodes = 2406.1 dispatches + 97.3 copies; barriers 1791.9 from the graph, 58.1 queue; engine asked for 89.9 barriers and 341.6 section ends, neither encoded; 9837.6 buffer and 2772.9 constant bindings (247826 B), 0.0 with no stated length; 29.06 blocking waits, 56.56 ms
ds4:   expert cache over the last 64 tokens: 240.00 hits, 11.84 misses, 11.84 evictions a token; 5370 of 6665 entries live (80.6%)
ds4:   of the address-table holes repaired a token: 0.00 already resident, 11.84 genuinely absent
ds4:   of the repair a token: readahead 14.81 ms, slot preparation 1.16 ms, reads 5.56 ms, install 0.04 ms, over 11.84 loads
ds4:   Engram rows written at step start in 4928 steps; layer-13 drains 0
ds4:   residency a token: 0.00 adds, 0.00 removes, 0.00 commits
ds4:   decode path so far: 4992 single-row steps (88.5 ms each inside the graph over the last 64), 2 K-row verification steps over 1398 positions, 0 batch-fusion sites taken; candidate K 32:2
ds4:   host row loop: 2796 nodes attended one at a time
ds4: gate over tokens 4929-4992: 20.95 command buffers, 10.48 aborts, 240.0 expert ids accounted, 145.79 MiB loaded a token; 0 the gate failed to switch off, 0 it could not gate
ds4:   one token, exclusive, same window: entry 0.00 + encode 2.06 + commit-to-done 55.15 + repair-load 21.32 + accounting 0.06 + tail 1.97 = 80.56 of a 86.39 ms wall, residual 5.83
ds4:   GPU busy 56.44 ms of the token's wall (the union of its buffers' spans), idle 29.95 ms
ds4:   1333.8 gated dispatches a token, 8.9 of them behind an abort; 346.7 sent plain ahead of a buffer's first validate
ds4:   encode-ahead: 9.47 segments used, 9.97 dropped, 5.37 ms a token spent encoding under the GPU
ds4:   concurrent sections: 176.44 attempted, 176.44 opened a token
ds4:   speculation: 0.00 layers a token, 0.00 lanes computed, 0.00 matched, 0.00 GEMVs actually saved, 0.00 left to compute; compared 0.00 lanes, 0.00 floats differ, 0.00 by more than an ulp
ds4:   Metal 4: 31.92 command buffers sent, 2623.3 dispatches a token; 0 pieces of Metal 3 work so far
ds4:   Metal 4 a token: 31.92 contexts in 31.92 command buffers (0.00 split); 2742.9 nodes = 2623.3 dispatches + 119.6 copies; barriers 1952.6 from the graph, 63.8 queue; engine asked for 97.2 barriers and 374.3 section ends, neither encoded; 10727.1 buffer and 3025.0 constant bindings (270296 B), 0.0 with no stated length; 31.92 blocking waits, 55.30 ms
ds4:   expert cache over the last 64 tokens: 239.95 hits, 15.36 misses, 15.36 evictions a token; 5370 of 6665 entries live (80.6%)
ds4:   of the address-table holes repaired a token: 0.00 already resident, 15.36 genuinely absent
ds4:   of the repair a token: readahead 13.80 ms, slot preparation 1.21 ms, reads 6.24 ms, install 0.05 ms, over 15.36 loads
ds4:   Engram rows written at step start in 4992 steps; layer-13 drains 0
ds4:   residency a token: 0.00 adds, 0.00 removes, 0.00 commits
ds4:   decode path so far: 5056 single-row steps (84.9 ms each inside the graph over the last 64), 2 K-row verification steps over 1398 positions, 0 batch-fusion sites taken; candidate K 32:2
ds4:   host row loop: 2796 nodes attended one at a time
ds4: gate over tokens 4993-5056: 19.44 command buffers, 8.23 aborts, 240.0 expert ids accounted, 99.22 MiB loaded a token; 0 the gate failed to switch off, 0 it could not gate
ds4:   one token, exclusive, same window: entry 0.00 + encode 1.77 + commit-to-done 56.97 + repair-load 17.13 + accounting 0.06 + tail 2.07 = 78.00 of a 83.77 ms wall, residual 5.77
ds4:   GPU busy 59.66 ms of the token's wall (the union of its buffers' spans), idle 24.11 ms
ds4:   1324.1 gated dispatches a token, 3.8 of them behind an abort; 275.4 sent plain ahead of a buffer's first validate
ds4:   encode-ahead: 10.20 segments used, 7.94 dropped, 5.34 ms a token spent encoding under the GPU
ds4:   concurrent sections: 156.25 attempted, 156.25 opened a token
ds4:   speculation: 0.00 layers a token, 0.00 lanes computed, 0.00 matched, 0.00 GEMVs actually saved, 0.00 left to compute; compared 0.00 lanes, 0.00 floats differ, 0.00 by more than an ulp
ds4:   Metal 4: 28.38 command buffers sent, 2347.5 dispatches a token; 0 pieces of Metal 3 work so far
ds4:   Metal 4 a token: 28.38 contexts in 28.38 command buffers (0.00 split); 2443.8 nodes = 2347.5 dispatches + 96.2 copies; barriers 1748.0 from the graph, 56.8 queue; engine asked for 88.0 barriers and 332.6 section ends, neither encoded; 9597.9 buffer and 2704.5 constant bindings (241684 B), 0.0 with no stated length; 28.38 blocking waits, 57.43 ms
ds4:   expert cache over the last 64 tokens: 239.97 hits, 10.45 misses, 10.45 evictions a token; 5370 of 6665 entries live (80.6%)
ds4:   of the address-table holes repaired a token: 0.00 already resident, 10.45 genuinely absent
ds4:   of the repair a token: readahead 11.43 ms, slot preparation 0.92 ms, reads 4.73 ms, install 0.03 ms, over 10.45 loads
ds4:   Engram rows written at step start in 5056 steps; layer-13 drains 0
ds4:   residency a token: 0.00 adds, 0.00 removes, 0.00 commits
ds4:   decode path so far: 5120 single-row steps (101.6 ms each inside the graph over the last 64), 2 K-row verification steps over 1398 positions, 0 batch-fusion sites taken; candidate K 32:2
ds4:   host row loop: 2796 nodes attended one at a time
ds4: gate over tokens 5057-5120: 21.28 command buffers, 10.73 aborts, 240.0 expert ids accounted, 175.31 MiB loaded a token; 0 the gate failed to switch off, 0 it could not gate
ds4:   one token, exclusive, same window: entry 0.00 + encode 2.86 + commit-to-done 56.22 + repair-load 30.46 + accounting 0.07 + tail 2.16 = 91.77 of a 99.83 ms wall, residual 8.05
ds4:   GPU busy 57.66 ms of the token's wall (the union of its buffers' spans), idle 42.16 ms
ds4:   1352.0 gated dispatches a token, 7.5 of them behind an abort; 352.6 sent plain ahead of a buffer's first validate
ds4:   encode-ahead: 9.55 segments used, 10.22 dropped, 7.50 ms a token spent encoding under the GPU
ds4:   concurrent sections: 179.97 attempted, 179.97 opened a token
ds4:   speculation: 0.00 layers a token, 0.00 lanes computed, 0.00 matched, 0.00 GEMVs actually saved, 0.00 left to compute; compared 0.00 lanes, 0.00 floats differ, 0.00 by more than an ulp
ds4:   Metal 4: 32.50 command buffers sent, 2668.4 dispatches a token; 0 pieces of Metal 3 work so far
ds4:   Metal 4 a token: 32.50 contexts in 32.50 command buffers (0.00 split); 2797.5 nodes = 2668.4 dispatches + 129.0 copies; barriers 1987.2 from the graph, 65.0 queue; engine asked for 99.0 barriers and 381.7 section ends, neither encoded; 10922.1 buffer and 3078.1 constant bindings (275220 B), 0.0 with no stated length; 32.50 blocking waits, 55.70 ms
ds4:   expert cache over the last 64 tokens: 239.95 hits, 18.47 misses, 18.47 evictions a token; 5370 of 6665 entries live (80.6%)
ds4:   of the address-table holes repaired a token: 0.00 already resident, 18.47 genuinely absent
ds4:   of the repair a token: readahead 19.61 ms, slot preparation 2.01 ms, reads 8.72 ms, install 0.07 ms, over 18.47 loads
ds4:   Engram rows written at step start in 5120 steps; layer-13 drains 0
ds4:   residency a token: 0.00 adds, 0.00 removes, 0.00 commits
ds4:   decode path so far: 5184 single-row steps (95.7 ms each inside the graph over the last 64), 2 K-row verification steps over 1398 positions, 0 batch-fusion sites taken; candidate K 32:2
ds4:   host row loop: 2796 nodes attended one at a time
ds4: gate over tokens 5121-5184: 21.06 command buffers, 10.64 aborts, 240.0 expert ids accounted, 145.20 MiB loaded a token; 0 the gate failed to switch off, 0 it could not gate
ds4:   one token, exclusive, same window: entry 0.00 + encode 2.41 + commit-to-done 54.20 + repair-load 28.86 + accounting 0.07 + tail 2.04 = 87.57 of a 94.45 ms wall, residual 6.88
ds4:   GPU busy 54.65 ms of the token's wall (the union of its buffers' spans), idle 39.80 ms
ds4:   1336.2 gated dispatches a token, 8.0 of them behind an abort; 345.4 sent plain ahead of a buffer's first validate
ds4:   encode-ahead: 9.42 segments used, 10.12 dropped, 6.43 ms a token spent encoding under the GPU
ds4:   concurrent sections: 177.94 attempted, 177.94 opened a token
ds4:   speculation: 0.00 layers a token, 0.00 lanes computed, 0.00 matched, 0.00 GEMVs actually saved, 0.00 left to compute; compared 0.00 lanes, 0.00 floats differ, 0.00 by more than an ulp
ds4:   Metal 4: 32.19 command buffers sent, 2639.7 dispatches a token; 0 pieces of Metal 3 work so far
ds4:   Metal 4 a token: 32.19 contexts in 32.19 command buffers (0.00 split); 2761.5 nodes = 2639.7 dispatches + 121.9 copies; barriers 1964.1 from the graph, 64.4 queue; engine asked for 97.9 barriers and 377.4 section ends, neither encoded; 10800.5 buffer and 3044.7 constant bindings (272017 B), 0.0 with no stated length; 32.19 blocking waits, 54.08 ms
ds4:   expert cache over the last 64 tokens: 239.92 hits, 15.30 misses, 15.30 evictions a token; 5370 of 6665 entries live (80.6%)
ds4:   of the address-table holes repaired a token: 0.00 already resident, 15.30 genuinely absent
ds4:   of the repair a token: readahead 19.35 ms, slot preparation 1.43 ms, reads 7.99 ms, install 0.05 ms, over 15.30 loads
ds4:   Engram rows written at step start in 5184 steps; layer-13 drains 0
ds4:   residency a token: 0.00 adds, 0.00 removes, 0.00 commits
ds4: V4.1 static context buffers 3503.03 MiB (ctx=8192), Engram disk-only
ds4: memory budget: the expert cache returned a slab of 159 experts (1.48 GiB); it now has 5211 slots
ds4: memory budget: the expert cache returned a slab of 2 experts (0.02 GiB); it now has 5209 slots
ds4: memory budget: the expert cache returned a slab of 37 experts (0.34 GiB); it now has 5172 slots
ds4: memory budget: the expert cache returned a slab of 431 experts (4.00 GiB); it now has 4741 slots
ds4: expert cache lent the prefill headroom for decode: 5897 -> 6665 experts
ds4:   decode path so far: 5248 single-row steps (116.2 ms each inside the graph over the last 64), 2 K-row verification steps over 1398 positions, 0 batch-fusion sites taken; candidate K 32:2
ds4:   host row loop: 2796 nodes attended one at a time
ds4: gate over tokens 5185-5248: 27.58 command buffers, 20.64 aborts, 240.0 expert ids accounted, 336.08 MiB loaded a token; 0 the gate failed to switch off, 0 it could not gate
ds4:   one token, exclusive, same window: entry 0.00 + encode 3.25 + commit-to-done 48.07 + repair-load 49.82 + accounting 0.06 + tail 1.00 = 102.20 of a 110.92 ms wall, residual 8.72
ds4:   GPU busy 44.62 ms of the token's wall (the union of its buffers' spans), idle 66.29 ms
ds4:   1379.3 gated dispatches a token, 16.4 of them behind an abort; 651.3 sent plain ahead of a buffer's first validate
ds4:   encode-ahead: 5.94 segments used, 19.61 dropped, 7.86 ms a token spent encoding under the GPU
ds4:   concurrent sections: 269.56 attempted, 269.56 opened a token
ds4:   speculation: 0.00 layers a token, 0.00 lanes computed, 0.00 matched, 0.00 GEMVs actually saved, 0.00 left to compute; compared 0.00 lanes, 0.00 floats differ, 0.00 by more than an ulp
ds4:   Metal 4: 47.80 command buffers sent, 3834.8 dispatches a token; 0 pieces of Metal 3 work so far
ds4:   Metal 4 a token: 47.80 contexts in 47.80 command buffers (0.00 split); 4035.4 nodes = 3834.8 dispatches + 200.5 copies; barriers 2911.4 from the graph, 95.6 queue; engine asked for 139.7 barriers and 566.3 section ends, neither encoded; 15916.6 buffer and 4442.9 constant bindings (403178 B), 0.0 with no stated length; 47.80 blocking waits, 45.66 ms
ds4:   expert cache over the last 64 tokens: 239.67 hits, 35.41 misses, 35.52 evictions a token; 5363 of 6665 entries live (80.5%)
ds4:   of the address-table holes repaired a token: 0.00 already resident, 35.41 genuinely absent
ds4:   of the repair a token: readahead 22.51 ms, slot preparation 11.19 ms, reads 15.99 ms, install 0.09 ms, over 35.41 loads
ds4:   Engram rows written at step start in 5248 steps; layer-13 drains 0
ds4:   residency a token: 0.00 adds, 0.00 removes, 0.00 commits
ds4: Metal 4 submission 128232 failed: Error Domain=ds4.injected Code=1 "injected failure" UserInfo={NSLocalizedDescription=injected failure}
ds4: V4.1 static context buffers 3503.03 MiB (ctx=8192), Engram disk-only
ds4: memory budget: the expert cache returned a slab of 431 experts (4.00 GiB); it now has 5114 slots
ds4: Metal 4 submission 128234 failed: Error Domain=ds4.injected Code=1 "injected failure" UserInfo={NSLocalizedDescription=injected failure}
ds4: V4.1 static context buffers 3503.03 MiB (ctx=8192), Engram disk-only
ds4: expert cache lent the prefill headroom for decode: 5897 -> 6665 experts
ds4:   decode path so far: 5314 single-row steps (103.3 ms each inside the graph over the last 66), 2 K-row verification steps over 1398 positions, 0 batch-fusion sites taken; candidate K 32:2
ds4:   host row loop: 2796 nodes attended one at a time
ds4: gate over tokens 5249-5312: 22.59 command buffers, 13.16 aborts, 240.0 expert ids accounted, 180.80 MiB loaded a token; 0 the gate failed to switch off, 0 it could not gate
ds4:   one token, exclusive, same window: entry 0.00 + encode 2.15 + commit-to-done 61.84 + repair-load 32.86 + accounting 0.06 + tail 1.01 = 97.92 of a 104.21 ms wall, residual 6.29
ds4:   GPU busy 62.05 ms of the token's wall (the union of its buffers' spans), idle 42.16 ms
ds4:   1325.5 gated dispatches a token, 10.3 of them behind an abort; 418.8 sent plain ahead of a buffer's first validate
ds4:   encode-ahead: 8.44 segments used, 12.56 dropped, 5.14 ms a token spent encoding under the GPU
ds4:   concurrent sections: 200.69 attempted, 200.69 opened a token
ds4:   speculation: 0.00 layers a token, 0.00 lanes computed, 0.00 matched, 0.00 GEMVs actually saved, 0.00 left to compute; compared 0.00 lanes, 0.00 floats differ, 0.00 by more than an ulp
ds4:   Metal 4: 35.83 command buffers sent, 2894.0 dispatches a token; 0 pieces of Metal 3 work so far
ds4:   Metal 4 a token: 35.83 contexts in 35.83 command buffers (0.00 split); 3009.3 nodes = 2894.0 dispatches + 115.4 copies; barriers 2226.3 from the graph, 71.7 queue; engine asked for 108.2 barriers and 424.0 section ends, neither encoded; 12076.6 buffer and 3349.4 constant bindings (306799 B), 0.0 with no stated length; 35.83 blocking waits, 61.23 ms
ds4:   expert cache over the last 64 tokens: 239.88 hits, 19.05 misses, 10.95 evictions a token; 5881 of 6665 entries live (88.2%)
ds4:   of the address-table holes repaired a token: 0.00 already resident, 19.05 genuinely absent
ds4:   of the repair a token: readahead 13.75 ms, slot preparation 12.41 ms, reads 6.62 ms, install 0.05 ms, over 19.05 loads
ds4:   Engram rows written at step start in 5314 steps; layer-13 drains 0
ds4:   residency a token: 0.00 adds, 0.00 removes, 0.00 commits
ds4:   decode path so far: 5378 single-row steps (98.9 ms each inside the graph over the last 64), 2 K-row verification steps over 1398 positions, 0 batch-fusion sites taken; candidate K 32:2
ds4:   host row loop: 2796 nodes attended one at a time
ds4: gate over tokens 5313-5376: 24.97 command buffers, 16.41 aborts, 240.0 expert ids accounted, 206.60 MiB loaded a token; 0 the gate failed to switch off, 0 it could not gate
ds4:   one token, exclusive, same window: entry 0.00 + encode 3.16 + commit-to-done 53.81 + repair-load 31.09 + accounting 0.06 + tail 1.97 = 90.10 of a 97.72 ms wall, residual 7.63
ds4:   GPU busy 54.15 ms of the token's wall (the union of its buffers' spans), idle 43.57 ms
ds4:   1356.7 gated dispatches a token, 13.1 of them behind an abort; 522.1 sent plain ahead of a buffer's first validate
ds4:   encode-ahead: 7.56 segments used, 15.70 dropped, 6.93 ms a token spent encoding under the GPU
ds4:   concurrent sections: 231.75 attempted, 231.75 opened a token
ds4:   speculation: 0.00 layers a token, 0.00 lanes computed, 0.00 matched, 0.00 GEMVs actually saved, 0.00 left to compute; compared 0.00 lanes, 0.00 floats differ, 0.00 by more than an ulp
ds4:   Metal 4: 41.67 command buffers sent, 3317.7 dispatches a token; 0 pieces of Metal 3 work so far
ds4:   Metal 4 a token: 41.67 contexts in 41.67 command buffers (0.00 split); 3487.6 nodes = 3317.7 dispatches + 170.0 copies; barriers 2550.6 from the graph, 83.3 queue; engine asked for 122.7 barriers and 488.8 section ends, neither encoded; 13845.1 buffer and 3842.0 constant bindings (351874 B), 0.0 with no stated length; 41.67 blocking waits, 53.25 ms
ds4:   expert cache over the last 64 tokens: 239.98 hits, 21.77 misses, 21.77 evictions a token; 5881 of 6665 entries live (88.2%)
ds4:   of the address-table holes repaired a token: 0.00 already resident, 21.77 genuinely absent
ds4:   of the repair a token: readahead 18.45 ms, slot preparation 1.87 ms, reads 10.66 ms, install 0.07 ms, over 21.77 loads
ds4:   Engram rows written at step start in 5378 steps; layer-13 drains 0
ds4:   residency a token: 0.00 adds, 0.00 removes, 0.00 commits
ds4: backend test Metal 4 owned batch                    commit=1
ds4: backend test Metal 4 encoder batch                  encoder=12494782
ds4: backend test Metal 4 segment                        commit=134132
ds4: backend test Metal 4 wait                           wait=134132
ds4: backend test Metal 4 tensor_copy                    blit=174978
ds4: backend test Metal 4 tensor_read                    readback=5344
ds4: backend test Metal 4 expert_cache_fill              blit=6264
ds4: backend test totals over 0 tokens (selected Metal 4): M3 commit=0 wait=0 signal=0 evwait=0 blit=0 encoder=0 readback=0 M4 commit=134133 wait=134132 signal=0 evwait=0 blit=181242 encoder=12494782 readback=5344; Metal 3 fallback 0; site table overflow 0
ds4: backend test boundary flush          pc 0x100077544 97322
ds4: backend test boundary flush          pc 0x100077930 90372
ds4: backend test boundary wait mark      pc 0x100077910 90372
ds4: backend test boundary wait           pc 0x100077a18 30977
ds4: backend test boundary wait           pc 0x10007796c 6950
ds4: backend test boundary end            pc 0x100078abc 5404
ds4: backend test boundary end            pc 0x10007e3d8 5264
ds4: backend test boundary end            pc 0x10017f568 2
ds4: backend test boundary end            pc 0x10018d4cc 80
ds4: backend test boundary end            pc 0x1001b1274 80
ds4: backend test boundary end            pc 0x10018e908 80
ds4: backend test boundary end            pc 0x10018f134 80
ds4: backend test boundary end            pc 0x1002775ac 80
ds4: backend test boundary end            pc 0x10027afcc 80
ds4: backend test boundary end            pc 0x10012a824 80
ds4: backend test boundary end            pc 0x10012645c 2
ds4: backend test boundary end            pc 0x100190f08 2
ds4: backend test boundary end            pc 0x10017debc 2
ds4: Metal 4 bindings with no stated length: 0 at 0 call sites
ds4: Metal 4 parts: contexts in 1/2/3/4 parts 134044/0/0/88, 12294174 nodes; 88 commit:count: calls with more than one buffer, 134396 command buffers in all; 0 contexts cut short of their parts, 0 empty or mismatched parts
ds4: backend test Metal 4 feedback after completion: 128294 waits, 2317.770 ms
ds4: backend test Metal 3 command execution after Metal 4 selection: 0 (refused 1); Metal 3 queues created before selection 0, after 0; full expert address table uses 0
ds4: backend test background: keepalive M3 0 M4 565, pacer M3 0 M4 0 (cumulative)
ds4: Metal cleanup discarded 1 live tensor handles
ds4: memory budget: peak 84.11 GiB allocated of 80.00 GiB; 13 slab(s) given back, 0 allocation(s) refused, cache growth stopped 14707 time(s)
ds4: expert directory: 0 pinned hits, 0 cache hits, 55673 loads; 0 address mismatches, 0 missing with a non-zero slot, 0 selected and missing; 0 pinned experts given back to the budget
ds4: Metal device Apple M5 Max, 128.00 GiB RAM
ds4: Metal 4 tensor API enabled for Tensor kernels
ds4: drift-patch flags hc_stable=on norm_unify=on kv_raw_f32=off rope_exp2_log2=off math_safe=off tensor_matmul=on
ds4: V4.1 SSD cache fitted from 10268 to 6665 experts for context/runtime headroom
ds4: Metal backend: Metal 4
ds4: Metal SSD streaming mode enabled; full model residency and warmup are skipped
ds4: metal SSD streaming cache target 61.78 GiB; effective 61.78 GiB = 7.12 GiB prefill headroom + 54.66 GiB dynamic cache (5897 experts, 9.49 MiB each)
ds4: Metal SSD static weights locked 9.37 GiB; pageable 0.00 GiB
ds4: SSD streaming initial metal model map (569 spans, 9.37 GiB tensor span)
ds4: metal backend initialized for graph diagnostics
ds4: expert cache prewarmed from the built-in V4.1 hotlist: 5826 experts (0 failed), 54.01 GiB in 5.71 s; stopped where the cache was full
ds4: memory: KV 0.06 GiB (raw 0.01 + compressed 0.05) + buffers 3.36 GiB + resident model 9.37 GiB + expert cache 54.66 GiB + prefill expert reserve 7.12 GiB = 74.57 GiB planned
ds4: memory detail: ctx=8192 prefill_cap=4096 raw_kv_rows=128 compressed_kv_rows=8193 backend=metal
ds4: memory budget: the expert cache returned a slab of 227 experts (2.11 GiB); it now has 5603 slots
ds4: memory budget: the expert cache returned a slab of 431 experts (4.00 GiB); it now has 5172 slots
ds4: V4.1 static context buffers 3503.03 MiB (ctx=8192), Engram disk-only
ds4: memory budget reached: a cache slab of 3.80 GiB refused with 72.88 GiB allocated and a 7.12 GiB prefill reserve, of a 80.00 GiB budget; the expert cache now evicts to make room
ds4: expert cache lent the prefill headroom for decode: 5897 -> 6665 experts
ds4:   decode path so far: 5442 single-row steps (102.3 ms each inside the graph over the last 64), 2 K-row verification steps over 1398 positions, 0 batch-fusion sites taken; candidate K 32:2
ds4:   host row loop: 2796 nodes attended one at a time
ds4: gate over tokens 5377-5440: 28.36 command buffers, 21.39 aborts, 240.0 expert ids accounted, 343.50 MiB loaded a token; 0 the gate failed to switch off, 0 it could not gate
ds4:   one token, exclusive, same window: entry 0.00 + encode 3.06 + commit-to-done 50.52 + repair-load 38.55 + accounting 0.06 + tail 1.24 = 93.43 of a 101.83 ms wall, residual 8.41
ds4:   GPU busy 49.17 ms of the token's wall (the union of its buffers' spans), idle 52.66 ms
ds4:   1420.6 gated dispatches a token, 17.9 of them behind an abort; 676.7 sent plain ahead of a buffer's first validate
ds4:   encode-ahead: 5.97 segments used, 20.38 dropped, 7.42 ms a token spent encoding under the GPU
ds4:   concurrent sections: 278.50 attempted, 278.50 opened a token
ds4:   speculation: 0.00 layers a token, 0.00 lanes computed, 0.00 matched, 0.00 GEMVs actually saved, 0.00 left to compute; compared 0.00 lanes, 0.00 floats differ, 0.00 by more than an ulp
ds4:   Metal 4: 49.34 command buffers sent, 3969.8 dispatches a token; 0 pieces of Metal 3 work so far
ds4:   Metal 4 a token: 49.34 contexts in 49.34 command buffers (0.00 split); 4169.2 nodes = 3969.8 dispatches + 199.4 copies; barriers 3023.0 from the graph, 98.7 queue; engine asked for 144.2 barriers and 585.0 section ends, neither encoded; 16514.8 buffer and 4597.9 constant bindings (417904 B), 0.0 with no stated length; 49.34 blocking waits, 49.49 ms
ds4:   expert cache over the last 64 tokens: 288230376151686752.00 hits, 288230376151711008.00 misses, 288230376151711008.00 evictions a token; 5838 of 6665 entries live (87.6%)
ds4:   of the address-table holes repaired a token: 0.00 already resident, 127.22 genuinely absent
ds4:   of the repair a token: readahead 43.04 ms, slot preparation 42.02 ms, reads 42.29 ms, install 0.19 ms, over 127.22 loads
ds4:   Engram rows written at step start in 5442 steps; layer-13 drains 0
ds4:   residency a token: 0.00 adds, 0.00 removes, 0.00 commits
ds4:   decode path so far: 5506 single-row steps (113.4 ms each inside the graph over the last 64), 2 K-row verification steps over 1398 positions, 0 batch-fusion sites taken; candidate K 32:2
ds4:   host row loop: 2796 nodes attended one at a time
ds4: gate over tokens 5441-5504: 26.84 command buffers, 19.12 aborts, 240.0 expert ids accounted, 249.32 MiB loaded a token; 0 the gate failed to switch off, 0 it could not gate
ds4:   one token, exclusive, same window: entry 0.00 + encode 3.29 + commit-to-done 61.48 + repair-load 37.20 + accounting 0.06 + tail 2.29 = 104.33 of a 112.02 ms wall, residual 7.69
ds4:   GPU busy 61.97 ms of the token's wall (the union of its buffers' spans), idle 50.05 ms
ds4:   1378.0 gated dispatches a token, 18.7 of them behind an abort; 602.9 sent plain ahead of a buffer's first validate
ds4:   encode-ahead: 6.72 segments used, 18.12 dropped, 6.75 ms a token spent encoding under the GPU
ds4:   concurrent sections: 255.72 attempted, 255.72 opened a token
ds4:   speculation: 0.00 layers a token, 0.00 lanes computed, 0.00 matched, 0.00 GEMVs actually saved, 0.00 left to compute; compared 0.00 lanes, 0.00 floats differ, 0.00 by more than an ulp
ds4:   Metal 4: 45.97 command buffers sent, 3628.4 dispatches a token; 0 pieces of Metal 3 work so far
ds4:   Metal 4 a token: 45.97 contexts in 45.97 command buffers (0.00 split); 3802.9 nodes = 3628.4 dispatches + 174.5 copies; barriers 2786.8 from the graph, 91.9 queue; engine asked for 133.6 barriers and 538.3 section ends, neither encoded; 15156.1 buffer and 4205.6 constant bindings (385057 B), 0.0 with no stated length; 45.97 blocking waits, 61.27 ms
ds4:   expert cache over the last 64 tokens: 239.98 hits, 26.27 misses, 19.77 evictions a token; 6254 of 6665 entries live (93.8%)
ds4:   of the address-table holes repaired a token: 0.00 already resident, 26.27 genuinely absent
ds4:   of the repair a token: readahead 19.89 ms, slot preparation 6.90 ms, reads 10.28 ms, install 0.08 ms, over 26.27 loads
ds4:   Engram rows written at step start in 5506 steps; layer-13 drains 0
ds4:   residency a token: 0.00 adds, 0.00 removes, 0.00 commits
ds4:   decode path so far: 5570 single-row steps (94.1 ms each inside the graph over the last 64), 2 K-row verification steps over 1398 positions, 0 batch-fusion sites taken; candidate K 32:2
ds4:   host row loop: 2796 nodes attended one at a time
ds4: gate over tokens 5505-5568: 22.52 command buffers, 12.80 aborts, 240.0 expert ids accounted, 145.94 MiB loaded a token; 0 the gate failed to switch off, 0 it could not gate
ds4:   one token, exclusive, same window: entry 0.00 + encode 3.19 + commit-to-done 51.19 + repair-load 27.51 + accounting 0.08 + tail 2.05 = 84.02 of a 93.00 ms wall, residual 8.97
ds4:   GPU busy 53.66 ms of the token's wall (the union of its buffers' spans), idle 39.33 ms
ds4:   1356.7 gated dispatches a token, 11.4 of them behind an abort; 415.4 sent plain ahead of a buffer's first validate
ds4:   encode-ahead: 8.72 segments used, 12.28 dropped, 8.24 ms a token spent encoding under the GPU
ds4:   concurrent sections: 198.66 attempted, 198.66 opened a token
ds4:   speculation: 0.00 layers a token, 0.00 lanes computed, 0.00 matched, 0.00 GEMVs actually saved, 0.00 left to compute; compared 0.00 lanes, 0.00 floats differ, 0.00 by more than an ulp
ds4:   Metal 4: 35.80 command buffers sent, 2924.1 dispatches a token; 0 pieces of Metal 3 work so far
ds4:   Metal 4 a token: 35.80 contexts in 35.80 command buffers (0.00 split); 3058.0 nodes = 2924.1 dispatches + 133.8 copies; barriers 2211.0 from the graph, 71.6 queue; engine asked for 107.5 barriers and 420.3 section ends, neither encoded; 12086.8 buffer and 3375.2 constant bindings (304812 B), 0.0 with no stated length; 35.80 blocking waits, 50.30 ms
ds4:   expert cache over the last 64 tokens: 239.97 hits, 15.38 misses, 15.38 evictions a token; 6254 of 6665 entries live (93.8%)
ds4:   of the address-table holes repaired a token: 0.00 already resident, 15.38 genuinely absent
ds4:   of the repair a token: readahead 18.15 ms, slot preparation 2.23 ms, reads 7.01 ms, install 0.07 ms, over 15.38 loads
ds4:   Engram rows written at step start in 5570 steps; layer-13 drains 0
ds4:   residency a token: 0.00 adds, 0.00 removes, 0.00 commits
ds4:   decode path so far: 5634 single-row steps (89.8 ms each inside the graph over the last 64), 2 K-row verification steps over 1398 positions, 0 batch-fusion sites taken; candidate K 32:2
ds4:   host row loop: 2796 nodes attended one at a time
ds4: gate over tokens 5569-5632: 20.58 command buffers, 9.86 aborts, 240.0 expert ids accounted, 109.01 MiB loaded a token; 0 the gate failed to switch off, 0 it could not gate
ds4:   one token, exclusive, same window: entry 0.00 + encode 2.30 + commit-to-done 53.20 + repair-load 23.62 + accounting 0.07 + tail 2.03 = 81.23 of a 88.64 ms wall, residual 7.41
ds4:   GPU busy 54.88 ms of the token's wall (the union of its buffers' spans), idle 33.75 ms
ds4:   1350.7 gated dispatches a token, 12.6 of them behind an abort; 329.3 sent plain ahead of a buffer's first validate
ds4:   encode-ahead: 9.72 segments used, 9.30 dropped, 6.92 ms a token spent encoding under the GPU
ds4:   concurrent sections: 170.41 attempted, 170.41 opened a token
ds4:   speculation: 0.00 layers a token, 0.00 lanes computed, 0.00 matched, 0.00 GEMVs actually saved, 0.00 left to compute; compared 0.00 lanes, 0.00 floats differ, 0.00 by more than an ulp
ds4:   Metal 4: 30.88 command buffers sent, 2570.0 dispatches a token; 0 pieces of Metal 3 work so far
ds4:   Metal 4 a token: 30.88 contexts in 30.88 command buffers (0.00 split); 2678.7 nodes = 2570.0 dispatches + 108.7 copies; barriers 1920.5 from the graph, 61.8 queue; engine asked for 94.4 barriers and 361.8 section ends, neither encoded; 10547.8 buffer and 2958.3 constant bindings (264478 B), 0.0 with no stated length; 30.88 blocking waits, 52.96 ms
ds4:   expert cache over the last 64 tokens: 240.00 hits, 11.48 misses, 11.48 evictions a token; 6254 of 6665 entries live (93.8%)
ds4:   of the address-table holes repaired a token: 0.00 already resident, 11.48 genuinely absent
ds4:   of the repair a token: readahead 15.57 ms, slot preparation 1.49 ms, reads 6.46 ms, install 0.05 ms, over 11.48 loads
ds4:   Engram rows written at step start in 5634 steps; layer-13 drains 0
ds4:   residency a token: 0.00 adds, 0.00 removes, 0.00 commits
ds4:   decode path so far: 5698 single-row steps (85.6 ms each inside the graph over the last 64), 2 K-row verification steps over 1398 positions, 0 batch-fusion sites taken; candidate K 32:2
ds4:   host row loop: 2796 nodes attended one at a time
ds4: gate over tokens 5633-5696: 19.73 command buffers, 8.48 aborts, 240.0 expert ids accounted, 95.52 MiB loaded a token; 0 the gate failed to switch off, 0 it could not gate
ds4:   one token, exclusive, same window: entry 0.00 + encode 1.82 + commit-to-done 54.62 + repair-load 18.98 + accounting 0.07 + tail 2.16 = 77.64 of a 84.14 ms wall, residual 6.50
ds4:   GPU busy 57.21 ms of the token's wall (the union of its buffers' spans), idle 26.94 ms
ds4:   1339.2 gated dispatches a token, 9.7 of them behind an abort; 284.6 sent plain ahead of a buffer's first validate
ds4:   encode-ahead: 10.25 segments used, 7.98 dropped, 6.06 ms a token spent encoding under the GPU
ds4:   concurrent sections: 157.03 attempted, 157.03 opened a token
ds4:   speculation: 0.00 layers a token, 0.00 lanes computed, 0.00 matched, 0.00 GEMVs actually saved, 0.00 left to compute; compared 0.00 lanes, 0.00 floats differ, 0.00 by more than an ulp
ds4:   Metal 4: 28.72 command buffers sent, 2381.7 dispatches a token; 0 pieces of Metal 3 work so far
ds4:   Metal 4 a token: 28.72 contexts in 28.72 command buffers (0.00 split); 2479.3 nodes = 2381.7 dispatches + 97.5 copies; barriers 1782.2 from the graph, 57.4 queue; engine asked for 88.3 barriers and 334.3 section ends, neither encoded; 9775.1 buffer and 2740.1 constant bindings (245143 B), 0.0 with no stated length; 28.72 blocking waits, 54.94 ms
ds4:   expert cache over the last 64 tokens: 239.98 hits, 10.06 misses, 10.06 evictions a token; 6254 of 6665 entries live (93.8%)
ds4:   of the address-table holes repaired a token: 0.00 already resident, 10.06 genuinely absent
ds4:   of the repair a token: readahead 11.74 ms, slot preparation 1.23 ms, reads 5.94 ms, install 0.04 ms, over 10.06 loads
ds4:   Engram rows written at step start in 5698 steps; layer-13 drains 0
ds4:   residency a token: 0.00 adds, 0.00 removes, 0.00 commits
ds4:   decode path so far: 5762 single-row steps (89.1 ms each inside the graph over the last 64), 2 K-row verification steps over 1398 positions, 0 batch-fusion sites taken; candidate K 32:2
ds4:   host row loop: 2796 nodes attended one at a time
ds4: gate over tokens 5697-5760: 19.72 command buffers, 8.78 aborts, 240.0 expert ids accounted, 95.07 MiB loaded a token; 0 the gate failed to switch off, 0 it could not gate
ds4:   one token, exclusive, same window: entry 0.00 + encode 2.47 + commit-to-done 54.75 + repair-load 20.16 + accounting 0.08 + tail 2.14 = 79.60 of a 87.46 ms wall, residual 7.86
ds4:   GPU busy 57.05 ms of the token's wall (the union of its buffers' spans), idle 30.40 ms
ds4:   1331.8 gated dispatches a token, 7.3 of them behind an abort; 298.8 sent plain ahead of a buffer's first validate
ds4:   encode-ahead: 9.94 segments used, 8.38 dropped, 7.33 ms a token spent encoding under the GPU
ds4:   concurrent sections: 160.44 attempted, 160.44 opened a token
ds4:   speculation: 0.00 layers a token, 0.00 lanes computed, 0.00 matched, 0.00 GEMVs actually saved, 0.00 left to compute; compared 0.00 lanes, 0.00 floats differ, 0.00 by more than an ulp
ds4:   Metal 4: 29.09 command buffers sent, 2435.4 dispatches a token; 0 pieces of Metal 3 work so far
ds4:   Metal 4 a token: 29.09 contexts in 29.09 command buffers (0.00 split); 2535.9 nodes = 2435.4 dispatches + 100.5 copies; barriers 1821.8 from the graph, 58.2 queue; engine asked for 89.8 barriers and 341.2 section ends, neither encoded; 9987.3 buffer and 2801.6 constant bindings (250549 B), 0.0 with no stated length; 29.09 blocking waits, 54.22 ms
ds4:   expert cache over the last 64 tokens: 239.97 hits, 10.02 misses, 10.02 evictions a token; 6254 of 6665 entries live (93.8%)
ds4:   of the address-table holes repaired a token: 0.00 already resident, 10.02 genuinely absent
ds4:   of the repair a token: readahead 13.12 ms, slot preparation 1.50 ms, reads 5.44 ms, install 0.06 ms, over 10.02 loads
ds4:   Engram rows written at step start in 5762 steps; layer-13 drains 0
ds4:   residency a token: 0.00 adds, 0.00 removes, 0.00 commits
ds4:   decode path so far: 5826 single-row steps (85.2 ms each inside the graph over the last 64), 2 K-row verification steps over 1398 positions, 0 batch-fusion sites taken; candidate K 32:2
ds4:   host row loop: 2796 nodes attended one at a time
ds4: gate over tokens 5761-5824: 19.45 command buffers, 8.30 aborts, 240.0 expert ids accounted, 91.36 MiB loaded a token; 0 the gate failed to switch off, 0 it could not gate
ds4:   one token, exclusive, same window: entry 0.00 + encode 1.84 + commit-to-done 56.41 + repair-load 17.24 + accounting 0.07 + tail 2.21 = 77.77 of a 84.26 ms wall, residual 6.49
ds4:   GPU busy 59.62 ms of the token's wall (the union of its buffers' spans), idle 24.63 ms
ds4:   1342.2 gated dispatches a token, 12.1 of them behind an abort; 282.8 sent plain ahead of a buffer's first validate
ds4:   encode-ahead: 10.16 segments used, 7.88 dropped, 6.06 ms a token spent encoding under the GPU
ds4:   concurrent sections: 156.50 attempted, 156.50 opened a token
ds4:   speculation: 0.00 layers a token, 0.00 lanes computed, 0.00 matched, 0.00 GEMVs actually saved, 0.00 left to compute; compared 0.00 lanes, 0.00 floats differ, 0.00 by more than an ulp
ds4:   Metal 4: 28.33 command buffers sent, 2376.6 dispatches a token; 0 pieces of Metal 3 work so far
ds4:   Metal 4 a token: 28.33 contexts in 28.33 command buffers (0.00 split); 2472.2 nodes = 2376.6 dispatches + 95.7 copies; barriers 1777.9 from the graph, 56.7 queue; engine asked for 88.0 barriers and 333.0 section ends, neither encoded; 9755.2 buffer and 2734.2 constant bindings (244583 B), 0.0 with no stated length; 28.33 blocking waits, 56.73 ms
ds4:   expert cache over the last 64 tokens: 239.97 hits, 9.62 misses, 9.62 evictions a token; 6254 of 6665 entries live (93.8%)
ds4:   of the address-table holes repaired a token: 0.00 already resident, 9.62 genuinely absent
ds4:   of the repair a token: readahead 10.45 ms, slot preparation 1.24 ms, reads 5.49 ms, install 0.04 ms, over 9.62 loads
ds4:   Engram rows written at step start in 5826 steps; layer-13 drains 0
ds4:   residency a token: 0.00 adds, 0.00 removes, 0.00 commits
ds4:   decode path so far: 5890 single-row steps (92.4 ms each inside the graph over the last 64), 2 K-row verification steps over 1398 positions, 0 batch-fusion sites taken; candidate K 32:2
ds4:   host row loop: 2796 nodes attended one at a time
ds4: gate over tokens 5825-5888: 21.59 command buffers, 11.44 aborts, 240.0 expert ids accounted, 140.90 MiB loaded a token; 0 the gate failed to switch off, 0 it could not gate
ds4:   one token, exclusive, same window: entry 0.00 + encode 2.31 + commit-to-done 54.38 + repair-load 25.31 + accounting 0.07 + tail 2.06 = 84.14 of a 91.05 ms wall, residual 6.91
ds4:   GPU busy 56.02 ms of the token's wall (the union of its buffers' spans), idle 35.03 ms
ds4:   1357.1 gated dispatches a token, 10.6 of them behind an abort; 378.1 sent plain ahead of a buffer's first validate
ds4:   encode-ahead: 9.16 segments used, 10.80 dropped, 6.40 ms a token spent encoding under the GPU
ds4:   concurrent sections: 184.47 attempted, 184.47 opened a token
ds4:   speculation: 0.00 layers a token, 0.00 lanes computed, 0.00 matched, 0.00 GEMVs actually saved, 0.00 left to compute; compared 0.00 lanes, 0.00 floats differ, 0.00 by more than an ulp
ds4:   Metal 4: 33.39 command buffers sent, 2756.6 dispatches a token; 0 pieces of Metal 3 work so far
ds4:   Metal 4 a token: 33.39 contexts in 33.39 command buffers (0.00 split); 2882.7 nodes = 2756.6 dispatches + 126.1 copies; barriers 2058.2 from the graph, 66.8 queue; engine asked for 100.8 barriers and 390.9 section ends, neither encoded; 11324.4 buffer and 3176.0 constant bindings (283837 B), 0.0 with no stated length; 33.39 blocking waits, 54.32 ms
ds4:   expert cache over the last 64 tokens: 239.95 hits, 14.84 misses, 14.84 evictions a token; 6254 of 6665 entries live (93.8%)
ds4:   of the address-table holes repaired a token: 0.00 already resident, 14.84 genuinely absent
ds4:   of the repair a token: readahead 16.29 ms, slot preparation 1.59 ms, reads 7.35 ms, install 0.05 ms, over 14.84 loads
ds4:   Engram rows written at step start in 5890 steps; layer-13 drains 0
ds4:   residency a token: 0.00 adds, 0.00 removes, 0.00 commits
ds4:   decode path so far: 5954 single-row steps (86.4 ms each inside the graph over the last 64), 2 K-row verification steps over 1398 positions, 0 batch-fusion sites taken; candidate K 32:2
ds4:   host row loop: 2796 nodes attended one at a time
ds4: gate over tokens 5889-5952: 20.61 command buffers, 9.81 aborts, 240.0 expert ids accounted, 112.27 MiB loaded a token; 0 the gate failed to switch off, 0 it could not gate
ds4:   one token, exclusive, same window: entry 0.00 + encode 1.94 + commit-to-done 56.00 + repair-load 18.88 + accounting 0.07 + tail 2.13 = 79.01 of a 85.20 ms wall, residual 6.19
ds4:   GPU busy 58.63 ms of the token's wall (the union of its buffers' spans), idle 26.57 ms
ds4:   1349.3 gated dispatches a token, 10.0 of them behind an abort; 323.5 sent plain ahead of a buffer's first validate
ds4:   encode-ahead: 9.80 segments used, 9.31 dropped, 5.71 ms a token spent encoding under the GPU
ds4:   concurrent sections: 170.06 attempted, 170.06 opened a token
ds4:   speculation: 0.00 layers a token, 0.00 lanes computed, 0.00 matched, 0.00 GEMVs actually saved, 0.00 left to compute; compared 0.00 lanes, 0.00 floats differ, 0.00 by more than an ulp
ds4:   Metal 4: 30.92 command buffers sent, 2540.5 dispatches a token; 0 pieces of Metal 3 work so far
ds4:   Metal 4 a token: 30.92 contexts in 30.92 command buffers (0.00 split); 2651.1 nodes = 2540.5 dispatches + 110.7 copies; barriers 1893.8 from the graph, 61.8 queue; engine asked for 94.3 barriers and 361.2 section ends, neither encoded; 10431.9 buffer and 2927.9 constant bindings (261533 B), 0.0 with no stated length; 30.92 blocking waits, 56.48 ms
ds4:   expert cache over the last 64 tokens: 239.95 hits, 11.83 misses, 11.83 evictions a token; 6254 of 6665 entries live (93.8%)
ds4:   of the address-table holes repaired a token: 0.00 already resident, 11.83 genuinely absent
ds4:   of the repair a token: readahead 12.20 ms, slot preparation 1.12 ms, reads 5.49 ms, install 0.04 ms, over 11.83 loads
ds4:   Engram rows written at step start in 5954 steps; layer-13 drains 0
ds4:   residency a token: 0.00 adds, 0.00 removes, 0.00 commits
ds4:   decode path so far: 6018 single-row steps (85.0 ms each inside the graph over the last 64), 2 K-row verification steps over 1398 positions, 0 batch-fusion sites taken; candidate K 32:2
ds4:   host row loop: 2796 nodes attended one at a time
ds4: gate over tokens 5953-6016: 20.69 command buffers, 10.16 aborts, 240.0 expert ids accounted, 114.35 MiB loaded a token; 0 the gate failed to switch off, 0 it could not gate
ds4:   one token, exclusive, same window: entry 0.00 + encode 2.01 + commit-to-done 55.21 + repair-load 18.43 + accounting 0.07 + tail 2.07 = 77.79 of a 84.00 ms wall, residual 6.20
ds4:   GPU busy 58.16 ms of the token's wall (the union of its buffers' spans), idle 25.84 ms
ds4:   1322.9 gated dispatches a token, 8.9 of them behind an abort; 333.6 sent plain ahead of a buffer's first validate
ds4:   encode-ahead: 9.53 segments used, 9.61 dropped, 5.70 ms a token spent encoding under the GPU
ds4:   concurrent sections: 172.62 attempted, 172.62 opened a token
ds4:   speculation: 0.00 layers a token, 0.00 lanes computed, 0.00 matched, 0.00 GEMVs actually saved, 0.00 left to compute; compared 0.00 lanes, 0.00 floats differ, 0.00 by more than an ulp
ds4:   Metal 4: 31.30 command buffers sent, 2557.7 dispatches a token; 0 pieces of Metal 3 work so far
ds4:   Metal 4 a token: 31.30 contexts in 31.30 command buffers (0.00 split); 2669.9 nodes = 2557.7 dispatches + 112.2 copies; barriers 1901.1 from the graph, 62.6 queue; engine asked for 95.3 barriers and 366.4 section ends, neither encoded; 10505.8 buffer and 2950.8 constant bindings (263213 B), 0.0 with no stated length; 31.30 blocking waits, 55.55 ms
ds4:   expert cache over the last 64 tokens: 239.95 hits, 12.05 misses, 12.05 evictions a token; 6254 of 6665 entries live (93.8%)
ds4:   of the address-table holes repaired a token: 0.00 already resident, 12.05 genuinely absent
ds4:   of the repair a token: readahead 11.92 ms, slot preparation 1.17 ms, reads 5.27 ms, install 0.04 ms, over 12.05 loads
ds4:   Engram rows written at step start in 6018 steps; layer-13 drains 0
ds4:   residency a token: 0.00 adds, 0.00 removes, 0.00 commits
ds4:   decode path so far: 6082 single-row steps (88.5 ms each inside the graph over the last 64), 2 K-row verification steps over 1398 positions, 0 batch-fusion sites taken; candidate K 32:2
ds4:   host row loop: 2796 nodes attended one at a time
ds4: gate over tokens 6017-6080: 21.22 command buffers, 11.03 aborts, 240.0 expert ids accounted, 122.81 MiB loaded a token; 0 the gate failed to switch off, 0 it could not gate
ds4:   one token, exclusive, same window: entry 0.00 + encode 2.16 + commit-to-done 56.63 + repair-load 19.84 + accounting 0.07 + tail 2.06 = 80.75 of a 87.16 ms wall, residual 6.41
ds4:   GPU busy 59.52 ms of the token's wall (the union of its buffers' spans), idle 27.65 ms
ds4:   1325.8 gated dispatches a token, 6.1 of them behind an abort; 359.4 sent plain ahead of a buffer's first validate
ds4:   encode-ahead: 9.19 segments used, 10.55 dropped, 5.85 ms a token spent encoding under the GPU
ds4:   concurrent sections: 180.91 attempted, 180.91 opened a token
ds4:   speculation: 0.00 layers a token, 0.00 lanes computed, 0.00 matched, 0.00 GEMVs actually saved, 0.00 left to compute; compared 0.00 lanes, 0.00 floats differ, 0.00 by more than an ulp
ds4:   Metal 4: 32.77 command buffers sent, 2672.8 dispatches a token; 0 pieces of Metal 3 work so far
ds4:   Metal 4 a token: 32.77 contexts in 32.77 command buffers (0.00 split); 2792.6 nodes = 2672.8 dispatches + 119.8 copies; barriers 1987.7 from the graph, 65.5 queue; engine asked for 99.2 barriers and 383.5 section ends, neither encoded; 10979.0 buffer and 3084.3 constant bindings (275238 B), 0.0 with no stated length; 32.77 blocking waits, 56.89 ms
ds4:   expert cache over the last 64 tokens: 239.92 hits, 12.94 misses, 12.94 evictions a token; 6254 of 6665 entries live (93.8%)
ds4:   of the address-table holes repaired a token: 0.00 already resident, 12.94 genuinely absent
ds4:   of the repair a token: readahead 12.85 ms, slot preparation 1.24 ms, reads 5.68 ms, install 0.05 ms, over 12.94 loads
ds4:   Engram rows written at step start in 6082 steps; layer-13 drains 0
ds4:   residency a token: 0.00 adds, 0.00 removes, 0.00 commits
ds4:   decode path so far: 6146 single-row steps (85.8 ms each inside the graph over the last 64), 2 K-row verification steps over 1398 positions, 0 batch-fusion sites taken; candidate K 32:2
ds4:   host row loop: 2796 nodes attended one at a time
ds4: gate over tokens 6081-6144: 20.20 command buffers, 9.25 aborts, 240.0 expert ids accounted, 98.78 MiB loaded a token; 0 the gate failed to switch off, 0 it could not gate
ds4:   one token, exclusive, same window: entry 0.00 + encode 1.95 + commit-to-done 57.60 + repair-load 17.02 + accounting 0.07 + tail 2.14 = 78.79 of a 85.01 ms wall, residual 6.23
ds4:   GPU busy 60.95 ms of the token's wall (the union of its buffers' spans), idle 24.06 ms
ds4:   1336.0 gated dispatches a token, 11.7 of them behind an abort; 306.8 sent plain ahead of a buffer's first validate
ds4:   encode-ahead: 9.95 segments used, 8.72 dropped, 5.73 ms a token spent encoding under the GPU
ds4:   concurrent sections: 165.47 attempted, 165.47 opened a token
ds4:   speculation: 0.00 layers a token, 0.00 lanes computed, 0.00 matched, 0.00 GEMVs actually saved, 0.00 left to compute; compared 0.00 lanes, 0.00 floats differ, 0.00 by more than an ulp
ds4:   Metal 4: 29.92 command buffers sent, 2466.1 dispatches a token; 0 pieces of Metal 3 work so far
ds4:   Metal 4 a token: 29.92 contexts in 29.92 command buffers (0.00 split); 2569.8 nodes = 2466.1 dispatches + 103.8 copies; barriers 1834.0 from the graph, 59.8 queue; engine asked for 92.2 barriers and 351.6 section ends, neither encoded; 10125.0 buffer and 2843.6 constant bindings (253705 B), 0.0 with no stated length; 29.92 blocking waits, 58.10 ms
ds4:   expert cache over the last 64 tokens: 239.92 hits, 10.41 misses, 10.41 evictions a token; 6254 of 6665 entries live (93.8%)
ds4:   of the address-table holes repaired a token: 0.00 already resident, 10.41 genuinely absent
ds4:   of the repair a token: readahead 11.15 ms, slot preparation 1.07 ms, reads 4.73 ms, install 0.04 ms, over 10.41 loads
ds4:   Engram rows written at step start in 6146 steps; layer-13 drains 0
ds4:   residency a token: 0.00 adds, 0.00 removes, 0.00 commits
ds4:   decode path so far: 6210 single-row steps (84.9 ms each inside the graph over the last 64), 2 K-row verification steps over 1398 positions, 0 batch-fusion sites taken; candidate K 32:2
ds4:   host row loop: 2796 nodes attended one at a time
ds4: gate over tokens 6145-6208: 19.77 command buffers, 8.91 aborts, 240.0 expert ids accounted, 98.63 MiB loaded a token; 0 the gate failed to switch off, 0 it could not gate
ds4:   one token, exclusive, same window: entry 0.00 + encode 1.76 + commit-to-done 57.87 + repair-load 16.18 + accounting 0.07 + tail 2.13 = 78.01 of a 83.79 ms wall, residual 5.78
ds4:   GPU busy 60.86 ms of the token's wall (the union of its buffers' spans), idle 22.93 ms
ds4:   1311.1 gated dispatches a token, 5.2 of them behind an abort; 298.0 sent plain ahead of a buffer's first validate
ds4:   encode-ahead: 9.86 segments used, 8.64 dropped, 5.30 ms a token spent encoding under the GPU
ds4:   concurrent sections: 162.06 attempted, 162.06 opened a token
ds4:   speculation: 0.00 layers a token, 0.00 lanes computed, 0.00 matched, 0.00 GEMVs actually saved, 0.00 left to compute; compared 0.00 lanes, 0.00 floats differ, 0.00 by more than an ulp
ds4:   Metal 4: 29.41 command buffers sent, 2418.3 dispatches a token; 0 pieces of Metal 3 work so far
ds4:   Metal 4 a token: 29.41 contexts in 29.41 command buffers (0.00 split); 2519.8 nodes = 2418.3 dispatches + 101.5 copies; barriers 1800.1 from the graph, 58.8 queue; engine asked for 90.6 barriers and 344.6 section ends, neither encoded; 9929.0 buffer and 2788.2 constant bindings (248884 B), 0.0 with no stated length; 29.41 blocking waits, 58.50 ms
ds4:   expert cache over the last 64 tokens: 240.00 hits, 10.39 misses, 10.39 evictions a token; 6254 of 6665 entries live (93.8%)
ds4:   of the address-table holes repaired a token: 0.00 already resident, 10.39 genuinely absent
ds4:   of the repair a token: readahead 10.54 ms, slot preparation 0.97 ms, reads 4.62 ms, install 0.04 ms, over 10.39 loads
ds4:   Engram rows written at step start in 6210 steps; layer-13 drains 0
ds4:   residency a token: 0.00 adds, 0.00 removes, 0.00 commits
ds4:   decode path so far: 6274 single-row steps (83.1 ms each inside the graph over the last 64), 2 K-row verification steps over 1398 positions, 0 batch-fusion sites taken; candidate K 32:2
ds4:   host row loop: 2796 nodes attended one at a time
ds4: gate over tokens 6209-6272: 18.97 command buffers, 7.22 aborts, 240.0 expert ids accounted, 75.05 MiB loaded a token; 0 the gate failed to switch off, 0 it could not gate
ds4:   one token, exclusive, same window: entry 0.00 + encode 1.41 + commit-to-done 59.76 + repair-load 13.46 + accounting 0.07 + tail 2.23 = 76.92 of a 82.16 ms wall, residual 5.24
ds4:   GPU busy 63.28 ms of the token's wall (the union of its buffers' spans), idle 18.87 ms
ds4:   1324.7 gated dispatches a token, 10.3 of them behind an abort; 242.2 sent plain ahead of a buffer's first validate
ds4:   encode-ahead: 10.75 segments used, 6.77 dropped, 4.84 ms a token spent encoding under the GPU
ds4:   concurrent sections: 146.56 attempted, 146.56 opened a token
ds4:   speculation: 0.00 layers a token, 0.00 lanes computed, 0.00 matched, 0.00 GEMVs actually saved, 0.00 left to compute; compared 0.00 lanes, 0.00 floats differ, 0.00 by more than an ulp
ds4:   Metal 4: 26.73 command buffers sent, 2208.0 dispatches a token; 0 pieces of Metal 3 work so far
ds4:   Metal 4 a token: 26.73 contexts in 26.73 command buffers (0.00 split); 2292.0 nodes = 2208.0 dispatches + 84.0 copies; barriers 1642.6 from the graph, 53.5 queue; engine asked for 83.6 barriers and 312.6 section ends, neither encoded; 9061.3 buffer and 2543.4 constant bindings (226914 B), 0.0 with no stated length; 26.73 blocking waits, 60.66 ms
ds4:   expert cache over the last 64 tokens: 240.00 hits, 7.91 misses, 7.91 evictions a token; 6254 of 6665 entries live (93.8%)
ds4:   of the address-table holes repaired a token: 0.00 already resident, 7.91 genuinely absent
ds4:   of the repair a token: readahead 8.94 ms, slot preparation 0.77 ms, reads 3.71 ms, install 0.03 ms, over 7.91 loads
ds4:   Engram rows written at step start in 6274 steps; layer-13 drains 0
ds4:   residency a token: 0.00 adds, 0.00 removes, 0.00 commits
ds4:   decode path so far: 6338 single-row steps (85.3 ms each inside the graph over the last 64), 2 K-row verification steps over 1398 positions, 0 batch-fusion sites taken; candidate K 32:2
ds4:   host row loop: 2796 nodes attended one at a time
ds4: gate over tokens 6273-6336: 19.72 command buffers, 8.44 aborts, 240.0 expert ids accounted, 90.47 MiB loaded a token; 0 the gate failed to switch off, 0 it could not gate
ds4:   one token, exclusive, same window: entry 0.00 + encode 1.56 + commit-to-done 60.50 + repair-load 14.64 + accounting 0.07 + tail 2.23 = 79.00 of a 84.38 ms wall, residual 5.38
ds4:   GPU busy 64.02 ms of the token's wall (the union of its buffers' spans), idle 20.36 ms
ds4:   1327.8 gated dispatches a token, 6.1 of them behind an abort; 283.0 sent plain ahead of a buffer's first validate
ds4:   encode-ahead: 10.28 segments used, 8.02 dropped, 4.90 ms a token spent encoding under the GPU
ds4:   concurrent sections: 158.25 attempted, 158.25 opened a token
ds4:   speculation: 0.00 layers a token, 0.00 lanes computed, 0.00 matched, 0.00 GEMVs actually saved, 0.00 left to compute; compared 0.00 lanes, 0.00 floats differ, 0.00 by more than an ulp
ds4:   Metal 4: 28.73 command buffers sent, 2371.8 dispatches a token; 0 pieces of Metal 3 work so far
ds4:   Metal 4 a token: 28.73 contexts in 28.73 command buffers (0.00 split); 2468.9 nodes = 2371.8 dispatches + 97.2 copies; barriers 1766.2 from the graph, 57.5 queue; engine asked for 89.0 barriers and 336.8 section ends, neither encoded; 9731.3 buffer and 2733.2 constant bindings (244018 B), 0.0 with no stated length; 28.73 blocking waits, 61.33 ms
ds4:   expert cache over the last 64 tokens: 239.94 hits, 9.53 misses, 9.53 evictions a token; 6254 of 6665 entries live (93.8%)
ds4:   of the address-table holes repaired a token: 0.00 already resident, 9.53 genuinely absent
ds4:   of the repair a token: readahead 9.45 ms, slot preparation 0.87 ms, reads 4.28 ms, install 0.03 ms, over 9.53 loads
ds4:   Engram rows written at step start in 6338 steps; layer-13 drains 0
ds4:   residency a token: 0.00 adds, 0.00 removes, 0.00 commits
ds4:   decode path so far: 6402 single-row steps (86.8 ms each inside the graph over the last 64), 2 K-row verification steps over 1398 positions, 0 batch-fusion sites taken; candidate K 32:2
ds4:   host row loop: 2796 nodes attended one at a time
ds4: gate over tokens 6337-6400: 20.06 command buffers, 9.30 aborts, 240.0 expert ids accounted, 106.49 MiB loaded a token; 0 the gate failed to switch off, 0 it could not gate
ds4:   one token, exclusive, same window: entry 0.00 + encode 1.79 + commit-to-done 59.10 + repair-load 19.30 + accounting 0.07 + tail 2.24 = 82.50 of a 88.25 ms wall, residual 5.75
ds4:   GPU busy 62.51 ms of the token's wall (the union of its buffers' spans), idle 25.74 ms
ds4:   1323.3 gated dispatches a token, 6.1 of them behind an abort; 309.2 sent plain ahead of a buffer's first validate
ds4:   encode-ahead: 9.77 segments used, 8.88 dropped, 5.25 ms a token spent encoding under the GPU
ds4:   concurrent sections: 165.09 attempted, 165.09 opened a token
ds4:   speculation: 0.00 layers a token, 0.00 lanes computed, 0.00 matched, 0.00 GEMVs actually saved, 0.00 left to compute; compared 0.00 lanes, 0.00 floats differ, 0.00 by more than an ulp
ds4:   Metal 4: 29.94 command buffers sent, 2457.4 dispatches a token; 0 pieces of Metal 3 work so far
ds4:   Metal 4 a token: 29.94 contexts in 29.94 command buffers (0.00 split); 2563.2 nodes = 2457.4 dispatches + 105.8 copies; barriers 1827.5 from the graph, 59.9 queue; engine asked for 91.9 barriers and 350.8 section ends, neither encoded; 10093.1 buffer and 2833.9 constant bindings (252850 B), 0.0 with no stated length; 29.94 blocking waits, 59.74 ms
ds4:   expert cache over the last 64 tokens: 239.98 hits, 11.22 misses, 11.22 evictions a token; 6254 of 6665 entries live (93.8%)
ds4:   of the address-table holes repaired a token: 0.00 already resident, 11.22 genuinely absent
ds4:   of the repair a token: readahead 13.33 ms, slot preparation 1.07 ms, reads 4.83 ms, install 0.04 ms, over 11.22 loads
ds4:   Engram rows written at step start in 6402 steps; layer-13 drains 0
ds4:   residency a token: 0.00 adds, 0.00 removes, 0.00 commits
ds4:   decode path so far: 6466 single-row steps (89.0 ms each inside the graph over the last 64), 2 K-row verification steps over 1398 positions, 0 batch-fusion sites taken; candidate K 32:2
ds4:   host row loop: 2796 nodes attended one at a time
ds4: gate over tokens 6401-6464: 21.17 command buffers, 10.92 aborts, 240.0 expert ids accounted, 122.51 MiB loaded a token; 0 the gate failed to switch off, 0 it could not gate
ds4:   one token, exclusive, same window: entry 0.00 + encode 1.97 + commit-to-done 58.01 + repair-load 17.94 + accounting 0.07 + tail 2.13 = 80.12 of a 86.02 ms wall, residual 5.90
ds4:   GPU busy 60.97 ms of the token's wall (the union of its buffers' spans), idle 25.05 ms
ds4:   1317.4 gated dispatches a token, 8.4 of them behind an abort; 352.3 sent plain ahead of a buffer's first validate
ds4:   encode-ahead: 9.25 segments used, 10.33 dropped, 5.35 ms a token spent encoding under the GPU
ds4:   concurrent sections: 178.97 attempted, 178.97 opened a token
ds4:   speculation: 0.00 layers a token, 0.00 lanes computed, 0.00 matched, 0.00 GEMVs actually saved, 0.00 left to compute; compared 0.00 lanes, 0.00 floats differ, 0.00 by more than an ulp
ds4:   Metal 4: 32.50 command buffers sent, 2626.9 dispatches a token; 0 pieces of Metal 3 work so far
ds4:   Metal 4 a token: 32.50 contexts in 32.50 command buffers (0.00 split); 2745.8 nodes = 2626.9 dispatches + 118.8 copies; barriers 1948.7 from the graph, 65.0 queue; engine asked for 98.1 barriers and 379.5 section ends, neither encoded; 10787.6 buffer and 3033.9 constant bindings (270514 B), 0.0 with no stated length; 32.50 blocking waits, 58.45 ms
ds4:   expert cache over the last 64 tokens: 239.98 hits, 12.91 misses, 12.91 evictions a token; 6254 of 6665 entries live (93.8%)
ds4:   of the address-table holes repaired a token: 0.00 already resident, 12.91 genuinely absent
ds4:   of the repair a token: readahead 11.23 ms, slot preparation 1.16 ms, reads 5.49 ms, install 0.04 ms, over 12.91 loads
ds4:   Engram rows written at step start in 6466 steps; layer-13 drains 0
ds4:   residency a token: 0.00 adds, 0.00 removes, 0.00 commits
ds4:   decode path so far: 6530 single-row steps (85.6 ms each inside the graph over the last 64), 2 K-row verification steps over 1398 positions, 0 batch-fusion sites taken; candidate K 32:2
ds4:   host row loop: 2796 nodes attended one at a time
ds4: gate over tokens 6465-6528: 20.12 command buffers, 9.02 aborts, 240.0 expert ids accounted, 95.52 MiB loaded a token; 0 the gate failed to switch off, 0 it could not gate
ds4:   one token, exclusive, same window: entry 0.00 + encode 1.86 + commit-to-done 57.10 + repair-load 16.85 + accounting 0.07 + tail 2.10 = 77.98 of a 84.11 ms wall, residual 6.13
ds4:   GPU busy 60.10 ms of the token's wall (the union of its buffers' spans), idle 24.00 ms
ds4:   1319.6 gated dispatches a token, 8.0 of them behind an abort; 298.1 sent plain ahead of a buffer's first validate
ds4:   encode-ahead: 10.11 segments used, 8.58 dropped, 5.66 ms a token spent encoding under the GPU
ds4:   concurrent sections: 162.94 attempted, 162.94 opened a token
ds4:   speculation: 0.00 layers a token, 0.00 lanes computed, 0.00 matched, 0.00 GEMVs actually saved, 0.00 left to compute; compared 0.00 lanes, 0.00 floats differ, 0.00 by more than an ulp
ds4:   Metal 4: 29.70 command buffers sent, 2407.5 dispatches a token; 0 pieces of Metal 3 work so far
ds4:   Metal 4 a token: 29.70 contexts in 29.70 command buffers (0.00 split); 2508.5 nodes = 2407.5 dispatches + 101.0 copies; barriers 1784.5 from the graph, 59.4 queue; engine asked for 91.1 barriers and 346.6 section ends, neither encoded; 9878.0 buffer and 2779.1 constant bindings (247684 B), 0.0 with no stated length; 29.70 blocking waits, 57.60 ms
ds4:   expert cache over the last 64 tokens: 239.98 hits, 10.06 misses, 10.06 evictions a token; 6254 of 6665 entries live (93.8%)
ds4:   of the address-table holes repaired a token: 0.00 already resident, 10.06 genuinely absent
ds4:   of the repair a token: readahead 10.97 ms, slot preparation 1.03 ms, reads 4.79 ms, install 0.04 ms, over 10.06 loads
ds4:   Engram rows written at step start in 6530 steps; layer-13 drains 0
ds4:   residency a token: 0.00 adds, 0.00 removes, 0.00 commits
ds4:   decode path so far: 6594 single-row steps (92.4 ms each inside the graph over the last 64), 2 K-row verification steps over 1398 positions, 0 batch-fusion sites taken; candidate K 32:2
ds4:   host row loop: 2796 nodes attended one at a time
ds4: gate over tokens 6529-6592: 19.67 command buffers, 8.31 aborts, 240.0 expert ids accounted, 89.14 MiB loaded a token; 0 the gate failed to switch off, 0 it could not gate
ds4:   one token, exclusive, same window: entry 0.00 + encode 2.10 + commit-to-done 59.85 + repair-load 20.08 + accounting 0.08 + tail 2.44 = 84.55 of a 91.44 ms wall, residual 6.89
ds4:   GPU busy 61.92 ms of the token's wall (the union of its buffers' spans), idle 29.52 ms
ds4:   1323.9 gated dispatches a token, 7.5 of them behind an abort; 275.1 sent plain ahead of a buffer's first validate
ds4:   encode-ahead: 10.36 segments used, 7.84 dropped, 6.43 ms a token spent encoding under the GPU
ds4:   concurrent sections: 156.88 attempted, 156.88 opened a token
ds4:   speculation: 0.00 layers a token, 0.00 lanes computed, 0.00 matched, 0.00 GEMVs actually saved, 0.00 left to compute; compared 0.00 lanes, 0.00 floats differ, 0.00 by more than an ulp
ds4:   Metal 4: 28.52 command buffers sent, 2328.3 dispatches a token; 0 pieces of Metal 3 work so far
ds4:   Metal 4 a token: 28.52 contexts in 28.52 command buffers (0.00 split); 2423.2 nodes = 2328.3 dispatches + 94.9 copies; barriers 1727.4 from the graph, 57.0 queue; engine asked for 88.3 barriers and 334.0 section ends, neither encoded; 9550.4 buffer and 2686.7 constant bindings (239563 B), 0.0 with no stated length; 28.52 blocking waits, 60.10 ms
ds4:   expert cache over the last 64 tokens: 239.98 hits, 9.39 misses, 9.39 evictions a token; 6254 of 6665 entries live (93.8%)
ds4:   of the address-table holes repaired a token: 0.00 already resident, 9.39 genuinely absent
ds4:   of the repair a token: readahead 13.44 ms, slot preparation 1.30 ms, reads 5.26 ms, install 0.05 ms, over 9.39 loads
ds4:   Engram rows written at step start in 6594 steps; layer-13 drains 0
ds4:   residency a token: 0.00 adds, 0.00 removes, 0.00 commits
ds4:   decode path so far: 6658 single-row steps (86.8 ms each inside the graph over the last 64), 2 K-row verification steps over 1398 positions, 0 batch-fusion sites taken; candidate K 32:2
ds4:   host row loop: 2796 nodes attended one at a time
ds4: gate over tokens 6593-6656: 20.02 command buffers, 9.02 aborts, 240.0 expert ids accounted, 97.44 MiB loaded a token; 0 the gate failed to switch off, 0 it could not gate
ds4:   one token, exclusive, same window: entry 0.00 + encode 1.83 + commit-to-done 58.18 + repair-load 17.20 + accounting 0.07 + tail 2.15 = 79.42 of a 85.58 ms wall, residual 6.15
ds4:   GPU busy 61.45 ms of the token's wall (the union of its buffers' spans), idle 24.13 ms
ds4:   1315.2 gated dispatches a token, 7.5 of them behind an abort; 295.4 sent plain ahead of a buffer's first validate
ds4:   encode-ahead: 10.00 segments used, 8.56 dropped, 5.68 ms a token spent encoding under the GPU
ds4:   concurrent sections: 162.97 attempted, 162.97 opened a token
ds4:   speculation: 0.00 layers a token, 0.00 lanes computed, 0.00 matched, 0.00 GEMVs actually saved, 0.00 left to compute; compared 0.00 lanes, 0.00 floats differ, 0.00 by more than an ulp
ds4:   Metal 4: 29.58 command buffers sent, 2406.5 dispatches a token; 0 pieces of Metal 3 work so far
ds4:   Metal 4 a token: 29.58 contexts in 29.58 command buffers (0.00 split); 2507.8 nodes = 2406.5 dispatches + 101.2 copies; barriers 1784.0 from the graph, 59.2 queue; engine asked for 91.0 barriers and 346.5 section ends, neither encoded; 9876.5 buffer and 2778.3 constant bindings (247630 B), 0.0 with no stated length; 29.58 blocking waits, 58.72 ms
ds4:   expert cache over the last 64 tokens: 239.95 hits, 10.27 misses, 10.27 evictions a token; 6254 of 6665 entries live (93.8%)
ds4:   of the address-table holes repaired a token: 0.00 already resident, 10.27 genuinely absent
ds4:   of the repair a token: readahead 11.14 ms, slot preparation 1.07 ms, reads 4.93 ms, install 0.04 ms, over 10.27 loads
ds4:   Engram rows written at step start in 6658 steps; layer-13 drains 0
ds4:   residency a token: 0.00 adds, 0.00 removes, 0.00 commits
ds4:   decode path so far: 6722 single-row steps (84.2 ms each inside the graph over the last 64), 2 K-row verification steps over 1398 positions, 0 batch-fusion sites taken; candidate K 32:2
ds4:   host row loop: 2796 nodes attended one at a time
ds4: gate over tokens 6657-6720: 19.70 command buffers, 8.34 aborts, 240.0 expert ids accounted, 91.81 MiB loaded a token; 0 the gate failed to switch off, 0 it could not gate
ds4:   one token, exclusive, same window: entry 0.00 + encode 1.61 + commit-to-done 56.98 + repair-load 16.80 + accounting 0.06 + tail 2.11 = 77.58 of a 83.10 ms wall, residual 5.52
ds4:   GPU busy 60.41 ms of the token's wall (the union of its buffers' spans), idle 22.69 ms
ds4:   1319.1 gated dispatches a token, 8.9 of them behind an abort; 278.4 sent plain ahead of a buffer's first validate
ds4:   encode-ahead: 10.36 segments used, 7.88 dropped, 5.08 ms a token spent encoding under the GPU
ds4:   concurrent sections: 157.06 attempted, 157.06 opened a token
ds4:   speculation: 0.00 layers a token, 0.00 lanes computed, 0.00 matched, 0.00 GEMVs actually saved, 0.00 left to compute; compared 0.00 lanes, 0.00 floats differ, 0.00 by more than an ulp
ds4:   Metal 4: 28.58 command buffers sent, 2330.3 dispatches a token; 0 pieces of Metal 3 work so far
ds4:   Metal 4 a token: 28.58 contexts in 28.58 command buffers (0.00 split); 2427.0 nodes = 2330.3 dispatches + 96.7 copies; barriers 1729.9 from the graph, 57.2 queue; engine asked for 88.4 barriers and 334.4 section ends, neither encoded; 9558.4 buffer and 2689.0 constant bindings (239859 B), 0.0 with no stated length; 28.58 blocking waits, 57.66 ms
ds4:   expert cache over the last 64 tokens: 240.00 hits, 9.67 misses, 9.67 evictions a token; 6254 of 6665 entries live (93.8%)
ds4:   of the address-table holes repaired a token: 0.00 already resident, 9.67 genuinely absent
ds4:   of the repair a token: readahead 11.54 ms, slot preparation 0.93 ms, reads 4.28 ms, install 0.03 ms, over 9.67 loads
ds4:   Engram rows written at step start in 6722 steps; layer-13 drains 0
ds4:   residency a token: 0.00 adds, 0.00 removes, 0.00 commits
ds4:   decode path so far: 6786 single-row steps (82.4 ms each inside the graph over the last 64), 2 K-row verification steps over 1398 positions, 0 batch-fusion sites taken; candidate K 32:2
ds4:   host row loop: 2796 nodes attended one at a time
ds4: gate over tokens 6721-6784: 18.23 command buffers, 6.27 aborts, 240.0 expert ids accounted, 65.26 MiB loaded a token; 0 the gate failed to switch off, 0 it could not gate
ds4:   one token, exclusive, same window: entry 0.00 + encode 1.25 + commit-to-done 60.91 + repair-load 12.27 + accounting 0.07 + tail 2.27 = 76.76 of a 81.75 ms wall, residual 4.99
ds4:   GPU busy 64.93 ms of the token's wall (the union of its buffers' spans), idle 16.82 ms
ds4:   1305.1 gated dispatches a token, 1.4 of them behind an abort; 214.5 sent plain ahead of a buffer's first validate
ds4:   encode-ahead: 10.97 segments used, 6.08 dropped, 4.62 ms a token spent encoding under the GPU
ds4:   concurrent sections: 138.34 attempted, 138.34 opened a token
ds4:   speculation: 0.00 layers a token, 0.00 lanes computed, 0.00 matched, 0.00 GEMVs actually saved, 0.00 left to compute; compared 0.00 lanes, 0.00 floats differ, 0.00 by more than an ulp
ds4:   Metal 4: 25.31 command buffers sent, 2081.9 dispatches a token; 0 pieces of Metal 3 work so far
ds4:   Metal 4 a token: 25.31 contexts in 25.31 command buffers (0.00 split); 2159.6 nodes = 2081.9 dispatches + 77.6 copies; barriers 1545.7 from the graph, 50.6 queue; engine asked for 80.0 barriers and 295.7 section ends, neither encoded; 8530.4 buffer and 2399.2 constant bindings (213921 B), 0.0 with no stated length; 25.31 blocking waits, 61.90 ms
ds4:   expert cache over the last 64 tokens: 240.00 hits, 6.88 misses, 6.88 evictions a token; 6254 of 6665 entries live (93.8%)
ds4:   of the address-table holes repaired a token: 0.00 already resident, 6.88 genuinely absent
ds4:   of the repair a token: readahead 7.75 ms, slot preparation 0.69 ms, reads 3.79 ms, install 0.02 ms, over 6.88 loads
ds4:   Engram rows written at step start in 6786 steps; layer-13 drains 0
ds4:   residency a token: 0.00 adds, 0.00 removes, 0.00 commits
ds4:   decode path so far: 6850 single-row steps (82.0 ms each inside the graph over the last 64), 2 K-row verification steps over 1398 positions, 0 batch-fusion sites taken; candidate K 32:2
ds4:   host row loop: 2796 nodes attended one at a time
ds4: gate over tokens 6785-6848: 18.58 command buffers, 6.61 aborts, 240.0 expert ids accounted, 73.27 MiB loaded a token; 0 the gate failed to switch off, 0 it could not gate
ds4:   one token, exclusive, same window: entry 0.00 + encode 1.23 + commit-to-done 59.93 + repair-load 12.08 + accounting 0.06 + tail 2.24 = 75.53 of a 80.41 ms wall, residual 4.87
ds4:   GPU busy 63.54 ms of the token's wall (the union of its buffers' spans), idle 16.86 ms
ds4:   1304.5 gated dispatches a token, 4.7 of them behind an abort; 219.2 sent plain ahead of a buffer's first validate
ds4:   encode-ahead: 10.97 segments used, 6.17 dropped, 4.50 ms a token spent encoding under the GPU
ds4:   concurrent sections: 140.12 attempted, 140.12 opened a token
ds4:   speculation: 0.00 layers a token, 0.00 lanes computed, 0.00 matched, 0.00 GEMVs actually saved, 0.00 left to compute; compared 0.00 lanes, 0.00 floats differ, 0.00 by more than an ulp
ds4:   Metal 4: 25.75 command buffers sent, 2102.1 dispatches a token; 0 pieces of Metal 3 work so far
ds4:   Metal 4 a token: 25.75 contexts in 25.75 command buffers (0.00 split); 2183.0 nodes = 2102.1 dispatches + 80.9 copies; barriers 1561.1 from the graph, 51.5 queue; engine asked for 80.6 barriers and 299.4 section ends, neither encoded; 8615.2 buffer and 2423.1 constant bindings (216119 B), 0.0 with no stated length; 25.75 blocking waits, 60.95 ms
ds4:   expert cache over the last 64 tokens: 239.98 hits, 7.72 misses, 7.72 evictions a token; 6254 of 6665 entries live (93.8%)
ds4:   of the address-table holes repaired a token: 0.00 already resident, 7.72 genuinely absent
ds4:   of the repair a token: readahead 7.71 ms, slot preparation 0.70 ms, reads 3.63 ms, install 0.03 ms, over 7.72 loads
ds4:   Engram rows written at step start in 6850 steps; layer-13 drains 0
ds4:   residency a token: 0.00 adds, 0.00 removes, 0.00 commits
ds4:   decode path so far: 6914 single-row steps (83.2 ms each inside the graph over the last 64), 2 K-row verification steps over 1398 positions, 0 batch-fusion sites taken; candidate K 32:2
ds4:   host row loop: 2796 nodes attended one at a time
ds4: gate over tokens 6849-6912: 18.30 command buffers, 6.52 aborts, 240.0 expert ids accounted, 70.15 MiB loaded a token; 0 the gate failed to switch off, 0 it could not gate
ds4:   one token, exclusive, same window: entry 0.00 + encode 1.16 + commit-to-done 62.32 + repair-load 11.85 + accounting 0.06 + tail 2.31 = 77.70 of a 82.26 ms wall, residual 4.56
ds4:   GPU busy 65.90 ms of the token's wall (the union of its buffers' spans), idle 16.36 ms
ds4:   1291.4 gated dispatches a token, 7.0 of them behind an abort; 220.6 sent plain ahead of a buffer's first validate
ds4:   encode-ahead: 10.78 segments used, 6.16 dropped, 4.17 ms a token spent encoding under the GPU
ds4:   concurrent sections: 139.62 attempted, 139.62 opened a token
ds4:   speculation: 0.00 layers a token, 0.00 lanes computed, 0.00 matched, 0.00 GEMVs actually saved, 0.00 left to compute; compared 0.00 lanes, 0.00 floats differ, 0.00 by more than an ulp
ds4:   Metal 4: 25.45 command buffers sent, 2092.3 dispatches a token; 0 pieces of Metal 3 work so far
ds4:   Metal 4 a token: 25.45 contexts in 25.45 command buffers (0.00 split); 2171.6 nodes = 2092.3 dispatches + 79.3 copies; barriers 1552.4 from the graph, 50.9 queue; engine asked for 80.2 barriers and 298.2 section ends, neither encoded; 8580.0 buffer and 2412.4 constant bindings (215060 B), 0.0 with no stated length; 25.45 blocking waits, 63.47 ms
ds4:   expert cache over the last 64 tokens: 240.00 hits, 7.39 misses, 7.39 evictions a token; 6254 of 6665 entries live (93.8%)
ds4:   of the address-table holes repaired a token: 0.00 already resident, 7.39 genuinely absent
ds4:   of the repair a token: readahead 7.92 ms, slot preparation 0.66 ms, reads 3.23 ms, install 0.02 ms, over 7.39 loads
ds4:   Engram rows written at step start in 6914 steps; layer-13 drains 0
ds4:   residency a token: 0.00 adds, 0.00 removes, 0.00 commits
ds4:   decode path so far: 6978 single-row steps (83.5 ms each inside the graph over the last 64), 2 K-row verification steps over 1398 positions, 0 batch-fusion sites taken; candidate K 32:2
ds4:   host row loop: 2796 nodes attended one at a time
ds4: gate over tokens 6913-6976: 18.69 command buffers, 6.81 aborts, 240.0 expert ids accounted, 73.12 MiB loaded a token; 0 the gate failed to switch off, 0 it could not gate
ds4:   one token, exclusive, same window: entry 0.00 + encode 1.20 + commit-to-done 61.33 + repair-load 12.82 + accounting 0.06 + tail 2.23 = 77.64 of a 82.30 ms wall, residual 4.66
ds4:   GPU busy 64.88 ms of the token's wall (the union of its buffers' spans), idle 17.42 ms
ds4:   1320.5 gated dispatches a token, 6.1 of them behind an abort; 229.7 sent plain ahead of a buffer's first validate
ds4:   encode-ahead: 10.88 segments used, 6.52 dropped, 4.28 ms a token spent encoding under the GPU
ds4:   concurrent sections: 144.34 attempted, 144.34 opened a token
ds4:   speculation: 0.00 layers a token, 0.00 lanes computed, 0.00 matched, 0.00 GEMVs actually saved, 0.00 left to compute; compared 0.00 lanes, 0.00 floats differ, 0.00 by more than an ulp
ds4:   Metal 4: 26.20 command buffers sent, 2161.0 dispatches a token; 0 pieces of Metal 3 work so far
ds4:   Metal 4 a token: 26.20 contexts in 26.20 command buffers (0.00 split); 2243.5 nodes = 2161.0 dispatches + 82.5 copies; barriers 1604.4 from the graph, 52.4 queue; engine asked for 82.8 barriers and 308.1 section ends, neither encoded; 8863.0 buffer and 2491.8 constant bindings (222248 B), 0.0 with no stated length; 26.20 blocking waits, 62.38 ms
ds4:   expert cache over the last 64 tokens: 240.00 hits, 7.70 misses, 7.70 evictions a token; 6254 of 6665 entries live (93.8%)
ds4:   of the address-table holes repaired a token: 0.00 already resident, 7.70 genuinely absent
ds4:   of the repair a token: readahead 8.59 ms, slot preparation 0.68 ms, reads 3.50 ms, install 0.02 ms, over 7.70 loads
ds4:   Engram rows written at step start in 6978 steps; layer-13 drains 0
ds4:   residency a token: 0.00 adds, 0.00 removes, 0.00 commits
ds4:   decode path so far: 7042 single-row steps (86.1 ms each inside the graph over the last 64), 2 K-row verification steps over 1398 positions, 0 batch-fusion sites taken; candidate K 32:2
ds4:   host row loop: 2796 nodes attended one at a time
ds4: gate over tokens 6977-7040: 19.55 command buffers, 8.55 aborts, 240.0 expert ids accounted, 93.88 MiB loaded a token; 0 the gate failed to switch off, 0 it could not gate
ds4:   one token, exclusive, same window: entry 0.00 + encode 1.43 + commit-to-done 60.71 + repair-load 16.05 + accounting 0.06 + tail 2.21 = 80.46 of a 85.38 ms wall, residual 4.92
ds4:   GPU busy 63.98 ms of the token's wall (the union of its buffers' spans), idle 21.40 ms
ds4:   1297.1 gated dispatches a token, 6.1 of them behind an abort; 278.7 sent plain ahead of a buffer's first validate
ds4:   encode-ahead: 10.00 segments used, 8.19 dropped, 4.44 ms a token spent encoding under the GPU
ds4:   concurrent sections: 157.75 attempted, 157.75 opened a token
ds4:   speculation: 0.00 layers a token, 0.00 lanes computed, 0.00 matched, 0.00 GEMVs actually saved, 0.00 left to compute; compared 0.00 lanes, 0.00 floats differ, 0.00 by more than an ulp
ds4:   Metal 4: 28.73 command buffers sent, 2335.4 dispatches a token; 0 pieces of Metal 3 work so far
ds4:   Metal 4 a token: 28.73 contexts in 28.73 command buffers (0.00 split); 2433.3 nodes = 2335.4 dispatches + 97.9 copies; barriers 1731.5 from the graph, 57.5 queue; engine asked for 88.5 barriers and 335.7 section ends, neither encoded; 9581.1 buffer and 2695.5 constant bindings (240237 B), 0.0 with no stated length; 28.73 blocking waits, 61.63 ms
ds4:   expert cache over the last 64 tokens: 239.97 hits, 9.89 misses, 9.89 evictions a token; 6254 of 6665 entries live (93.8%)
ds4:   of the address-table holes repaired a token: 0.00 already resident, 9.89 genuinely absent
ds4:   of the repair a token: readahead 10.78 ms, slot preparation 0.83 ms, reads 4.39 ms, install 0.03 ms, over 9.89 loads
ds4:   Engram rows written at step start in 7042 steps; layer-13 drains 0
ds4:   residency a token: 0.00 adds, 0.00 removes, 0.00 commits
ds4:   decode path so far: 7106 single-row steps (85.9 ms each inside the graph over the last 64), 2 K-row verification steps over 1398 positions, 0 batch-fusion sites taken; candidate K 32:2
ds4:   host row loop: 2796 nodes attended one at a time
ds4: gate over tokens 7041-7104: 19.44 command buffers, 8.19 aborts, 240.0 expert ids accounted, 92.10 MiB loaded a token; 0 the gate failed to switch off, 0 it could not gate
ds4:   one token, exclusive, same window: entry 0.00 + encode 1.35 + commit-to-done 61.21 + repair-load 15.13 + accounting 0.06 + tail 2.31 = 80.07 of a 84.87 ms wall, residual 4.80
ds4:   GPU busy 64.62 ms of the token's wall (the union of its buffers' spans), idle 20.25 ms
ds4:   1306.7 gated dispatches a token, 7.0 of them behind an abort; 270.0 sent plain ahead of a buffer's first validate
ds4:   encode-ahead: 10.25 segments used, 7.72 dropped, 4.36 ms a token spent encoding under the GPU
ds4:   concurrent sections: 154.69 attempted, 154.69 opened a token
ds4:   speculation: 0.00 layers a token, 0.00 lanes computed, 0.00 matched, 0.00 GEMVs actually saved, 0.00 left to compute; compared 0.00 lanes, 0.00 floats differ, 0.00 by more than an ulp
ds4:   Metal 4: 28.16 command buffers sent, 2295.9 dispatches a token; 0 pieces of Metal 3 work so far
ds4:   Metal 4 a token: 28.16 contexts in 28.16 command buffers (0.00 split); 2391.5 nodes = 2295.9 dispatches + 95.6 copies; barriers 1703.6 from the graph, 56.3 queue; engine asked for 87.1 barriers and 329.3 section ends, neither encoded; 9416.5 buffer and 2649.2 constant bindings (236226 B), 0.0 with no stated length; 28.16 blocking waits, 62.24 ms
ds4:   expert cache over the last 64 tokens: 239.95 hits, 9.70 misses, 9.70 evictions a token; 6254 of 6665 entries live (93.8%)
ds4:   of the address-table holes repaired a token: 0.00 already resident, 9.70 genuinely absent
ds4:   of the repair a token: readahead 10.24 ms, slot preparation 0.82 ms, reads 4.02 ms, install 0.03 ms, over 9.70 loads
ds4:   Engram rows written at step start in 7106 steps; layer-13 drains 0
ds4:   residency a token: 0.00 adds, 0.00 removes, 0.00 commits
ds4:   decode path so far: 7170 single-row steps (99.1 ms each inside the graph over the last 64), 2 K-row verification steps over 1398 positions, 0 batch-fusion sites taken; candidate K 32:2
ds4:   host row loop: 2796 nodes attended one at a time
ds4: gate over tokens 7105-7168: 24.94 command buffers, 16.41 aborts, 240.0 expert ids accounted, 244.87 MiB loaded a token; 0 the gate failed to switch off, 0 it could not gate
ds4:   one token, exclusive, same window: entry 0.00 + encode 2.69 + commit-to-done 56.49 + repair-load 31.57 + accounting 0.06 + tail 1.99 = 92.81 of a 99.29 ms wall, residual 6.48
ds4:   GPU busy 56.39 ms of the token's wall (the union of its buffers' spans), idle 42.89 ms
ds4:   1361.1 gated dispatches a token, 14.1 of them behind an abort; 520.7 sent plain ahead of a buffer's first validate
ds4:   encode-ahead: 7.53 segments used, 15.56 dropped, 5.89 ms a token spent encoding under the GPU
ds4:   concurrent sections: 230.97 attempted, 230.97 opened a token
ds4:   speculation: 0.00 layers a token, 0.00 lanes computed, 0.00 matched, 0.00 GEMVs actually saved, 0.00 left to compute; compared 0.00 lanes, 0.00 floats differ, 0.00 by more than an ulp
ds4:   Metal 4: 41.50 command buffers sent, 3320.4 dispatches a token; 0 pieces of Metal 3 work so far
ds4:   Metal 4 a token: 41.50 contexts in 41.50 command buffers (0.00 split); 3504.1 nodes = 3320.4 dispatches + 183.6 copies; barriers 2457.1 from the graph, 83.0 queue; engine asked for 122.2 barriers and 487.0 section ends, neither encoded; 13644.3 buffer and 3842.9 constant bindings (342338 B), 0.0 with no stated length; 41.50 blocking waits, 56.19 ms
ds4:   expert cache over the last 64 tokens: 239.86 hits, 25.80 misses, 25.80 evictions a token; 6254 of 6665 entries live (93.8%)
ds4:   of the address-table holes repaired a token: 0.00 already resident, 25.80 genuinely absent
ds4:   of the repair a token: readahead 20.14 ms, slot preparation 2.00 ms, reads 9.32 ms, install 0.07 ms, over 25.80 loads
ds4:   Engram rows written at step start in 7170 steps; layer-13 drains 0
ds4:   residency a token: 0.00 adds, 0.00 removes, 0.00 commits
ds4:   decode path so far: 7234 single-row steps (101.2 ms each inside the graph over the last 64), 2 K-row verification steps over 1398 positions, 0 batch-fusion sites taken; candidate K 32:2
ds4:   host row loop: 2796 nodes attended one at a time
ds4: gate over tokens 7169-7232: 25.50 command buffers, 17.41 aborts, 240.0 expert ids accounted, 210.01 MiB loaded a token; 0 the gate failed to switch off, 0 it could not gate
ds4:   one token, exclusive, same window: entry 0.00 + encode 2.96 + commit-to-done 54.91 + repair-load 32.78 + accounting 0.07 + tail 1.91 = 92.62 of a 99.69 ms wall, residual 7.07
ds4:   GPU busy 55.41 ms of the token's wall (the union of its buffers' spans), idle 44.28 ms
ds4:   1358.2 gated dispatches a token, 15.0 of them behind an abort; 551.8 sent plain ahead of a buffer's first validate
ds4:   encode-ahead: 7.09 segments used, 16.52 dropped, 6.39 ms a token spent encoding under the GPU
ds4:   concurrent sections: 239.09 attempted, 239.09 opened a token
ds4:   speculation: 0.00 layers a token, 0.00 lanes computed, 0.00 matched, 0.00 GEMVs actually saved, 0.00 left to compute; compared 0.00 lanes, 0.00 floats differ, 0.00 by more than an ulp
ds4:   Metal 4: 43.02 command buffers sent, 3425.0 dispatches a token; 0 pieces of Metal 3 work so far
ds4:   Metal 4 a token: 43.02 contexts in 43.02 command buffers (0.00 split); 3603.6 nodes = 3425.0 dispatches + 178.6 copies; barriers 2535.1 from the graph, 86.0 queue; engine asked for 125.8 barriers and 503.8 section ends, neither encoded; 14080.4 buffer and 3965.3 constant bindings (353350 B), 0.0 with no stated length; 43.02 blocking waits, 54.43 ms
ds4:   expert cache over the last 64 tokens: 239.86 hits, 22.12 misses, 22.12 evictions a token; 6254 of 6665 entries live (93.8%)
ds4:   of the address-table holes repaired a token: 0.00 already resident, 22.12 genuinely absent
ds4:   of the repair a token: readahead 21.80 ms, slot preparation 1.85 ms, reads 9.02 ms, install 0.07 ms, over 22.12 loads
ds4:   Engram rows written at step start in 7234 steps; layer-13 drains 0
ds4:   residency a token: 0.00 adds, 0.00 removes, 0.00 commits
ds4:   decode path so far: 7298 single-row steps (93.4 ms each inside the graph over the last 64), 2 K-row verification steps over 1398 positions, 0 batch-fusion sites taken; candidate K 32:2
ds4:   host row loop: 2796 nodes attended one at a time
ds4: gate over tokens 7233-7296: 23.42 command buffers, 14.30 aborts, 240.0 expert ids accounted, 168.19 MiB loaded a token; 0 the gate failed to switch off, 0 it could not gate
ds4:   one token, exclusive, same window: entry 0.00 + encode 2.59 + commit-to-done 54.91 + repair-load 26.21 + accounting 0.06 + tail 1.97 = 85.75 of a 92.58 ms wall, residual 6.83
ds4:   GPU busy 56.50 ms of the token's wall (the union of its buffers' spans), idle 36.09 ms
ds4:   1332.0 gated dispatches a token, 11.2 of them behind an abort; 458.4 sent plain ahead of a buffer's first validate
ds4:   encode-ahead: 8.12 segments used, 13.64 dropped, 6.21 ms a token spent encoding under the GPU
ds4:   concurrent sections: 211.78 attempted, 211.78 opened a token
ds4:   speculation: 0.00 layers a token, 0.00 lanes computed, 0.00 matched, 0.00 GEMVs actually saved, 0.00 left to compute; compared 0.00 lanes, 0.00 floats differ, 0.00 by more than an ulp
ds4:   Metal 4: 38.06 command buffers sent, 3067.3 dispatches a token; 0 pieces of Metal 3 work so far
ds4:   Metal 4 a token: 38.06 contexts in 38.06 command buffers (0.00 split); 3215.4 nodes = 3067.3 dispatches + 148.2 copies; barriers 2271.2 from the graph, 76.1 queue; engine asked for 113.4 barriers and 447.3 section ends, neither encoded; 12593.1 buffer and 3547.4 constant bindings (316040 B), 0.0 with no stated length; 38.06 blocking waits, 54.75 ms
ds4:   expert cache over the last 64 tokens: 239.94 hits, 17.72 misses, 17.72 evictions a token; 6254 of 6665 entries live (93.8%)
ds4:   of the address-table holes repaired a token: 0.00 already resident, 17.72 genuinely absent
ds4:   of the repair a token: readahead 16.90 ms, slot preparation 1.60 ms, reads 7.62 ms, install 0.06 ms, over 17.72 loads
ds4:   Engram rows written at step start in 7298 steps; layer-13 drains 0
ds4:   residency a token: 0.00 adds, 0.00 removes, 0.00 commits
ds4:   decode path so far: 7362 single-row steps (93.3 ms each inside the graph over the last 64), 2 K-row verification steps over 1398 positions, 0 batch-fusion sites taken; candidate K 32:2
ds4:   host row loop: 2796 nodes attended one at a time
ds4: gate over tokens 7297-7360: 23.09 command buffers, 13.66 aborts, 240.0 expert ids accounted, 156.92 MiB loaded a token; 0 the gate failed to switch off, 0 it could not gate
ds4:   one token, exclusive, same window: entry 0.00 + encode 2.46 + commit-to-done 56.00 + repair-load 24.94 + accounting 0.07 + tail 1.92 = 85.39 of a 91.99 ms wall, residual 6.60
ds4:   GPU busy 57.23 ms of the token's wall (the union of its buffers' spans), idle 34.76 ms
ds4:   1345.8 gated dispatches a token, 8.9 of them behind an abort; 439.6 sent plain ahead of a buffer's first validate
ds4:   encode-ahead: 8.44 segments used, 13.12 dropped, 6.00 ms a token spent encoding under the GPU
ds4:   concurrent sections: 206.88 attempted, 206.88 opened a token
ds4:   speculation: 0.00 layers a token, 0.00 lanes computed, 0.00 matched, 0.00 GEMVs actually saved, 0.00 left to compute; compared 0.00 lanes, 0.00 floats differ, 0.00 by more than an ulp
ds4:   Metal 4: 37.22 command buffers sent, 2999.0 dispatches a token; 0 pieces of Metal 3 work so far
ds4:   Metal 4 a token: 37.22 contexts in 37.22 command buffers (0.00 split); 3142.8 nodes = 2999.0 dispatches + 143.7 copies; barriers 2221.3 from the graph, 74.4 queue; engine asked for 111.3 barriers and 437.3 section ends, neither encoded; 12320.3 buffer and 3468.3 constant bindings (309104 B), 0.0 with no stated length; 37.22 blocking waits, 55.89 ms
ds4:   expert cache over the last 64 tokens: 239.94 hits, 16.53 misses, 16.53 evictions a token; 6254 of 6665 entries live (93.8%)
ds4:   of the address-table holes repaired a token: 0.00 already resident, 16.53 genuinely absent
ds4:   of the repair a token: readahead 16.14 ms, slot preparation 1.47 ms, reads 7.24 ms, install 0.05 ms, over 16.53 loads
ds4:   Engram rows written at step start in 7362 steps; layer-13 drains 0
ds4:   residency a token: 0.00 adds, 0.00 removes, 0.00 commits
ds4:   decode path so far: 7426 single-row steps (94.7 ms each inside the graph over the last 64), 2 K-row verification steps over 1398 positions, 0 batch-fusion sites taken; candidate K 32:2
ds4:   host row loop: 2796 nodes attended one at a time
ds4: gate over tokens 7361-7424: 23.06 command buffers, 13.89 aborts, 240.0 expert ids accounted, 163.89 MiB loaded a token; 0 the gate failed to switch off, 0 it could not gate
ds4:   one token, exclusive, same window: entry 0.00 + encode 2.47 + commit-to-done 54.78 + repair-load 27.99 + accounting 0.07 + tail 1.95 = 87.26 of a 93.75 ms wall, residual 6.49
ds4:   GPU busy 56.19 ms of the token's wall (the union of its buffers' spans), idle 37.56 ms
ds4:   1326.2 gated dispatches a token, 11.2 of them behind an abort; 442.5 sent plain ahead of a buffer's first validate
ds4:   encode-ahead: 8.17 segments used, 13.08 dropped, 5.89 ms a token spent encoding under the GPU
ds4:   concurrent sections: 206.25 attempted, 206.25 opened a token
ds4:   speculation: 0.00 layers a token, 0.00 lanes computed, 0.00 matched, 0.00 GEMVs actually saved, 0.00 left to compute; compared 0.00 lanes, 0.00 floats differ, 0.00 by more than an ulp
ds4:   Metal 4: 37.14 command buffers sent, 2984.3 dispatches a token; 0 pieces of Metal 3 work so far
ds4:   Metal 4 a token: 37.14 contexts in 37.14 command buffers (0.00 split); 3130.9 nodes = 2984.3 dispatches + 146.5 copies; barriers 2209.0 from the graph, 74.3 queue; engine asked for 110.5 barriers and 435.8 section ends, neither encoded; 12258.7 buffer and 3451.9 constant bindings (307511 B), 0.0 with no stated length; 37.14 blocking waits, 54.71 ms
ds4:   expert cache over the last 64 tokens: 239.98 hits, 17.27 misses, 17.27 evictions a token; 6254 of 6665 entries live (93.8%)
ds4:   of the address-table holes repaired a token: 0.00 already resident, 17.27 genuinely absent
ds4:   of the repair a token: readahead 18.89 ms, slot preparation 1.55 ms, reads 7.46 ms, install 0.05 ms, over 17.27 loads
ds4:   Engram rows written at step start in 7426 steps; layer-13 drains 0
ds4:   residency a token: 0.00 adds, 0.00 removes, 0.00 commits
ds4: memory budget: peak 80.00 GiB allocated of 80.00 GiB; 2 slab(s) given back, 0 allocation(s) refused, cache growth stopped 26468 time(s)
ds4: expert directory: 0 pinned hits, 0 cache hits, 33376 loads; 0 address mismatches, 0 missing with a non-zero slot, 0 selected and missing; 0 pinned experts given back to the budget
warmup     model views touched: ok; Metal 4 commits +1, encoders +2; Metal 3 commands +0
refusal    a Metal 3-only call returned 0; refusals +1, Metal 3 commands +0
short      prompt    26 tokens,  2048 steps: logits differ at 0 of 2049 evaluations (first -1), tokens first differ at -1, ids 13607d993a447227 / 13607d993a447227
haiku      prompt    21 tokens,   256 steps: logits differ at 0 of 257 evaluations (first -1), tokens first differ at -1, ids 8f561a8abb7bba25 / 8f561a8abb7bba25
long       prompt  4795 tokens,   256 steps: logits differ at 0 of 257 evaluations (first -1), tokens first differ at -1, ids e197891559449b7b / e197891559449b7b
injected   decode failure: eval returned 1 (V4.1 decode failed at position 34)
injected   prefill failure: sync returned 1 (V4.1 prefill failed at position 0)
after      a fresh session matches the reference for 128 of 128 tokens
fallback   Metal 3 work noted under the Metal 4 backend: 0
health     Metal 4: 134132 commits, 134132 feedback, 2 errors (the injected ones), residency held 0 entries 0.0 MiB, peak 60898.7 MiB, 12262870 adds, 12262870 releases
reopen     an engine opened after the first closed matches the reference for 2048 of 2048 tokens
closed     after the second close: residency held 0 entries
m3api      Metal 3 command execution after Metal 4 selection: 0; refused 1 (the deliberate one); Metal 3 queues created before selection 0, after 0
fulltable  full expert address table uses 0; expert cache hits 1613399, misses 55673
PASS
