ds4: abort gate on for the first 40 layers
ds4: Metal device Apple M5 Max, 128.00 GiB RAM
ds4: Metal 4 tensor API enabled for Tensor kernels
ds4: drift-patch flags hc_stable=on norm_unify=on kv_raw_f32=off rope_exp2_log2=off math_safe=off tensor_matmul=on
ds4: V4.1 SSD cache fitted from 10268 to 9648 experts for context/runtime headroom
ds4: Metal backend: Metal 4
ds4: Metal SSD streaming mode enabled; full model residency and warmup are skipped
ds4: metal SSD streaming cache target 89.43 GiB; effective 89.43 GiB = 7.12 GiB prefill headroom + 82.32 GiB dynamic cache (8880 experts, 9.49 MiB each)
ds4: Metal SSD static weights remain pageable to preserve runtime headroom
ds4: SSD streaming initial metal model map (569 spans, 9.37 GiB tensor span)
ds4: metal backend initialized for graph diagnostics
ds4: expert cache prewarmed from the built-in V4.1 hotlist: 8192 experts (0 failed), 75.94 GiB in 7.91 s
ds4: memory: KV 0.06 GiB (raw 0.01 + compressed 0.05) + buffers 3.30 GiB + resident model 9.37 GiB + expert cache 82.32 GiB + prefill expert reserve 7.12 GiB = 102.16 GiB planned
ds4: memory detail: ctx=8192 prefill_cap=4096 raw_kv_rows=128 compressed_kv_rows=8193 backend=metal
ds4: V4.1 executor ABI 3, arena align 256, rev 19b48ce645b0-dirty, built Sep 30 2026 01:34:30
ds4: V4.1 static context buffers 3435.75 MiB (ctx=8192), Engram disk-only
ds4: V4.1 static context buffers 3435.75 MiB (ctx=8192), Engram disk-only
ds4: shared/routed FFN overlap ran, mode 1
ds4: expert cache lent the prefill headroom for decode: 8880 -> 9648 experts
ds4: expert cache lent the prefill headroom for decode: 8880 -> 9648 experts
ds4:   decode path so far: 64 single-row steps (127.8 ms each inside the graph over the last 64), 0 K-row verification steps over 0 positions, 0 batch-fusion sites taken; candidate K none
ds4: gate over tokens 1-64: 19.08 command buffers, 7.73 aborts, 240.0 expert ids accounted, 106.64 MiB loaded a token; 0 the gate failed to switch off, 0 it could not gate
ds4:   one token, exclusive, same window: entry 0.00 + encode 1.52 + commit-to-done 106.79 + repair-load 14.80 + accounting 0.04 + tail 0.43 = 123.58 of a 127.21 ms wall, residual 3.63
ds4:   of the commit-to-done: GPU running 84.56 ms, GPU not running 22.22 ms
ds4:   1041.8 gated dispatches a token, 5.6 of them behind an abort; 693.8 sent plain ahead of a buffer's first validate
ds4:   encode-ahead: 10.34 segments used, 7.39 dropped, 3.51 ms a token spent encoding under the GPU
ds4:   concurrent sections: 151.12 attempted, 151.12 opened a token
ds4:   speculation: 0.00 layers a token, 0.00 lanes computed, 0.00 matched, 0.00 GEMVs actually saved, 0.00 left to compute; compared 0.00 lanes, 0.00 floats differ, 0.00 by more than an ulp
ds4:   Metal 4: 19.30 command buffers sent, 2225.3 dispatches a token; 0 pieces of Metal 3 work so far
ds4:   expert cache over the last 64 tokens: 240.00 hits, 139.23 misses, 0.00 evictions a token; 8911 of 9648 entries live (92.4%)
ds4:   of the address-table holes repaired a token: 0.00 already resident, 139.23 genuinely absent
ds4:   of the repair a token: readahead 32.57 ms, slot preparation 49.15 ms, reads 56.44 ms, install 0.21 ms, over 139.23 loads
ds4:   Engram rows written at step start in 64 steps; layer-13 drains 0
ds4:   residency a token: 0.00 adds, 0.00 removes, 0.00 commits
ds4:   decode path so far: 128 single-row steps (114.0 ms each inside the graph over the last 64), 0 K-row verification steps over 0 positions, 0 batch-fusion sites taken; candidate K none
ds4: gate over tokens 65-128: 18.14 command buffers, 6.23 aborts, 240.0 expert ids accounted, 70.60 MiB loaded a token; 0 the gate failed to switch off, 0 it could not gate
ds4:   one token, exclusive, same window: entry 0.00 + encode 1.67 + commit-to-done 87.70 + repair-load 16.23 + accounting 0.05 + tail 3.10 = 108.74 of a 112.87 ms wall, residual 4.13
ds4:   of the commit-to-done: GPU running 87.44 ms, GPU not running 0.26 ms
ds4:   1026.4 gated dispatches a token, 6.1 of them behind an abort; 625.2 sent plain ahead of a buffer's first validate
ds4:   encode-ahead: 10.91 segments used, 5.91 dropped, 4.02 ms a token spent encoding under the GPU
ds4:   concurrent sections: 137.31 attempted, 137.31 opened a token
ds4:   speculation: 0.00 layers a token, 0.00 lanes computed, 0.00 matched, 0.00 GEMVs actually saved, 0.00 left to compute; compared 0.00 lanes, 0.00 floats differ, 0.00 by more than an ulp
ds4:   Metal 4: 19.14 command buffers sent, 2046.6 dispatches a token; 0 pieces of Metal 3 work so far
ds4:   expert cache over the last 64 tokens: 240.00 hits, 7.44 misses, 0.00 evictions a token; 9387 of 9648 entries live (97.3%)
ds4:   of the address-table holes repaired a token: 0.00 already resident, 7.44 genuinely absent
ds4:   of the repair a token: readahead 5.39 ms, slot preparation 7.45 ms, reads 3.33 ms, install 0.03 ms, over 7.44 loads
ds4:   Engram rows written at step start in 128 steps; layer-13 drains 0
ds4:   residency a token: 0.00 adds, 0.00 removes, 0.00 commits
ds4:   decode path so far: 192 single-row steps (106.1 ms each inside the graph over the last 64), 0 K-row verification steps over 0 positions, 0 batch-fusion sites taken; candidate K none
ds4: gate over tokens 129-192: 16.33 command buffers, 3.44 aborts, 240.0 expert ids accounted, 37.08 MiB loaded a token; 0 the gate failed to switch off, 0 it could not gate
ds4:   one token, exclusive, same window: entry 0.00 + encode 1.12 + commit-to-done 89.49 + repair-load 6.01 + accounting 0.05 + tail 3.42 = 100.08 of a 104.01 ms wall, residual 3.93
ds4:   of the commit-to-done: GPU running 90.67 ms, GPU not running -1.18 ms
ds4:   990.8 gated dispatches a token, 3.3 of them behind an abort; 504.0 sent plain ahead of a buffer's first validate
ds4:   encode-ahead: 11.89 segments used, 3.28 dropped, 3.86 ms a token spent encoding under the GPU
ds4:   concurrent sections: 111.75 attempted, 111.75 opened a token
ds4:   speculation: 0.00 layers a token, 0.00 lanes computed, 0.00 matched, 0.00 GEMVs actually saved, 0.00 left to compute; compared 0.00 lanes, 0.00 floats differ, 0.00 by more than an ulp
ds4:   Metal 4: 17.33 command buffers sent, 1709.8 dispatches a token; 0 pieces of Metal 3 work so far
ds4:   expert cache over the last 64 tokens: 240.00 hits, 3.91 misses, 0.00 evictions a token; 9637 of 9648 entries live (99.9%)
ds4:   of the address-table holes repaired a token: 0.00 already resident, 3.91 genuinely absent
ds4:   of the repair a token: readahead 2.31 ms, slot preparation 1.52 ms, reads 2.14 ms, install 0.02 ms, over 3.91 loads
ds4:   Engram rows written at step start in 192 steps; layer-13 drains 0
ds4:   residency a token: 0.00 adds, 0.00 removes, 0.00 commits
ds4:   decode path so far: 256 single-row steps (102.7 ms each inside the graph over the last 64), 0 K-row verification steps over 0 positions, 0 batch-fusion sites taken; candidate K none
ds4: gate over tokens 193-256: 16.05 command buffers, 3.03 aborts, 240.0 expert ids accounted, 32.04 MiB loaded a token; 0 the gate failed to switch off, 0 it could not gate
ds4:   one token, exclusive, same window: entry 0.00 + encode 1.04 + commit-to-done 88.32 + repair-load 4.86 + accounting 0.04 + tail 3.11 = 97.36 of a 101.12 ms wall, residual 3.76
ds4:   of the commit-to-done: GPU running 89.22 ms, GPU not running -0.90 ms
ds4:   978.6 gated dispatches a token, 2.8 of them behind an abort; 486.2 sent plain ahead of a buffer's first validate
ds4:   encode-ahead: 12.02 segments used, 2.89 dropped, 3.68 ms a token spent encoding under the GPU
ds4:   concurrent sections: 107.94 attempted, 107.94 opened a token
ds4:   speculation: 0.00 layers a token, 0.00 lanes computed, 0.00 matched, 0.00 GEMVs actually saved, 0.00 left to compute; compared 0.00 lanes, 0.00 floats differ, 0.00 by more than an ulp
ds4:   Metal 4: 17.05 command buffers sent, 1658.0 dispatches a token; 0 pieces of Metal 3 work so far
ds4:   expert cache over the last 64 tokens: 240.00 hits, 3.38 misses, 3.20 evictions a token; 9648 of 9648 entries live (100.0%)
ds4:   of the address-table holes repaired a token: 0.00 already resident, 3.38 genuinely absent
ds4:   of the repair a token: readahead 2.22 ms, slot preparation 0.46 ms, reads 2.10 ms, install 0.02 ms, over 3.38 loads
ds4:   Engram rows written at step start in 256 steps; layer-13 drains 0
ds4:   residency a token: 0.00 adds, 0.00 removes, 0.00 commits
ds4:   decode path so far: 320 single-row steps (106.2 ms each inside the graph over the last 64), 0 K-row verification steps over 0 positions, 0 batch-fusion sites taken; candidate K none
ds4: gate over tokens 257-320: 16.00 command buffers, 3.02 aborts, 240.0 expert ids accounted, 31.15 MiB loaded a token; 0 the gate failed to switch off, 0 it could not gate
ds4:   one token, exclusive, same window: entry 0.00 + encode 1.05 + commit-to-done 90.54 + repair-load 5.13 + accounting 0.05 + tail 3.59 = 100.35 of a 104.30 ms wall, residual 3.94
ds4:   of the commit-to-done: GPU running 91.92 ms, GPU not running -1.39 ms
ds4:   1001.8 gated dispatches a token, 1.5 of them behind an abort; 499.6 sent plain ahead of a buffer's first validate
ds4:   encode-ahead: 11.98 segments used, 2.86 dropped, 3.87 ms a token spent encoding under the GPU
ds4:   concurrent sections: 107.62 attempted, 107.62 opened a token
ds4:   speculation: 0.00 layers a token, 0.00 lanes computed, 0.00 matched, 0.00 GEMVs actually saved, 0.00 left to compute; compared 0.00 lanes, 0.00 floats differ, 0.00 by more than an ulp
ds4:   Metal 4: 17.00 command buffers sent, 1703.1 dispatches a token; 0 pieces of Metal 3 work so far
ds4:   expert cache over the last 64 tokens: 240.00 hits, 3.28 misses, 3.28 evictions a token; 9648 of 9648 entries live (100.0%)
ds4:   of the address-table holes repaired a token: 0.00 already resident, 3.28 genuinely absent
ds4:   of the repair a token: readahead 2.51 ms, slot preparation 0.42 ms, reads 2.12 ms, install 0.02 ms, over 3.28 loads
ds4:   Engram rows written at step start in 320 steps; layer-13 drains 0
ds4:   residency a token: 0.00 adds, 0.00 removes, 0.00 commits
ds4:   decode path so far: 384 single-row steps (106.5 ms each inside the graph over the last 64), 0 K-row verification steps over 0 positions, 0 batch-fusion sites taken; candidate K none
ds4: gate over tokens 321-384: 15.56 command buffers, 2.31 aborts, 240.0 expert ids accounted, 23.29 MiB loaded a token; 0 the gate failed to switch off, 0 it could not gate
ds4:   one token, exclusive, same window: entry 0.00 + encode 0.91 + commit-to-done 92.93 + repair-load 3.81 + accounting 0.04 + tail 3.44 = 101.14 of a 104.99 ms wall, residual 3.86
ds4:   of the commit-to-done: GPU running 94.45 ms, GPU not running -1.52 ms
ds4:   994.4 gated dispatches a token, 3.4 of them behind an abort; 465.5 sent plain ahead of a buffer's first validate
ds4:   encode-ahead: 12.25 segments used, 2.16 dropped, 3.79 ms a token spent encoding under the GPU
ds4:   concurrent sections: 101.34 attempted, 101.34 opened a token
ds4:   speculation: 0.00 layers a token, 0.00 lanes computed, 0.00 matched, 0.00 GEMVs actually saved, 0.00 left to compute; compared 0.00 lanes, 0.00 floats differ, 0.00 by more than an ulp
ds4:   Metal 4: 16.56 command buffers sent, 1615.5 dispatches a token; 0 pieces of Metal 3 work so far
ds4:   expert cache over the last 64 tokens: 240.00 hits, 2.45 misses, 2.45 evictions a token; 9648 of 9648 entries live (100.0%)
ds4:   of the address-table holes repaired a token: 0.00 already resident, 2.45 genuinely absent
ds4:   of the repair a token: readahead 1.75 ms, slot preparation 0.36 ms, reads 1.65 ms, install 0.01 ms, over 2.45 loads
ds4:   Engram rows written at step start in 384 steps; layer-13 drains 0
ds4:   residency a token: 0.00 adds, 0.00 removes, 0.00 commits
ds4:   decode path so far: 448 single-row steps (107.5 ms each inside the graph over the last 64), 0 K-row verification steps over 0 positions, 0 batch-fusion sites taken; candidate K none
ds4: gate over tokens 385-448: 15.86 command buffers, 2.83 aborts, 240.0 expert ids accounted, 28.92 MiB loaded a token; 0 the gate failed to switch off, 0 it could not gate
ds4:   one token, exclusive, same window: entry 0.00 + encode 0.95 + commit-to-done 93.59 + repair-load 4.05 + accounting 0.04 + tail 3.30 = 101.93 of a 105.53 ms wall, residual 3.60
ds4:   of the commit-to-done: GPU running 94.68 ms, GPU not running -1.09 ms
ds4:   1001.9 gated dispatches a token, 3.4 of them behind an abort; 492.4 sent plain ahead of a buffer's first validate
ds4:   encode-ahead: 12.03 segments used, 2.67 dropped, 3.54 ms a token spent encoding under the GPU
ds4:   concurrent sections: 105.91 attempted, 105.91 opened a token
ds4:   speculation: 0.00 layers a token, 0.00 lanes computed, 0.00 matched, 0.00 GEMVs actually saved, 0.00 left to compute; compared 0.00 lanes, 0.00 floats differ, 0.00 by more than an ulp
ds4:   Metal 4: 16.86 command buffers sent, 1681.1 dispatches a token; 0 pieces of Metal 3 work so far
ds4:   expert cache over the last 64 tokens: 240.00 hits, 3.05 misses, 3.05 evictions a token; 9648 of 9648 entries live (100.0%)
ds4:   of the address-table holes repaired a token: 0.00 already resident, 3.05 genuinely absent
ds4:   of the repair a token: readahead 1.75 ms, slot preparation 0.40 ms, reads 1.84 ms, install 0.01 ms, over 3.05 loads
ds4:   Engram rows written at step start in 448 steps; layer-13 drains 0
ds4:   residency a token: 0.00 adds, 0.00 removes, 0.00 commits
ds4:   decode path so far: 512 single-row steps (102.6 ms each inside the graph over the last 64), 0 K-row verification steps over 0 positions, 0 batch-fusion sites taken; candidate K none
ds4: gate over tokens 449-512: 15.56 command buffers, 2.34 aborts, 240.0 expert ids accounted, 24.18 MiB loaded a token; 0 the gate failed to switch off, 0 it could not gate
ds4:   one token, exclusive, same window: entry 0.00 + encode 0.79 + commit-to-done 90.37 + repair-load 3.41 + accounting 0.04 + tail 3.09 = 97.70 of a 101.03 ms wall, residual 3.33
ds4:   of the commit-to-done: GPU running 91.70 ms, GPU not running -1.33 ms
ds4:   991.2 gated dispatches a token, 2.9 of them behind an abort; 470.0 sent plain ahead of a buffer's first validate
ds4:   encode-ahead: 12.22 segments used, 2.20 dropped, 3.28 ms a token spent encoding under the GPU
ds4:   concurrent sections: 101.25 attempted, 101.25 opened a token
ds4:   speculation: 0.00 layers a token, 0.00 lanes computed, 0.00 matched, 0.00 GEMVs actually saved, 0.00 left to compute; compared 0.00 lanes, 0.00 floats differ, 0.00 by more than an ulp
ds4:   Metal 4: 16.56 command buffers sent, 1614.7 dispatches a token; 0 pieces of Metal 3 work so far
ds4:   expert cache over the last 64 tokens: 240.00 hits, 2.55 misses, 2.55 evictions a token; 9648 of 9648 entries live (100.0%)
ds4:   of the address-table holes repaired a token: 0.00 already resident, 2.55 genuinely absent
ds4:   of the repair a token: readahead 1.33 ms, slot preparation 0.31 ms, reads 1.72 ms, install 0.01 ms, over 2.55 loads
ds4:   Engram rows written at step start in 512 steps; layer-13 drains 0
ds4:   residency a token: 0.00 adds, 0.00 removes, 0.00 commits
ds4:   decode path so far: 576 single-row steps (107.9 ms each inside the graph over the last 64), 0 K-row verification steps over 0 positions, 0 batch-fusion sites taken; candidate K none
ds4: gate over tokens 513-576: 15.31 command buffers, 1.86 aborts, 240.0 expert ids accounted, 18.69 MiB loaded a token; 0 the gate failed to switch off, 0 it could not gate
ds4:   one token, exclusive, same window: entry 0.00 + encode 0.78 + commit-to-done 95.22 + repair-load 2.89 + accounting 0.04 + tail 3.44 = 102.37 of a 106.03 ms wall, residual 3.66
ds4:   of the commit-to-done: GPU running 96.67 ms, GPU not running -1.46 ms
ds4:   990.7 gated dispatches a token, 0.5 of them behind an abort; 450.2 sent plain ahead of a buffer's first validate
ds4:   encode-ahead: 12.45 segments used, 1.81 dropped, 3.61 ms a token spent encoding under the GPU
ds4:   concurrent sections: 97.25 attempted, 97.25 opened a token
ds4:   speculation: 0.00 layers a token, 0.00 lanes computed, 0.00 matched, 0.00 GEMVs actually saved, 0.00 left to compute; compared 0.00 lanes, 0.00 floats differ, 0.00 by more than an ulp
ds4:   Metal 4: 16.31 command buffers sent, 1560.3 dispatches a token; 0 pieces of Metal 3 work so far
ds4:   expert cache over the last 64 tokens: 240.00 hits, 1.97 misses, 1.97 evictions a token; 9648 of 9648 entries live (100.0%)
ds4:   of the address-table holes repaired a token: 0.00 already resident, 1.97 genuinely absent
ds4:   of the repair a token: readahead 1.17 ms, slot preparation 0.27 ms, reads 1.41 ms, install 0.01 ms, over 1.97 loads
ds4:   Engram rows written at step start in 576 steps; layer-13 drains 0
ds4:   residency a token: 0.00 adds, 0.00 removes, 0.00 commits
ds4:   decode path so far: 640 single-row steps (104.2 ms each inside the graph over the last 64), 0 K-row verification steps over 0 positions, 0 batch-fusion sites taken; candidate K none
ds4: gate over tokens 577-640: 15.53 command buffers, 2.27 aborts, 240.0 expert ids accounted, 22.40 MiB loaded a token; 0 the gate failed to switch off, 0 it could not gate
ds4:   one token, exclusive, same window: entry 0.00 + encode 0.76 + commit-to-done 92.41 + repair-load 3.43 + accounting 0.05 + tail 3.35 = 100.00 of a 103.15 ms wall, residual 3.15
ds4:   of the commit-to-done: GPU running 93.70 ms, GPU not running -1.28 ms
ds4:   997.5 gated dispatches a token, 3.4 of them behind an abort; 466.6 sent plain ahead of a buffer's first validate
ds4:   encode-ahead: 12.27 segments used, 2.14 dropped, 3.10 ms a token spent encoding under the GPU
ds4:   concurrent sections: 101.25 attempted, 101.25 opened a token
ds4:   speculation: 0.00 layers a token, 0.00 lanes computed, 0.00 matched, 0.00 GEMVs actually saved, 0.00 left to compute; compared 0.00 lanes, 0.00 floats differ, 0.00 by more than an ulp
ds4:   Metal 4: 16.53 command buffers sent, 1617.1 dispatches a token; 0 pieces of Metal 3 work so far
ds4:   expert cache over the last 64 tokens: 240.00 hits, 2.36 misses, 2.36 evictions a token; 9648 of 9648 entries live (100.0%)
ds4:   of the address-table holes repaired a token: 0.00 already resident, 2.36 genuinely absent
ds4:   of the repair a token: readahead 1.58 ms, slot preparation 0.30 ms, reads 1.52 ms, install 0.01 ms, over 2.36 loads
ds4:   Engram rows written at step start in 640 steps; layer-13 drains 0
ds4:   residency a token: 0.00 adds, 0.00 removes, 0.00 commits
ds4:   decode path so far: 704 single-row steps (102.8 ms each inside the graph over the last 64), 0 K-row verification steps over 0 positions, 0 batch-fusion sites taken; candidate K none
ds4: gate over tokens 641-704: 15.08 command buffers, 1.55 aborts, 240.0 expert ids accounted, 15.57 MiB loaded a token; 0 the gate failed to switch off, 0 it could not gate
ds4:   one token, exclusive, same window: entry 0.00 + encode 0.60 + commit-to-done 91.77 + repair-load 2.27 + accounting 0.05 + tail 3.25 = 97.93 of a 100.96 ms wall, residual 3.03
ds4:   of the commit-to-done: GPU running 93.18 ms, GPU not running -1.41 ms
ds4:   985.0 gated dispatches a token, 1.0 of them behind an abort; 433.8 sent plain ahead of a buffer's first validate
ds4:   encode-ahead: 12.53 segments used, 1.48 dropped, 2.99 ms a token spent encoding under the GPU
ds4:   concurrent sections: 94.44 attempted, 94.44 opened a token
ds4:   speculation: 0.00 layers a token, 0.00 lanes computed, 0.00 matched, 0.00 GEMVs actually saved, 0.00 left to compute; compared 0.00 lanes, 0.00 floats differ, 0.00 by more than an ulp
ds4:   Metal 4: 16.08 command buffers sent, 1524.7 dispatches a token; 0 pieces of Metal 3 work so far
ds4:   expert cache over the last 64 tokens: 240.00 hits, 1.64 misses, 1.64 evictions a token; 9648 of 9648 entries live (100.0%)
ds4:   of the address-table holes repaired a token: 0.00 already resident, 1.64 genuinely absent
ds4:   of the repair a token: readahead 0.93 ms, slot preparation 0.22 ms, reads 1.08 ms, install 0.01 ms, over 1.64 loads
ds4:   Engram rows written at step start in 704 steps; layer-13 drains 0
ds4:   residency a token: 0.00 adds, 0.00 removes, 0.00 commits
ds4:   decode path so far: 768 single-row steps (112.6 ms each inside the graph over the last 64), 0 K-row verification steps over 0 positions, 0 batch-fusion sites taken; candidate K none
ds4: gate over tokens 705-768: 15.41 command buffers, 2.09 aborts, 240.0 expert ids accounted, 20.62 MiB loaded a token; 0 the gate failed to switch off, 0 it could not gate
ds4:   one token, exclusive, same window: entry 0.00 + encode 0.73 + commit-to-done 100.32 + repair-load 3.26 + accounting 0.04 + tail 3.41 = 107.76 of a 111.09 ms wall, residual 3.33
ds4:   of the commit-to-done: GPU running 101.45 ms, GPU not running -1.13 ms
ds4:   990.7 gated dispatches a token, 1.9 of them behind an abort; 459.1 sent plain ahead of a buffer's first validate
ds4:   encode-ahead: 12.31 segments used, 2.02 dropped, 3.27 ms a token spent encoding under the GPU
ds4:   concurrent sections: 99.41 attempted, 99.41 opened a token
ds4:   speculation: 0.00 layers a token, 0.00 lanes computed, 0.00 matched, 0.00 GEMVs actually saved, 0.00 left to compute; compared 0.00 lanes, 0.00 floats differ, 0.00 by more than an ulp
ds4:   Metal 4: 16.41 command buffers sent, 1589.5 dispatches a token; 0 pieces of Metal 3 work so far
ds4:   expert cache over the last 64 tokens: 240.00 hits, 2.17 misses, 2.17 evictions a token; 9648 of 9648 entries live (100.0%)
ds4:   of the address-table holes repaired a token: 0.00 already resident, 2.17 genuinely absent
ds4:   of the repair a token: readahead 1.63 ms, slot preparation 0.30 ms, reads 1.29 ms, install 0.01 ms, over 2.17 loads
ds4:   Engram rows written at step start in 768 steps; layer-13 drains 0
ds4:   residency a token: 0.00 adds, 0.00 removes, 0.00 commits
ds4:   decode path so far: 832 single-row steps (105.1 ms each inside the graph over the last 64), 0 K-row verification steps over 0 positions, 0 batch-fusion sites taken; candidate K none
ds4: gate over tokens 769-832: 14.86 command buffers, 1.41 aborts, 240.0 expert ids accounted, 13.94 MiB loaded a token; 0 the gate failed to switch off, 0 it could not gate
ds4:   one token, exclusive, same window: entry 0.00 + encode 0.60 + commit-to-done 94.11 + repair-load 2.15 + accounting 0.04 + tail 3.15 = 100.05 of a 103.16 ms wall, residual 3.11
ds4:   of the commit-to-done: GPU running 95.31 ms, GPU not running -1.20 ms
ds4:   981.2 gated dispatches a token, 1.5 of them behind an abort; 422.2 sent plain ahead of a buffer's first validate
ds4:   encode-ahead: 12.45 segments used, 1.36 dropped, 3.06 ms a token spent encoding under the GPU
ds4:   concurrent sections: 92.84 attempted, 92.84 opened a token
ds4:   speculation: 0.00 layers a token, 0.00 lanes computed, 0.00 matched, 0.00 GEMVs actually saved, 0.00 left to compute; compared 0.00 lanes, 0.00 floats differ, 0.00 by more than an ulp
ds4:   Metal 4: 15.86 command buffers sent, 1499.5 dispatches a token; 0 pieces of Metal 3 work so far
ds4:   expert cache over the last 64 tokens: 239.98 hits, 1.47 misses, 1.47 evictions a token; 9648 of 9648 entries live (100.0%)
ds4:   of the address-table holes repaired a token: 0.00 already resident, 1.47 genuinely absent
ds4:   of the repair a token: readahead 0.86 ms, slot preparation 0.20 ms, reads 1.07 ms, install 0.01 ms, over 1.47 loads
ds4:   Engram rows written at step start in 832 steps; layer-13 drains 0
ds4:   residency a token: 0.00 adds, 0.00 removes, 0.00 commits
ds4:   decode path so far: 896 single-row steps (100.6 ms each inside the graph over the last 64), 0 K-row verification steps over 0 positions, 0 batch-fusion sites taken; candidate K none
ds4: gate over tokens 833-896: 15.27 command buffers, 1.98 aborts, 240.0 expert ids accounted, 21.95 MiB loaded a token; 0 the gate failed to switch off, 0 it could not gate
ds4:   one token, exclusive, same window: entry 0.00 + encode 0.71 + commit-to-done 87.80 + repair-load 3.21 + accounting 0.04 + tail 2.99 = 94.76 of a 97.90 ms wall, residual 3.13
ds4:   of the commit-to-done: GPU running 88.64 ms, GPU not running -0.84 ms
ds4:   984.6 gated dispatches a token, 1.5 of them behind an abort; 453.5 sent plain ahead of a buffer's first validate
ds4:   encode-ahead: 12.28 segments used, 1.91 dropped, 3.08 ms a token spent encoding under the GPU
ds4:   concurrent sections: 98.09 attempted, 98.09 opened a token
ds4:   speculation: 0.00 layers a token, 0.00 lanes computed, 0.00 matched, 0.00 GEMVs actually saved, 0.00 left to compute; compared 0.00 lanes, 0.00 floats differ, 0.00 by more than an ulp
ds4:   Metal 4: 16.27 command buffers sent, 1571.1 dispatches a token; 0 pieces of Metal 3 work so far
ds4:   expert cache over the last 64 tokens: 240.00 hits, 2.31 misses, 2.31 evictions a token; 9648 of 9648 entries live (100.0%)
ds4:   of the address-table holes repaired a token: 0.00 already resident, 2.31 genuinely absent
ds4:   of the repair a token: readahead 1.33 ms, slot preparation 0.22 ms, reads 1.60 ms, install 0.01 ms, over 2.31 loads
ds4:   Engram rows written at step start in 896 steps; layer-13 drains 0
ds4:   residency a token: 0.00 adds, 0.00 removes, 0.00 commits
ds4:   decode path so far: 960 single-row steps (104.3 ms each inside the graph over the last 64), 0 K-row verification steps over 0 positions, 0 batch-fusion sites taken; candidate K none
ds4: gate over tokens 897-960: 15.86 command buffers, 2.73 aborts, 240.0 expert ids accounted, 28.62 MiB loaded a token; 0 the gate failed to switch off, 0 it could not gate
ds4:   one token, exclusive, same window: entry 0.00 + encode 0.85 + commit-to-done 91.04 + repair-load 4.04 + accounting 0.05 + tail 3.23 = 99.21 of a 102.45 ms wall, residual 3.24
ds4:   of the commit-to-done: GPU running 91.73 ms, GPU not running -0.69 ms
ds4:   1008.0 gated dispatches a token, 0.5 of them behind an abort; 487.8 sent plain ahead of a buffer's first validate
ds4:   encode-ahead: 12.12 segments used, 2.64 dropped, 3.18 ms a token spent encoding under the GPU
ds4:   concurrent sections: 105.97 attempted, 105.97 opened a token
ds4:   speculation: 0.00 layers a token, 0.00 lanes computed, 0.00 matched, 0.00 GEMVs actually saved, 0.00 left to compute; compared 0.00 lanes, 0.00 floats differ, 0.00 by more than an ulp
ds4:   Metal 4: 16.86 command buffers sent, 1682.0 dispatches a token; 0 pieces of Metal 3 work so far
ds4:   expert cache over the last 64 tokens: 239.97 hits, 3.02 misses, 3.02 evictions a token; 9648 of 9648 entries live (100.0%)
ds4:   of the address-table holes repaired a token: 0.00 already resident, 3.02 genuinely absent
ds4:   of the repair a token: readahead 1.80 ms, slot preparation 0.33 ms, reads 1.85 ms, install 0.01 ms, over 3.02 loads
ds4:   Engram rows written at step start in 960 steps; layer-13 drains 0
ds4:   residency a token: 0.00 adds, 0.00 removes, 0.00 commits
ds4:   decode path so far: 1024 single-row steps (107.1 ms each inside the graph over the last 64), 0 K-row verification steps over 0 positions, 0 batch-fusion sites taken; candidate K none
ds4: gate over tokens 961-1024: 15.02 command buffers, 1.56 aborts, 240.0 expert ids accounted, 15.13 MiB loaded a token; 0 the gate failed to switch off, 0 it could not gate
ds4:   one token, exclusive, same window: entry 0.00 + encode 0.63 + commit-to-done 95.55 + repair-load 2.42 + accounting 0.04 + tail 3.49 = 102.14 of a 105.31 ms wall, residual 3.18
ds4:   of the commit-to-done: GPU running 96.60 ms, GPU not running -1.05 ms
ds4:   981.7 gated dispatches a token, 1.5 of them behind an abort; 430.6 sent plain ahead of a buffer's first validate
ds4:   encode-ahead: 12.45 segments used, 1.48 dropped, 3.13 ms a token spent encoding under the GPU
ds4:   concurrent sections: 93.97 attempted, 93.97 opened a token
ds4:   speculation: 0.00 layers a token, 0.00 lanes computed, 0.00 matched, 0.00 GEMVs actually saved, 0.00 left to compute; compared 0.00 lanes, 0.00 floats differ, 0.00 by more than an ulp
ds4:   Metal 4: 16.02 command buffers sent, 1513.1 dispatches a token; 0 pieces of Metal 3 work so far
ds4:   expert cache over the last 64 tokens: 240.00 hits, 1.59 misses, 1.59 evictions a token; 9648 of 9648 entries live (100.0%)
ds4:   of the address-table holes repaired a token: 0.00 already resident, 1.59 genuinely absent
ds4:   of the repair a token: readahead 0.99 ms, slot preparation 0.22 ms, reads 1.19 ms, install 0.01 ms, over 1.59 loads
ds4:   Engram rows written at step start in 1024 steps; layer-13 drains 0
ds4:   residency a token: 0.00 adds, 0.00 removes, 0.00 commits
ds4:   decode path so far: 1088 single-row steps (104.7 ms each inside the graph over the last 64), 0 K-row verification steps over 0 positions, 0 batch-fusion sites taken; candidate K none
ds4: gate over tokens 1025-1088: 14.91 command buffers, 1.42 aborts, 240.0 expert ids accounted, 14.53 MiB loaded a token; 0 the gate failed to switch off, 0 it could not gate
ds4:   one token, exclusive, same window: entry 0.00 + encode 0.62 + commit-to-done 92.35 + repair-load 2.78 + accounting 0.04 + tail 3.23 = 99.02 of a 102.16 ms wall, residual 3.14
ds4:   of the commit-to-done: GPU running 93.66 ms, GPU not running -1.32 ms
ds4:   970.0 gated dispatches a token, 1.4 of them behind an abort; 417.2 sent plain ahead of a buffer's first validate
ds4:   encode-ahead: 12.48 segments used, 1.38 dropped, 3.09 ms a token spent encoding under the GPU
ds4:   concurrent sections: 93.00 attempted, 93.00 opened a token
ds4:   speculation: 0.00 layers a token, 0.00 lanes computed, 0.00 matched, 0.00 GEMVs actually saved, 0.00 left to compute; compared 0.00 lanes, 0.00 floats differ, 0.00 by more than an ulp
ds4:   Metal 4: 15.91 command buffers sent, 1480.2 dispatches a token; 0 pieces of Metal 3 work so far
ds4:   expert cache over the last 64 tokens: 240.00 hits, 1.53 misses, 1.53 evictions a token; 9648 of 9648 entries live (100.0%)
ds4:   of the address-table holes repaired a token: 0.00 already resident, 1.53 genuinely absent
ds4:   of the repair a token: readahead 1.03 ms, slot preparation 0.20 ms, reads 1.53 ms, install 0.01 ms, over 1.53 loads
ds4:   Engram rows written at step start in 1088 steps; layer-13 drains 0
ds4:   residency a token: 0.00 adds, 0.00 removes, 0.00 commits
ds4:   decode path so far: 1152 single-row steps (105.0 ms each inside the graph over the last 64), 0 K-row verification steps over 0 positions, 0 batch-fusion sites taken; candidate K none
ds4: gate over tokens 1089-1152: 14.86 command buffers, 1.23 aborts, 240.0 expert ids accounted, 12.61 MiB loaded a token; 0 the gate failed to switch off, 0 it could not gate
ds4:   one token, exclusive, same window: entry 0.00 + encode 0.54 + commit-to-done 94.63 + repair-load 1.96 + accounting 0.05 + tail 3.26 = 100.42 of a 103.41 ms wall, residual 2.99
ds4:   of the commit-to-done: GPU running 95.94 ms, GPU not running -1.31 ms
ds4:   967.7 gated dispatches a token, 0.9 of them behind an abort; 408.9 sent plain ahead of a buffer's first validate
ds4:   encode-ahead: 12.62 segments used, 1.16 dropped, 2.95 ms a token spent encoding under the GPU
ds4:   concurrent sections: 91.25 attempted, 91.25 opened a token
ds4:   speculation: 0.00 layers a token, 0.00 lanes computed, 0.00 matched, 0.00 GEMVs actually saved, 0.00 left to compute; compared 0.00 lanes, 0.00 floats differ, 0.00 by more than an ulp
ds4:   Metal 4: 15.86 command buffers sent, 1457.5 dispatches a token; 0 pieces of Metal 3 work so far
ds4:   expert cache over the last 64 tokens: 240.00 hits, 1.33 misses, 1.33 evictions a token; 9648 of 9648 entries live (100.0%)
ds4:   of the address-table holes repaired a token: 0.00 already resident, 1.33 genuinely absent
ds4:   of the repair a token: readahead 0.69 ms, slot preparation 0.17 ms, reads 1.07 ms, install 0.01 ms, over 1.33 loads
ds4:   Engram rows written at step start in 1152 steps; layer-13 drains 0
ds4:   residency a token: 0.00 adds, 0.00 removes, 0.00 commits
ds4:   decode path so far: 1216 single-row steps (101.4 ms each inside the graph over the last 64), 0 K-row verification steps over 0 positions, 0 batch-fusion sites taken; candidate K none
ds4: gate over tokens 1153-1216: 14.92 command buffers, 1.41 aborts, 240.0 expert ids accounted, 13.94 MiB loaded a token; 0 the gate failed to switch off, 0 it could not gate
ds4:   one token, exclusive, same window: entry 0.00 + encode 0.55 + commit-to-done 90.27 + repair-load 2.68 + accounting 0.05 + tail 3.09 = 96.63 of a 99.51 ms wall, residual 2.88
ds4:   of the commit-to-done: GPU running 91.21 ms, GPU not running -0.93 ms
ds4:   966.4 gated dispatches a token, 0.9 of them behind an abort; 413.3 sent plain ahead of a buffer's first validate
ds4:   encode-ahead: 12.52 segments used, 1.33 dropped, 2.84 ms a token spent encoding under the GPU
ds4:   concurrent sections: 92.56 attempted, 92.56 opened a token
ds4:   speculation: 0.00 layers a token, 0.00 lanes computed, 0.00 matched, 0.00 GEMVs actually saved, 0.00 left to compute; compared 0.00 lanes, 0.00 floats differ, 0.00 by more than an ulp
ds4:   Metal 4: 15.92 command buffers sent, 1472.3 dispatches a token; 0 pieces of Metal 3 work so far
ds4:   expert cache over the last 64 tokens: 240.00 hits, 1.47 misses, 1.47 evictions a token; 9648 of 9648 entries live (100.0%)
ds4:   of the address-table holes repaired a token: 0.00 already resident, 1.47 genuinely absent
ds4:   of the repair a token: readahead 1.23 ms, slot preparation 0.19 ms, reads 1.24 ms, install 0.01 ms, over 1.47 loads
ds4:   Engram rows written at step start in 1216 steps; layer-13 drains 0
ds4:   residency a token: 0.00 adds, 0.00 removes, 0.00 commits
ds4:   decode path so far: 1280 single-row steps (101.7 ms each inside the graph over the last 64), 0 K-row verification steps over 0 positions, 0 batch-fusion sites taken; candidate K none
ds4: gate over tokens 1217-1280: 14.84 command buffers, 1.23 aborts, 240.0 expert ids accounted, 11.87 MiB loaded a token; 0 the gate failed to switch off, 0 it could not gate
ds4:   one token, exclusive, same window: entry 0.00 + encode 0.56 + commit-to-done 90.98 + repair-load 1.91 + accounting 0.04 + tail 3.20 = 96.69 of a 99.54 ms wall, residual 2.85
ds4:   of the commit-to-done: GPU running 92.10 ms, GPU not running -1.12 ms
ds4:   966.6 gated dispatches a token, 0.5 of them behind an abort; 409.6 sent plain ahead of a buffer's first validate
ds4:   encode-ahead: 12.61 segments used, 1.19 dropped, 2.81 ms a token spent encoding under the GPU
ds4:   concurrent sections: 91.50 attempted, 91.50 opened a token
ds4:   speculation: 0.00 layers a token, 0.00 lanes computed, 0.00 matched, 0.00 GEMVs actually saved, 0.00 left to compute; compared 0.00 lanes, 0.00 floats differ, 0.00 by more than an ulp
ds4:   Metal 4: 15.84 command buffers sent, 1459.4 dispatches a token; 0 pieces of Metal 3 work so far
ds4:   expert cache over the last 64 tokens: 240.00 hits, 1.25 misses, 1.25 evictions a token; 9648 of 9648 entries live (100.0%)
ds4:   of the address-table holes repaired a token: 0.00 already resident, 1.25 genuinely absent
ds4:   of the repair a token: readahead 0.60 ms, slot preparation 0.19 ms, reads 1.10 ms, install 0.01 ms, over 1.25 loads
ds4:   Engram rows written at step start in 1280 steps; layer-13 drains 0
ds4:   residency a token: 0.00 adds, 0.00 removes, 0.00 commits
ds4:   decode path so far: 1344 single-row steps (99.1 ms each inside the graph over the last 64), 0 K-row verification steps over 0 positions, 0 batch-fusion sites taken; candidate K none
ds4: gate over tokens 1281-1344: 14.62 command buffers, 0.92 aborts, 240.0 expert ids accounted, 8.75 MiB loaded a token; 0 the gate failed to switch off, 0 it could not gate
ds4:   one token, exclusive, same window: entry 0.00 + encode 0.43 + commit-to-done 89.62 + repair-load 1.33 + accounting 0.04 + tail 3.13 = 94.56 of a 97.06 ms wall, residual 2.50
ds4:   of the commit-to-done: GPU running 90.60 ms, GPU not running -0.98 ms
ds4:   963.8 gated dispatches a token, 1.9 of them behind an abort; 393.9 sent plain ahead of a buffer's first validate
ds4:   encode-ahead: 12.70 segments used, 0.84 dropped, 2.47 ms a token spent encoding under the GPU
ds4:   concurrent sections: 88.38 attempted, 88.38 opened a token
ds4:   speculation: 0.00 layers a token, 0.00 lanes computed, 0.00 matched, 0.00 GEMVs actually saved, 0.00 left to compute; compared 0.00 lanes, 0.00 floats differ, 0.00 by more than an ulp
ds4:   Metal 4: 15.62 command buffers sent, 1418.6 dispatches a token; 0 pieces of Metal 3 work so far
ds4:   expert cache over the last 64 tokens: 240.00 hits, 0.92 misses, 0.92 evictions a token; 9648 of 9648 entries live (100.0%)
ds4:   of the address-table holes repaired a token: 0.00 already resident, 0.92 genuinely absent
ds4:   of the repair a token: readahead 0.43 ms, slot preparation 0.12 ms, reads 0.77 ms, install 0.00 ms, over 0.92 loads
ds4:   Engram rows written at step start in 1344 steps; layer-13 drains 0
ds4:   residency a token: 0.00 adds, 0.00 removes, 0.00 commits
ds4:   decode path so far: 1408 single-row steps (111.3 ms each inside the graph over the last 64), 0 K-row verification steps over 0 positions, 0 batch-fusion sites taken; candidate K none
ds4: gate over tokens 1345-1408: 15.25 command buffers, 1.70 aborts, 240.0 expert ids accounted, 17.06 MiB loaded a token; 0 the gate failed to switch off, 0 it could not gate
ds4:   one token, exclusive, same window: entry 0.00 + encode 0.64 + commit-to-done 99.69 + repair-load 2.67 + accounting 0.05 + tail 3.57 = 106.61 of a 109.69 ms wall, residual 3.09
ds4:   of the commit-to-done: GPU running 100.92 ms, GPU not running -1.23 ms
ds4:   976.7 gated dispatches a token, 0.0 of them behind an abort; 430.3 sent plain ahead of a buffer's first validate
ds4:   encode-ahead: 12.55 segments used, 1.59 dropped, 3.04 ms a token spent encoding under the GPU
ds4:   concurrent sections: 96.03 attempted, 96.03 opened a token
ds4:   speculation: 0.00 layers a token, 0.00 lanes computed, 0.00 matched, 0.00 GEMVs actually saved, 0.00 left to compute; compared 0.00 lanes, 0.00 floats differ, 0.00 by more than an ulp
ds4:   Metal 4: 16.25 command buffers sent, 1521.2 dispatches a token; 0 pieces of Metal 3 work so far
ds4:   expert cache over the last 64 tokens: 240.00 hits, 1.80 misses, 1.80 evictions a token; 9648 of 9648 entries live (100.0%)
ds4:   of the address-table holes repaired a token: 0.00 already resident, 1.80 genuinely absent
ds4:   of the repair a token: readahead 1.02 ms, slot preparation 0.23 ms, reads 1.39 ms, install 0.01 ms, over 1.80 loads
ds4:   Engram rows written at step start in 1408 steps; layer-13 drains 0
ds4:   residency a token: 0.00 adds, 0.00 removes, 0.00 commits
ds4:   decode path so far: 1472 single-row steps (130.0 ms each inside the graph over the last 64), 0 K-row verification steps over 0 positions, 0 batch-fusion sites taken; candidate K none
ds4: gate over tokens 1409-1472: 14.73 command buffers, 1.02 aborts, 240.0 expert ids accounted, 9.79 MiB loaded a token; 0 the gate failed to switch off, 0 it could not gate
ds4:   one token, exclusive, same window: entry 0.00 + encode 0.57 + commit-to-done 117.94 + repair-load 1.78 + accounting 0.04 + tail 4.10 = 124.43 of a 127.95 ms wall, residual 3.52
ds4:   of the commit-to-done: GPU running 118.86 ms, GPU not running -0.92 ms
ds4:   965.9 gated dispatches a token, 0.9 of them behind an abort; 400.5 sent plain ahead of a buffer's first validate
ds4:   encode-ahead: 12.72 segments used, 0.97 dropped, 3.48 ms a token spent encoding under the GPU
ds4:   concurrent sections: 89.69 attempted, 89.69 opened a token
ds4:   speculation: 0.00 layers a token, 0.00 lanes computed, 0.00 matched, 0.00 GEMVs actually saved, 0.00 left to compute; compared 0.00 lanes, 0.00 floats differ, 0.00 by more than an ulp
ds4:   Metal 4: 15.73 command buffers sent, 1436.5 dispatches a token; 0 pieces of Metal 3 work so far
ds4:   expert cache over the last 64 tokens: 240.00 hits, 1.03 misses, 1.03 evictions a token; 9648 of 9648 entries live (100.0%)
ds4:   of the address-table holes repaired a token: 0.00 already resident, 1.03 genuinely absent
ds4:   of the repair a token: readahead 0.58 ms, slot preparation 0.16 ms, reads 1.03 ms, install 0.01 ms, over 1.03 loads
ds4:   Engram rows written at step start in 1472 steps; layer-13 drains 0
ds4:   residency a token: 0.00 adds, 0.00 removes, 0.00 commits
ds4:   decode path so far: 1536 single-row steps (104.0 ms each inside the graph over the last 64), 0 K-row verification steps over 0 positions, 0 batch-fusion sites taken; candidate K none
ds4: gate over tokens 1473-1536: 14.70 command buffers, 1.02 aborts, 240.0 expert ids accounted, 10.09 MiB loaded a token; 0 the gate failed to switch off, 0 it could not gate
ds4:   one token, exclusive, same window: entry 0.00 + encode 0.56 + commit-to-done 92.74 + repair-load 1.74 + accounting 0.04 + tail 3.17 = 98.26 of a 101.54 ms wall, residual 3.28
ds4:   of the commit-to-done: GPU running 94.25 ms, GPU not running -1.50 ms
ds4:   965.0 gated dispatches a token, 0.0 of them behind an abort; 401.4 sent plain ahead of a buffer's first validate
ds4:   encode-ahead: 12.69 segments used, 1.02 dropped, 3.24 ms a token spent encoding under the GPU
ds4:   concurrent sections: 90.03 attempted, 90.03 opened a token
ds4:   speculation: 0.00 layers a token, 0.00 lanes computed, 0.00 matched, 0.00 GEMVs actually saved, 0.00 left to compute; compared 0.00 lanes, 0.00 floats differ, 0.00 by more than an ulp
ds4:   Metal 4: 15.70 command buffers sent, 1440.8 dispatches a token; 0 pieces of Metal 3 work so far
ds4:   expert cache over the last 64 tokens: 240.00 hits, 1.06 misses, 1.06 evictions a token; 9648 of 9648 entries live (100.0%)
ds4:   of the address-table holes repaired a token: 0.00 already resident, 1.06 genuinely absent
ds4:   of the repair a token: readahead 0.66 ms, slot preparation 0.16 ms, reads 0.90 ms, install 0.01 ms, over 1.06 loads
ds4:   Engram rows written at step start in 1536 steps; layer-13 drains 0
ds4:   residency a token: 0.00 adds, 0.00 removes, 0.00 commits
ds4:   decode path so far: 1600 single-row steps (101.6 ms each inside the graph over the last 64), 0 K-row verification steps over 0 positions, 0 batch-fusion sites taken; candidate K none
ds4: gate over tokens 1537-1600: 14.59 command buffers, 0.88 aborts, 240.0 expert ids accounted, 8.60 MiB loaded a token; 0 the gate failed to switch off, 0 it could not gate
ds4:   one token, exclusive, same window: entry 0.00 + encode 0.46 + commit-to-done 92.31 + repair-load 1.54 + accounting 0.05 + tail 3.16 = 97.50 of a 100.39 ms wall, residual 2.88
ds4:   of the commit-to-done: GPU running 93.76 ms, GPU not running -1.45 ms
ds4:   962.2 gated dispatches a token, 1.4 of them behind an abort; 393.9 sent plain ahead of a buffer's first validate
ds4:   encode-ahead: 12.72 segments used, 0.84 dropped, 2.85 ms a token spent encoding under the GPU
ds4:   concurrent sections: 88.25 attempted, 88.25 opened a token
ds4:   speculation: 0.00 layers a token, 0.00 lanes computed, 0.00 matched, 0.00 GEMVs actually saved, 0.00 left to compute; compared 0.00 lanes, 0.00 floats differ, 0.00 by more than an ulp
ds4:   Metal 4: 15.59 command buffers sent, 1418.3 dispatches a token; 0 pieces of Metal 3 work so far
ds4:   expert cache over the last 64 tokens: 240.00 hits, 0.91 misses, 0.91 evictions a token; 9648 of 9648 entries live (100.0%)
ds4:   of the address-table holes repaired a token: 0.00 already resident, 0.91 genuinely absent
ds4:   of the repair a token: readahead 0.54 ms, slot preparation 0.13 ms, reads 0.86 ms, install 0.01 ms, over 0.91 loads
ds4:   Engram rows written at step start in 1600 steps; layer-13 drains 0
ds4:   residency a token: 0.00 adds, 0.00 removes, 0.00 commits
ds4:   decode path so far: 1664 single-row steps (98.5 ms each inside the graph over the last 64), 0 K-row verification steps over 0 positions, 0 batch-fusion sites taken; candidate K none
ds4: gate over tokens 1601-1664: 14.59 command buffers, 0.89 aborts, 240.0 expert ids accounted, 8.75 MiB loaded a token; 0 the gate failed to switch off, 0 it could not gate
ds4:   one token, exclusive, same window: entry 0.00 + encode 0.44 + commit-to-done 88.95 + repair-load 1.71 + accounting 0.05 + tail 3.05 = 94.19 of a 96.93 ms wall, residual 2.74
ds4:   of the commit-to-done: GPU running 90.24 ms, GPU not running -1.29 ms
ds4:   962.9 gated dispatches a token, 1.4 of them behind an abort; 392.8 sent plain ahead of a buffer's first validate
ds4:   encode-ahead: 12.70 segments used, 0.84 dropped, 2.71 ms a token spent encoding under the GPU
ds4:   concurrent sections: 88.34 attempted, 88.34 opened a token
ds4:   speculation: 0.00 layers a token, 0.00 lanes computed, 0.00 matched, 0.00 GEMVs actually saved, 0.00 left to compute; compared 0.00 lanes, 0.00 floats differ, 0.00 by more than an ulp
ds4:   Metal 4: 15.59 command buffers sent, 1417.0 dispatches a token; 0 pieces of Metal 3 work so far
ds4:   expert cache over the last 64 tokens: 240.00 hits, 0.92 misses, 0.92 evictions a token; 9648 of 9648 entries live (100.0%)
ds4:   of the address-table holes repaired a token: 0.00 already resident, 0.92 genuinely absent
ds4:   of the repair a token: readahead 0.58 ms, slot preparation 0.13 ms, reads 0.99 ms, install 0.01 ms, over 0.92 loads
ds4:   Engram rows written at step start in 1664 steps; layer-13 drains 0
ds4:   residency a token: 0.00 adds, 0.00 removes, 0.00 commits
ds4:   decode path so far: 1728 single-row steps (103.6 ms each inside the graph over the last 64), 0 K-row verification steps over 0 positions, 0 batch-fusion sites taken; candidate K none
ds4: gate over tokens 1665-1728: 14.70 command buffers, 0.98 aborts, 240.0 expert ids accounted, 9.49 MiB loaded a token; 0 the gate failed to switch off, 0 it could not gate
ds4:   one token, exclusive, same window: entry 0.00 + encode 0.49 + commit-to-done 94.13 + repair-load 1.59 + accounting 0.05 + tail 3.17 = 99.43 of a 102.47 ms wall, residual 3.04
ds4:   of the commit-to-done: GPU running 95.52 ms, GPU not running -1.40 ms
ds4:   963.9 gated dispatches a token, 0.9 of them behind an abort; 397.8 sent plain ahead of a buffer's first validate
ds4:   encode-ahead: 12.72 segments used, 0.95 dropped, 3.01 ms a token spent encoding under the GPU
ds4:   concurrent sections: 89.38 attempted, 89.38 opened a token
ds4:   speculation: 0.00 layers a token, 0.00 lanes computed, 0.00 matched, 0.00 GEMVs actually saved, 0.00 left to compute; compared 0.00 lanes, 0.00 floats differ, 0.00 by more than an ulp
ds4:   Metal 4: 15.70 command buffers sent, 1431.4 dispatches a token; 0 pieces of Metal 3 work so far
ds4:   expert cache over the last 64 tokens: 240.00 hits, 1.00 misses, 1.00 evictions a token; 9648 of 9648 entries live (100.0%)
ds4:   of the address-table holes repaired a token: 0.00 already resident, 1.00 genuinely absent
ds4:   of the repair a token: readahead 0.60 ms, slot preparation 0.14 ms, reads 0.84 ms, install 0.01 ms, over 1.00 loads
ds4:   Engram rows written at step start in 1728 steps; layer-13 drains 0
ds4:   residency a token: 0.00 adds, 0.00 removes, 0.00 commits
ds4:   decode path so far: 1792 single-row steps (103.8 ms each inside the graph over the last 64), 0 K-row verification steps over 0 positions, 0 batch-fusion sites taken; candidate K none
ds4: gate over tokens 1729-1792: 14.56 command buffers, 0.84 aborts, 240.0 expert ids accounted, 8.16 MiB loaded a token; 0 the gate failed to switch off, 0 it could not gate
ds4:   one token, exclusive, same window: entry 0.00 + encode 0.42 + commit-to-done 95.48 + repair-load 1.29 + accounting 0.05 + tail 3.26 = 100.50 of a 103.17 ms wall, residual 2.66
ds4:   of the commit-to-done: GPU running 96.94 ms, GPU not running -1.46 ms
ds4:   960.5 gated dispatches a token, 0.9 of them behind an abort; 389.1 sent plain ahead of a buffer's first validate
ds4:   encode-ahead: 12.72 segments used, 0.78 dropped, 2.63 ms a token spent encoding under the GPU
ds4:   concurrent sections: 87.75 attempted, 87.75 opened a token
ds4:   speculation: 0.00 layers a token, 0.00 lanes computed, 0.00 matched, 0.00 GEMVs actually saved, 0.00 left to compute; compared 0.00 lanes, 0.00 floats differ, 0.00 by more than an ulp
ds4:   Metal 4: 15.56 command buffers sent, 1408.9 dispatches a token; 0 pieces of Metal 3 work so far
ds4:   expert cache over the last 64 tokens: 240.00 hits, 0.86 misses, 0.86 evictions a token; 9648 of 9648 entries live (100.0%)
ds4:   of the address-table holes repaired a token: 0.00 already resident, 0.86 genuinely absent
ds4:   of the repair a token: readahead 0.46 ms, slot preparation 0.11 ms, reads 0.71 ms, install 0.00 ms, over 0.86 loads
ds4:   Engram rows written at step start in 1792 steps; layer-13 drains 0
ds4:   residency a token: 0.00 adds, 0.00 removes, 0.00 commits
ds4:   decode path so far: 1856 single-row steps (106.6 ms each inside the graph over the last 64), 0 K-row verification steps over 0 positions, 0 batch-fusion sites taken; candidate K none
ds4: gate over tokens 1793-1856: 14.80 command buffers, 1.09 aborts, 240.0 expert ids accounted, 10.68 MiB loaded a token; 0 the gate failed to switch off, 0 it could not gate
ds4:   one token, exclusive, same window: entry 0.00 + encode 0.45 + commit-to-done 97.80 + repair-load 1.57 + accounting 0.04 + tail 3.13 = 103.00 of a 105.70 ms wall, residual 2.70
ds4:   of the commit-to-done: GPU running 98.87 ms, GPU not running -1.08 ms
ds4:   966.7 gated dispatches a token, 0.9 of them behind an abort; 400.6 sent plain ahead of a buffer's first validate
ds4:   encode-ahead: 12.70 segments used, 1.00 dropped, 2.67 ms a token spent encoding under the GPU
ds4:   concurrent sections: 89.84 attempted, 89.84 opened a token
ds4:   speculation: 0.00 layers a token, 0.00 lanes computed, 0.00 matched, 0.00 GEMVs actually saved, 0.00 left to compute; compared 0.00 lanes, 0.00 floats differ, 0.00 by more than an ulp
ds4:   Metal 4: 15.80 command buffers sent, 1436.5 dispatches a token; 0 pieces of Metal 3 work so far
ds4:   expert cache over the last 64 tokens: 240.00 hits, 1.12 misses, 1.12 evictions a token; 9648 of 9648 entries live (100.0%)
ds4:   of the address-table holes repaired a token: 0.00 already resident, 1.12 genuinely absent
ds4:   of the repair a token: readahead 0.59 ms, slot preparation 0.16 ms, reads 0.81 ms, install 0.01 ms, over 1.12 loads
ds4:   Engram rows written at step start in 1856 steps; layer-13 drains 0
ds4:   residency a token: 0.00 adds, 0.00 removes, 0.00 commits
ds4:   decode path so far: 1920 single-row steps (109.3 ms each inside the graph over the last 64), 0 K-row verification steps over 0 positions, 0 batch-fusion sites taken; candidate K none
ds4: gate over tokens 1857-1920: 14.80 command buffers, 1.23 aborts, 240.0 expert ids accounted, 12.46 MiB loaded a token; 0 the gate failed to switch off, 0 it could not gate
ds4:   one token, exclusive, same window: entry 0.00 + encode 0.51 + commit-to-done 98.92 + repair-load 1.63 + accounting 0.04 + tail 3.54 = 104.64 of a 107.40 ms wall, residual 2.76
ds4:   of the commit-to-done: GPU running 100.30 ms, GPU not running -1.38 ms
ds4:   966.2 gated dispatches a token, 0.5 of them behind an abort; 408.0 sent plain ahead of a buffer's first validate
ds4:   encode-ahead: 12.56 segments used, 1.19 dropped, 2.72 ms a token spent encoding under the GPU
ds4:   concurrent sections: 91.25 attempted, 91.25 opened a token
ds4:   speculation: 0.00 layers a token, 0.00 lanes computed, 0.00 matched, 0.00 GEMVs actually saved, 0.00 left to compute; compared 0.00 lanes, 0.00 floats differ, 0.00 by more than an ulp
ds4:   Metal 4: 15.80 command buffers sent, 1455.0 dispatches a token; 0 pieces of Metal 3 work so far
ds4:   expert cache over the last 64 tokens: 240.00 hits, 1.31 misses, 1.31 evictions a token; 9648 of 9648 entries live (100.0%)
ds4:   of the address-table holes repaired a token: 0.00 already resident, 1.31 genuinely absent
ds4:   of the repair a token: readahead 0.64 ms, slot preparation 0.15 ms, reads 0.83 ms, install 0.01 ms, over 1.31 loads
ds4:   Engram rows written at step start in 1920 steps; layer-13 drains 0
ds4:   residency a token: 0.00 adds, 0.00 removes, 0.00 commits
ds4:   decode path so far: 1984 single-row steps (99.5 ms each inside the graph over the last 64), 0 K-row verification steps over 0 positions, 0 batch-fusion sites taken; candidate K none
ds4: gate over tokens 1921-1984: 14.50 command buffers, 0.84 aborts, 240.0 expert ids accounted, 8.01 MiB loaded a token; 0 the gate failed to switch off, 0 it could not gate
ds4:   one token, exclusive, same window: entry 0.00 + encode 0.40 + commit-to-done 90.82 + repair-load 1.35 + accounting 0.05 + tail 3.18 = 95.80 of a 98.31 ms wall, residual 2.51
ds4:   of the commit-to-done: GPU running 92.09 ms, GPU not running -1.28 ms
ds4:   959.1 gated dispatches a token, 0.5 of them behind an abort; 389.7 sent plain ahead of a buffer's first validate
ds4:   encode-ahead: 12.66 segments used, 0.81 dropped, 2.48 ms a token spent encoding under the GPU
ds4:   concurrent sections: 87.66 attempted, 87.66 opened a token
ds4:   speculation: 0.00 layers a token, 0.00 lanes computed, 0.00 matched, 0.00 GEMVs actually saved, 0.00 left to compute; compared 0.00 lanes, 0.00 floats differ, 0.00 by more than an ulp
ds4:   Metal 4: 15.50 command buffers sent, 1407.6 dispatches a token; 0 pieces of Metal 3 work so far
ds4:   expert cache over the last 64 tokens: 240.00 hits, 0.84 misses, 0.84 evictions a token; 9648 of 9648 entries live (100.0%)
ds4:   of the address-table holes repaired a token: 0.00 already resident, 0.84 genuinely absent
ds4:   of the repair a token: readahead 0.60 ms, slot preparation 0.12 ms, reads 0.62 ms, install 0.00 ms, over 0.84 loads
ds4:   Engram rows written at step start in 1984 steps; layer-13 drains 0
ds4:   residency a token: 0.00 adds, 0.00 removes, 0.00 commits
ds4:   decode path so far: 2048 single-row steps (111.5 ms each inside the graph over the last 64), 0 K-row verification steps over 0 positions, 0 batch-fusion sites taken; candidate K none
ds4: gate over tokens 1985-2048: 14.62 command buffers, 0.88 aborts, 240.0 expert ids accounted, 8.45 MiB loaded a token; 0 the gate failed to switch off, 0 it could not gate
ds4:   one token, exclusive, same window: entry 0.00 + encode 0.45 + commit-to-done 102.41 + repair-load 1.34 + accounting 0.04 + tail 3.32 = 107.58 of a 110.46 ms wall, residual 2.88
ds4:   of the commit-to-done: GPU running 103.44 ms, GPU not running -1.03 ms
ds4:   963.7 gated dispatches a token, 0.9 of them behind an abort; 393.8 sent plain ahead of a buffer's first validate
ds4:   encode-ahead: 12.75 segments used, 0.84 dropped, 2.85 ms a token spent encoding under the GPU
ds4:   concurrent sections: 88.44 attempted, 88.44 opened a token
ds4:   speculation: 0.00 layers a token, 0.00 lanes computed, 0.00 matched, 0.00 GEMVs actually saved, 0.00 left to compute; compared 0.00 lanes, 0.00 floats differ, 0.00 by more than an ulp
ds4:   Metal 4: 15.62 command buffers sent, 1419.0 dispatches a token; 0 pieces of Metal 3 work so far
ds4:   expert cache over the last 64 tokens: 240.00 hits, 0.89 misses, 0.89 evictions a token; 9648 of 9648 entries live (100.0%)
ds4:   of the address-table holes repaired a token: 0.00 already resident, 0.89 genuinely absent
ds4:   of the repair a token: readahead 0.56 ms, slot preparation 0.12 ms, reads 0.64 ms, install 0.00 ms, over 0.89 loads
ds4:   Engram rows written at step start in 2048 steps; layer-13 drains 0
ds4:   residency a token: 0.00 adds, 0.00 removes, 0.00 commits
ds4:   decode path so far: 2112 single-row steps (114.4 ms each inside the graph over the last 64), 0 K-row verification steps over 0 positions, 0 batch-fusion sites taken; candidate K none
ds4: gate over tokens 2049-2112: 14.95 command buffers, 1.36 aborts, 240.0 expert ids accounted, 13.79 MiB loaded a token; 0 the gate failed to switch off, 0 it could not gate
ds4:   one token, exclusive, same window: entry 0.00 + encode 0.57 + commit-to-done 104.24 + repair-load 2.19 + accounting 0.04 + tail 3.40 = 110.45 of a 113.60 ms wall, residual 3.16
ds4:   of the commit-to-done: GPU running 104.93 ms, GPU not running -0.70 ms
ds4:   959.6 gated dispatches a token, 0.9 of them behind an abort; 411.3 sent plain ahead of a buffer's first validate
ds4:   encode-ahead: 12.59 segments used, 1.30 dropped, 3.11 ms a token spent encoding under the GPU
ds4:   concurrent sections: 92.41 attempted, 92.41 opened a token
ds4:   speculation: 0.00 layers a token, 0.00 lanes computed, 0.00 matched, 0.00 GEMVs actually saved, 0.00 left to compute; compared 0.00 lanes, 0.00 floats differ, 0.00 by more than an ulp
ds4:   Metal 4: 15.95 command buffers sent, 1458.3 dispatches a token; 0 pieces of Metal 3 work so far
ds4:   expert cache over the last 64 tokens: 240.00 hits, 1.45 misses, 1.45 evictions a token; 9648 of 9648 entries live (100.0%)
ds4:   of the address-table holes repaired a token: 0.00 already resident, 1.45 genuinely absent
ds4:   of the repair a token: readahead 0.80 ms, slot preparation 0.19 ms, reads 1.18 ms, install 0.01 ms, over 1.45 loads
ds4:   Engram rows written at step start in 2112 steps; layer-13 drains 0
ds4:   residency a token: 0.00 adds, 0.00 removes, 0.00 commits
ds4:   decode path so far: 2176 single-row steps (107.1 ms each inside the graph over the last 64), 0 K-row verification steps over 0 positions, 0 batch-fusion sites taken; candidate K none
ds4: gate over tokens 2113-2176: 14.66 command buffers, 0.88 aborts, 240.0 expert ids accounted, 8.60 MiB loaded a token; 0 the gate failed to switch off, 0 it could not gate
ds4:   one token, exclusive, same window: entry 0.00 + encode 0.50 + commit-to-done 96.97 + repair-load 1.65 + accounting 0.05 + tail 3.30 = 102.47 of a 105.66 ms wall, residual 3.19
ds4:   of the commit-to-done: GPU running 98.57 ms, GPU not running -1.59 ms
ds4:   956.3 gated dispatches a token, 0.9 of them behind an abort; 389.9 sent plain ahead of a buffer's first validate
ds4:   encode-ahead: 12.78 segments used, 0.84 dropped, 3.15 ms a token spent encoding under the GPU
ds4:   concurrent sections: 88.53 attempted, 88.53 opened a token
ds4:   speculation: 0.00 layers a token, 0.00 lanes computed, 0.00 matched, 0.00 GEMVs actually saved, 0.00 left to compute; compared 0.00 lanes, 0.00 floats differ, 0.00 by more than an ulp
ds4:   Metal 4: 15.66 command buffers sent, 1407.4 dispatches a token; 0 pieces of Metal 3 work so far
ds4:   expert cache over the last 64 tokens: 240.00 hits, 0.91 misses, 0.91 evictions a token; 9648 of 9648 entries live (100.0%)
ds4:   of the address-table holes repaired a token: 0.00 already resident, 0.91 genuinely absent
ds4:   of the repair a token: readahead 0.55 ms, slot preparation 0.13 ms, reads 0.96 ms, install 0.01 ms, over 0.91 loads
ds4:   Engram rows written at step start in 2176 steps; layer-13 drains 0
ds4:   residency a token: 0.00 adds, 0.00 removes, 0.00 commits
ds4:   decode path so far: 2240 single-row steps (104.4 ms each inside the graph over the last 64), 0 K-row verification steps over 0 positions, 0 batch-fusion sites taken; candidate K none
ds4: gate over tokens 2177-2240: 14.53 command buffers, 0.77 aborts, 240.0 expert ids accounted, 7.42 MiB loaded a token; 0 the gate failed to switch off, 0 it could not gate
ds4:   one token, exclusive, same window: entry 0.00 + encode 0.46 + commit-to-done 95.37 + repair-load 1.21 + accounting 0.05 + tail 3.23 = 100.32 of a 103.27 ms wall, residual 2.96
ds4:   of the commit-to-done: GPU running 96.65 ms, GPU not running -1.28 ms
ds4:   951.6 gated dispatches a token, 1.9 of them behind an abort; 382.8 sent plain ahead of a buffer's first validate
ds4:   encode-ahead: 12.77 segments used, 0.70 dropped, 2.93 ms a token spent encoding under the GPU
ds4:   concurrent sections: 87.12 attempted, 87.12 opened a token
ds4:   speculation: 0.00 layers a token, 0.00 lanes computed, 0.00 matched, 0.00 GEMVs actually saved, 0.00 left to compute; compared 0.00 lanes, 0.00 floats differ, 0.00 by more than an ulp
ds4:   Metal 4: 15.53 command buffers sent, 1387.9 dispatches a token; 0 pieces of Metal 3 work so far
ds4:   expert cache over the last 64 tokens: 240.00 hits, 0.78 misses, 0.78 evictions a token; 9648 of 9648 entries live (100.0%)
ds4:   of the address-table holes repaired a token: 0.00 already resident, 0.78 genuinely absent
ds4:   of the repair a token: readahead 0.37 ms, slot preparation 0.12 ms, reads 0.71 ms, install 0.00 ms, over 0.78 loads
ds4:   Engram rows written at step start in 2240 steps; layer-13 drains 0
ds4:   residency a token: 0.00 adds, 0.00 removes, 0.00 commits
ds4:   decode path so far: 2304 single-row steps (114.9 ms each inside the graph over the last 64), 0 K-row verification steps over 0 positions, 0 batch-fusion sites taken; candidate K none
ds4: gate over tokens 2241-2304: 14.75 command buffers, 0.92 aborts, 240.0 expert ids accounted, 9.20 MiB loaded a token; 0 the gate failed to switch off, 0 it could not gate
ds4:   one token, exclusive, same window: entry 0.00 + encode 0.49 + commit-to-done 105.24 + repair-load 1.66 + accounting 0.04 + tail 3.65 = 111.07 of a 114.32 ms wall, residual 3.25
ds4:   of the commit-to-done: GPU running 106.61 ms, GPU not running -1.38 ms
ds4:   955.3 gated dispatches a token, 0.9 of them behind an abort; 390.8 sent plain ahead of a buffer's first validate
ds4:   encode-ahead: 12.83 segments used, 0.84 dropped, 3.21 ms a token spent encoding under the GPU
ds4:   concurrent sections: 88.72 attempted, 88.72 opened a token
ds4:   speculation: 0.00 layers a token, 0.00 lanes computed, 0.00 matched, 0.00 GEMVs actually saved, 0.00 left to compute; compared 0.00 lanes, 0.00 floats differ, 0.00 by more than an ulp
ds4:   Metal 4: 15.75 command buffers sent, 1407.8 dispatches a token; 0 pieces of Metal 3 work so far
ds4:   expert cache over the last 64 tokens: 240.00 hits, 0.97 misses, 0.97 evictions a token; 9648 of 9648 entries live (100.0%)
ds4:   of the address-table holes repaired a token: 0.00 already resident, 0.97 genuinely absent
ds4:   of the repair a token: readahead 0.61 ms, slot preparation 0.13 ms, reads 0.90 ms, install 0.01 ms, over 0.97 loads
ds4:   Engram rows written at step start in 2304 steps; layer-13 drains 0
ds4:   residency a token: 0.00 adds, 0.00 removes, 0.00 commits
ds4:   decode path so far: 2368 single-row steps (104.9 ms each inside the graph over the last 64), 0 K-row verification steps over 0 positions, 0 batch-fusion sites taken; candidate K none
ds4: gate over tokens 2305-2368: 14.28 command buffers, 0.45 aborts, 240.0 expert ids accounted, 4.45 MiB loaded a token; 0 the gate failed to switch off, 0 it could not gate
ds4:   one token, exclusive, same window: entry 0.00 + encode 0.36 + commit-to-done 95.95 + repair-load 0.69 + accounting 0.04 + tail 3.28 = 100.32 of a 103.03 ms wall, residual 2.71
ds4:   of the commit-to-done: GPU running 97.52 ms, GPU not running -1.57 ms
ds4:   946.4 gated dispatches a token, 0.5 of them behind an abort; 368.2 sent plain ahead of a buffer's first validate
ds4:   encode-ahead: 12.83 segments used, 0.44 dropped, 2.68 ms a token spent encoding under the GPU
ds4:   concurrent sections: 84.25 attempted, 84.25 opened a token
ds4:   speculation: 0.00 layers a token, 0.00 lanes computed, 0.00 matched, 0.00 GEMVs actually saved, 0.00 left to compute; compared 0.00 lanes, 0.00 floats differ, 0.00 by more than an ulp
ds4:   Metal 4: 15.28 command buffers sent, 1349.3 dispatches a token; 0 pieces of Metal 3 work so far
ds4:   expert cache over the last 64 tokens: 240.00 hits, 0.47 misses, 0.47 evictions a token; 9648 of 9648 entries live (100.0%)
ds4:   of the address-table holes repaired a token: 0.00 already resident, 0.47 genuinely absent
ds4:   of the repair a token: readahead 0.25 ms, slot preparation 0.06 ms, reads 0.37 ms, install 0.00 ms, over 0.47 loads
ds4:   Engram rows written at step start in 2368 steps; layer-13 drains 0
ds4:   residency a token: 0.00 adds, 0.00 removes, 0.00 commits
ds4:   decode path so far: 2432 single-row steps (104.2 ms each inside the graph over the last 64), 0 K-row verification steps over 0 positions, 0 batch-fusion sites taken; candidate K none
ds4: gate over tokens 2369-2432: 14.69 command buffers, 1.02 aborts, 240.0 expert ids accounted, 10.09 MiB loaded a token; 0 the gate failed to switch off, 0 it could not gate
ds4:   one token, exclusive, same window: entry 0.00 + encode 0.42 + commit-to-done 95.80 + repair-load 1.41 + accounting 0.04 + tail 3.32 = 101.00 of a 103.68 ms wall, residual 2.68
ds4:   of the commit-to-done: GPU running 97.07 ms, GPU not running -1.27 ms
ds4:   954.9 gated dispatches a token, 0.9 of them behind an abort; 391.7 sent plain ahead of a buffer's first validate
ds4:   encode-ahead: 12.67 segments used, 0.94 dropped, 2.65 ms a token spent encoding under the GPU
ds4:   concurrent sections: 89.06 attempted, 89.06 opened a token
ds4:   speculation: 0.00 layers a token, 0.00 lanes computed, 0.00 matched, 0.00 GEMVs actually saved, 0.00 left to compute; compared 0.00 lanes, 0.00 floats differ, 0.00 by more than an ulp
ds4:   Metal 4: 15.69 command buffers sent, 1412.2 dispatches a token; 0 pieces of Metal 3 work so far
ds4:   expert cache over the last 64 tokens: 240.00 hits, 1.06 misses, 1.06 evictions a token; 9648 of 9648 entries live (100.0%)
ds4:   of the address-table holes repaired a token: 0.00 already resident, 1.06 genuinely absent
ds4:   of the repair a token: readahead 0.56 ms, slot preparation 0.13 ms, reads 0.71 ms, install 0.00 ms, over 1.06 loads
ds4:   Engram rows written at step start in 2432 steps; layer-13 drains 0
ds4:   residency a token: 0.00 adds, 0.00 removes, 0.00 commits
ds4:   decode path so far: 2496 single-row steps (109.0 ms each inside the graph over the last 64), 0 K-row verification steps over 0 positions, 0 batch-fusion sites taken; candidate K none
ds4: gate over tokens 2433-2496: 14.48 command buffers, 0.69 aborts, 240.0 expert ids accounted, 6.53 MiB loaded a token; 0 the gate failed to switch off, 0 it could not gate
ds4:   one token, exclusive, same window: entry 0.00 + encode 0.39 + commit-to-done 100.23 + repair-load 0.97 + accounting 0.04 + tail 3.44 = 105.07 of a 107.82 ms wall, residual 2.75
ds4:   of the commit-to-done: GPU running 101.48 ms, GPU not running -1.25 ms
ds4:   951.4 gated dispatches a token, 0.9 of them behind an abort; 378.3 sent plain ahead of a buffer's first validate
ds4:   encode-ahead: 12.80 segments used, 0.62 dropped, 2.72 ms a token spent encoding under the GPU
ds4:   concurrent sections: 86.31 attempted, 86.31 opened a token
ds4:   speculation: 0.00 layers a token, 0.00 lanes computed, 0.00 matched, 0.00 GEMVs actually saved, 0.00 left to compute; compared 0.00 lanes, 0.00 floats differ, 0.00 by more than an ulp
ds4:   Metal 4: 15.48 command buffers sent, 1375.9 dispatches a token; 0 pieces of Metal 3 work so far
ds4:   expert cache over the last 64 tokens: 240.00 hits, 0.69 misses, 0.69 evictions a token; 9648 of 9648 entries live (100.0%)
ds4:   of the address-table holes repaired a token: 0.00 already resident, 0.69 genuinely absent
ds4:   of the repair a token: readahead 0.37 ms, slot preparation 0.09 ms, reads 0.50 ms, install 0.00 ms, over 0.69 loads
ds4:   Engram rows written at step start in 2496 steps; layer-13 drains 0
ds4:   residency a token: 0.00 adds, 0.00 removes, 0.00 commits
ds4:   decode path so far: 2560 single-row steps (103.6 ms each inside the graph over the last 64), 0 K-row verification steps over 0 positions, 0 batch-fusion sites taken; candidate K none
ds4: gate over tokens 2497-2560: 14.44 command buffers, 0.67 aborts, 240.0 expert ids accounted, 6.53 MiB loaded a token; 0 the gate failed to switch off, 0 it could not gate
ds4:   one token, exclusive, same window: entry 0.00 + encode 0.36 + commit-to-done 95.22 + repair-load 0.97 + accounting 0.05 + tail 3.25 = 99.84 of a 102.32 ms wall, residual 2.48
ds4:   of the commit-to-done: GPU running 96.47 ms, GPU not running -1.25 ms
ds4:   951.4 gated dispatches a token, 0.0 of them behind an abort; 379.0 sent plain ahead of a buffer's first validate
ds4:   encode-ahead: 12.77 segments used, 0.66 dropped, 2.45 ms a token spent encoding under the GPU
ds4:   concurrent sections: 86.34 attempted, 86.34 opened a token
ds4:   speculation: 0.00 layers a token, 0.00 lanes computed, 0.00 matched, 0.00 GEMVs actually saved, 0.00 left to compute; compared 0.00 lanes, 0.00 floats differ, 0.00 by more than an ulp
ds4:   Metal 4: 15.44 command buffers sent, 1377.3 dispatches a token; 0 pieces of Metal 3 work so far
ds4:   expert cache over the last 64 tokens: 240.00 hits, 0.69 misses, 0.69 evictions a token; 9648 of 9648 entries live (100.0%)
ds4:   of the address-table holes repaired a token: 0.00 already resident, 0.69 genuinely absent
ds4:   of the repair a token: readahead 0.33 ms, slot preparation 0.09 ms, reads 0.53 ms, install 0.00 ms, over 0.69 loads
ds4:   Engram rows written at step start in 2560 steps; layer-13 drains 0
ds4:   residency a token: 0.00 adds, 0.00 removes, 0.00 commits
ds4:   decode path so far: 2624 single-row steps (101.4 ms each inside the graph over the last 64), 0 K-row verification steps over 0 positions, 0 batch-fusion sites taken; candidate K none
ds4: gate over tokens 2561-2624: 14.50 command buffers, 0.73 aborts, 240.0 expert ids accounted, 7.42 MiB loaded a token; 0 the gate failed to switch off, 0 it could not gate
ds4:   one token, exclusive, same window: entry 0.00 + encode 0.37 + commit-to-done 93.19 + repair-load 1.08 + accounting 0.05 + tail 3.07 = 97.76 of a 100.19 ms wall, residual 2.43
ds4:   of the commit-to-done: GPU running 94.25 ms, GPU not running -1.05 ms
ds4:   951.5 gated dispatches a token, 0.5 of them behind an abort; 380.7 sent plain ahead of a buffer's first validate
ds4:   encode-ahead: 12.77 segments used, 0.69 dropped, 2.40 ms a token spent encoding under the GPU
ds4:   concurrent sections: 86.56 attempted, 86.56 opened a token
ds4:   speculation: 0.00 layers a token, 0.00 lanes computed, 0.00 matched, 0.00 GEMVs actually saved, 0.00 left to compute; compared 0.00 lanes, 0.00 floats differ, 0.00 by more than an ulp
ds4:   Metal 4: 15.50 command buffers sent, 1379.0 dispatches a token; 0 pieces of Metal 3 work so far
ds4:   expert cache over the last 64 tokens: 240.00 hits, 0.78 misses, 0.78 evictions a token; 9648 of 9648 entries live (100.0%)
ds4:   of the address-table holes repaired a token: 0.00 already resident, 0.78 genuinely absent
ds4:   of the repair a token: readahead 0.38 ms, slot preparation 0.09 ms, reads 0.58 ms, install 0.00 ms, over 0.78 loads
ds4:   Engram rows written at step start in 2624 steps; layer-13 drains 0
ds4:   residency a token: 0.00 adds, 0.00 removes, 0.00 commits
ds4:   decode path so far: 2688 single-row steps (108.7 ms each inside the graph over the last 64), 0 K-row verification steps over 0 positions, 0 batch-fusion sites taken; candidate K none
ds4: gate over tokens 2625-2688: 14.58 command buffers, 0.84 aborts, 240.0 expert ids accounted, 8.01 MiB loaded a token; 0 the gate failed to switch off, 0 it could not gate
ds4:   one token, exclusive, same window: entry 0.00 + encode 0.38 + commit-to-done 100.23 + repair-load 1.19 + accounting 0.05 + tail 3.46 = 105.31 of a 107.84 ms wall, residual 2.53
ds4:   of the commit-to-done: GPU running 101.48 ms, GPU not running -1.25 ms
ds4:   951.9 gated dispatches a token, 0.5 of them behind an abort; 387.1 sent plain ahead of a buffer's first validate
ds4:   encode-ahead: 12.73 segments used, 0.80 dropped, 2.50 ms a token spent encoding under the GPU
ds4:   concurrent sections: 87.81 attempted, 87.81 opened a token
ds4:   speculation: 0.00 layers a token, 0.00 lanes computed, 0.00 matched, 0.00 GEMVs actually saved, 0.00 left to compute; compared 0.00 lanes, 0.00 floats differ, 0.00 by more than an ulp
ds4:   Metal 4: 15.58 command buffers sent, 1397.6 dispatches a token; 0 pieces of Metal 3 work so far
ds4:   expert cache over the last 64 tokens: 240.00 hits, 0.84 misses, 0.84 evictions a token; 9648 of 9648 entries live (100.0%)
ds4:   of the address-table holes repaired a token: 0.00 already resident, 0.84 genuinely absent
ds4:   of the repair a token: readahead 0.45 ms, slot preparation 0.11 ms, reads 0.62 ms, install 0.00 ms, over 0.84 loads
ds4:   Engram rows written at step start in 2688 steps; layer-13 drains 0
ds4:   residency a token: 0.00 adds, 0.00 removes, 0.00 commits
ds4:   decode path so far: 2752 single-row steps (111.0 ms each inside the graph over the last 64), 0 K-row verification steps over 0 positions, 0 batch-fusion sites taken; candidate K none
ds4: gate over tokens 2689-2752: 14.47 command buffers, 0.62 aborts, 240.0 expert ids accounted, 5.93 MiB loaded a token; 0 the gate failed to switch off, 0 it could not gate
ds4:   one token, exclusive, same window: entry 0.00 + encode 0.38 + commit-to-done 102.49 + repair-load 0.90 + accounting 0.04 + tail 3.48 = 107.29 of a 109.97 ms wall, residual 2.68
ds4:   of the commit-to-done: GPU running 103.72 ms, GPU not running -1.23 ms
ds4:   950.1 gated dispatches a token, 0.5 of them behind an abort; 376.7 sent plain ahead of a buffer's first validate
ds4:   encode-ahead: 12.84 segments used, 0.58 dropped, 2.65 ms a token spent encoding under the GPU
ds4:   concurrent sections: 85.91 attempted, 85.91 opened a token
ds4:   speculation: 0.00 layers a token, 0.00 lanes computed, 0.00 matched, 0.00 GEMVs actually saved, 0.00 left to compute; compared 0.00 lanes, 0.00 floats differ, 0.00 by more than an ulp
ds4:   Metal 4: 15.47 command buffers sent, 1371.7 dispatches a token; 0 pieces of Metal 3 work so far
ds4:   expert cache over the last 64 tokens: 240.00 hits, 0.62 misses, 0.62 evictions a token; 9648 of 9648 entries live (100.0%)
ds4:   of the address-table holes repaired a token: 0.00 already resident, 0.62 genuinely absent
ds4:   of the repair a token: readahead 0.35 ms, slot preparation 0.08 ms, reads 0.45 ms, install 0.00 ms, over 0.62 loads
ds4:   Engram rows written at step start in 2752 steps; layer-13 drains 0
ds4:   residency a token: 0.00 adds, 0.00 removes, 0.00 commits
ds4:   decode path so far: 2816 single-row steps (107.8 ms each inside the graph over the last 64), 0 K-row verification steps over 0 positions, 0 batch-fusion sites taken; candidate K none
ds4: gate over tokens 2753-2816: 14.41 command buffers, 0.59 aborts, 240.0 expert ids accounted, 5.64 MiB loaded a token; 0 the gate failed to switch off, 0 it could not gate
ds4:   one token, exclusive, same window: entry 0.00 + encode 0.35 + commit-to-done 98.91 + repair-load 0.75 + accounting 0.04 + tail 3.37 = 103.41 of a 105.98 ms wall, residual 2.56
ds4:   of the commit-to-done: GPU running 100.17 ms, GPU not running -1.26 ms
ds4:   947.8 gated dispatches a token, 0.5 of them behind an abort; 373.7 sent plain ahead of a buffer's first validate
ds4:   encode-ahead: 12.81 segments used, 0.56 dropped, 2.53 ms a token spent encoding under the GPU
ds4:   concurrent sections: 85.50 attempted, 85.50 opened a token
ds4:   speculation: 0.00 layers a token, 0.00 lanes computed, 0.00 matched, 0.00 GEMVs actually saved, 0.00 left to compute; compared 0.00 lanes, 0.00 floats differ, 0.00 by more than an ulp
ds4:   Metal 4: 15.41 command buffers sent, 1364.6 dispatches a token; 0 pieces of Metal 3 work so far
ds4:   expert cache over the last 64 tokens: 240.00 hits, 0.59 misses, 0.59 evictions a token; 9648 of 9648 entries live (100.0%)
ds4:   of the address-table holes repaired a token: 0.00 already resident, 0.59 genuinely absent
ds4:   of the repair a token: readahead 0.25 ms, slot preparation 0.08 ms, reads 0.41 ms, install 0.00 ms, over 0.59 loads
ds4:   Engram rows written at step start in 2816 steps; layer-13 drains 0
ds4:   residency a token: 0.00 adds, 0.00 removes, 0.00 commits
ds4:   decode path so far: 2880 single-row steps (105.1 ms each inside the graph over the last 64), 0 K-row verification steps over 0 positions, 0 batch-fusion sites taken; candidate K none
ds4: gate over tokens 2817-2880: 14.62 command buffers, 0.86 aborts, 240.0 expert ids accounted, 8.75 MiB loaded a token; 0 the gate failed to switch off, 0 it could not gate
ds4:   one token, exclusive, same window: entry 0.00 + encode 0.42 + commit-to-done 97.09 + repair-load 1.18 + accounting 0.04 + tail 3.42 = 102.16 of a 104.73 ms wall, residual 2.57
ds4:   of the commit-to-done: GPU running 98.31 ms, GPU not running -1.21 ms
ds4:   954.2 gated dispatches a token, 0.5 of them behind an abort; 388.7 sent plain ahead of a buffer's first validate
ds4:   encode-ahead: 12.77 segments used, 0.83 dropped, 2.54 ms a token spent encoding under the GPU
ds4:   concurrent sections: 88.16 attempted, 88.16 opened a token
ds4:   speculation: 0.00 layers a token, 0.00 lanes computed, 0.00 matched, 0.00 GEMVs actually saved, 0.00 left to compute; compared 0.00 lanes, 0.00 floats differ, 0.00 by more than an ulp
ds4:   Metal 4: 15.62 command buffers sent, 1401.9 dispatches a token; 0 pieces of Metal 3 work so far
ds4:   expert cache over the last 64 tokens: 240.00 hits, 0.92 misses, 0.92 evictions a token; 9648 of 9648 entries live (100.0%)
ds4:   of the address-table holes repaired a token: 0.00 already resident, 0.92 genuinely absent
ds4:   of the repair a token: readahead 0.47 ms, slot preparation 0.11 ms, reads 0.59 ms, install 0.00 ms, over 0.92 loads
ds4:   Engram rows written at step start in 2880 steps; layer-13 drains 0
ds4:   residency a token: 0.00 adds, 0.00 removes, 0.00 commits
ds4:   decode path so far: 2944 single-row steps (101.5 ms each inside the graph over the last 64), 0 K-row verification steps over 0 positions, 0 batch-fusion sites taken; candidate K none
ds4: gate over tokens 2881-2944: 14.42 command buffers, 0.62 aborts, 240.0 expert ids accounted, 5.93 MiB loaded a token; 0 the gate failed to switch off, 0 it could not gate
ds4:   one token, exclusive, same window: entry 0.00 + encode 0.35 + commit-to-done 92.82 + repair-load 0.90 + accounting 0.05 + tail 3.28 = 97.39 of a 99.83 ms wall, residual 2.44
ds4:   of the commit-to-done: GPU running 93.98 ms, GPU not running -1.16 ms
ds4:   950.0 gated dispatches a token, 1.9 of them behind an abort; 376.9 sent plain ahead of a buffer's first validate
ds4:   encode-ahead: 12.80 segments used, 0.59 dropped, 2.41 ms a token spent encoding under the GPU
ds4:   concurrent sections: 85.81 attempted, 85.81 opened a token
ds4:   speculation: 0.00 layers a token, 0.00 lanes computed, 0.00 matched, 0.00 GEMVs actually saved, 0.00 left to compute; compared 0.00 lanes, 0.00 floats differ, 0.00 by more than an ulp
ds4:   Metal 4: 15.42 command buffers sent, 1370.1 dispatches a token; 0 pieces of Metal 3 work so far
ds4:   expert cache over the last 64 tokens: 240.00 hits, 0.62 misses, 0.62 evictions a token; 9648 of 9648 entries live (100.0%)
ds4:   of the address-table holes repaired a token: 0.00 already resident, 0.62 genuinely absent
ds4:   of the repair a token: readahead 0.35 ms, slot preparation 0.09 ms, reads 0.45 ms, install 0.00 ms, over 0.62 loads
ds4:   Engram rows written at step start in 2944 steps; layer-13 drains 0
ds4:   residency a token: 0.00 adds, 0.00 removes, 0.00 commits
ds4:   decode path so far: 3008 single-row steps (103.1 ms each inside the graph over the last 64), 0 K-row verification steps over 0 positions, 0 batch-fusion sites taken; candidate K none
ds4: gate over tokens 2945-3008: 14.50 command buffers, 0.75 aborts, 240.0 expert ids accounted, 7.12 MiB loaded a token; 0 the gate failed to switch off, 0 it could not gate
ds4:   one token, exclusive, same window: entry 0.00 + encode 0.37 + commit-to-done 94.90 + repair-load 1.18 + accounting 0.05 + tail 3.14 = 99.63 of a 102.11 ms wall, residual 2.48
ds4:   of the commit-to-done: GPU running 96.12 ms, GPU not running -1.22 ms
ds4:   950.6 gated dispatches a token, 0.5 of them behind an abort; 380.6 sent plain ahead of a buffer's first validate
ds4:   encode-ahead: 12.75 segments used, 0.70 dropped, 2.45 ms a token spent encoding under the GPU
ds4:   concurrent sections: 86.78 attempted, 86.78 opened a token
ds4:   speculation: 0.00 layers a token, 0.00 lanes computed, 0.00 matched, 0.00 GEMVs actually saved, 0.00 left to compute; compared 0.00 lanes, 0.00 floats differ, 0.00 by more than an ulp
ds4:   Metal 4: 15.50 command buffers sent, 1381.4 dispatches a token; 0 pieces of Metal 3 work so far
ds4:   expert cache over the last 64 tokens: 240.00 hits, 0.75 misses, 0.75 evictions a token; 9648 of 9648 entries live (100.0%)
ds4:   of the address-table holes repaired a token: 0.00 already resident, 0.75 genuinely absent
ds4:   of the repair a token: readahead 0.41 ms, slot preparation 0.09 ms, reads 0.67 ms, install 0.00 ms, over 0.75 loads
ds4:   Engram rows written at step start in 3008 steps; layer-13 drains 0
ds4:   residency a token: 0.00 adds, 0.00 removes, 0.00 commits
ds4:   decode path so far: 3072 single-row steps (113.7 ms each inside the graph over the last 64), 0 K-row verification steps over 0 positions, 0 batch-fusion sites taken; candidate K none
ds4: gate over tokens 3009-3072: 14.36 command buffers, 0.64 aborts, 240.0 expert ids accounted, 6.23 MiB loaded a token; 0 the gate failed to switch off, 0 it could not gate
ds4:   one token, exclusive, same window: entry 0.00 + encode 0.41 + commit-to-done 104.52 + repair-load 1.17 + accounting 0.04 + tail 3.50 = 109.64 of a 112.50 ms wall, residual 2.86
ds4:   of the commit-to-done: GPU running 105.58 ms, GPU not running -1.06 ms
ds4:   948.6 gated dispatches a token, 0.0 of them behind an abort; 375.2 sent plain ahead of a buffer's first validate
ds4:   encode-ahead: 12.72 segments used, 0.64 dropped, 2.83 ms a token spent encoding under the GPU
ds4:   concurrent sections: 85.94 attempted, 85.94 opened a token
ds4:   speculation: 0.00 layers a token, 0.00 lanes computed, 0.00 matched, 0.00 GEMVs actually saved, 0.00 left to compute; compared 0.00 lanes, 0.00 floats differ, 0.00 by more than an ulp
ds4:   Metal 4: 15.36 command buffers sent, 1369.9 dispatches a token; 0 pieces of Metal 3 work so far
ds4:   expert cache over the last 64 tokens: 240.00 hits, 0.66 misses, 0.66 evictions a token; 9648 of 9648 entries live (100.0%)
ds4:   of the address-table holes repaired a token: 0.00 already resident, 0.66 genuinely absent
ds4:   of the repair a token: readahead 0.56 ms, slot preparation 0.10 ms, reads 0.50 ms, install 0.00 ms, over 0.66 loads
ds4:   Engram rows written at step start in 3072 steps; layer-13 drains 0
ds4:   residency a token: 0.00 adds, 0.00 removes, 0.00 commits
ds4:   decode path so far: 3136 single-row steps (105.0 ms each inside the graph over the last 64), 0 K-row verification steps over 0 positions, 0 batch-fusion sites taken; candidate K none
ds4: gate over tokens 3073-3136: 14.33 command buffers, 0.55 aborts, 240.0 expert ids accounted, 5.19 MiB loaded a token; 0 the gate failed to switch off, 0 it could not gate
ds4:   one token, exclusive, same window: entry 0.00 + encode 0.39 + commit-to-done 97.37 + repair-load 0.90 + accounting 0.04 + tail 3.26 = 101.97 of a 104.86 ms wall, residual 2.88
ds4:   of the commit-to-done: GPU running 98.73 ms, GPU not running -1.35 ms
ds4:   946.0 gated dispatches a token, 0.5 of them behind an abort; 369.2 sent plain ahead of a buffer's first validate
ds4:   encode-ahead: 12.78 segments used, 0.50 dropped, 2.85 ms a token spent encoding under the GPU
ds4:   concurrent sections: 84.59 attempted, 84.59 opened a token
ds4:   speculation: 0.00 layers a token, 0.00 lanes computed, 0.00 matched, 0.00 GEMVs actually saved, 0.00 left to compute; compared 0.00 lanes, 0.00 floats differ, 0.00 by more than an ulp
ds4:   Metal 4: 15.33 command buffers sent, 1351.6 dispatches a token; 0 pieces of Metal 3 work so far
ds4:   expert cache over the last 64 tokens: 240.00 hits, 0.55 misses, 0.55 evictions a token; 9648 of 9648 entries live (100.0%)
ds4:   of the address-table holes repaired a token: 0.00 already resident, 0.55 genuinely absent
ds4:   of the repair a token: readahead 0.34 ms, slot preparation 0.08 ms, reads 0.48 ms, install 0.00 ms, over 0.55 loads
ds4:   Engram rows written at step start in 3136 steps; layer-13 drains 0
ds4:   residency a token: 0.00 adds, 0.00 removes, 0.00 commits
ds4:   decode path so far: 3200 single-row steps (103.1 ms each inside the graph over the last 64), 0 K-row verification steps over 0 positions, 0 batch-fusion sites taken; candidate K none
ds4: gate over tokens 3137-3200: 14.78 command buffers, 1.11 aborts, 240.0 expert ids accounted, 11.12 MiB loaded a token; 0 the gate failed to switch off, 0 it could not gate
ds4:   one token, exclusive, same window: entry 0.00 + encode 0.48 + commit-to-done 92.88 + repair-load 1.73 + accounting 0.05 + tail 3.07 = 98.21 of a 100.99 ms wall, residual 2.79
ds4:   of the commit-to-done: GPU running 94.09 ms, GPU not running -1.20 ms
ds4:   956.3 gated dispatches a token, 0.5 of them behind an abort; 401.2 sent plain ahead of a buffer's first validate
ds4:   encode-ahead: 12.67 segments used, 1.06 dropped, 2.76 ms a token spent encoding under the GPU
ds4:   concurrent sections: 90.47 attempted, 90.47 opened a token
ds4:   speculation: 0.00 layers a token, 0.00 lanes computed, 0.00 matched, 0.00 GEMVs actually saved, 0.00 left to compute; compared 0.00 lanes, 0.00 floats differ, 0.00 by more than an ulp
ds4:   Metal 4: 15.78 command buffers sent, 1434.1 dispatches a token; 0 pieces of Metal 3 work so far
ds4:   expert cache over the last 64 tokens: 240.00 hits, 1.17 misses, 1.17 evictions a token; 9648 of 9648 entries live (100.0%)
ds4:   of the address-table holes repaired a token: 0.00 already resident, 1.17 genuinely absent
ds4:   of the repair a token: readahead 0.70 ms, slot preparation 0.16 ms, reads 0.85 ms, install 0.01 ms, over 1.17 loads
ds4:   Engram rows written at step start in 3200 steps; layer-13 drains 0
ds4:   residency a token: 0.00 adds, 0.00 removes, 0.00 commits
ds4:   decode path so far: 3264 single-row steps (101.0 ms each inside the graph over the last 64), 0 K-row verification steps over 0 positions, 0 batch-fusion sites taken; candidate K none
ds4: gate over tokens 3201-3264: 14.53 command buffers, 0.91 aborts, 240.0 expert ids accounted, 8.90 MiB loaded a token; 0 the gate failed to switch off, 0 it could not gate
ds4:   one token, exclusive, same window: entry 0.00 + encode 0.41 + commit-to-done 92.57 + repair-load 1.26 + accounting 0.05 + tail 3.15 = 97.43 of a 99.95 ms wall, residual 2.51
ds4:   of the commit-to-done: GPU running 93.58 ms, GPU not running -1.01 ms
ds4:   953.7 gated dispatches a token, 0.9 of them behind an abort; 386.5 sent plain ahead of a buffer's first validate
ds4:   encode-ahead: 12.62 segments used, 0.88 dropped, 2.48 ms a token spent encoding under the GPU
ds4:   concurrent sections: 88.31 attempted, 88.31 opened a token
ds4:   speculation: 0.00 layers a token, 0.00 lanes computed, 0.00 matched, 0.00 GEMVs actually saved, 0.00 left to compute; compared 0.00 lanes, 0.00 floats differ, 0.00 by more than an ulp
ds4:   Metal 4: 15.53 command buffers sent, 1403.2 dispatches a token; 0 pieces of Metal 3 work so far
ds4:   expert cache over the last 64 tokens: 240.00 hits, 0.94 misses, 0.94 evictions a token; 9648 of 9648 entries live (100.0%)
ds4:   of the address-table holes repaired a token: 0.00 already resident, 0.94 genuinely absent
ds4:   of the repair a token: readahead 0.49 ms, slot preparation 0.11 ms, reads 0.65 ms, install 0.00 ms, over 0.94 loads
ds4:   Engram rows written at step start in 3264 steps; layer-13 drains 0
ds4:   residency a token: 0.00 adds, 0.00 removes, 0.00 commits
ds4:   decode path so far: 3328 single-row steps (99.2 ms each inside the graph over the last 64), 0 K-row verification steps over 0 positions, 0 batch-fusion sites taken; candidate K none
ds4: gate over tokens 3265-3328: 14.48 command buffers, 0.75 aborts, 240.0 expert ids accounted, 7.27 MiB loaded a token; 0 the gate failed to switch off, 0 it could not gate
ds4:   one token, exclusive, same window: entry 0.00 + encode 0.37 + commit-to-done 90.94 + repair-load 1.17 + accounting 0.05 + tail 3.13 = 95.65 of a 98.07 ms wall, residual 2.42
ds4:   of the commit-to-done: GPU running 92.07 ms, GPU not running -1.13 ms
ds4:   950.9 gated dispatches a token, 0.0 of them behind an abort; 381.3 sent plain ahead of a buffer's first validate
ds4:   encode-ahead: 12.73 segments used, 0.73 dropped, 2.40 ms a token spent encoding under the GPU
ds4:   concurrent sections: 86.81 attempted, 86.81 opened a token
ds4:   speculation: 0.00 layers a token, 0.00 lanes computed, 0.00 matched, 0.00 GEMVs actually saved, 0.00 left to compute; compared 0.00 lanes, 0.00 floats differ, 0.00 by more than an ulp
ds4:   Metal 4: 15.48 command buffers sent, 1381.0 dispatches a token; 0 pieces of Metal 3 work so far
ds4:   expert cache over the last 64 tokens: 240.00 hits, 0.77 misses, 0.77 evictions a token; 9648 of 9648 entries live (100.0%)
ds4:   of the address-table holes repaired a token: 0.00 already resident, 0.77 genuinely absent
ds4:   of the repair a token: readahead 0.40 ms, slot preparation 0.10 ms, reads 0.65 ms, install 0.00 ms, over 0.77 loads
ds4:   Engram rows written at step start in 3328 steps; layer-13 drains 0
ds4:   residency a token: 0.00 adds, 0.00 removes, 0.00 commits
ds4:   decode path so far: 3392 single-row steps (98.5 ms each inside the graph over the last 64), 0 K-row verification steps over 0 positions, 0 batch-fusion sites taken; candidate K none
ds4: gate over tokens 3329-3392: 14.41 command buffers, 0.64 aborts, 240.0 expert ids accounted, 6.38 MiB loaded a token; 0 the gate failed to switch off, 0 it could not gate
ds4:   one token, exclusive, same window: entry 0.00 + encode 0.34 + commit-to-done 90.75 + repair-load 0.96 + accounting 0.05 + tail 3.05 = 95.15 of a 97.45 ms wall, residual 2.31
ds4:   of the commit-to-done: GPU running 91.74 ms, GPU not running -0.99 ms
ds4:   946.8 gated dispatches a token, 0.0 of them behind an abort; 376.1 sent plain ahead of a buffer's first validate
ds4:   encode-ahead: 12.77 segments used, 0.61 dropped, 2.28 ms a token spent encoding under the GPU
ds4:   concurrent sections: 85.75 attempted, 85.75 opened a token
ds4:   speculation: 0.00 layers a token, 0.00 lanes computed, 0.00 matched, 0.00 GEMVs actually saved, 0.00 left to compute; compared 0.00 lanes, 0.00 floats differ, 0.00 by more than an ulp
ds4:   Metal 4: 15.41 command buffers sent, 1369.3 dispatches a token; 0 pieces of Metal 3 work so far
ds4:   expert cache over the last 64 tokens: 240.00 hits, 0.67 misses, 0.67 evictions a token; 9648 of 9648 entries live (100.0%)
ds4:   of the address-table holes repaired a token: 0.00 already resident, 0.67 genuinely absent
ds4:   of the repair a token: readahead 0.31 ms, slot preparation 0.09 ms, reads 0.56 ms, install 0.00 ms, over 0.67 loads
ds4:   Engram rows written at step start in 3392 steps; layer-13 drains 0
ds4:   residency a token: 0.00 adds, 0.00 removes, 0.00 commits
ds4:   decode path so far: 3456 single-row steps (107.9 ms each inside the graph over the last 64), 0 K-row verification steps over 0 positions, 0 batch-fusion sites taken; candidate K none
ds4: gate over tokens 3393-3456: 15.58 command buffers, 2.27 aborts, 240.0 expert ids accounted, 35.89 MiB loaded a token; 0 the gate failed to switch off, 0 it could not gate
ds4:   one token, exclusive, same window: entry 0.00 + encode 0.62 + commit-to-done 95.60 + repair-load 4.27 + accounting 0.04 + tail 3.23 = 103.75 of a 106.50 ms wall, residual 2.75
ds4:   of the commit-to-done: GPU running 96.39 ms, GPU not running -0.79 ms
ds4:   977.0 gated dispatches a token, 1.4 of them behind an abort; 453.2 sent plain ahead of a buffer's first validate
ds4:   encode-ahead: 12.31 segments used, 2.17 dropped, 2.70 ms a token spent encoding under the GPU
ds4:   concurrent sections: 101.25 attempted, 101.25 opened a token
ds4:   speculation: 0.00 layers a token, 0.00 lanes computed, 0.00 matched, 0.00 GEMVs actually saved, 0.00 left to compute; compared 0.00 lanes, 0.00 floats differ, 0.00 by more than an ulp
ds4:   Metal 4: 16.58 command buffers sent, 1579.3 dispatches a token; 0 pieces of Metal 3 work so far
ds4:   expert cache over the last 64 tokens: 239.95 hits, 3.78 misses, 3.78 evictions a token; 9648 of 9648 entries live (100.0%)
ds4:   of the address-table holes repaired a token: 0.00 already resident, 3.78 genuinely absent
ds4:   of the repair a token: readahead 2.17 ms, slot preparation 0.17 ms, reads 1.78 ms, install 0.01 ms, over 3.78 loads
ds4:   Engram rows written at step start in 3456 steps; layer-13 drains 0
ds4:   residency a token: 0.00 adds, 0.00 removes, 0.00 commits
ds4:   decode path so far: 3520 single-row steps (108.1 ms each inside the graph over the last 64), 0 K-row verification steps over 0 positions, 0 batch-fusion sites taken; candidate K none
ds4: gate over tokens 3457-3520: 17.55 command buffers, 5.39 aborts, 240.0 expert ids accounted, 63.18 MiB loaded a token; 0 the gate failed to switch off, 0 it could not gate
ds4:   one token, exclusive, same window: entry 0.00 + encode 1.22 + commit-to-done 91.05 + repair-load 9.30 + accounting 0.05 + tail 3.01 = 104.64 of a 108.06 ms wall, residual 3.42
ds4:   of the commit-to-done: GPU running 90.94 ms, GPU not running 0.11 ms
ds4:   1017.2 gated dispatches a token, 5.6 of them behind an abort; 589.7 sent plain ahead of a buffer's first validate
ds4:   encode-ahead: 11.16 segments used, 5.17 dropped, 3.33 ms a token spent encoding under the GPU
ds4:   concurrent sections: 129.84 attempted, 129.84 opened a token
ds4:   speculation: 0.00 layers a token, 0.00 lanes computed, 0.00 matched, 0.00 GEMVs actually saved, 0.00 left to compute; compared 0.00 lanes, 0.00 floats differ, 0.00 by more than an ulp
ds4:   Metal 4: 18.55 command buffers sent, 1960.9 dispatches a token; 0 pieces of Metal 3 work so far
ds4:   expert cache over the last 64 tokens: 239.98 hits, 6.66 misses, 6.66 evictions a token; 9648 of 9648 entries live (100.0%)
ds4:   of the address-table holes repaired a token: 0.00 already resident, 6.66 genuinely absent
ds4:   of the repair a token: readahead 4.74 ms, slot preparation 0.51 ms, reads 3.85 ms, install 0.02 ms, over 6.66 loads
ds4:   Engram rows written at step start in 3520 steps; layer-13 drains 0
ds4:   residency a token: 0.00 adds, 0.00 removes, 0.00 commits
ds4:   decode path so far: 3584 single-row steps (102.0 ms each inside the graph over the last 64), 0 K-row verification steps over 0 positions, 0 batch-fusion sites taken; candidate K none
ds4: gate over tokens 3521-3584: 16.00 command buffers, 2.92 aborts, 240.0 expert ids accounted, 30.11 MiB loaded a token; 0 the gate failed to switch off, 0 it could not gate
ds4:   one token, exclusive, same window: entry 0.00 + encode 0.81 + commit-to-done 88.70 + repair-load 4.57 + accounting 0.05 + tail 2.94 = 97.07 of a 100.17 ms wall, residual 3.10
ds4:   of the commit-to-done: GPU running 89.35 ms, GPU not running -0.65 ms
ds4:   978.6 gated dispatches a token, 2.8 of them behind an abort; 481.0 sent plain ahead of a buffer's first validate
ds4:   encode-ahead: 12.08 segments used, 2.80 dropped, 3.04 ms a token spent encoding under the GPU
ds4:   concurrent sections: 107.25 attempted, 107.25 opened a token
ds4:   speculation: 0.00 layers a token, 0.00 lanes computed, 0.00 matched, 0.00 GEMVs actually saved, 0.00 left to compute; compared 0.00 lanes, 0.00 floats differ, 0.00 by more than an ulp
ds4:   Metal 4: 17.00 command buffers sent, 1657.0 dispatches a token; 0 pieces of Metal 3 work so far
ds4:   expert cache over the last 64 tokens: 240.00 hits, 3.17 misses, 3.17 evictions a token; 9648 of 9648 entries live (100.0%)
ds4:   of the address-table holes repaired a token: 0.00 already resident, 3.17 genuinely absent
ds4:   of the repair a token: readahead 2.17 ms, slot preparation 0.35 ms, reads 1.99 ms, install 0.01 ms, over 3.17 loads
ds4:   Engram rows written at step start in 3584 steps; layer-13 drains 0
ds4:   residency a token: 0.00 adds, 0.00 removes, 0.00 commits
ds4:   decode path so far: 3648 single-row steps (104.2 ms each inside the graph over the last 64), 0 K-row verification steps over 0 positions, 0 batch-fusion sites taken; candidate K none
ds4: gate over tokens 3585-3648: 15.39 command buffers, 1.97 aborts, 240.0 expert ids accounted, 19.58 MiB loaded a token; 0 the gate failed to switch off, 0 it could not gate
ds4:   one token, exclusive, same window: entry 0.00 + encode 0.71 + commit-to-done 92.92 + repair-load 3.22 + accounting 0.05 + tail 3.11 = 99.99 of a 103.14 ms wall, residual 3.15
ds4:   of the commit-to-done: GPU running 93.66 ms, GPU not running -0.75 ms
ds4:   978.3 gated dispatches a token, 1.4 of them behind an abort; 442.6 sent plain ahead of a buffer's first validate
ds4:   encode-ahead: 12.42 segments used, 1.89 dropped, 3.10 ms a token spent encoding under the GPU
ds4:   concurrent sections: 98.84 attempted, 98.84 opened a token
ds4:   speculation: 0.00 layers a token, 0.00 lanes computed, 0.00 matched, 0.00 GEMVs actually saved, 0.00 left to compute; compared 0.00 lanes, 0.00 floats differ, 0.00 by more than an ulp
ds4:   Metal 4: 16.39 command buffers sent, 1546.8 dispatches a token; 0 pieces of Metal 3 work so far
ds4:   expert cache over the last 64 tokens: 240.00 hits, 2.06 misses, 2.06 evictions a token; 9648 of 9648 entries live (100.0%)
ds4:   of the address-table holes repaired a token: 0.00 already resident, 2.06 genuinely absent
ds4:   of the repair a token: readahead 1.33 ms, slot preparation 0.29 ms, reads 1.56 ms, install 0.01 ms, over 2.06 loads
ds4:   Engram rows written at step start in 3648 steps; layer-13 drains 0
ds4:   residency a token: 0.00 adds, 0.00 removes, 0.00 commits
ds4:   decode path so far: 3712 single-row steps (108.9 ms each inside the graph over the last 64), 0 K-row verification steps over 0 positions, 0 batch-fusion sites taken; candidate K none
ds4: gate over tokens 3649-3712: 15.27 command buffers, 1.73 aborts, 240.0 expert ids accounted, 17.95 MiB loaded a token; 0 the gate failed to switch off, 0 it could not gate
ds4:   one token, exclusive, same window: entry 0.00 + encode 0.64 + commit-to-done 97.63 + repair-load 2.95 + accounting 0.04 + tail 3.44 = 104.71 of a 107.82 ms wall, residual 3.11
ds4:   of the commit-to-done: GPU running 98.68 ms, GPU not running -1.05 ms
ds4:   970.0 gated dispatches a token, 1.9 of them behind an abort; 427.8 sent plain ahead of a buffer's first validate
ds4:   encode-ahead: 12.53 segments used, 1.62 dropped, 3.06 ms a token spent encoding under the GPU
ds4:   concurrent sections: 96.41 attempted, 96.41 opened a token
ds4:   speculation: 0.00 layers a token, 0.00 lanes computed, 0.00 matched, 0.00 GEMVs actually saved, 0.00 left to compute; compared 0.00 lanes, 0.00 floats differ, 0.00 by more than an ulp
ds4:   Metal 4: 16.27 command buffers sent, 1513.2 dispatches a token; 0 pieces of Metal 3 work so far
ds4:   expert cache over the last 64 tokens: 240.00 hits, 1.89 misses, 1.89 evictions a token; 9648 of 9648 entries live (100.0%)
ds4:   of the address-table holes repaired a token: 0.00 already resident, 1.89 genuinely absent
ds4:   of the repair a token: readahead 1.15 ms, slot preparation 0.23 ms, reads 1.54 ms, install 0.01 ms, over 1.89 loads
ds4:   Engram rows written at step start in 3712 steps; layer-13 drains 0
ds4:   residency a token: 0.00 adds, 0.00 removes, 0.00 commits
ds4:   decode path so far: 3776 single-row steps (99.6 ms each inside the graph over the last 64), 0 K-row verification steps over 0 positions, 0 batch-fusion sites taken; candidate K none
ds4: gate over tokens 3713-3776: 15.38 command buffers, 2.14 aborts, 240.0 expert ids accounted, 22.25 MiB loaded a token; 0 the gate failed to switch off, 0 it could not gate
ds4:   one token, exclusive, same window: entry 0.00 + encode 0.69 + commit-to-done 88.82 + repair-load 3.18 + accounting 0.05 + tail 3.13 = 95.87 of a 98.85 ms wall, residual 2.98
ds4:   of the commit-to-done: GPU running 89.71 ms, GPU not running -0.89 ms
ds4:   971.7 gated dispatches a token, 0.9 of them behind an abort; 447.0 sent plain ahead of a buffer's first validate
ds4:   encode-ahead: 12.23 segments used, 2.06 dropped, 2.93 ms a token spent encoding under the GPU
ds4:   concurrent sections: 100.16 attempted, 100.16 opened a token
ds4:   speculation: 0.00 layers a token, 0.00 lanes computed, 0.00 matched, 0.00 GEMVs actually saved, 0.00 left to compute; compared 0.00 lanes, 0.00 floats differ, 0.00 by more than an ulp
ds4:   Metal 4: 16.38 command buffers sent, 1564.7 dispatches a token; 0 pieces of Metal 3 work so far
ds4:   expert cache over the last 64 tokens: 240.00 hits, 2.34 misses, 2.34 evictions a token; 9648 of 9648 entries live (100.0%)
ds4:   of the address-table holes repaired a token: 0.00 already resident, 2.34 genuinely absent
ds4:   of the repair a token: readahead 1.46 ms, slot preparation 0.27 ms, reads 1.39 ms, install 0.01 ms, over 2.34 loads
ds4:   Engram rows written at step start in 3776 steps; layer-13 drains 0
ds4:   residency a token: 0.00 adds, 0.00 removes, 0.00 commits
ds4:   decode path so far: 3840 single-row steps (103.5 ms each inside the graph over the last 64), 0 K-row verification steps over 0 positions, 0 batch-fusion sites taken; candidate K none
ds4: gate over tokens 3777-3840: 15.38 command buffers, 2.14 aborts, 240.0 expert ids accounted, 22.54 MiB loaded a token; 0 the gate failed to switch off, 0 it could not gate
ds4:   one token, exclusive, same window: entry 0.00 + encode 0.71 + commit-to-done 91.79 + repair-load 3.73 + accounting 0.05 + tail 3.03 = 99.29 of a 102.28 ms wall, residual 2.99
ds4:   of the commit-to-done: GPU running 92.43 ms, GPU not running -0.64 ms
ds4:   970.7 gated dispatches a token, 2.3 of them behind an abort; 445.5 sent plain ahead of a buffer's first validate
ds4:   encode-ahead: 12.23 segments used, 2.05 dropped, 2.94 ms a token spent encoding under the GPU
ds4:   concurrent sections: 99.91 attempted, 99.91 opened a token
ds4:   speculation: 0.00 layers a token, 0.00 lanes computed, 0.00 matched, 0.00 GEMVs actually saved, 0.00 left to compute; compared 0.00 lanes, 0.00 floats differ, 0.00 by more than an ulp
ds4:   Metal 4: 16.38 command buffers sent, 1558.8 dispatches a token; 0 pieces of Metal 3 work so far
ds4:   expert cache over the last 64 tokens: 240.00 hits, 2.38 misses, 2.38 evictions a token; 9648 of 9648 entries live (100.0%)
ds4:   of the address-table holes repaired a token: 0.00 already resident, 2.38 genuinely absent
ds4:   of the repair a token: readahead 1.87 ms, slot preparation 0.28 ms, reads 1.52 ms, install 0.01 ms, over 2.38 loads
ds4:   Engram rows written at step start in 3840 steps; layer-13 drains 0
ds4:   residency a token: 0.00 adds, 0.00 removes, 0.00 commits
ds4:   decode path so far: 3904 single-row steps (104.7 ms each inside the graph over the last 64), 0 K-row verification steps over 0 positions, 0 batch-fusion sites taken; candidate K none
ds4: gate over tokens 3841-3904: 15.50 command buffers, 2.39 aborts, 240.0 expert ids accounted, 24.18 MiB loaded a token; 0 the gate failed to switch off, 0 it could not gate
ds4:   one token, exclusive, same window: entry 0.00 + encode 0.76 + commit-to-done 92.73 + repair-load 4.14 + accounting 0.04 + tail 3.39 = 101.07 of a 104.18 ms wall, residual 3.11
ds4:   of the commit-to-done: GPU running 93.69 ms, GPU not running -0.95 ms
ds4:   969.0 gated dispatches a token, 1.9 of them behind an abort; 455.2 sent plain ahead of a buffer's first validate
ds4:   encode-ahead: 12.11 segments used, 2.30 dropped, 3.05 ms a token spent encoding under the GPU
ds4:   concurrent sections: 101.88 attempted, 101.88 opened a token
ds4:   speculation: 0.00 layers a token, 0.00 lanes computed, 0.00 matched, 0.00 GEMVs actually saved, 0.00 left to compute; compared 0.00 lanes, 0.00 floats differ, 0.00 by more than an ulp
ds4:   Metal 4: 16.50 command buffers sent, 1585.1 dispatches a token; 0 pieces of Metal 3 work so far
ds4:   expert cache over the last 64 tokens: 240.00 hits, 2.55 misses, 2.55 evictions a token; 9648 of 9648 entries live (100.0%)
ds4:   of the address-table holes repaired a token: 0.00 already resident, 2.55 genuinely absent
ds4:   of the repair a token: readahead 1.76 ms, slot preparation 0.31 ms, reads 2.02 ms, install 0.01 ms, over 2.55 loads
ds4:   Engram rows written at step start in 3904 steps; layer-13 drains 0
ds4:   residency a token: 0.00 adds, 0.00 removes, 0.00 commits
ds4:   decode path so far: 3968 single-row steps (102.0 ms each inside the graph over the last 64), 0 K-row verification steps over 0 positions, 0 batch-fusion sites taken; candidate K none
ds4: gate over tokens 3905-3968: 15.66 command buffers, 2.48 aborts, 240.0 expert ids accounted, 25.21 MiB loaded a token; 0 the gate failed to switch off, 0 it could not gate
ds4:   one token, exclusive, same window: entry 0.00 + encode 0.71 + commit-to-done 89.85 + repair-load 3.72 + accounting 0.05 + tail 3.01 = 97.34 of a 100.30 ms wall, residual 2.96
ds4:   of the commit-to-done: GPU running 90.70 ms, GPU not running -0.85 ms
ds4:   975.4 gated dispatches a token, 1.4 of them behind an abort; 459.5 sent plain ahead of a buffer's first validate
ds4:   encode-ahead: 12.17 segments used, 2.30 dropped, 2.91 ms a token spent encoding under the GPU
ds4:   concurrent sections: 102.53 attempted, 102.53 opened a token
ds4:   speculation: 0.00 layers a token, 0.00 lanes computed, 0.00 matched, 0.00 GEMVs actually saved, 0.00 left to compute; compared 0.00 lanes, 0.00 floats differ, 0.00 by more than an ulp
ds4:   Metal 4: 16.66 command buffers sent, 1593.9 dispatches a token; 0 pieces of Metal 3 work so far
ds4:   expert cache over the last 64 tokens: 240.00 hits, 2.66 misses, 2.66 evictions a token; 9648 of 9648 entries live (100.0%)
ds4:   of the address-table holes repaired a token: 0.00 already resident, 2.66 genuinely absent
ds4:   of the repair a token: readahead 1.54 ms, slot preparation 0.29 ms, reads 1.85 ms, install 0.01 ms, over 2.66 loads
ds4:   Engram rows written at step start in 3968 steps; layer-13 drains 0
ds4:   residency a token: 0.00 adds, 0.00 removes, 0.00 commits
ds4:   decode path so far: 4032 single-row steps (107.8 ms each inside the graph over the last 64), 0 K-row verification steps over 0 positions, 0 batch-fusion sites taken; candidate K none
ds4: gate over tokens 3969-4032: 15.47 command buffers, 2.20 aborts, 240.0 expert ids accounted, 22.40 MiB loaded a token; 0 the gate failed to switch off, 0 it could not gate
ds4:   one token, exclusive, same window: entry 0.00 + encode 0.73 + commit-to-done 96.02 + repair-load 3.40 + accounting 0.04 + tail 3.07 = 103.25 of a 106.43 ms wall, residual 3.18
ds4:   of the commit-to-done: GPU running 96.87 ms, GPU not running -0.86 ms
ds4:   970.0 gated dispatches a token, 2.3 of them behind an abort; 446.3 sent plain ahead of a buffer's first validate
ds4:   encode-ahead: 12.27 segments used, 2.08 dropped, 3.13 ms a token spent encoding under the GPU
ds4:   concurrent sections: 100.16 attempted, 100.16 opened a token
ds4:   speculation: 0.00 layers a token, 0.00 lanes computed, 0.00 matched, 0.00 GEMVs actually saved, 0.00 left to compute; compared 0.00 lanes, 0.00 floats differ, 0.00 by more than an ulp
ds4:   Metal 4: 16.47 command buffers sent, 1562.0 dispatches a token; 0 pieces of Metal 3 work so far
ds4:   expert cache over the last 64 tokens: 240.00 hits, 2.36 misses, 2.36 evictions a token; 9648 of 9648 entries live (100.0%)
ds4:   of the address-table holes repaired a token: 0.00 already resident, 2.36 genuinely absent
ds4:   of the repair a token: readahead 1.62 ms, slot preparation 0.30 ms, reads 1.43 ms, install 0.01 ms, over 2.36 loads
ds4:   Engram rows written at step start in 4032 steps; layer-13 drains 0
ds4:   residency a token: 0.00 adds, 0.00 removes, 0.00 commits
ds4:   decode path so far: 4096 single-row steps (96.8 ms each inside the graph over the last 64), 0 K-row verification steps over 0 positions, 0 batch-fusion sites taken; candidate K none
ds4: gate over tokens 4033-4096: 15.55 command buffers, 2.09 aborts, 240.0 expert ids accounted, 21.51 MiB loaded a token; 0 the gate failed to switch off, 0 it could not gate
ds4:   one token, exclusive, same window: entry 0.00 + encode 0.64 + commit-to-done 86.35 + repair-load 3.18 + accounting 0.05 + tail 2.89 = 93.11 of a 95.99 ms wall, residual 2.89
ds4:   of the commit-to-done: GPU running 87.12 ms, GPU not running -0.77 ms
ds4:   974.3 gated dispatches a token, 2.8 of them behind an abort; 445.1 sent plain ahead of a buffer's first validate
ds4:   encode-ahead: 12.45 segments used, 1.95 dropped, 2.85 ms a token spent encoding under the GPU
ds4:   concurrent sections: 99.44 attempted, 99.44 opened a token
ds4:   speculation: 0.00 layers a token, 0.00 lanes computed, 0.00 matched, 0.00 GEMVs actually saved, 0.00 left to compute; compared 0.00 lanes, 0.00 floats differ, 0.00 by more than an ulp
ds4:   Metal 4: 16.55 command buffers sent, 1551.2 dispatches a token; 0 pieces of Metal 3 work so far
ds4:   expert cache over the last 64 tokens: 240.00 hits, 2.27 misses, 2.27 evictions a token; 9648 of 9648 entries live (100.0%)
ds4:   of the address-table holes repaired a token: 0.00 already resident, 2.27 genuinely absent
ds4:   of the repair a token: readahead 1.49 ms, slot preparation 0.26 ms, reads 1.39 ms, install 0.01 ms, over 2.27 loads
ds4:   Engram rows written at step start in 4096 steps; layer-13 drains 0
ds4:   residency a token: 0.00 adds, 0.00 removes, 0.00 commits
ds4: V4.1 static context buffers 3435.75 MiB (ctx=8192), Engram disk-only
ds4: V4.1 static context buffers 3435.75 MiB (ctx=8192), Engram disk-only
ds4:   decode path so far: 4160 single-row steps (102.0 ms each inside the graph over the last 64), 0 K-row verification steps over 0 positions, 0 batch-fusion sites taken; candidate K none
ds4: gate over tokens 4097-4160: 18.05 command buffers, 6.03 aborts, 240.0 expert ids accounted, 83.80 MiB loaded a token; 0 the gate failed to switch off, 0 it could not gate
ds4:   one token, exclusive, same window: entry 0.00 + encode 1.26 + commit-to-done 83.15 + repair-load 10.49 + accounting 0.52 + tail 2.41 = 97.83 of a 101.18 ms wall, residual 3.34
ds4:   of the commit-to-done: GPU running 82.20 ms, GPU not running 0.95 ms
ds4:   1031.5 gated dispatches a token, 3.8 of them behind an abort; 620.1 sent plain ahead of a buffer's first validate
ds4:   encode-ahead: 11.02 segments used, 5.72 dropped, 3.25 ms a token spent encoding under the GPU
ds4:   concurrent sections: 135.25 attempted, 135.25 opened a token
ds4:   speculation: 0.00 layers a token, 0.00 lanes computed, 0.00 matched, 0.00 GEMVs actually saved, 0.00 left to compute; compared 0.00 lanes, 0.00 floats differ, 0.00 by more than an ulp
ds4:   Metal 4: 18.86 command buffers sent, 2031.2 dispatches a token; 0 pieces of Metal 3 work so far
ds4:   expert cache over the last 64 tokens: 239.75 hits, 8.83 misses, 20.83 evictions a token; 8880 of 8880 entries live (100.0%)
ds4:   of the address-table holes repaired a token: 0.00 already resident, 8.83 genuinely absent
ds4:   of the repair a token: readahead 5.63 ms, slot preparation 0.44 ms, reads 4.12 ms, install 0.02 ms, over 8.83 loads
ds4:   Engram rows written at step start in 4160 steps; layer-13 drains 0
ds4:   residency a token: 0.00 adds, 0.00 removes, 0.00 commits
ds4: expert cache lent the prefill headroom for decode: 8880 -> 9648 experts
ds4: expert cache lent the prefill headroom for decode: 8880 -> 9648 experts
ds4:   decode path so far: 4224 single-row steps (95.5 ms each inside the graph over the last 64), 0 K-row verification steps over 0 positions, 0 batch-fusion sites taken; candidate K none
ds4: gate over tokens 4161-4224: 16.47 command buffers, 3.72 aborts, 240.0 expert ids accounted, 40.34 MiB loaded a token; 0 the gate failed to switch off, 0 it could not gate
ds4:   one token, exclusive, same window: entry 0.00 + encode 0.96 + commit-to-done 82.21 + repair-load 5.90 + accounting 0.05 + tail 1.54 = 90.65 of a 93.87 ms wall, residual 3.22
ds4:   of the commit-to-done: GPU running 81.36 ms, GPU not running 0.85 ms
ds4:   985.1 gated dispatches a token, 2.3 of them behind an abort; 514.5 sent plain ahead of a buffer's first validate
ds4:   encode-ahead: 11.75 segments used, 3.53 dropped, 3.16 ms a token spent encoding under the GPU
ds4:   concurrent sections: 114.38 attempted, 114.38 opened a token
ds4:   speculation: 0.00 layers a token, 0.00 lanes computed, 0.00 matched, 0.00 GEMVs actually saved, 0.00 left to compute; compared 0.00 lanes, 0.00 floats differ, 0.00 by more than an ulp
ds4:   Metal 4: 17.03 command buffers sent, 1739.9 dispatches a token; 0 pieces of Metal 3 work so far
ds4:   expert cache over the last 64 tokens: 239.98 hits, 4.25 misses, 2.36 evictions a token; 9001 of 9648 entries live (93.3%)
ds4:   of the address-table holes repaired a token: 0.00 already resident, 4.25 genuinely absent
ds4:   of the repair a token: readahead 3.05 ms, slot preparation 0.20 ms, reads 2.59 ms, install 0.01 ms, over 4.25 loads
ds4:   Engram rows written at step start in 4224 steps; layer-13 drains 0
ds4:   residency a token: 0.00 adds, 0.00 removes, 0.00 commits
ds4:   decode path so far: 4288 single-row steps (97.2 ms each inside the graph over the last 64), 0 K-row verification steps over 0 positions, 0 batch-fusion sites taken; candidate K none
ds4: gate over tokens 4225-4288: 17.34 command buffers, 5.09 aborts, 240.0 expert ids accounted, 55.91 MiB loaded a token; 0 the gate failed to switch off, 0 it could not gate
ds4:   one token, exclusive, same window: entry 0.00 + encode 1.19 + commit-to-done 80.64 + repair-load 8.28 + accounting 0.05 + tail 2.87 = 93.03 of a 96.47 ms wall, residual 3.45
ds4:   of the commit-to-done: GPU running 80.69 ms, GPU not running -0.05 ms
ds4:   1008.8 gated dispatches a token, 4.2 of them behind an abort; 577.6 sent plain ahead of a buffer's first validate
ds4:   encode-ahead: 11.25 segments used, 4.94 dropped, 3.37 ms a token spent encoding under the GPU
ds4:   concurrent sections: 127.34 attempted, 127.34 opened a token
ds4:   speculation: 0.00 layers a token, 0.00 lanes computed, 0.00 matched, 0.00 GEMVs actually saved, 0.00 left to compute; compared 0.00 lanes, 0.00 floats differ, 0.00 by more than an ulp
ds4:   Metal 4: 18.34 command buffers sent, 1913.9 dispatches a token; 0 pieces of Metal 3 work so far
ds4:   expert cache over the last 64 tokens: 240.00 hits, 5.89 misses, 0.00 evictions a token; 9378 of 9648 entries live (97.2%)
ds4:   of the address-table holes repaired a token: 0.00 already resident, 5.89 genuinely absent
ds4:   of the repair a token: readahead 4.45 ms, slot preparation 0.01 ms, reads 3.79 ms, install 0.02 ms, over 5.89 loads
ds4:   Engram rows written at step start in 4288 steps; layer-13 drains 0
ds4:   residency a token: 0.00 adds, 0.00 removes, 0.00 commits
ds4:   decode path so far: 4352 single-row steps (95.1 ms each inside the graph over the last 64), 0 K-row verification steps over 0 positions, 0 batch-fusion sites taken; candidate K none
ds4: gate over tokens 4289-4352: 16.25 command buffers, 3.48 aborts, 240.0 expert ids accounted, 36.04 MiB loaded a token; 0 the gate failed to switch off, 0 it could not gate
ds4:   one token, exclusive, same window: entry 0.00 + encode 0.92 + commit-to-done 81.27 + repair-load 5.58 + accounting 0.05 + tail 2.88 = 90.70 of a 93.89 ms wall, residual 3.18
ds4:   of the commit-to-done: GPU running 81.83 ms, GPU not running -0.56 ms
ds4:   984.8 gated dispatches a token, 0.0 of them behind an abort; 503.1 sent plain ahead of a buffer's first validate
ds4:   encode-ahead: 11.77 segments used, 3.36 dropped, 3.13 ms a token spent encoding under the GPU
ds4:   concurrent sections: 111.84 attempted, 111.84 opened a token
ds4:   speculation: 0.00 layers a token, 0.00 lanes computed, 0.00 matched, 0.00 GEMVs actually saved, 0.00 left to compute; compared 0.00 lanes, 0.00 floats differ, 0.00 by more than an ulp
ds4:   Metal 4: 17.25 command buffers sent, 1711.6 dispatches a token; 0 pieces of Metal 3 work so far
ds4:   expert cache over the last 64 tokens: 240.00 hits, 3.80 misses, 0.00 evictions a token; 9621 of 9648 entries live (99.7%)
ds4:   of the address-table holes repaired a token: 0.00 already resident, 3.80 genuinely absent
ds4:   of the repair a token: readahead 2.72 ms, slot preparation 0.01 ms, reads 2.83 ms, install 0.01 ms, over 3.80 loads
ds4:   Engram rows written at step start in 4352 steps; layer-13 drains 0
ds4:   residency a token: 0.00 adds, 0.00 removes, 0.00 commits
ds4:   decode path so far: 4416 single-row steps (96.1 ms each inside the graph over the last 64), 0 K-row verification steps over 0 positions, 0 batch-fusion sites taken; candidate K none
ds4: gate over tokens 4353-4416: 16.80 command buffers, 4.09 aborts, 240.0 expert ids accounted, 50.72 MiB loaded a token; 0 the gate failed to switch off, 0 it could not gate
ds4:   one token, exclusive, same window: entry 0.00 + encode 1.04 + commit-to-done 80.79 + repair-load 7.14 + accounting 0.05 + tail 2.80 = 91.81 of a 95.10 ms wall, residual 3.29
ds4:   of the commit-to-done: GPU running 81.04 ms, GPU not running -0.25 ms
ds4:   1006.2 gated dispatches a token, 1.4 of them behind an abort; 539.1 sent plain ahead of a buffer's first validate
ds4:   encode-ahead: 11.70 segments used, 3.95 dropped, 3.22 ms a token spent encoding under the GPU
ds4:   concurrent sections: 118.25 attempted, 118.25 opened a token
ds4:   speculation: 0.00 layers a token, 0.00 lanes computed, 0.00 matched, 0.00 GEMVs actually saved, 0.00 left to compute; compared 0.00 lanes, 0.00 floats differ, 0.00 by more than an ulp
ds4:   Metal 4: 17.80 command buffers sent, 1809.0 dispatches a token; 0 pieces of Metal 3 work so far
ds4:   expert cache over the last 64 tokens: 240.00 hits, 5.34 misses, 4.92 evictions a token; 9648 of 9648 entries live (100.0%)
ds4:   of the address-table holes repaired a token: 0.00 already resident, 5.34 genuinely absent
ds4:   of the repair a token: readahead 3.78 ms, slot preparation 0.36 ms, reads 2.85 ms, install 0.02 ms, over 5.34 loads
ds4:   Engram rows written at step start in 4416 steps; layer-13 drains 0
ds4:   residency a token: 0.00 adds, 0.00 removes, 0.00 commits
ds4:   decode path so far: 4480 single-row steps (98.7 ms each inside the graph over the last 64), 0 K-row verification steps over 0 positions, 0 batch-fusion sites taken; candidate K none
ds4: gate over tokens 4417-4480: 15.89 command buffers, 2.70 aborts, 240.0 expert ids accounted, 27.88 MiB loaded a token; 0 the gate failed to switch off, 0 it could not gate
ds4:   one token, exclusive, same window: entry 0.00 + encode 0.84 + commit-to-done 86.40 + repair-load 4.42 + accounting 0.05 + tail 2.96 = 94.67 of a 98.03 ms wall, residual 3.35
ds4:   of the commit-to-done: GPU running 87.28 ms, GPU not running -0.87 ms
ds4:   998.7 gated dispatches a token, 3.9 of them behind an abort; 490.7 sent plain ahead of a buffer's first validate
ds4:   encode-ahead: 12.19 segments used, 2.56 dropped, 3.30 ms a token spent encoding under the GPU
ds4:   concurrent sections: 105.16 attempted, 105.16 opened a token
ds4:   speculation: 0.00 layers a token, 0.00 lanes computed, 0.00 matched, 0.00 GEMVs actually saved, 0.00 left to compute; compared 0.00 lanes, 0.00 floats differ, 0.00 by more than an ulp
ds4:   Metal 4: 16.89 command buffers sent, 1671.7 dispatches a token; 0 pieces of Metal 3 work so far
ds4:   expert cache over the last 64 tokens: 240.00 hits, 2.94 misses, 2.94 evictions a token; 9648 of 9648 entries live (100.0%)
ds4:   of the address-table holes repaired a token: 0.00 already resident, 2.94 genuinely absent
ds4:   of the repair a token: readahead 2.18 ms, slot preparation 0.34 ms, reads 1.84 ms, install 0.01 ms, over 2.94 loads
ds4:   Engram rows written at step start in 4480 steps; layer-13 drains 0
ds4:   residency a token: 0.00 adds, 0.00 removes, 0.00 commits
ds4:   decode path so far: 4544 single-row steps (101.8 ms each inside the graph over the last 64), 0 K-row verification steps over 0 positions, 0 batch-fusion sites taken; candidate K none
ds4: gate over tokens 4481-4544: 15.62 command buffers, 2.56 aborts, 240.0 expert ids accounted, 26.10 MiB loaded a token; 0 the gate failed to switch off, 0 it could not gate
ds4:   one token, exclusive, same window: entry 0.00 + encode 0.88 + commit-to-done 88.08 + repair-load 4.77 + accounting 0.04 + tail 3.08 = 96.85 of a 100.27 ms wall, residual 3.42
ds4:   of the commit-to-done: GPU running 89.11 ms, GPU not running -1.03 ms
ds4:   998.5 gated dispatches a token, 2.9 of them behind an abort; 476.2 sent plain ahead of a buffer's first validate
ds4:   encode-ahead: 12.06 segments used, 2.44 dropped, 3.37 ms a token spent encoding under the GPU
ds4:   concurrent sections: 103.28 attempted, 103.28 opened a token
ds4:   speculation: 0.00 layers a token, 0.00 lanes computed, 0.00 matched, 0.00 GEMVs actually saved, 0.00 left to compute; compared 0.00 lanes, 0.00 floats differ, 0.00 by more than an ulp
ds4:   Metal 4: 16.62 command buffers sent, 1640.9 dispatches a token; 0 pieces of Metal 3 work so far
ds4:   expert cache over the last 64 tokens: 239.98 hits, 2.75 misses, 2.75 evictions a token; 9648 of 9648 entries live (100.0%)
ds4:   of the address-table holes repaired a token: 0.00 already resident, 2.75 genuinely absent
ds4:   of the repair a token: readahead 2.30 ms, slot preparation 0.36 ms, reads 2.05 ms, install 0.01 ms, over 2.75 loads
ds4:   Engram rows written at step start in 4544 steps; layer-13 drains 0
ds4:   residency a token: 0.00 adds, 0.00 removes, 0.00 commits
ds4:   decode path so far: 4608 single-row steps (98.5 ms each inside the graph over the last 64), 0 K-row verification steps over 0 positions, 0 batch-fusion sites taken; candidate K none
ds4: gate over tokens 4545-4608: 15.09 command buffers, 1.58 aborts, 240.0 expert ids accounted, 15.72 MiB loaded a token; 0 the gate failed to switch off, 0 it could not gate
ds4:   one token, exclusive, same window: entry 0.00 + encode 0.67 + commit-to-done 87.52 + repair-load 2.63 + accounting 0.05 + tail 3.11 = 93.98 of a 97.38 ms wall, residual 3.40
ds4:   of the commit-to-done: GPU running 89.10 ms, GPU not running -1.58 ms
ds4:   983.1 gated dispatches a token, 0.0 of them behind an abort; 431.5 sent plain ahead of a buffer's first validate
ds4:   encode-ahead: 12.52 segments used, 1.48 dropped, 3.36 ms a token spent encoding under the GPU
ds4:   concurrent sections: 94.41 attempted, 94.41 opened a token
ds4:   speculation: 0.00 layers a token, 0.00 lanes computed, 0.00 matched, 0.00 GEMVs actually saved, 0.00 left to compute; compared 0.00 lanes, 0.00 floats differ, 0.00 by more than an ulp
ds4:   Metal 4: 16.09 command buffers sent, 1521.5 dispatches a token; 0 pieces of Metal 3 work so far
ds4:   expert cache over the last 64 tokens: 240.00 hits, 1.66 misses, 1.66 evictions a token; 9648 of 9648 entries live (100.0%)
ds4:   of the address-table holes repaired a token: 0.00 already resident, 1.66 genuinely absent
ds4:   of the repair a token: readahead 1.07 ms, slot preparation 0.25 ms, reads 1.28 ms, install 0.01 ms, over 1.66 loads
ds4:   Engram rows written at step start in 4608 steps; layer-13 drains 0
ds4:   residency a token: 0.00 adds, 0.00 removes, 0.00 commits
ds4:   decode path so far: 4672 single-row steps (98.4 ms each inside the graph over the last 64), 0 K-row verification steps over 0 positions, 0 batch-fusion sites taken; candidate K none
ds4: gate over tokens 4609-4672: 15.94 command buffers, 3.08 aborts, 240.0 expert ids accounted, 33.37 MiB loaded a token; 0 the gate failed to switch off, 0 it could not gate
ds4:   one token, exclusive, same window: entry 0.00 + encode 1.07 + commit-to-done 84.04 + repair-load 5.23 + accounting 0.05 + tail 2.94 = 93.33 of a 97.34 ms wall, residual 4.01
ds4:   of the commit-to-done: GPU running 85.17 ms, GPU not running -1.13 ms
ds4:   998.2 gated dispatches a token, 4.8 of them behind an abort; 498.3 sent plain ahead of a buffer's first validate
ds4:   encode-ahead: 11.86 segments used, 2.88 dropped, 3.94 ms a token spent encoding under the GPU
ds4:   concurrent sections: 107.62 attempted, 107.62 opened a token
ds4:   speculation: 0.00 layers a token, 0.00 lanes computed, 0.00 matched, 0.00 GEMVs actually saved, 0.00 left to compute; compared 0.00 lanes, 0.00 floats differ, 0.00 by more than an ulp
ds4:   Metal 4: 16.94 command buffers sent, 1696.3 dispatches a token; 0 pieces of Metal 3 work so far
ds4:   expert cache over the last 64 tokens: 240.00 hits, 3.52 misses, 3.52 evictions a token; 9648 of 9648 entries live (100.0%)
ds4:   of the address-table holes repaired a token: 0.00 already resident, 3.52 genuinely absent
ds4:   of the repair a token: readahead 2.62 ms, slot preparation 0.40 ms, reads 2.12 ms, install 0.02 ms, over 3.52 loads
ds4:   Engram rows written at step start in 4672 steps; layer-13 drains 0
ds4:   residency a token: 0.00 adds, 0.00 removes, 0.00 commits
ds4: V4.1 static context buffers 3435.75 MiB (ctx=8192), Engram disk-only
ds4: V4.1 static context buffers 3435.75 MiB (ctx=8192), Engram disk-only
ds4:   decode path so far: 4736 single-row steps (128.7 ms each inside the graph over the last 64), 0 K-row verification steps over 0 positions, 0 batch-fusion sites taken; candidate K none
ds4: gate over tokens 4673-4736: 15.62 command buffers, 2.30 aborts, 240.0 expert ids accounted, 23.43 MiB loaded a token; 0 the gate failed to switch off, 0 it could not gate
ds4:   one token, exclusive, same window: entry 0.00 + encode 0.67 + commit-to-done 118.93 + repair-load 3.48 + accounting 0.05 + tail 1.41 = 124.54 of a 127.49 ms wall, residual 2.95
ds4:   of the commit-to-done: GPU running 1281.32 ms, GPU not running -1162.39 ms
ds4:   989.9 gated dispatches a token, 2.8 of them behind an abort; 464.0 sent plain ahead of a buffer's first validate
ds4:   encode-ahead: 12.33 segments used, 2.12 dropped, 2.91 ms a token spent encoding under the GPU
ds4:   concurrent sections: 100.72 attempted, 100.72 opened a token
ds4:   speculation: 0.00 layers a token, 0.00 lanes computed, 0.00 matched, 0.00 GEMVs actually saved, 0.00 left to compute; compared 0.00 lanes, 0.00 floats differ, 0.00 by more than an ulp
ds4:   Metal 4: 19.23 command buffers sent, 3866.6 dispatches a token; 0 pieces of Metal 3 work so far
ds4:   expert cache over the last 64 tokens: 304.20 hits, 76.08 misses, 88.08 evictions a token; 8880 of 8880 entries live (100.0%)
ds4:   of the address-table holes repaired a token: 0.00 already resident, 2.47 genuinely absent
ds4:   of the repair a token: readahead 1.53 ms, slot preparation 0.44 ms, reads 1.65 ms, install 0.08 ms, over 76.08 loads
ds4:   Engram rows written at step start in 4736 steps; layer-13 drains 0
ds4:   residency a token: 0.00 adds, 0.00 removes, 0.00 commits
ds4:   decode path so far: 4800 single-row steps (97.5 ms each inside the graph over the last 64), 0 K-row verification steps over 0 positions, 0 batch-fusion sites taken; candidate K none
ds4: gate over tokens 4737-4800: 15.81 command buffers, 2.67 aborts, 240.0 expert ids accounted, 26.25 MiB loaded a token; 0 the gate failed to switch off, 0 it could not gate
ds4:   one token, exclusive, same window: entry 0.00 + encode 0.66 + commit-to-done 89.64 + repair-load 3.72 + accounting 0.05 + tail 0.00 = 94.07 of a 96.51 ms wall, residual 2.44
ds4:   of the commit-to-done: GPU running 87.21 ms, GPU not running 2.43 ms
ds4:   992.8 gated dispatches a token, 2.8 of them behind an abort; 479.4 sent plain ahead of a buffer's first validate
ds4:   encode-ahead: 12.14 segments used, 2.48 dropped, 2.39 ms a token spent encoding under the GPU
ds4:   concurrent sections: 104.62 attempted, 104.62 opened a token
ds4:   speculation: 0.00 layers a token, 0.00 lanes computed, 0.00 matched, 0.00 GEMVs actually saved, 0.00 left to compute; compared 0.00 lanes, 0.00 floats differ, 0.00 by more than an ulp
ds4:   Metal 4: 15.81 command buffers sent, 1642.9 dispatches a token; 0 pieces of Metal 3 work so far
ds4:   expert cache over the last 64 tokens: 240.00 hits, 2.77 misses, 2.77 evictions a token; 8880 of 8880 entries live (100.0%)
ds4:   of the address-table holes repaired a token: 0.00 already resident, 2.77 genuinely absent
ds4:   of the repair a token: readahead 1.56 ms, slot preparation 0.30 ms, reads 1.82 ms, install 0.01 ms, over 2.77 loads
ds4:   Engram rows written at step start in 4800 steps; layer-13 drains 0
ds4:   residency a token: 0.00 adds, 0.00 removes, 0.00 commits
ds4:   decode path so far: 4864 single-row steps (110.2 ms each inside the graph over the last 64), 0 K-row verification steps over 0 positions, 0 batch-fusion sites taken; candidate K none
ds4: gate over tokens 4801-4864: 16.27 command buffers, 3.09 aborts, 240.0 expert ids accounted, 33.52 MiB loaded a token; 0 the gate failed to switch off, 0 it could not gate
ds4:   one token, exclusive, same window: entry 0.00 + encode 0.95 + commit-to-done 100.08 + repair-load 5.08 + accounting 0.05 + tail 0.00 = 106.16 of a 109.42 ms wall, residual 3.26
ds4:   of the commit-to-done: GPU running 97.28 ms, GPU not running 2.80 ms
ds4:   1007.7 gated dispatches a token, 5.2 of them behind an abort; 503.5 sent plain ahead of a buffer's first validate
ds4:   encode-ahead: 12.17 segments used, 2.86 dropped, 3.20 ms a token spent encoding under the GPU
ds4:   concurrent sections: 109.16 attempted, 109.16 opened a token
ds4:   speculation: 0.00 layers a token, 0.00 lanes computed, 0.00 matched, 0.00 GEMVs actually saved, 0.00 left to compute; compared 0.00 lanes, 0.00 floats differ, 0.00 by more than an ulp
ds4:   Metal 4: 16.27 command buffers sent, 1705.3 dispatches a token; 0 pieces of Metal 3 work so far
ds4:   expert cache over the last 64 tokens: 239.98 hits, 3.53 misses, 3.53 evictions a token; 8880 of 8880 entries live (100.0%)
ds4:   of the address-table holes repaired a token: 0.00 already resident, 3.53 genuinely absent
ds4:   of the repair a token: readahead 2.47 ms, slot preparation 0.37 ms, reads 2.16 ms, install 0.02 ms, over 3.53 loads
ds4:   Engram rows written at step start in 4864 steps; layer-13 drains 0
ds4:   residency a token: 0.00 adds, 0.00 removes, 0.00 commits
ds4:   decode path so far: 4928 single-row steps (96.6 ms each inside the graph over the last 64), 0 K-row verification steps over 0 positions, 0 batch-fusion sites taken; candidate K none
ds4: gate over tokens 4865-4928: 16.05 command buffers, 3.09 aborts, 240.0 expert ids accounted, 32.04 MiB loaded a token; 0 the gate failed to switch off, 0 it could not gate
ds4:   one token, exclusive, same window: entry 0.00 + encode 0.91 + commit-to-done 86.49 + repair-load 5.26 + accounting 0.04 + tail 0.00 = 92.71 of a 95.86 ms wall, residual 3.16
ds4:   of the commit-to-done: GPU running 84.52 ms, GPU not running 1.97 ms
ds4:   993.9 gated dispatches a token, 2.3 of them behind an abort; 499.3 sent plain ahead of a buffer's first validate
ds4:   encode-ahead: 11.95 segments used, 2.94 dropped, 3.11 ms a token spent encoding under the GPU
ds4:   concurrent sections: 108.28 attempted, 108.28 opened a token
ds4:   speculation: 0.00 layers a token, 0.00 lanes computed, 0.00 matched, 0.00 GEMVs actually saved, 0.00 left to compute; compared 0.00 lanes, 0.00 floats differ, 0.00 by more than an ulp
ds4:   Metal 4: 16.05 command buffers sent, 1687.1 dispatches a token; 0 pieces of Metal 3 work so far
ds4:   expert cache over the last 64 tokens: 240.00 hits, 3.38 misses, 3.38 evictions a token; 8880 of 8880 entries live (100.0%)
ds4:   of the address-table holes repaired a token: 0.00 already resident, 3.38 genuinely absent
ds4:   of the repair a token: readahead 2.68 ms, slot preparation 0.39 ms, reads 2.12 ms, install 0.01 ms, over 3.38 loads
ds4:   Engram rows written at step start in 4928 steps; layer-13 drains 0
ds4:   residency a token: 0.00 adds, 0.00 removes, 0.00 commits
ds4:   decode path so far: 4992 single-row steps (95.1 ms each inside the graph over the last 64), 0 K-row verification steps over 0 positions, 0 batch-fusion sites taken; candidate K none
ds4: gate over tokens 4929-4992: 16.06 command buffers, 2.92 aborts, 240.0 expert ids accounted, 28.62 MiB loaded a token; 0 the gate failed to switch off, 0 it could not gate
ds4:   one token, exclusive, same window: entry 0.00 + encode 0.88 + commit-to-done 85.33 + repair-load 4.59 + accounting 0.05 + tail 0.00 = 90.84 of a 94.06 ms wall, residual 3.22
ds4:   of the commit-to-done: GPU running 83.43 ms, GPU not running 1.90 ms
ds4:   999.2 gated dispatches a token, 1.4 of them behind an abort; 496.1 sent plain ahead of a buffer's first validate
ds4:   encode-ahead: 12.14 segments used, 2.83 dropped, 3.16 ms a token spent encoding under the GPU
ds4:   concurrent sections: 107.72 attempted, 107.72 opened a token
ds4:   speculation: 0.00 layers a token, 0.00 lanes computed, 0.00 matched, 0.00 GEMVs actually saved, 0.00 left to compute; compared 0.00 lanes, 0.00 floats differ, 0.00 by more than an ulp
ds4:   Metal 4: 16.06 command buffers sent, 1682.7 dispatches a token; 0 pieces of Metal 3 work so far
ds4:   expert cache over the last 64 tokens: 240.00 hits, 3.02 misses, 3.02 evictions a token; 8880 of 8880 entries live (100.0%)
ds4:   of the address-table holes repaired a token: 0.00 already resident, 3.02 genuinely absent
ds4:   of the repair a token: readahead 2.20 ms, slot preparation 0.39 ms, reads 1.96 ms, install 0.01 ms, over 3.02 loads
ds4:   Engram rows written at step start in 4992 steps; layer-13 drains 0
ds4:   residency a token: 0.00 adds, 0.00 removes, 0.00 commits
ds4:   decode path so far: 5056 single-row steps (94.6 ms each inside the graph over the last 64), 0 K-row verification steps over 0 positions, 0 batch-fusion sites taken; candidate K none
ds4: gate over tokens 4993-5056: 16.48 command buffers, 3.53 aborts, 240.0 expert ids accounted, 36.78 MiB loaded a token; 0 the gate failed to switch off, 0 it could not gate
ds4:   one token, exclusive, same window: entry 0.00 + encode 0.95 + commit-to-done 83.54 + repair-load 5.72 + accounting 0.05 + tail 0.00 = 90.25 of a 93.45 ms wall, residual 3.20
ds4:   of the commit-to-done: GPU running 81.38 ms, GPU not running 2.15 ms
ds4:   1005.2 gated dispatches a token, 1.9 of them behind an abort; 525.5 sent plain ahead of a buffer's first validate
ds4:   encode-ahead: 11.95 segments used, 3.38 dropped, 3.14 ms a token spent encoding under the GPU
ds4:   concurrent sections: 112.88 attempted, 112.88 opened a token
ds4:   speculation: 0.00 layers a token, 0.00 lanes computed, 0.00 matched, 0.00 GEMVs actually saved, 0.00 left to compute; compared 0.00 lanes, 0.00 floats differ, 0.00 by more than an ulp
ds4:   Metal 4: 16.48 command buffers sent, 1752.1 dispatches a token; 0 pieces of Metal 3 work so far
ds4:   expert cache over the last 64 tokens: 240.00 hits, 3.88 misses, 3.88 evictions a token; 8880 of 8880 entries live (100.0%)
ds4:   of the address-table holes repaired a token: 0.00 already resident, 3.88 genuinely absent
ds4:   of the repair a token: readahead 2.84 ms, slot preparation 0.42 ms, reads 2.38 ms, install 0.01 ms, over 3.88 loads
ds4:   Engram rows written at step start in 5056 steps; layer-13 drains 0
ds4:   residency a token: 0.00 adds, 0.00 removes, 0.00 commits
ds4:   decode path so far: 5120 single-row steps (96.7 ms each inside the graph over the last 64), 0 K-row verification steps over 0 positions, 0 batch-fusion sites taken; candidate K none
ds4: gate over tokens 5057-5120: 16.52 command buffers, 3.72 aborts, 240.0 expert ids accounted, 38.41 MiB loaded a token; 0 the gate failed to switch off, 0 it could not gate
ds4:   one token, exclusive, same window: entry 0.00 + encode 1.00 + commit-to-done 85.38 + repair-load 6.07 + accounting 0.05 + tail 0.00 = 92.49 of a 95.78 ms wall, residual 3.30
ds4:   of the commit-to-done: GPU running 83.24 ms, GPU not running 2.14 ms
ds4:   1002.4 gated dispatches a token, 2.8 of them behind an abort; 529.9 sent plain ahead of a buffer's first validate
ds4:   encode-ahead: 11.80 segments used, 3.56 dropped, 3.24 ms a token spent encoding under the GPU
ds4:   concurrent sections: 114.28 attempted, 114.28 opened a token
ds4:   speculation: 0.00 layers a token, 0.00 lanes computed, 0.00 matched, 0.00 GEMVs actually saved, 0.00 left to compute; compared 0.00 lanes, 0.00 floats differ, 0.00 by more than an ulp
ds4:   Metal 4: 16.52 command buffers sent, 1772.4 dispatches a token; 0 pieces of Metal 3 work so far
ds4:   expert cache over the last 64 tokens: 240.00 hits, 4.05 misses, 4.05 evictions a token; 8880 of 8880 entries live (100.0%)
ds4:   of the address-table holes repaired a token: 0.00 already resident, 4.05 genuinely absent
ds4:   of the repair a token: readahead 3.18 ms, slot preparation 0.45 ms, reads 2.36 ms, install 0.02 ms, over 4.05 loads
ds4:   Engram rows written at step start in 5120 steps; layer-13 drains 0
ds4:   residency a token: 0.00 adds, 0.00 removes, 0.00 commits
ds4:   decode path so far: 5184 single-row steps (94.5 ms each inside the graph over the last 64), 0 K-row verification steps over 0 positions, 0 batch-fusion sites taken; candidate K none
ds4: gate over tokens 5121-5184: 15.94 command buffers, 2.84 aborts, 240.0 expert ids accounted, 28.92 MiB loaded a token; 0 the gate failed to switch off, 0 it could not gate
ds4:   one token, exclusive, same window: entry 0.00 + encode 0.81 + commit-to-done 82.68 + repair-load 6.86 + accounting 0.05 + tail 0.00 = 90.39 of a 93.53 ms wall, residual 3.13
ds4:   of the commit-to-done: GPU running 80.81 ms, GPU not running 1.87 ms
ds4:   983.8 gated dispatches a token, 0.9 of them behind an abort; 489.0 sent plain ahead of a buffer's first validate
ds4:   encode-ahead: 12.09 segments used, 2.73 dropped, 3.08 ms a token spent encoding under the GPU
ds4:   concurrent sections: 106.22 attempted, 106.22 opened a token
ds4:   speculation: 0.00 layers a token, 0.00 lanes computed, 0.00 matched, 0.00 GEMVs actually saved, 0.00 left to compute; compared 0.00 lanes, 0.00 floats differ, 0.00 by more than an ulp
ds4:   Metal 4: 15.94 command buffers sent, 1661.4 dispatches a token; 0 pieces of Metal 3 work so far
ds4:   expert cache over the last 64 tokens: 240.00 hits, 3.05 misses, 3.05 evictions a token; 8880 of 8880 entries live (100.0%)
ds4:   of the address-table holes repaired a token: 0.00 already resident, 3.05 genuinely absent
ds4:   of the repair a token: readahead 4.54 ms, slot preparation 0.34 ms, reads 1.93 ms, install 0.01 ms, over 3.05 loads
ds4:   Engram rows written at step start in 5184 steps; layer-13 drains 0
ds4:   residency a token: 0.00 adds, 0.00 removes, 0.00 commits
ds4:   decode path so far: 5248 single-row steps (99.5 ms each inside the graph over the last 64), 0 K-row verification steps over 0 positions, 0 batch-fusion sites taken; candidate K none
ds4: gate over tokens 5185-5248: 15.81 command buffers, 2.58 aborts, 240.0 expert ids accounted, 25.07 MiB loaded a token; 0 the gate failed to switch off, 0 it could not gate
ds4:   one token, exclusive, same window: entry 0.00 + encode 0.86 + commit-to-done 89.48 + repair-load 4.12 + accounting 0.04 + tail 0.00 = 94.50 of a 97.76 ms wall, residual 3.25
ds4:   of the commit-to-done: GPU running 87.61 ms, GPU not running 1.87 ms
ds4:   990.6 gated dispatches a token, 0.5 of them behind an abort; 480.0 sent plain ahead of a buffer's first validate
ds4:   encode-ahead: 12.23 segments used, 2.50 dropped, 3.20 ms a token spent encoding under the GPU
ds4:   concurrent sections: 104.25 attempted, 104.25 opened a token
ds4:   speculation: 0.00 layers a token, 0.00 lanes computed, 0.00 matched, 0.00 GEMVs actually saved, 0.00 left to compute; compared 0.00 lanes, 0.00 floats differ, 0.00 by more than an ulp
ds4:   Metal 4: 15.81 command buffers sent, 1635.9 dispatches a token; 0 pieces of Metal 3 work so far
ds4:   expert cache over the last 64 tokens: 240.00 hits, 2.64 misses, 2.64 evictions a token; 8880 of 8880 entries live (100.0%)
ds4:   of the address-table holes repaired a token: 0.00 already resident, 2.64 genuinely absent
ds4:   of the repair a token: readahead 2.03 ms, slot preparation 0.39 ms, reads 1.67 ms, install 0.01 ms, over 2.64 loads
ds4:   Engram rows written at step start in 5248 steps; layer-13 drains 0
ds4:   residency a token: 0.00 adds, 0.00 removes, 0.00 commits
ds4:   decode path so far: 5312 single-row steps (94.8 ms each inside the graph over the last 64), 0 K-row verification steps over 0 positions, 0 batch-fusion sites taken; candidate K none
ds4: gate over tokens 5249-5312: 16.16 command buffers, 3.31 aborts, 240.0 expert ids accounted, 32.93 MiB loaded a token; 0 the gate failed to switch off, 0 it could not gate
ds4:   one token, exclusive, same window: entry 0.00 + encode 0.92 + commit-to-done 85.11 + repair-load 5.16 + accounting 0.05 + tail 0.00 = 91.23 of a 94.37 ms wall, residual 3.14
ds4:   of the commit-to-done: GPU running 83.11 ms, GPU not running 2.00 ms
ds4:   991.1 gated dispatches a token, 2.3 of them behind an abort; 508.0 sent plain ahead of a buffer's first validate
ds4:   encode-ahead: 11.84 segments used, 3.16 dropped, 3.09 ms a token spent encoding under the GPU
ds4:   concurrent sections: 110.00 attempted, 110.00 opened a token
ds4:   speculation: 0.00 layers a token, 0.00 lanes computed, 0.00 matched, 0.00 GEMVs actually saved, 0.00 left to compute; compared 0.00 lanes, 0.00 floats differ, 0.00 by more than an ulp
ds4:   Metal 4: 16.16 command buffers sent, 1708.5 dispatches a token; 0 pieces of Metal 3 work so far
ds4:   expert cache over the last 64 tokens: 240.00 hits, 3.47 misses, 3.47 evictions a token; 8880 of 8880 entries live (100.0%)
ds4:   of the address-table holes repaired a token: 0.00 already resident, 3.47 genuinely absent
ds4:   of the repair a token: readahead 2.54 ms, slot preparation 0.40 ms, reads 2.18 ms, install 0.01 ms, over 3.47 loads
ds4:   Engram rows written at step start in 5312 steps; layer-13 drains 0
ds4:   residency a token: 0.00 adds, 0.00 removes, 0.00 commits
ds4:   decode path so far: 5376 single-row steps (96.4 ms each inside the graph over the last 64), 0 K-row verification steps over 0 positions, 0 batch-fusion sites taken; candidate K none
ds4: gate over tokens 5313-5376: 16.97 command buffers, 4.39 aborts, 240.0 expert ids accounted, 45.98 MiB loaded a token; 0 the gate failed to switch off, 0 it could not gate
ds4:   one token, exclusive, same window: entry 0.00 + encode 1.13 + commit-to-done 83.45 + repair-load 6.96 + accounting 0.04 + tail 0.00 = 91.59 of a 94.94 ms wall, residual 3.35
ds4:   of the commit-to-done: GPU running 81.28 ms, GPU not running 2.18 ms
ds4:   1014.6 gated dispatches a token, 2.8 of them behind an abort; 560.5 sent plain ahead of a buffer's first validate
ds4:   encode-ahead: 11.58 segments used, 4.20 dropped, 3.28 ms a token spent encoding under the GPU
ds4:   concurrent sections: 120.84 attempted, 120.84 opened a token
ds4:   speculation: 0.00 layers a token, 0.00 lanes computed, 0.00 matched, 0.00 GEMVs actually saved, 0.00 left to compute; compared 0.00 lanes, 0.00 floats differ, 0.00 by more than an ulp
ds4:   Metal 4: 16.97 command buffers sent, 1860.8 dispatches a token; 0 pieces of Metal 3 work so far
ds4:   expert cache over the last 64 tokens: 240.00 hits, 4.84 misses, 4.84 evictions a token; 8880 of 8880 entries live (100.0%)
ds4:   of the address-table holes repaired a token: 0.00 already resident, 4.84 genuinely absent
ds4:   of the repair a token: readahead 3.44 ms, slot preparation 0.48 ms, reads 2.95 ms, install 0.02 ms, over 4.84 loads
ds4:   Engram rows written at step start in 5376 steps; layer-13 drains 0
ds4:   residency a token: 0.00 adds, 0.00 removes, 0.00 commits
ds4: expert cache lent the prefill headroom for decode: 8880 -> 9648 experts
ds4:   decode path so far: 5440 single-row steps (131.9 ms each inside the graph over the last 64), 0 K-row verification steps over 0 positions, 0 batch-fusion sites taken; candidate K none
ds4: gate over tokens 5377-5440: 17.88 command buffers, 5.64 aborts, 240.0 expert ids accounted, 64.52 MiB loaded a token; 0 the gate failed to switch off, 0 it could not gate
ds4:   one token, exclusive, same window: entry 0.00 + encode 1.19 + commit-to-done 115.00 + repair-load 11.00 + accounting 0.05 + tail 0.00 = 127.24 of a 130.30 ms wall, residual 3.05
ds4:   of the commit-to-done: GPU running 1254.86 ms, GPU not running -1139.86 ms
ds4:   1035.1 gated dispatches a token, 5.2 of them behind an abort; 619.4 sent plain ahead of a buffer's first validate
ds4:   encode-ahead: 11.23 segments used, 5.41 dropped, 2.97 ms a token spent encoding under the GPU
ds4:   concurrent sections: 132.50 attempted, 132.50 opened a token
ds4:   speculation: 0.00 layers a token, 0.00 lanes computed, 0.00 matched, 0.00 GEMVs actually saved, 0.00 left to compute; compared 0.00 lanes, 0.00 floats differ, 0.00 by more than an ulp
ds4:   Metal 4: 21.03 command buffers sent, 4289.9 dispatches a token; 0 pieces of Metal 3 work so far
ds4:   expert cache over the last 64 tokens: 341.84 hits, 43.03 misses, 43.03 evictions a token; 8880 of 8880 entries live (100.0%)
ds4:   of the address-table holes repaired a token: 0.00 already resident, 6.80 genuinely absent
ds4:   of the repair a token: readahead 6.74 ms, slot preparation 0.73 ms, reads 3.59 ms, install 0.06 ms, over 43.03 loads
ds4:   Engram rows written at step start in 5440 steps; layer-13 drains 0
ds4:   residency a token: 0.00 adds, 0.00 removes, 0.00 commits
ds4:   decode path so far: 5504 single-row steps (96.3 ms each inside the graph over the last 64), 0 K-row verification steps over 0 positions, 0 batch-fusion sites taken; candidate K none
ds4: gate over tokens 5441-5504: 16.03 command buffers, 2.86 aborts, 240.0 expert ids accounted, 28.92 MiB loaded a token; 0 the gate failed to switch off, 0 it could not gate
ds4:   one token, exclusive, same window: entry 0.00 + encode 0.73 + commit-to-done 87.78 + repair-load 4.22 + accounting 0.05 + tail 0.00 = 92.78 of a 95.38 ms wall, residual 2.60
ds4:   of the commit-to-done: GPU running 85.48 ms, GPU not running 2.30 ms
ds4:   1003.0 gated dispatches a token, 2.8 of them behind an abort; 490.2 sent plain ahead of a buffer's first validate
ds4:   encode-ahead: 12.17 segments used, 2.66 dropped, 2.56 ms a token spent encoding under the GPU
ds4:   concurrent sections: 106.72 attempted, 106.72 opened a token
ds4:   speculation: 0.00 layers a token, 0.00 lanes computed, 0.00 matched, 0.00 GEMVs actually saved, 0.00 left to compute; compared 0.00 lanes, 0.00 floats differ, 0.00 by more than an ulp
ds4:   Metal 4: 16.03 command buffers sent, 1671.8 dispatches a token; 0 pieces of Metal 3 work so far
ds4:   expert cache over the last 64 tokens: 240.00 hits, 3.05 misses, 3.05 evictions a token; 8880 of 8880 entries live (100.0%)
ds4:   of the address-table holes repaired a token: 0.00 already resident, 3.05 genuinely absent
ds4:   of the repair a token: readahead 1.90 ms, slot preparation 0.32 ms, reads 1.95 ms, install 0.01 ms, over 3.05 loads
ds4:   Engram rows written at step start in 5504 steps; layer-13 drains 0
ds4:   residency a token: 0.00 adds, 0.00 removes, 0.00 commits
ds4:   decode path so far: 5568 single-row steps (96.0 ms each inside the graph over the last 64), 0 K-row verification steps over 0 positions, 0 batch-fusion sites taken; candidate K none
ds4: gate over tokens 5505-5568: 16.33 command buffers, 3.34 aborts, 240.0 expert ids accounted, 37.08 MiB loaded a token; 0 the gate failed to switch off, 0 it could not gate
ds4:   one token, exclusive, same window: entry 0.00 + encode 0.88 + commit-to-done 85.65 + repair-load 5.33 + accounting 0.05 + tail 0.00 = 91.91 of a 94.86 ms wall, residual 2.95
ds4:   of the commit-to-done: GPU running 83.49 ms, GPU not running 2.16 ms
ds4:   1009.5 gated dispatches a token, 2.8 of them behind an abort; 519.0 sent plain ahead of a buffer's first validate
ds4:   encode-ahead: 11.98 segments used, 3.22 dropped, 2.89 ms a token spent encoding under the GPU
ds4:   concurrent sections: 112.28 attempted, 112.28 opened a token
ds4:   speculation: 0.00 layers a token, 0.00 lanes computed, 0.00 matched, 0.00 GEMVs actually saved, 0.00 left to compute; compared 0.00 lanes, 0.00 floats differ, 0.00 by more than an ulp
ds4:   Metal 4: 16.33 command buffers sent, 1747.8 dispatches a token; 0 pieces of Metal 3 work so far
ds4:   expert cache over the last 64 tokens: 240.00 hits, 3.91 misses, 3.91 evictions a token; 8880 of 8880 entries live (100.0%)
ds4:   of the address-table holes repaired a token: 0.00 already resident, 3.91 genuinely absent
ds4:   of the repair a token: readahead 2.58 ms, slot preparation 0.35 ms, reads 2.32 ms, install 0.01 ms, over 3.91 loads
ds4:   Engram rows written at step start in 5568 steps; layer-13 drains 0
ds4:   residency a token: 0.00 adds, 0.00 removes, 0.00 commits
ds4:   decode path so far: 5632 single-row steps (98.7 ms each inside the graph over the last 64), 0 K-row verification steps over 0 positions, 0 batch-fusion sites taken; candidate K none
ds4: gate over tokens 5569-5632: 16.17 command buffers, 3.39 aborts, 240.0 expert ids accounted, 35.15 MiB loaded a token; 0 the gate failed to switch off, 0 it could not gate
ds4:   one token, exclusive, same window: entry 0.00 + encode 0.87 + commit-to-done 88.66 + repair-load 5.19 + accounting 0.05 + tail 0.00 = 94.78 of a 97.74 ms wall, residual 2.96
ds4:   of the commit-to-done: GPU running 86.19 ms, GPU not running 2.47 ms
ds4:   998.0 gated dispatches a token, 2.8 of them behind an abort; 512.9 sent plain ahead of a buffer's first validate
ds4:   encode-ahead: 11.78 segments used, 3.23 dropped, 2.90 ms a token spent encoding under the GPU
ds4:   concurrent sections: 111.22 attempted, 111.22 opened a token
ds4:   speculation: 0.00 layers a token, 0.00 lanes computed, 0.00 matched, 0.00 GEMVs actually saved, 0.00 left to compute; compared 0.00 lanes, 0.00 floats differ, 0.00 by more than an ulp
ds4:   Metal 4: 16.17 command buffers sent, 1729.7 dispatches a token; 0 pieces of Metal 3 work so far
ds4:   expert cache over the last 64 tokens: 239.98 hits, 3.70 misses, 3.70 evictions a token; 8880 of 8880 entries live (100.0%)
ds4:   of the address-table holes repaired a token: 0.00 already resident, 3.70 genuinely absent
ds4:   of the repair a token: readahead 2.56 ms, slot preparation 0.37 ms, reads 2.19 ms, install 0.01 ms, over 3.70 loads
ds4:   Engram rows written at step start in 5632 steps; layer-13 drains 0
ds4:   residency a token: 0.00 adds, 0.00 removes, 0.00 commits
ds4:   decode path so far: 5696 single-row steps (95.3 ms each inside the graph over the last 64), 0 K-row verification steps over 0 positions, 0 batch-fusion sites taken; candidate K none
ds4: gate over tokens 5633-5696: 16.22 command buffers, 3.14 aborts, 240.0 expert ids accounted, 30.85 MiB loaded a token; 0 the gate failed to switch off, 0 it could not gate
ds4:   one token, exclusive, same window: entry 0.00 + encode 0.88 + commit-to-done 83.12 + repair-load 7.23 + accounting 0.05 + tail 0.00 = 91.28 of a 94.33 ms wall, residual 3.05
ds4:   of the commit-to-done: GPU running 81.00 ms, GPU not running 2.12 ms
ds4:   1003.6 gated dispatches a token, 1.4 of them behind an abort; 507.3 sent plain ahead of a buffer's first validate
ds4:   encode-ahead: 12.08 segments used, 3.06 dropped, 2.99 ms a token spent encoding under the GPU
ds4:   concurrent sections: 109.56 attempted, 109.56 opened a token
ds4:   speculation: 0.00 layers a token, 0.00 lanes computed, 0.00 matched, 0.00 GEMVs actually saved, 0.00 left to compute; compared 0.00 lanes, 0.00 floats differ, 0.00 by more than an ulp
ds4:   Metal 4: 16.22 command buffers sent, 1704.6 dispatches a token; 0 pieces of Metal 3 work so far
ds4:   expert cache over the last 64 tokens: 240.00 hits, 3.25 misses, 3.25 evictions a token; 8880 of 8880 entries live (100.0%)
ds4:   of the address-table holes repaired a token: 0.00 already resident, 3.25 genuinely absent
ds4:   of the repair a token: readahead 4.81 ms, slot preparation 0.39 ms, reads 1.98 ms, install 0.01 ms, over 3.25 loads
ds4:   Engram rows written at step start in 5696 steps; layer-13 drains 0
ds4:   residency a token: 0.00 adds, 0.00 removes, 0.00 commits
ds4:   decode path so far: 5760 single-row steps (96.9 ms each inside the graph over the last 64), 0 K-row verification steps over 0 positions, 0 batch-fusion sites taken; candidate K none
ds4: gate over tokens 5697-5760: 16.66 command buffers, 3.77 aborts, 240.0 expert ids accounted, 39.16 MiB loaded a token; 0 the gate failed to switch off, 0 it could not gate
ds4:   one token, exclusive, same window: entry 0.00 + encode 0.99 + commit-to-done 85.16 + repair-load 6.22 + accounting 0.04 + tail 0.00 = 92.42 of a 95.70 ms wall, residual 3.28
ds4:   of the commit-to-done: GPU running 82.95 ms, GPU not running 2.21 ms
ds4:   1008.7 gated dispatches a token, 1.9 of them behind an abort; 534.2 sent plain ahead of a buffer's first validate
ds4:   encode-ahead: 11.89 segments used, 3.61 dropped, 3.22 ms a token spent encoding under the GPU
ds4:   concurrent sections: 115.12 attempted, 115.12 opened a token
ds4:   speculation: 0.00 layers a token, 0.00 lanes computed, 0.00 matched, 0.00 GEMVs actually saved, 0.00 left to compute; compared 0.00 lanes, 0.00 floats differ, 0.00 by more than an ulp
ds4:   Metal 4: 16.66 command buffers sent, 1781.4 dispatches a token; 0 pieces of Metal 3 work so far
ds4:   expert cache over the last 64 tokens: 240.00 hits, 4.12 misses, 4.12 evictions a token; 8880 of 8880 entries live (100.0%)
ds4:   of the address-table holes repaired a token: 0.00 already resident, 4.12 genuinely absent
ds4:   of the repair a token: readahead 3.17 ms, slot preparation 0.45 ms, reads 2.52 ms, install 0.02 ms, over 4.12 loads
ds4:   Engram rows written at step start in 5760 steps; layer-13 drains 0
ds4:   residency a token: 0.00 adds, 0.00 removes, 0.00 commits
ds4:   decode path so far: 5824 single-row steps (101.7 ms each inside the graph over the last 64), 0 K-row verification steps over 0 positions, 0 batch-fusion sites taken; candidate K none
ds4: gate over tokens 5761-5824: 16.45 command buffers, 3.70 aborts, 240.0 expert ids accounted, 38.56 MiB loaded a token; 0 the gate failed to switch off, 0 it could not gate
ds4:   one token, exclusive, same window: entry 0.00 + encode 1.07 + commit-to-done 90.20 + repair-load 6.01 + accounting 0.04 + tail 0.00 = 97.32 of a 100.88 ms wall, residual 3.56
ds4:   of the commit-to-done: GPU running 87.97 ms, GPU not running 2.23 ms
ds4:   999.8 gated dispatches a token, 3.8 of them behind an abort; 528.8 sent plain ahead of a buffer's first validate
ds4:   encode-ahead: 11.75 segments used, 3.53 dropped, 3.49 ms a token spent encoding under the GPU
ds4:   concurrent sections: 113.75 attempted, 113.75 opened a token
ds4:   speculation: 0.00 layers a token, 0.00 lanes computed, 0.00 matched, 0.00 GEMVs actually saved, 0.00 left to compute; compared 0.00 lanes, 0.00 floats differ, 0.00 by more than an ulp
ds4:   Metal 4: 16.45 command buffers sent, 1765.0 dispatches a token; 0 pieces of Metal 3 work so far
ds4:   expert cache over the last 64 tokens: 240.00 hits, 4.06 misses, 4.06 evictions a token; 8880 of 8880 entries live (100.0%)
ds4:   of the address-table holes repaired a token: 0.00 already resident, 4.06 genuinely absent
ds4:   of the repair a token: readahead 2.96 ms, slot preparation 0.49 ms, reads 2.47 ms, install 0.02 ms, over 4.06 loads
ds4:   Engram rows written at step start in 5824 steps; layer-13 drains 0
ds4:   residency a token: 0.00 adds, 0.00 removes, 0.00 commits
ds4:   decode path so far: 5888 single-row steps (92.9 ms each inside the graph over the last 64), 0 K-row verification steps over 0 positions, 0 batch-fusion sites taken; candidate K none
ds4: gate over tokens 5825-5888: 15.88 command buffers, 2.70 aborts, 240.0 expert ids accounted, 27.14 MiB loaded a token; 0 the gate failed to switch off, 0 it could not gate
ds4:   one token, exclusive, same window: entry 0.00 + encode 0.78 + commit-to-done 81.39 + repair-load 6.81 + accounting 0.05 + tail 0.00 = 89.02 of a 92.18 ms wall, residual 3.16
ds4:   of the commit-to-done: GPU running 79.54 ms, GPU not running 1.84 ms
ds4:   984.0 gated dispatches a token, 0.0 of them behind an abort; 481.7 sent plain ahead of a buffer's first validate
ds4:   encode-ahead: 12.17 segments used, 2.59 dropped, 3.11 ms a token spent encoding under the GPU
ds4:   concurrent sections: 105.03 attempted, 105.03 opened a token
ds4:   speculation: 0.00 layers a token, 0.00 lanes computed, 0.00 matched, 0.00 GEMVs actually saved, 0.00 left to compute; compared 0.00 lanes, 0.00 floats differ, 0.00 by more than an ulp
ds4:   Metal 4: 15.88 command buffers sent, 1645.1 dispatches a token; 0 pieces of Metal 3 work so far
ds4:   expert cache over the last 64 tokens: 240.00 hits, 2.86 misses, 2.86 evictions a token; 8880 of 8880 entries live (100.0%)
ds4:   of the address-table holes repaired a token: 0.00 already resident, 2.86 genuinely absent
ds4:   of the repair a token: readahead 4.57 ms, slot preparation 0.35 ms, reads 1.84 ms, install 0.01 ms, over 2.86 loads
ds4:   Engram rows written at step start in 5888 steps; layer-13 drains 0
ds4:   residency a token: 0.00 adds, 0.00 removes, 0.00 commits
ds4:   decode path so far: 5952 single-row steps (92.6 ms each inside the graph over the last 64), 0 K-row verification steps over 0 positions, 0 batch-fusion sites taken; candidate K none
ds4: gate over tokens 5889-5952: 15.72 command buffers, 2.48 aborts, 240.0 expert ids accounted, 24.18 MiB loaded a token; 0 the gate failed to switch off, 0 it could not gate
ds4:   one token, exclusive, same window: entry 0.00 + encode 0.76 + commit-to-done 83.51 + repair-load 3.91 + accounting 0.05 + tail 0.00 = 88.23 of a 91.27 ms wall, residual 3.04
ds4:   of the commit-to-done: GPU running 81.55 ms, GPU not running 1.96 ms
ds4:   988.3 gated dispatches a token, 0.5 of them behind an abort; 475.1 sent plain ahead of a buffer's first validate
ds4:   encode-ahead: 12.23 segments used, 2.42 dropped, 3.00 ms a token spent encoding under the GPU
ds4:   concurrent sections: 103.34 attempted, 103.34 opened a token
ds4:   speculation: 0.00 layers a token, 0.00 lanes computed, 0.00 matched, 0.00 GEMVs actually saved, 0.00 left to compute; compared 0.00 lanes, 0.00 floats differ, 0.00 by more than an ulp
ds4:   Metal 4: 15.72 command buffers sent, 1624.3 dispatches a token; 0 pieces of Metal 3 work so far
ds4:   expert cache over the last 64 tokens: 240.00 hits, 2.55 misses, 2.55 evictions a token; 8880 of 8880 entries live (100.0%)
ds4:   of the address-table holes repaired a token: 0.00 already resident, 2.55 genuinely absent
ds4:   of the repair a token: readahead 1.98 ms, slot preparation 0.30 ms, reads 1.61 ms, install 0.01 ms, over 2.55 loads
ds4:   Engram rows written at step start in 5952 steps; layer-13 drains 0
ds4:   residency a token: 0.00 adds, 0.00 removes, 0.00 commits
ds4:   decode path so far: 6016 single-row steps (96.0 ms each inside the graph over the last 64), 0 K-row verification steps over 0 positions, 0 batch-fusion sites taken; candidate K none
ds4: gate over tokens 5953-6016: 16.16 command buffers, 3.30 aborts, 240.0 expert ids accounted, 32.93 MiB loaded a token; 0 the gate failed to switch off, 0 it could not gate
ds4:   one token, exclusive, same window: entry 0.00 + encode 0.96 + commit-to-done 85.55 + repair-load 5.12 + accounting 0.04 + tail 0.00 = 91.68 of a 95.10 ms wall, residual 3.42
ds4:   of the commit-to-done: GPU running 83.47 ms, GPU not running 2.09 ms
ds4:   990.9 gated dispatches a token, 2.3 of them behind an abort; 508.4 sent plain ahead of a buffer's first validate
ds4:   encode-ahead: 11.86 segments used, 3.14 dropped, 3.36 ms a token spent encoding under the GPU
ds4:   concurrent sections: 109.97 attempted, 109.97 opened a token
ds4:   speculation: 0.00 layers a token, 0.00 lanes computed, 0.00 matched, 0.00 GEMVs actually saved, 0.00 left to compute; compared 0.00 lanes, 0.00 floats differ, 0.00 by more than an ulp
ds4:   Metal 4: 16.16 command buffers sent, 1708.8 dispatches a token; 0 pieces of Metal 3 work so far
ds4:   expert cache over the last 64 tokens: 240.00 hits, 3.47 misses, 3.47 evictions a token; 8880 of 8880 entries live (100.0%)
ds4:   of the address-table holes repaired a token: 0.00 already resident, 3.47 genuinely absent
ds4:   of the repair a token: readahead 2.34 ms, slot preparation 0.40 ms, reads 2.34 ms, install 0.01 ms, over 3.47 loads
ds4:   Engram rows written at step start in 6016 steps; layer-13 drains 0
ds4:   residency a token: 0.00 adds, 0.00 removes, 0.00 commits
ds4:   decode path so far: 6080 single-row steps (96.8 ms each inside the graph over the last 64), 0 K-row verification steps over 0 positions, 0 batch-fusion sites taken; candidate K none
ds4: gate over tokens 6017-6080: 17.16 command buffers, 4.72 aborts, 240.0 expert ids accounted, 49.54 MiB loaded a token; 0 the gate failed to switch off, 0 it could not gate
ds4:   one token, exclusive, same window: entry 0.00 + encode 1.23 + commit-to-done 80.94 + repair-load 9.83 + accounting 0.04 + tail 0.00 = 92.04 of a 95.58 ms wall, residual 3.54
ds4:   of the commit-to-done: GPU running 78.26 ms, GPU not running 2.68 ms
ds4:   1017.8 gated dispatches a token, 3.3 of them behind an abort; 573.1 sent plain ahead of a buffer's first validate
ds4:   encode-ahead: 11.44 segments used, 4.50 dropped, 3.47 ms a token spent encoding under the GPU
ds4:   concurrent sections: 123.59 attempted, 123.59 opened a token
ds4:   speculation: 0.00 layers a token, 0.00 lanes computed, 0.00 matched, 0.00 GEMVs actually saved, 0.00 left to compute; compared 0.00 lanes, 0.00 floats differ, 0.00 by more than an ulp
ds4:   Metal 4: 17.16 command buffers sent, 1897.2 dispatches a token; 0 pieces of Metal 3 work so far
ds4:   expert cache over the last 64 tokens: 240.00 hits, 5.22 misses, 5.22 evictions a token; 8880 of 8880 entries live (100.0%)
ds4:   of the address-table holes repaired a token: 0.00 already resident, 5.22 genuinely absent
ds4:   of the repair a token: readahead 6.04 ms, slot preparation 0.53 ms, reads 3.15 ms, install 0.02 ms, over 5.22 loads
ds4:   Engram rows written at step start in 6080 steps; layer-13 drains 0
ds4:   residency a token: 0.00 adds, 0.00 removes, 0.00 commits
ds4: expert cache lent the prefill headroom for decode: 8880 -> 9648 experts
ds4:   decode path so far: 6144 single-row steps (106.9 ms each inside the graph over the last 64), 0 K-row verification steps over 0 positions, 0 batch-fusion sites taken; candidate K none
ds4: gate over tokens 6081-6144: 20.31 command buffers, 9.33 aborts, 240.0 expert ids accounted, 122.51 MiB loaded a token; 0 the gate failed to switch off, 0 it could not gate
ds4:   one token, exclusive, same window: entry 0.00 + encode 2.19 + commit-to-done 77.35 + repair-load 19.90 + accounting 0.05 + tail 1.73 = 101.22 of a 105.79 ms wall, residual 4.57
ds4:   of the commit-to-done: GPU running 74.17 ms, GPU not running 3.18 ms
ds4:   1095.0 gated dispatches a token, 5.6 of them behind an abort; 794.8 sent plain ahead of a buffer's first validate
ds4:   encode-ahead: 9.98 segments used, 9.08 dropped, 4.43 ms a token spent encoding under the GPU
ds4:   concurrent sections: 168.31 attempted, 168.31 opened a token
ds4:   speculation: 0.00 layers a token, 0.00 lanes computed, 0.00 matched, 0.00 GEMVs actually saved, 0.00 left to compute; compared 0.00 lanes, 0.00 floats differ, 0.00 by more than an ulp
ds4:   Metal 4: 21.02 command buffers sent, 2509.4 dispatches a token; 0 pieces of Metal 3 work so far
ds4:   expert cache over the last 64 tokens: 240.00 hits, 12.91 misses, 4.53 evictions a token; 9416 of 9648 entries live (97.6%)
ds4:   of the address-table holes repaired a token: 0.00 already resident, 12.91 genuinely absent
ds4:   of the repair a token: readahead 12.43 ms, slot preparation 0.32 ms, reads 6.95 ms, install 0.04 ms, over 12.91 loads
ds4:   Engram rows written at step start in 6144 steps; layer-13 drains 0
ds4:   residency a token: 0.00 adds, 0.00 removes, 0.00 commits
ds4:   decode path so far: 6208 single-row steps (101.2 ms each inside the graph over the last 64), 0 K-row verification steps over 0 positions, 0 batch-fusion sites taken; candidate K none
ds4: gate over tokens 6145-6208: 17.09 command buffers, 4.61 aborts, 240.0 expert ids accounted, 52.36 MiB loaded a token; 0 the gate failed to switch off, 0 it could not gate
ds4:   one token, exclusive, same window: entry 0.00 + encode 1.30 + commit-to-done 84.18 + repair-load 7.94 + accounting 0.05 + tail 2.76 = 96.22 of a 100.17 ms wall, residual 3.94
ds4:   of the commit-to-done: GPU running 84.29 ms, GPU not running -0.11 ms
ds4:   1021.0 gated dispatches a token, 1.9 of them behind an abort; 572.2 sent plain ahead of a buffer's first validate
ds4:   encode-ahead: 11.48 segments used, 4.48 dropped, 3.87 ms a token spent encoding under the GPU
ds4:   concurrent sections: 123.88 attempted, 123.88 opened a token
ds4:   speculation: 0.00 layers a token, 0.00 lanes computed, 0.00 matched, 0.00 GEMVs actually saved, 0.00 left to compute; compared 0.00 lanes, 0.00 floats differ, 0.00 by more than an ulp
ds4:   Metal 4: 18.09 command buffers sent, 1907.5 dispatches a token; 0 pieces of Metal 3 work so far
ds4:   expert cache over the last 64 tokens: 240.00 hits, 5.52 misses, 1.89 evictions a token; 9648 of 9648 entries live (100.0%)
ds4:   of the address-table holes repaired a token: 0.00 already resident, 5.52 genuinely absent
ds4:   of the repair a token: readahead 4.20 ms, slot preparation 0.24 ms, reads 3.44 ms, install 0.02 ms, over 5.52 loads
ds4:   Engram rows written at step start in 6208 steps; layer-13 drains 0
ds4:   residency a token: 0.00 adds, 0.00 removes, 0.00 commits
ds4:   decode path so far: 6272 single-row steps (100.8 ms each inside the graph over the last 64), 0 K-row verification steps over 0 positions, 0 batch-fusion sites taken; candidate K none
ds4: gate over tokens 6209-6272: 15.89 command buffers, 2.77 aborts, 240.0 expert ids accounted, 28.48 MiB loaded a token; 0 the gate failed to switch off, 0 it could not gate
ds4:   one token, exclusive, same window: entry 0.00 + encode 0.95 + commit-to-done 85.17 + repair-load 7.11 + accounting 0.05 + tail 2.95 = 96.22 of a 99.84 ms wall, residual 3.62
ds4:   of the commit-to-done: GPU running 85.92 ms, GPU not running -0.75 ms
ds4:   992.9 gated dispatches a token, 2.3 of them behind an abort; 482.1 sent plain ahead of a buffer's first validate
ds4:   encode-ahead: 12.12 segments used, 2.66 dropped, 3.56 ms a token spent encoding under the GPU
ds4:   concurrent sections: 106.03 attempted, 106.03 opened a token
ds4:   speculation: 0.00 layers a token, 0.00 lanes computed, 0.00 matched, 0.00 GEMVs actually saved, 0.00 left to compute; compared 0.00 lanes, 0.00 floats differ, 0.00 by more than an ulp
ds4:   Metal 4: 16.89 command buffers sent, 1660.4 dispatches a token; 0 pieces of Metal 3 work so far
ds4:   expert cache over the last 64 tokens: 240.00 hits, 3.00 misses, 3.00 evictions a token; 9648 of 9648 entries live (100.0%)
ds4:   of the address-table holes repaired a token: 0.00 already resident, 3.00 genuinely absent
ds4:   of the repair a token: readahead 4.77 ms, slot preparation 0.38 ms, reads 1.89 ms, install 0.01 ms, over 3.00 loads
ds4:   Engram rows written at step start in 6272 steps; layer-13 drains 0
ds4:   residency a token: 0.00 adds, 0.00 removes, 0.00 commits
ds4:   decode path so far: 6336 single-row steps (105.5 ms each inside the graph over the last 64), 0 K-row verification steps over 0 positions, 0 batch-fusion sites taken; candidate K none
ds4: gate over tokens 6273-6336: 15.66 command buffers, 2.38 aborts, 240.0 expert ids accounted, 23.58 MiB loaded a token; 0 the gate failed to switch off, 0 it could not gate
ds4:   one token, exclusive, same window: entry 0.00 + encode 0.87 + commit-to-done 92.57 + repair-load 4.36 + accounting 0.04 + tail 2.97 = 100.81 of a 104.39 ms wall, residual 3.58
ds4:   of the commit-to-done: GPU running 93.30 ms, GPU not running -0.73 ms
ds4:   987.4 gated dispatches a token, 4.7 of them behind an abort; 464.1 sent plain ahead of a buffer's first validate
ds4:   encode-ahead: 12.28 segments used, 2.20 dropped, 3.52 ms a token spent encoding under the GPU
ds4:   concurrent sections: 102.09 attempted, 102.09 opened a token
ds4:   speculation: 0.00 layers a token, 0.00 lanes computed, 0.00 matched, 0.00 GEMVs actually saved, 0.00 left to compute; compared 0.00 lanes, 0.00 floats differ, 0.00 by more than an ulp
ds4:   Metal 4: 16.66 command buffers sent, 1608.4 dispatches a token; 0 pieces of Metal 3 work so far
ds4:   expert cache over the last 64 tokens: 240.00 hits, 2.48 misses, 2.48 evictions a token; 9648 of 9648 entries live (100.0%)
ds4:   of the address-table holes repaired a token: 0.00 already resident, 2.48 genuinely absent
ds4:   of the repair a token: readahead 1.93 ms, slot preparation 0.35 ms, reads 2.04 ms, install 0.01 ms, over 2.48 loads
ds4:   Engram rows written at step start in 6336 steps; layer-13 drains 0
ds4:   residency a token: 0.00 adds, 0.00 removes, 0.00 commits
ds4:   decode path so far: 6400 single-row steps (101.7 ms each inside the graph over the last 64), 0 K-row verification steps over 0 positions, 0 batch-fusion sites taken; candidate K none
ds4: gate over tokens 6337-6400: 16.45 command buffers, 3.69 aborts, 240.0 expert ids accounted, 39.75 MiB loaded a token; 0 the gate failed to switch off, 0 it could not gate
ds4:   one token, exclusive, same window: entry 0.00 + encode 1.02 + commit-to-done 87.28 + repair-load 6.34 + accounting 0.04 + tail 2.94 = 97.62 of a 101.00 ms wall, residual 3.37
ds4:   of the commit-to-done: GPU running 87.65 ms, GPU not running -0.37 ms
ds4:   997.7 gated dispatches a token, 3.8 of them behind an abort; 522.8 sent plain ahead of a buffer's first validate
ds4:   encode-ahead: 11.77 segments used, 3.45 dropped, 3.31 ms a token spent encoding under the GPU
ds4:   concurrent sections: 113.25 attempted, 113.25 opened a token
ds4:   speculation: 0.00 layers a token, 0.00 lanes computed, 0.00 matched, 0.00 GEMVs actually saved, 0.00 left to compute; compared 0.00 lanes, 0.00 floats differ, 0.00 by more than an ulp
ds4:   Metal 4: 17.45 command buffers sent, 1757.4 dispatches a token; 0 pieces of Metal 3 work so far
ds4:   expert cache over the last 64 tokens: 239.98 hits, 4.19 misses, 4.19 evictions a token; 9648 of 9648 entries live (100.0%)
ds4:   of the address-table holes repaired a token: 0.00 already resident, 4.19 genuinely absent
ds4:   of the repair a token: readahead 3.24 ms, slot preparation 0.43 ms, reads 2.55 ms, install 0.02 ms, over 4.19 loads
ds4:   Engram rows written at step start in 6400 steps; layer-13 drains 0
ds4:   residency a token: 0.00 adds, 0.00 removes, 0.00 commits
ds4:   decode path so far: 6464 single-row steps (100.9 ms each inside the graph over the last 64), 0 K-row verification steps over 0 positions, 0 batch-fusion sites taken; candidate K none
ds4: gate over tokens 6401-6464: 15.59 command buffers, 2.33 aborts, 240.0 expert ids accounted, 23.29 MiB loaded a token; 0 the gate failed to switch off, 0 it could not gate
ds4:   one token, exclusive, same window: entry 0.00 + encode 0.79 + commit-to-done 89.00 + repair-load 3.71 + accounting 0.04 + tail 3.07 = 96.62 of a 99.98 ms wall, residual 3.36
ds4:   of the commit-to-done: GPU running 90.07 ms, GPU not running -1.07 ms
ds4:   988.9 gated dispatches a token, 0.9 of them behind an abort; 462.2 sent plain ahead of a buffer's first validate
ds4:   encode-ahead: 12.27 segments used, 2.28 dropped, 3.31 ms a token spent encoding under the GPU
ds4:   concurrent sections: 102.12 attempted, 102.12 opened a token
ds4:   speculation: 0.00 layers a token, 0.00 lanes computed, 0.00 matched, 0.00 GEMVs actually saved, 0.00 left to compute; compared 0.00 lanes, 0.00 floats differ, 0.00 by more than an ulp
ds4:   Metal 4: 16.59 command buffers sent, 1608.1 dispatches a token; 0 pieces of Metal 3 work so far
ds4:   expert cache over the last 64 tokens: 239.98 hits, 2.45 misses, 2.45 evictions a token; 9648 of 9648 entries live (100.0%)
ds4:   of the address-table holes repaired a token: 0.00 already resident, 2.45 genuinely absent
ds4:   of the repair a token: readahead 1.66 ms, slot preparation 0.32 ms, reads 1.69 ms, install 0.01 ms, over 2.45 loads
ds4:   Engram rows written at step start in 6464 steps; layer-13 drains 0
ds4:   residency a token: 0.00 adds, 0.00 removes, 0.00 commits
ds4:   decode path so far: 6528 single-row steps (105.2 ms each inside the graph over the last 64), 0 K-row verification steps over 0 positions, 0 batch-fusion sites taken; candidate K none
ds4: gate over tokens 6465-6528: 17.55 command buffers, 5.05 aborts, 240.0 expert ids accounted, 65.11 MiB loaded a token; 0 the gate failed to switch off, 0 it could not gate
ds4:   one token, exclusive, same window: entry 0.00 + encode 1.30 + commit-to-done 84.35 + repair-load 11.49 + accounting 0.04 + tail 2.73 = 99.91 of a 103.43 ms wall, residual 3.52
ds4:   of the commit-to-done: GPU running 83.99 ms, GPU not running 0.36 ms
ds4:   1037.5 gated dispatches a token, 5.2 of them behind an abort; 589.0 sent plain ahead of a buffer's first validate
ds4:   encode-ahead: 11.50 segments used, 4.75 dropped, 3.44 ms a token spent encoding under the GPU
ds4:   concurrent sections: 127.12 attempted, 127.12 opened a token
ds4:   speculation: 0.00 layers a token, 0.00 lanes computed, 0.00 matched, 0.00 GEMVs actually saved, 0.00 left to compute; compared 0.00 lanes, 0.00 floats differ, 0.00 by more than an ulp
ds4:   Metal 4: 18.55 command buffers sent, 1945.2 dispatches a token; 0 pieces of Metal 3 work so far
ds4:   expert cache over the last 64 tokens: 239.97 hits, 6.86 misses, 6.86 evictions a token; 9648 of 9648 entries live (100.0%)
ds4:   of the address-table holes repaired a token: 0.00 already resident, 6.86 genuinely absent
ds4:   of the repair a token: readahead 7.25 ms, slot preparation 0.48 ms, reads 3.50 ms, install 0.02 ms, over 6.86 loads
ds4:   Engram rows written at step start in 6528 steps; layer-13 drains 0
ds4:   residency a token: 0.00 adds, 0.00 removes, 0.00 commits
ds4:   decode path so far: 6592 single-row steps (110.7 ms each inside the graph over the last 64), 0 K-row verification steps over 0 positions, 0 batch-fusion sites taken; candidate K none
ds4: gate over tokens 6529-6592: 15.67 command buffers, 2.67 aborts, 240.0 expert ids accounted, 26.55 MiB loaded a token; 0 the gate failed to switch off, 0 it could not gate
ds4:   one token, exclusive, same window: entry 0.00 + encode 0.90 + commit-to-done 97.97 + repair-load 4.28 + accounting 0.04 + tail 3.29 = 106.47 of a 110.01 ms wall, residual 3.53
ds4:   of the commit-to-done: GPU running 98.95 ms, GPU not running -0.99 ms
ds4:   980.7 gated dispatches a token, 1.4 of them behind an abort; 471.2 sent plain ahead of a buffer's first validate
ds4:   encode-ahead: 12.00 segments used, 2.52 dropped, 3.47 ms a token spent encoding under the GPU
ds4:   concurrent sections: 103.56 attempted, 103.56 opened a token
ds4:   speculation: 0.00 layers a token, 0.00 lanes computed, 0.00 matched, 0.00 GEMVs actually saved, 0.00 left to compute; compared 0.00 lanes, 0.00 floats differ, 0.00 by more than an ulp
ds4:   Metal 4: 16.67 command buffers sent, 1625.4 dispatches a token; 0 pieces of Metal 3 work so far
ds4:   expert cache over the last 64 tokens: 239.98 hits, 2.80 misses, 2.80 evictions a token; 9648 of 9648 entries live (100.0%)
ds4:   of the address-table holes repaired a token: 0.00 already resident, 2.80 genuinely absent
ds4:   of the repair a token: readahead 1.87 ms, slot preparation 0.37 ms, reads 2.00 ms, install 0.01 ms, over 2.80 loads
ds4:   Engram rows written at step start in 6592 steps; layer-13 drains 0
ds4:   residency a token: 0.00 adds, 0.00 removes, 0.00 commits
ds4: V4.1 static context buffers 3435.75 MiB (ctx=8192), Engram disk-only
ds4: expert cache lent the prefill headroom for decode: 8880 -> 9648 experts
ds4: Metal 4 command buffer 109631 failed: Error Domain=ds4.injected Code=1 "injected failure" UserInfo={NSLocalizedDescription=injected failure}
ds4: V4.1 static context buffers 3435.75 MiB (ctx=8192), Engram disk-only
ds4: Metal 4 command buffer 109633 failed: Error Domain=ds4.injected Code=1 "injected failure" UserInfo={NSLocalizedDescription=injected failure}
ds4: V4.1 static context buffers 3435.75 MiB (ctx=8192), Engram disk-only
ds4:   decode path so far: 6658 single-row steps (112.2 ms each inside the graph over the last 66), 0 K-row verification steps over 0 positions, 0 batch-fusion sites taken; candidate K none
ds4: gate over tokens 6593-6656: 19.95 command buffers, 8.81 aborts, 240.0 expert ids accounted, 111.24 MiB loaded a token; 0 the gate failed to switch off, 0 it could not gate
ds4:   one token, exclusive, same window: entry 0.00 + encode 2.55 + commit-to-done 87.02 + repair-load 17.68 + accounting 0.67 + tail 1.24 = 109.16 of a 114.94 ms wall, residual 5.79
ds4:   of the commit-to-done: GPU running 82.69 ms, GPU not running 4.33 ms
ds4:   1077.6 gated dispatches a token, 10.3 of them behind an abort; 748.2 sent plain ahead of a buffer's first validate
ds4:   encode-ahead: 10.14 segments used, 8.30 dropped, 5.34 ms a token spent encoding under the GPU
ds4:   concurrent sections: 161.59 attempted, 161.59 opened a token
ds4:   speculation: 0.00 layers a token, 0.00 lanes computed, 0.00 matched, 0.00 GEMVs actually saved, 0.00 left to compute; compared 0.00 lanes, 0.00 floats differ, 0.00 by more than an ulp
ds4:   Metal 4: 20.47 command buffers sent, 2375.6 dispatches a token; 0 pieces of Metal 3 work so far
ds4:   expert cache over the last 64 tokens: 239.73 hits, 11.72 misses, 23.72 evictions a token; 8880 of 8880 entries live (100.0%)
ds4:   of the address-table holes repaired a token: 0.00 already resident, 11.72 genuinely absent
ds4:   of the repair a token: readahead 9.72 ms, slot preparation 0.91 ms, reads 6.59 ms, install 0.05 ms, over 11.72 loads
ds4:   Engram rows written at step start in 6658 steps; layer-13 drains 0
ds4:   residency a token: 0.00 adds, 0.00 removes, 0.00 commits
ds4: expert cache lent the prefill headroom for decode: 8880 -> 9648 experts
ds4:   decode path so far: 6722 single-row steps (109.6 ms each inside the graph over the last 64), 0 K-row verification steps over 0 positions, 0 batch-fusion sites taken; candidate K none
ds4: gate over tokens 6657-6720: 18.36 command buffers, 6.62 aborts, 240.0 expert ids accounted, 76.09 MiB loaded a token; 0 the gate failed to switch off, 0 it could not gate
ds4:   one token, exclusive, same window: entry 0.00 + encode 2.61 + commit-to-done 81.93 + repair-load 14.96 + accounting 0.05 + tail 2.15 = 101.70 of a 107.79 ms wall, residual 6.09
ds4:   of the commit-to-done: GPU running 80.11 ms, GPU not running 1.82 ms
ds4:   1029.8 gated dispatches a token, 5.2 of them behind an abort; 646.6 sent plain ahead of a buffer's first validate
ds4:   encode-ahead: 10.73 segments used, 6.33 dropped, 5.91 ms a token spent encoding under the GPU
ds4:   concurrent sections: 140.22 attempted, 140.22 opened a token
ds4:   speculation: 0.00 layers a token, 0.00 lanes computed, 0.00 matched, 0.00 GEMVs actually saved, 0.00 left to compute; compared 0.00 lanes, 0.00 floats differ, 0.00 by more than an ulp
ds4:   Metal 4: 19.12 command buffers sent, 2083.3 dispatches a token; 0 pieces of Metal 3 work so far
ds4:   expert cache over the last 64 tokens: 240.00 hits, 8.02 misses, 0.00 evictions a token; 9393 of 9648 entries live (97.4%)
ds4:   of the address-table holes repaired a token: 0.00 already resident, 8.02 genuinely absent
ds4:   of the repair a token: readahead 9.45 ms, slot preparation 0.03 ms, reads 5.40 ms, install 0.05 ms, over 8.02 loads
ds4:   Engram rows written at step start in 6722 steps; layer-13 drains 0
ds4:   residency a token: 0.00 adds, 0.00 removes, 0.00 commits
ds4:   decode path so far: 6786 single-row steps (105.0 ms each inside the graph over the last 64), 0 K-row verification steps over 0 positions, 0 batch-fusion sites taken; candidate K none
ds4: gate over tokens 6721-6784: 18.34 command buffers, 6.72 aborts, 240.0 expert ids accounted, 72.53 MiB loaded a token; 0 the gate failed to switch off, 0 it could not gate
ds4:   one token, exclusive, same window: entry 0.00 + encode 2.84 + commit-to-done 77.74 + repair-load 14.45 + accounting 0.05 + tail 2.74 = 97.82 of a 104.29 ms wall, residual 6.46
ds4:   of the commit-to-done: GPU running 75.58 ms, GPU not running 2.16 ms
ds4:   1033.8 gated dispatches a token, 4.7 of them behind an abort; 661.5 sent plain ahead of a buffer's first validate
ds4:   encode-ahead: 10.62 segments used, 6.48 dropped, 6.27 ms a token spent encoding under the GPU
ds4:   concurrent sections: 142.16 attempted, 142.16 opened a token
ds4:   speculation: 0.00 layers a token, 0.00 lanes computed, 0.00 matched, 0.00 GEMVs actually saved, 0.00 left to compute; compared 0.00 lanes, 0.00 floats differ, 0.00 by more than an ulp
ds4:   Metal 4: 19.34 command buffers sent, 2127.3 dispatches a token; 0 pieces of Metal 3 work so far
ds4:   expert cache over the last 64 tokens: 240.00 hits, 7.64 misses, 3.66 evictions a token; 9648 of 9648 entries live (100.0%)
ds4:   of the address-table holes repaired a token: 0.00 already resident, 7.64 genuinely absent
ds4:   of the repair a token: readahead 8.31 ms, slot preparation 0.68 ms, reads 5.31 ms, install 0.05 ms, over 7.64 loads
ds4:   Engram rows written at step start in 6786 steps; layer-13 drains 0
ds4:   residency a token: 0.00 adds, 0.00 removes, 0.00 commits
ds4: backend test Metal 4 encoder batch                  encoder=12015339
ds4: backend test Metal 4 tensor_copy                    blit=99792
ds4: backend test Metal 4 segment                        commit=112552
ds4: backend test Metal 4 wait                           wait=112552
ds4: backend test Metal 4 tensor_read                    readback=5264
ds4: backend test Metal 4 expert_cache_fill              blit=7030
ds4: backend test totals over 0 tokens (selected Metal 4): M3 commit=0 wait=0 signal=0 evwait=0 blit=0 encoder=0 readback=0 M4 commit=112552 wait=112552 signal=0 evwait=0 blit=106822 encoder=12015339 readback=5264; Metal 3 fallback 0; site table overflow 0
ds4: backend test Metal 4 feedback after completion: 112230 waits, 2145.749 ms
ds4: backend test background: keepalive M3 0 M4 839, pacer 0 (cumulative)
ds4: Metal device Apple M5 Max, 128.00 GiB RAM
ds4: Metal 4 tensor API enabled for Tensor kernels
ds4: drift-patch flags hc_stable=on norm_unify=on kv_raw_f32=off rope_exp2_log2=off math_safe=off tensor_matmul=on
ds4: V4.1 SSD cache fitted from 10268 to 9648 experts for context/runtime headroom
ds4: Metal backend: Metal 4
ds4: Metal SSD streaming mode enabled; full model residency and warmup are skipped
ds4: metal SSD streaming cache target 89.43 GiB; effective 89.43 GiB = 7.12 GiB prefill headroom + 82.32 GiB dynamic cache (8880 experts, 9.49 MiB each)
ds4: Metal SSD static weights remain pageable to preserve runtime headroom
ds4: SSD streaming initial metal model map (569 spans, 9.37 GiB tensor span)
ds4: metal backend initialized for graph diagnostics
ds4: memory: KV 0.06 GiB (raw 0.01 + compressed 0.05) + buffers 3.30 GiB + resident model 9.37 GiB + expert cache 82.32 GiB + prefill expert reserve 7.12 GiB = 102.16 GiB planned
ds4: memory detail: ctx=8192 prefill_cap=4096 raw_kv_rows=128 compressed_kv_rows=8193 backend=metal
ds4: V4.1 static context buffers 3435.75 MiB (ctx=8192), Engram disk-only
ds4: warning: streaming expert cache could not mlock all buffers
ds4:   requested cache: 8880 experts / 82.32 GiB
ds4:   locked so far:   4.00 GiB
ds4:   failed buffer:   9.50 MiB (Resource temporarily unavailable)
ds4:   macOS may page unlocked expert buffers, causing poor or unstable speed
ds4:   using locked cache cap: 215 experts / 1.99 GiB
ds4:   try: --ssd-streaming-cache-experts 2GB
ds4:   released locked cache margin: 44 experts / 0.41 GiB; runtime cache cap now 215 experts
ds4: expert cache lent the prefill headroom for decode: 8880 -> 9648 experts
ds4:   decode path so far: 6850 single-row steps (590.1 ms each inside the graph over the last 64), 0 K-row verification steps over 0 positions, 0 batch-fusion sites taken; candidate K none
ds4: gate over tokens 6785-6848: 36.06 command buffers, 31.59 aborts, 240.0 expert ids accounted, 1276.85 MiB loaded a token; 0 the gate failed to switch off, 0 it could not gate
ds4:   one token, exclusive, same window: entry 0.00 + encode 4.87 + commit-to-done 389.13 + repair-load 174.79 + accounting 0.10 + tail 23.88 = 592.76 of a 599.09 ms wall, residual 6.33
ds4:   of the commit-to-done: GPU running 81.79 ms, GPU not running 307.34 ms
ds4:   1463.2 gated dispatches a token, 23.0 of them behind an abort; 1814.6 sent plain ahead of a buffer's first validate
ds4:   encode-ahead: 3.47 segments used, 30.02 dropped, 5.89 ms a token spent encoding under the GPU
ds4:   concurrent sections: 376.69 attempted, 376.69 opened a token
ds4:   speculation: 0.00 layers a token, 0.00 lanes computed, 0.00 matched, 0.00 GEMVs actually saved, 0.00 left to compute; compared 0.00 lanes, 0.00 floats differ, 0.00 by more than an ulp
ds4:   Metal 4: 36.67 command buffers sent, 5270.9 dispatches a token; 0 pieces of Metal 3 work so far
ds4:   expert cache over the last 64 tokens: 288230376151686208.00 hits, 288230376151711328.00 misses, 288230376151711488.00 evictions a token; 215 of 215 entries live (100.0%)
ds4:   of the address-table holes repaired a token: 0.00 already resident, 134.52 genuinely absent
ds4:   of the repair a token: readahead 98.60 ms, slot preparation 22.31 ms, reads 51.51 ms, install 0.22 ms, over 134.52 loads
ds4:   Engram rows written at step start in 6850 steps; layer-13 drains 0
ds4:   residency a token: 0.00 adds, 0.00 removes, 0.00 commits
ds4:   decode path so far: 6914 single-row steps (712.1 ms each inside the graph over the last 64), 0 K-row verification steps over 0 positions, 0 batch-fusion sites taken; candidate K none
ds4: gate over tokens 6849-6912: 41.95 command buffers, 39.95 aborts, 240.0 expert ids accounted, 1588.31 MiB loaded a token; 0 the gate failed to switch off, 0 it could not gate
ds4:   one token, exclusive, same window: entry 0.00 + encode 5.53 + commit-to-done 445.17 + repair-load 190.98 + accounting 0.04 + tail 63.28 = 705.00 of a 711.44 ms wall, residual 6.44
ds4:   of the commit-to-done: GPU running 84.69 ms, GPU not running 360.48 ms
ds4:   1598.1 gated dispatches a token, 29.9 of them behind an abort; 2197.6 sent plain ahead of a buffer's first validate
ds4:   encode-ahead: 1.00 segments used, 37.95 dropped, 5.92 ms a token spent encoding under the GPU
ds4:   concurrent sections: 455.44 attempted, 455.44 opened a token
ds4:   speculation: 0.00 layers a token, 0.00 lanes computed, 0.00 matched, 0.00 GEMVs actually saved, 0.00 left to compute; compared 0.00 lanes, 0.00 floats differ, 0.00 by more than an ulp
ds4:   Metal 4: 42.95 command buffers sent, 6314.0 dispatches a token; 0 pieces of Metal 3 work so far
ds4:   expert cache over the last 64 tokens: 85.28 hits, 167.33 misses, 167.33 evictions a token; 215 of 215 entries live (100.0%)
ds4:   of the address-table holes repaired a token: 0.00 already resident, 167.33 genuinely absent
ds4:   of the repair a token: readahead 122.46 ms, slot preparation 0.03 ms, reads 65.38 ms, install 0.25 ms, over 167.33 loads
ds4:   Engram rows written at step start in 6914 steps; layer-13 drains 0
ds4:   residency a token: 0.00 adds, 0.00 removes, 0.00 commits
ds4:   decode path so far: 6978 single-row steps (747.1 ms each inside the graph over the last 64), 0 K-row verification steps over 0 positions, 0 batch-fusion sites taken; candidate K none
ds4: gate over tokens 6913-6976: 41.98 command buffers, 39.98 aborts, 240.0 expert ids accounted, 1480.63 MiB loaded a token; 0 the gate failed to switch off, 0 it could not gate
ds4:   one token, exclusive, same window: entry 0.00 + encode 5.53 + commit-to-done 479.70 + repair-load 177.04 + accounting 0.04 + tail 74.65 = 736.96 of a 743.41 ms wall, residual 6.45
ds4:   of the commit-to-done: GPU running 85.42 ms, GPU not running 394.29 ms
ds4:   1629.4 gated dispatches a token, 30.7 of them behind an abort; 2257.8 sent plain ahead of a buffer's first validate
ds4:   encode-ahead: 1.00 segments used, 37.98 dropped, 5.91 ms a token spent encoding under the GPU
ds4:   concurrent sections: 455.88 attempted, 455.88 opened a token
ds4:   speculation: 0.00 layers a token, 0.00 lanes computed, 0.00 matched, 0.00 GEMVs actually saved, 0.00 left to compute; compared 0.00 lanes, 0.00 floats differ, 0.00 by more than an ulp
ds4:   Metal 4: 42.98 command buffers sent, 6462.3 dispatches a token; 0 pieces of Metal 3 work so far
ds4:   expert cache over the last 64 tokens: 95.52 hits, 155.98 misses, 155.98 evictions a token; 215 of 215 entries live (100.0%)
ds4:   of the address-table holes repaired a token: 0.00 already resident, 155.98 genuinely absent
ds4:   of the repair a token: readahead 114.62 ms, slot preparation 0.03 ms, reads 59.28 ms, install 0.23 ms, over 155.98 loads
ds4:   Engram rows written at step start in 6978 steps; layer-13 drains 0
ds4:   residency a token: 0.00 adds, 0.00 removes, 0.00 commits
ds4:   decode path so far: 7042 single-row steps (675.0 ms each inside the graph over the last 64), 0 K-row verification steps over 0 positions, 0 batch-fusion sites taken; candidate K none
ds4: gate over tokens 6977-7040: 41.94 command buffers, 39.94 aborts, 240.0 expert ids accounted, 1480.93 MiB loaded a token; 0 the gate failed to switch off, 0 it could not gate
ds4:   one token, exclusive, same window: entry 0.00 + encode 5.48 + commit-to-done 433.22 + repair-load 167.69 + accounting 0.04 + tail 62.83 = 669.26 of a 675.67 ms wall, residual 6.40
ds4:   of the commit-to-done: GPU running 81.55 ms, GPU not running 351.67 ms
ds4:   1637.0 gated dispatches a token, 31.0 of them behind an abort; 2274.1 sent plain ahead of a buffer's first validate
ds4:   encode-ahead: 1.00 segments used, 37.94 dropped, 5.85 ms a token spent encoding under the GPU
ds4:   concurrent sections: 455.25 attempted, 455.25 opened a token
ds4:   speculation: 0.00 layers a token, 0.00 lanes computed, 0.00 matched, 0.00 GEMVs actually saved, 0.00 left to compute; compared 0.00 lanes, 0.00 floats differ, 0.00 by more than an ulp
ds4:   Metal 4: 42.94 command buffers sent, 6499.6 dispatches a token; 0 pieces of Metal 3 work so far
ds4:   expert cache over the last 64 tokens: 95.73 hits, 156.02 misses, 156.02 evictions a token; 215 of 215 entries live (100.0%)
ds4:   of the address-table holes repaired a token: 0.00 already resident, 156.02 genuinely absent
ds4:   of the repair a token: readahead 110.98 ms, slot preparation 0.04 ms, reads 53.62 ms, install 0.23 ms, over 156.02 loads
ds4:   Engram rows written at step start in 7042 steps; layer-13 drains 0
ds4:   residency a token: 0.00 adds, 0.00 removes, 0.00 commits
ds4:   decode path so far: 7106 single-row steps (665.3 ms each inside the graph over the last 64), 0 K-row verification steps over 0 positions, 0 batch-fusion sites taken; candidate K none
ds4: gate over tokens 7041-7104: 41.81 command buffers, 39.81 aborts, 240.0 expert ids accounted, 1495.91 MiB loaded a token; 0 the gate failed to switch off, 0 it could not gate
ds4:   one token, exclusive, same window: entry 0.00 + encode 5.29 + commit-to-done 426.45 + repair-load 169.89 + accounting 0.04 + tail 52.69 = 654.36 of a 660.57 ms wall, residual 6.21
ds4:   of the commit-to-done: GPU running 82.58 ms, GPU not running 343.87 ms
ds4:   1631.4 gated dispatches a token, 31.0 of them behind an abort; 2265.8 sent plain ahead of a buffer's first validate
ds4:   encode-ahead: 1.00 segments used, 37.81 dropped, 5.64 ms a token spent encoding under the GPU
ds4:   concurrent sections: 453.75 attempted, 453.75 opened a token
ds4:   speculation: 0.00 layers a token, 0.00 lanes computed, 0.00 matched, 0.00 GEMVs actually saved, 0.00 left to compute; compared 0.00 lanes, 0.00 floats differ, 0.00 by more than an ulp
ds4:   Metal 4: 42.81 command buffers sent, 6475.2 dispatches a token; 0 pieces of Metal 3 work so far
ds4:   expert cache over the last 64 tokens: 93.59 hits, 157.59 misses, 157.59 evictions a token; 215 of 215 entries live (100.0%)
ds4:   of the address-table holes repaired a token: 0.00 already resident, 157.59 genuinely absent
ds4:   of the repair a token: readahead 116.35 ms, slot preparation 0.06 ms, reads 50.37 ms, install 0.22 ms, over 157.59 loads
ds4:   Engram rows written at step start in 7106 steps; layer-13 drains 0
ds4:   residency a token: 0.00 adds, 0.00 removes, 0.00 commits
ds4:   decode path so far: 7170 single-row steps (688.8 ms each inside the graph over the last 64), 0 K-row verification steps over 0 positions, 0 batch-fusion sites taken; candidate K none
ds4: gate over tokens 7105-7168: 41.78 command buffers, 39.78 aborts, 240.0 expert ids accounted, 1468.62 MiB loaded a token; 0 the gate failed to switch off, 0 it could not gate
ds4:   one token, exclusive, same window: entry 0.00 + encode 5.32 + commit-to-done 447.05 + repair-load 171.49 + accounting 0.04 + tail 61.41 = 685.31 of a 691.55 ms wall, residual 6.24
ds4:   of the commit-to-done: GPU running 83.04 ms, GPU not running 364.01 ms
ds4:   1630.4 gated dispatches a token, 31.0 of them behind an abort; 2265.9 sent plain ahead of a buffer's first validate
ds4:   encode-ahead: 1.00 segments used, 37.78 dropped, 5.68 ms a token spent encoding under the GPU
ds4:   concurrent sections: 453.44 attempted, 453.44 opened a token
ds4:   speculation: 0.00 layers a token, 0.00 lanes computed, 0.00 matched, 0.00 GEMVs actually saved, 0.00 left to compute; compared 0.00 lanes, 0.00 floats differ, 0.00 by more than an ulp
ds4:   Metal 4: 42.78 command buffers sent, 6474.5 dispatches a token; 0 pieces of Metal 3 work so far
ds4:   expert cache over the last 64 tokens: 96.28 hits, 154.72 misses, 154.72 evictions a token; 215 of 215 entries live (100.0%)
ds4:   of the address-table holes repaired a token: 0.00 already resident, 154.72 genuinely absent
ds4:   of the repair a token: readahead 117.42 ms, slot preparation 0.09 ms, reads 50.93 ms, install 0.22 ms, over 154.72 loads
ds4:   Engram rows written at step start in 7170 steps; layer-13 drains 0
ds4:   residency a token: 0.00 adds, 0.00 removes, 0.00 commits
ds4:   decode path so far: 7234 single-row steps (686.2 ms each inside the graph over the last 64), 0 K-row verification steps over 0 positions, 0 batch-fusion sites taken; candidate K none
ds4: gate over tokens 7169-7232: 41.89 command buffers, 39.88 aborts, 240.0 expert ids accounted, 1505.25 MiB loaded a token; 0 the gate failed to switch off, 0 it could not gate
ds4:   one token, exclusive, same window: entry 0.00 + encode 5.36 + commit-to-done 437.16 + repair-load 169.13 + accounting 0.04 + tail 64.98 = 676.67 of a 682.96 ms wall, residual 6.29
ds4:   of the commit-to-done: GPU running 83.24 ms, GPU not running 353.92 ms
ds4:   1635.4 gated dispatches a token, 31.0 of them behind an abort; 2269.6 sent plain ahead of a buffer's first validate
ds4:   encode-ahead: 1.02 segments used, 37.88 dropped, 5.70 ms a token spent encoding under the GPU
ds4:   concurrent sections: 454.59 attempted, 454.59 opened a token
ds4:   speculation: 0.00 layers a token, 0.00 lanes computed, 0.00 matched, 0.00 GEMVs actually saved, 0.00 left to compute; compared 0.00 lanes, 0.00 floats differ, 0.00 by more than an ulp
ds4:   Metal 4: 42.89 command buffers sent, 6487.5 dispatches a token; 0 pieces of Metal 3 work so far
ds4:   expert cache over the last 64 tokens: 92.78 hits, 158.58 misses, 158.58 evictions a token; 215 of 215 entries live (100.0%)
ds4:   of the address-table holes repaired a token: 0.00 already resident, 158.58 genuinely absent
ds4:   of the repair a token: readahead 116.01 ms, slot preparation 0.07 ms, reads 49.95 ms, install 0.23 ms, over 158.58 loads
ds4:   Engram rows written at step start in 7234 steps; layer-13 drains 0
ds4:   residency a token: 0.00 adds, 0.00 removes, 0.00 commits
ds4:   decode path so far: 7298 single-row steps (663.0 ms each inside the graph over the last 64), 0 K-row verification steps over 0 positions, 0 batch-fusion sites taken; candidate K none
ds4: gate over tokens 7233-7296: 41.94 command buffers, 39.94 aborts, 240.0 expert ids accounted, 1503.92 MiB loaded a token; 0 the gate failed to switch off, 0 it could not gate
ds4:   one token, exclusive, same window: entry 0.00 + encode 5.32 + commit-to-done 432.45 + repair-load 163.48 + accounting 0.04 + tail 56.85 = 658.12 of a 664.33 ms wall, residual 6.20
ds4:   of the commit-to-done: GPU running 79.80 ms, GPU not running 352.65 ms
ds4:   1637.1 gated dispatches a token, 31.0 of them behind an abort; 2274.0 sent plain ahead of a buffer's first validate
ds4:   encode-ahead: 1.00 segments used, 37.94 dropped, 5.65 ms a token spent encoding under the GPU
ds4:   concurrent sections: 455.25 attempted, 455.25 opened a token
ds4:   speculation: 0.00 layers a token, 0.00 lanes computed, 0.00 matched, 0.00 GEMVs actually saved, 0.00 left to compute; compared 0.00 lanes, 0.00 floats differ, 0.00 by more than an ulp
ds4:   Metal 4: 42.94 command buffers sent, 6499.6 dispatches a token; 0 pieces of Metal 3 work so far
ds4:   expert cache over the last 64 tokens: 93.36 hits, 158.44 misses, 158.44 evictions a token; 215 of 215 entries live (100.0%)
ds4:   of the address-table holes repaired a token: 0.00 already resident, 158.44 genuinely absent
ds4:   of the repair a token: readahead 114.24 ms, slot preparation 0.05 ms, reads 46.12 ms, install 0.22 ms, over 158.44 loads
ds4:   Engram rows written at step start in 7298 steps; layer-13 drains 0
ds4:   residency a token: 0.00 adds, 0.00 removes, 0.00 commits
ds4:   decode path so far: 7362 single-row steps (761.8 ms each inside the graph over the last 64), 0 K-row verification steps over 0 positions, 0 batch-fusion sites taken; candidate K none
ds4: gate over tokens 7297-7360: 41.94 command buffers, 39.94 aborts, 240.0 expert ids accounted, 1545.45 MiB loaded a token; 0 the gate failed to switch off, 0 it could not gate
ds4:   one token, exclusive, same window: entry 0.00 + encode 5.45 + commit-to-done 500.56 + repair-load 175.22 + accounting 0.04 + tail 69.80 = 751.08 of a 757.39 ms wall, residual 6.31
ds4:   of the commit-to-done: GPU running 84.28 ms, GPU not running 416.27 ms
ds4:   1622.1 gated dispatches a token, 30.2 of them behind an abort; 2243.1 sent plain ahead of a buffer's first validate
ds4:   encode-ahead: 1.00 segments used, 37.94 dropped, 5.76 ms a token spent encoding under the GPU
ds4:   concurrent sections: 455.25 attempted, 455.25 opened a token
ds4:   speculation: 0.00 layers a token, 0.00 lanes computed, 0.00 matched, 0.00 GEMVs actually saved, 0.00 left to compute; compared 0.00 lanes, 0.00 floats differ, 0.00 by more than an ulp
ds4:   Metal 4: 42.94 command buffers sent, 6423.3 dispatches a token; 0 pieces of Metal 3 work so far
ds4:   expert cache over the last 64 tokens: 89.16 hits, 162.81 misses, 162.81 evictions a token; 215 of 215 entries live (100.0%)
ds4:   of the address-table holes repaired a token: 0.00 already resident, 162.81 genuinely absent
ds4:   of the repair a token: readahead 121.97 ms, slot preparation 0.04 ms, reads 50.11 ms, install 0.24 ms, over 162.81 loads
ds4:   Engram rows written at step start in 7362 steps; layer-13 drains 0
ds4:   residency a token: 0.00 adds, 0.00 removes, 0.00 commits
ds4:   decode path so far: 7426 single-row steps (808.9 ms each inside the graph over the last 64), 0 K-row verification steps over 0 positions, 0 batch-fusion sites taken; candidate K none
ds4: gate over tokens 7361-7424: 41.88 command buffers, 39.88 aborts, 240.0 expert ids accounted, 1505.70 MiB loaded a token; 0 the gate failed to switch off, 0 it could not gate
ds4:   one token, exclusive, same window: entry 0.00 + encode 5.46 + commit-to-done 538.44 + repair-load 176.79 + accounting 0.04 + tail 91.16 = 811.89 of a 818.23 ms wall, residual 6.34
ds4:   of the commit-to-done: GPU running 86.68 ms, GPU not running 451.77 ms
ds4:   1615.1 gated dispatches a token, 30.0 of them behind an abort; 2231.9 sent plain ahead of a buffer's first validate
ds4:   encode-ahead: 1.00 segments used, 37.88 dropped, 5.75 ms a token spent encoding under the GPU
ds4:   concurrent sections: 454.50 attempted, 454.50 opened a token
ds4:   speculation: 0.00 layers a token, 0.00 lanes computed, 0.00 matched, 0.00 GEMVs actually saved, 0.00 left to compute; compared 0.00 lanes, 0.00 floats differ, 0.00 by more than an ulp
ds4:   Metal 4: 42.88 command buffers sent, 6392.5 dispatches a token; 0 pieces of Metal 3 work so far
ds4:   expert cache over the last 64 tokens: 93.42 hits, 158.62 misses, 158.62 evictions a token; 215 of 215 entries live (100.0%)
ds4:   of the address-table holes repaired a token: 0.00 already resident, 158.62 genuinely absent
ds4:   of the repair a token: readahead 122.94 ms, slot preparation 0.05 ms, reads 50.63 ms, install 0.23 ms, over 158.62 loads
ds4:   Engram rows written at step start in 7426 steps; layer-13 drains 0
ds4:   residency a token: 0.00 adds, 0.00 removes, 0.00 commits
ds4:   decode path so far: 7490 single-row steps (911.4 ms each inside the graph over the last 64), 0 K-row verification steps over 0 positions, 0 batch-fusion sites taken; candidate K none
ds4: gate over tokens 7425-7488: 41.92 command buffers, 39.91 aborts, 240.0 expert ids accounted, 1512.82 MiB loaded a token; 0 the gate failed to switch off, 0 it could not gate
ds4:   one token, exclusive, same window: entry 0.00 + encode 5.63 + commit-to-done 605.28 + repair-load 176.91 + accounting 0.04 + tail 113.09 = 900.95 of a 907.52 ms wall, residual 6.56
ds4:   of the commit-to-done: GPU running 87.63 ms, GPU not running 517.65 ms
ds4:   1617.2 gated dispatches a token, 30.0 of them behind an abort; 2233.0 sent plain ahead of a buffer's first validate
ds4:   encode-ahead: 1.02 segments used, 37.91 dropped, 5.97 ms a token spent encoding under the GPU
ds4:   concurrent sections: 455.06 attempted, 455.06 opened a token
ds4:   speculation: 0.00 layers a token, 0.00 lanes computed, 0.00 matched, 0.00 GEMVs actually saved, 0.00 left to compute; compared 0.00 lanes, 0.00 floats differ, 0.00 by more than an ulp
ds4:   Metal 4: 42.92 command buffers sent, 6398.1 dispatches a token; 0 pieces of Metal 3 work so far
ds4:   expert cache over the last 64 tokens: 92.58 hits, 159.38 misses, 159.38 evictions a token; 215 of 215 entries live (100.0%)
ds4:   of the address-table holes repaired a token: 0.00 already resident, 159.38 genuinely absent
ds4:   of the repair a token: readahead 120.54 ms, slot preparation 0.08 ms, reads 53.15 ms, install 0.24 ms, over 159.38 loads
ds4:   Engram rows written at step start in 7490 steps; layer-13 drains 0
ds4:   residency a token: 0.00 adds, 0.00 removes, 0.00 commits
ds4:   decode path so far: 7554 single-row steps (1000.9 ms each inside the graph over the last 64), 0 K-row verification steps over 0 positions, 0 batch-fusion sites taken; candidate K none
ds4: gate over tokens 7489-7552: 41.89 command buffers, 39.89 aborts, 240.0 expert ids accounted, 1484.64 MiB loaded a token; 0 the gate failed to switch off, 0 it could not gate
ds4:   one token, exclusive, same window: entry 0.00 + encode 5.80 + commit-to-done 684.04 + repair-load 178.79 + accounting 0.04 + tail 134.65 = 1003.31 of a 1010.03 ms wall, residual 6.72
ds4:   of the commit-to-done: GPU running 88.24 ms, GPU not running 595.80 ms
ds4:   1616.2 gated dispatches a token, 30.0 of them behind an abort; 2232.8 sent plain ahead of a buffer's first validate
ds4:   encode-ahead: 1.00 segments used, 37.89 dropped, 6.16 ms a token spent encoding under the GPU
ds4:   concurrent sections: 454.78 attempted, 454.78 opened a token
ds4:   speculation: 0.00 layers a token, 0.00 lanes computed, 0.00 matched, 0.00 GEMVs actually saved, 0.00 left to compute; compared 0.00 lanes, 0.00 floats differ, 0.00 by more than an ulp
ds4:   Metal 4: 42.89 command buffers sent, 6396.8 dispatches a token; 0 pieces of Metal 3 work so far
ds4:   expert cache over the last 64 tokens: 94.94 hits, 156.41 misses, 156.41 evictions a token; 215 of 215 entries live (100.0%)
ds4:   of the address-table holes repaired a token: 0.00 already resident, 156.41 genuinely absent
ds4:   of the repair a token: readahead 119.05 ms, slot preparation 0.06 ms, reads 56.58 ms, install 0.26 ms, over 156.41 loads
ds4:   Engram rows written at step start in 7554 steps; layer-13 drains 0
ds4:   residency a token: 0.00 adds, 0.00 removes, 0.00 commits
ds4:   decode path so far: 7618 single-row steps (1064.6 ms each inside the graph over the last 64), 0 K-row verification steps over 0 positions, 0 batch-fusion sites taken; candidate K none
ds4: gate over tokens 7553-7616: 41.83 command buffers, 39.83 aborts, 240.0 expert ids accounted, 1481.67 MiB loaded a token; 0 the gate failed to switch off, 0 it could not gate
ds4:   one token, exclusive, same window: entry 0.00 + encode 5.63 + commit-to-done 733.39 + repair-load 178.25 + accounting 0.04 + tail 127.49 = 1044.80 of a 1051.82 ms wall, residual 7.01
ds4:   of the commit-to-done: GPU running 90.37 ms, GPU not running 643.03 ms
ds4:   1613.2 gated dispatches a token, 30.0 of them behind an abort; 2227.5 sent plain ahead of a buffer's first validate
ds4:   encode-ahead: 1.00 segments used, 37.83 dropped, 6.49 ms a token spent encoding under the GPU
ds4:   concurrent sections: 453.94 attempted, 453.94 opened a token
ds4:   speculation: 0.00 layers a token, 0.00 lanes computed, 0.00 matched, 0.00 GEMVs actually saved, 0.00 left to compute; compared 0.00 lanes, 0.00 floats differ, 0.00 by more than an ulp
ds4:   Metal 4: 42.83 command buffers sent, 6381.9 dispatches a token; 0 pieces of Metal 3 work so far
ds4:   expert cache over the last 64 tokens: 95.44 hits, 156.09 misses, 156.09 evictions a token; 215 of 215 entries live (100.0%)
ds4:   of the address-table holes repaired a token: 0.00 already resident, 156.09 genuinely absent
ds4:   of the repair a token: readahead 116.00 ms, slot preparation 0.06 ms, reads 59.00 ms, install 0.26 ms, over 156.09 loads
ds4:   Engram rows written at step start in 7618 steps; layer-13 drains 0
ds4:   residency a token: 0.00 adds, 0.00 removes, 0.00 commits
ds4:   decode path so far: 7682 single-row steps (770.0 ms each inside the graph over the last 64), 0 K-row verification steps over 0 positions, 0 batch-fusion sites taken; candidate K none
ds4: gate over tokens 7617-7680: 41.83 command buffers, 39.81 aborts, 240.0 expert ids accounted, 1418.64 MiB loaded a token; 0 the gate failed to switch off, 0 it could not gate
ds4:   one token, exclusive, same window: entry 0.00 + encode 5.37 + commit-to-done 516.66 + repair-load 166.57 + accounting 0.04 + tail 79.07 = 767.72 of a 774.09 ms wall, residual 6.37
ds4:   of the commit-to-done: GPU running 85.32 ms, GPU not running 431.35 ms
ds4:   1614.0 gated dispatches a token, 30.0 of them behind an abort; 2228.4 sent plain ahead of a buffer's first validate
ds4:   encode-ahead: 1.02 segments used, 37.81 dropped, 5.81 ms a token spent encoding under the GPU
ds4:   concurrent sections: 453.84 attempted, 453.84 opened a token
ds4:   speculation: 0.00 layers a token, 0.00 lanes computed, 0.00 matched, 0.00 GEMVs actually saved, 0.00 left to compute; compared 0.00 lanes, 0.00 floats differ, 0.00 by more than an ulp
ds4:   Metal 4: 42.83 command buffers sent, 6383.4 dispatches a token; 0 pieces of Metal 3 work so far
ds4:   expert cache over the last 64 tokens: 101.48 hits, 149.45 misses, 149.45 evictions a token; 215 of 215 entries live (100.0%)
ds4:   of the address-table holes repaired a token: 0.00 already resident, 149.45 genuinely absent
ds4:   of the repair a token: readahead 111.85 ms, slot preparation 0.07 ms, reads 51.51 ms, install 0.23 ms, over 149.45 loads
ds4:   Engram rows written at step start in 7682 steps; layer-13 drains 0
ds4:   residency a token: 0.00 adds, 0.00 removes, 0.00 commits
ds4:   decode path so far: 7746 single-row steps (849.7 ms each inside the graph over the last 64), 0 K-row verification steps over 0 positions, 0 batch-fusion sites taken; candidate K none
ds4: gate over tokens 7681-7744: 41.86 command buffers, 39.86 aborts, 240.0 expert ids accounted, 1451.56 MiB loaded a token; 0 the gate failed to switch off, 0 it could not gate
ds4:   one token, exclusive, same window: entry 0.00 + encode 5.49 + commit-to-done 567.66 + repair-load 174.23 + accounting 0.04 + tail 88.48 = 835.90 of a 842.34 ms wall, residual 6.44
ds4:   of the commit-to-done: GPU running 87.34 ms, GPU not running 480.32 ms
ds4:   1613.7 gated dispatches a token, 30.0 of them behind an abort; 2229.8 sent plain ahead of a buffer's first validate
ds4:   encode-ahead: 1.00 segments used, 37.86 dropped, 5.85 ms a token spent encoding under the GPU
ds4:   concurrent sections: 454.31 attempted, 454.31 opened a token
ds4:   speculation: 0.00 layers a token, 0.00 lanes computed, 0.00 matched, 0.00 GEMVs actually saved, 0.00 left to compute; compared 0.00 lanes, 0.00 floats differ, 0.00 by more than an ulp
ds4:   Metal 4: 42.86 command buffers sent, 6386.8 dispatches a token; 0 pieces of Metal 3 work so far
ds4:   expert cache over the last 64 tokens: 97.92 hits, 152.92 misses, 152.92 evictions a token; 215 of 215 entries live (100.0%)
ds4:   of the address-table holes repaired a token: 0.00 already resident, 152.92 genuinely absent
ds4:   of the repair a token: readahead 114.88 ms, slot preparation 0.07 ms, reads 56.11 ms, install 0.25 ms, over 152.92 loads
ds4:   Engram rows written at step start in 7746 steps; layer-13 drains 0
ds4:   residency a token: 0.00 adds, 0.00 removes, 0.00 commits
ds4:   decode path so far: 7810 single-row steps (1093.0 ms each inside the graph over the last 64), 0 K-row verification steps over 0 positions, 0 batch-fusion sites taken; candidate K none
ds4: gate over tokens 7745-7808: 41.92 command buffers, 39.92 aborts, 240.0 expert ids accounted, 1510.59 MiB loaded a token; 0 the gate failed to switch off, 0 it could not gate
ds4:   one token, exclusive, same window: entry 0.00 + encode 5.86 + commit-to-done 778.64 + repair-load 187.53 + accounting 0.04 + tail 116.31 = 1088.38 of a 1095.17 ms wall, residual 6.79
ds4:   of the commit-to-done: GPU running 92.61 ms, GPU not running 686.03 ms
ds4:   1617.4 gated dispatches a token, 30.0 of them behind an abort; 2234.3 sent plain ahead of a buffer's first validate
ds4:   encode-ahead: 1.00 segments used, 37.92 dropped, 6.23 ms a token spent encoding under the GPU
ds4:   concurrent sections: 455.06 attempted, 455.06 opened a token
ds4:   speculation: 0.00 layers a token, 0.00 lanes computed, 0.00 matched, 0.00 GEMVs actually saved, 0.00 left to compute; compared 0.00 lanes, 0.00 floats differ, 0.00 by more than an ulp
ds4:   Metal 4: 42.92 command buffers sent, 6400.5 dispatches a token; 0 pieces of Metal 3 work so far
ds4:   expert cache over the last 64 tokens: 92.02 hits, 159.14 misses, 159.14 evictions a token; 215 of 215 entries live (100.0%)
ds4:   of the address-table holes repaired a token: 0.00 already resident, 159.14 genuinely absent
ds4:   of the repair a token: readahead 123.48 ms, slot preparation 0.06 ms, reads 60.75 ms, install 0.27 ms, over 159.14 loads
ds4:   Engram rows written at step start in 7810 steps; layer-13 drains 0
ds4:   residency a token: 0.00 adds, 0.00 removes, 0.00 commits
ds4:   decode path so far: 7874 single-row steps (797.5 ms each inside the graph over the last 64), 0 K-row verification steps over 0 positions, 0 batch-fusion sites taken; candidate K none
ds4: gate over tokens 7809-7872: 41.83 command buffers, 39.83 aborts, 240.0 expert ids accounted, 1465.21 MiB loaded a token; 0 the gate failed to switch off, 0 it could not gate
ds4:   one token, exclusive, same window: entry 0.00 + encode 5.49 + commit-to-done 523.56 + repair-load 171.58 + accounting 0.04 + tail 90.43 = 791.09 of a 797.47 ms wall, residual 6.39
ds4:   of the commit-to-done: GPU running 85.82 ms, GPU not running 437.74 ms
ds4:   1602.2 gated dispatches a token, 30.0 of them behind an abort; 2209.7 sent plain ahead of a buffer's first validate
ds4:   encode-ahead: 1.00 segments used, 37.83 dropped, 5.81 ms a token spent encoding under the GPU
ds4:   concurrent sections: 453.94 attempted, 453.94 opened a token
ds4:   speculation: 0.00 layers a token, 0.00 lanes computed, 0.00 matched, 0.00 GEMVs actually saved, 0.00 left to compute; compared 0.00 lanes, 0.00 floats differ, 0.00 by more than an ulp
ds4:   Metal 4: 42.83 command buffers sent, 6338.1 dispatches a token; 0 pieces of Metal 3 work so far
ds4:   expert cache over the last 64 tokens: 97.77 hits, 154.36 misses, 154.36 evictions a token; 215 of 215 entries live (100.0%)
ds4:   of the address-table holes repaired a token: 0.00 already resident, 154.36 genuinely absent
ds4:   of the repair a token: readahead 113.69 ms, slot preparation 0.07 ms, reads 54.67 ms, install 0.24 ms, over 154.36 loads
ds4:   Engram rows written at step start in 7874 steps; layer-13 drains 0
ds4:   residency a token: 0.00 adds, 0.00 removes, 0.00 commits
ds4:   decode path so far: 7938 single-row steps (823.5 ms each inside the graph over the last 64), 0 K-row verification steps over 0 positions, 0 batch-fusion sites taken; candidate K none
ds4: gate over tokens 7873-7936: 41.86 command buffers, 39.84 aborts, 240.0 expert ids accounted, 1390.01 MiB loaded a token; 0 the gate failed to switch off, 0 it could not gate
ds4:   one token, exclusive, same window: entry 0.00 + encode 5.48 + commit-to-done 553.21 + repair-load 170.57 + accounting 0.04 + tail 79.70 = 809.01 of a 815.41 ms wall, residual 6.40
ds4:   of the commit-to-done: GPU running 86.77 ms, GPU not running 466.44 ms
ds4:   1602.2 gated dispatches a token, 30.0 of them behind an abort; 2205.3 sent plain ahead of a buffer's first validate
ds4:   encode-ahead: 1.02 segments used, 37.84 dropped, 5.83 ms a token spent encoding under the GPU
ds4:   concurrent sections: 454.22 attempted, 454.22 opened a token
ds4:   speculation: 0.00 layers a token, 0.00 lanes computed, 0.00 matched, 0.00 GEMVs actually saved, 0.00 left to compute; compared 0.00 lanes, 0.00 floats differ, 0.00 by more than an ulp
ds4:   Metal 4: 42.86 command buffers sent, 6331.5 dispatches a token; 0 pieces of Metal 3 work so far
ds4:   expert cache over the last 64 tokens: 104.11 hits, 146.44 misses, 146.44 evictions a token; 215 of 215 entries live (100.0%)
ds4:   of the address-table holes repaired a token: 0.00 already resident, 146.44 genuinely absent
ds4:   of the repair a token: readahead 113.23 ms, slot preparation 0.11 ms, reads 54.16 ms, install 0.23 ms, over 146.44 loads
ds4:   Engram rows written at step start in 7938 steps; layer-13 drains 0
ds4:   residency a token: 0.00 adds, 0.00 removes, 0.00 commits
ds4:   decode path so far: 8002 single-row steps (883.0 ms each inside the graph over the last 64), 0 K-row verification steps over 0 positions, 0 batch-fusion sites taken; candidate K none
ds4: gate over tokens 7937-8000: 41.77 command buffers, 39.73 aborts, 240.0 expert ids accounted, 1485.23 MiB loaded a token; 0 the gate failed to switch off, 0 it could not gate
ds4:   one token, exclusive, same window: entry 0.00 + encode 5.37 + commit-to-done 619.46 + repair-load 174.30 + accounting 0.04 + tail 77.37 = 876.54 of a 882.94 ms wall, residual 6.40
ds4:   of the commit-to-done: GPU running 88.82 ms, GPU not running 530.64 ms
ds4:   1597.7 gated dispatches a token, 30.0 of them behind an abort; 2198.4 sent plain ahead of a buffer's first validate
ds4:   encode-ahead: 1.03 segments used, 37.73 dropped, 5.82 ms a token spent encoding under the GPU
ds4:   concurrent sections: 453.00 attempted, 453.00 opened a token
ds4:   speculation: 0.00 layers a token, 0.00 lanes computed, 0.00 matched, 0.00 GEMVs actually saved, 0.00 left to compute; compared 0.00 lanes, 0.00 floats differ, 0.00 by more than an ulp
ds4:   Metal 4: 42.77 command buffers sent, 6311.6 dispatches a token; 0 pieces of Metal 3 work so far
ds4:   expert cache over the last 64 tokens: 94.61 hits, 156.47 misses, 156.47 evictions a token; 215 of 215 entries live (100.0%)
ds4:   of the address-table holes repaired a token: 0.00 already resident, 156.47 genuinely absent
ds4:   of the repair a token: readahead 118.45 ms, slot preparation 0.08 ms, reads 52.60 ms, install 0.24 ms, over 156.47 loads
ds4:   Engram rows written at step start in 8002 steps; layer-13 drains 0
ds4:   residency a token: 0.00 adds, 0.00 removes, 0.00 commits
ds4:   decode path so far: 8066 single-row steps (827.1 ms each inside the graph over the last 64), 0 K-row verification steps over 0 positions, 0 batch-fusion sites taken; candidate K none
ds4: gate over tokens 8001-8064: 41.88 command buffers, 39.88 aborts, 240.0 expert ids accounted, 1454.23 MiB loaded a token; 0 the gate failed to switch off, 0 it could not gate
ds4:   one token, exclusive, same window: entry 0.00 + encode 5.37 + commit-to-done 556.01 + repair-load 174.04 + accounting 0.04 + tail 84.99 = 820.45 of a 826.85 ms wall, residual 6.39
ds4:   of the commit-to-done: GPU running 86.94 ms, GPU not running 469.07 ms
ds4:   1601.6 gated dispatches a token, 30.0 of them behind an abort; 2207.1 sent plain ahead of a buffer's first validate
ds4:   encode-ahead: 1.00 segments used, 37.88 dropped, 5.82 ms a token spent encoding under the GPU
ds4:   concurrent sections: 454.50 attempted, 454.50 opened a token
ds4:   speculation: 0.00 layers a token, 0.00 lanes computed, 0.00 matched, 0.00 GEMVs actually saved, 0.00 left to compute; compared 0.00 lanes, 0.00 floats differ, 0.00 by more than an ulp
ds4:   Metal 4: 42.88 command buffers sent, 6335.2 dispatches a token; 0 pieces of Metal 3 work so far
ds4:   expert cache over the last 64 tokens: 97.66 hits, 153.20 misses, 153.20 evictions a token; 215 of 215 entries live (100.0%)
ds4:   of the address-table holes repaired a token: 0.00 already resident, 153.20 genuinely absent
ds4:   of the repair a token: readahead 119.08 ms, slot preparation 0.09 ms, reads 51.75 ms, install 0.24 ms, over 153.20 loads
ds4:   Engram rows written at step start in 8066 steps; layer-13 drains 0
ds4:   residency a token: 0.00 adds, 0.00 removes, 0.00 commits
ds4:   decode path so far: 8130 single-row steps (777.9 ms each inside the graph over the last 64), 0 K-row verification steps over 0 positions, 0 batch-fusion sites taken; candidate K none
ds4: gate over tokens 8065-8128: 41.88 command buffers, 39.88 aborts, 240.0 expert ids accounted, 1450.97 MiB loaded a token; 0 the gate failed to switch off, 0 it could not gate
ds4:   one token, exclusive, same window: entry 0.00 + encode 5.40 + commit-to-done 541.72 + repair-load 168.87 + accounting 0.04 + tail 75.66 = 791.69 of a 798.01 ms wall, residual 6.32
ds4:   of the commit-to-done: GPU running 82.10 ms, GPU not running 459.62 ms
ds4:   1601.1 gated dispatches a token, 30.0 of them behind an abort; 2206.0 sent plain ahead of a buffer's first validate
ds4:   encode-ahead: 1.00 segments used, 37.88 dropped, 5.80 ms a token spent encoding under the GPU
ds4:   concurrent sections: 454.50 attempted, 454.50 opened a token
ds4:   speculation: 0.00 layers a token, 0.00 lanes computed, 0.00 matched, 0.00 GEMVs actually saved, 0.00 left to compute; compared 0.00 lanes, 0.00 floats differ, 0.00 by more than an ulp
ds4:   Metal 4: 42.88 command buffers sent, 6332.1 dispatches a token; 0 pieces of Metal 3 work so far
ds4:   expert cache over the last 64 tokens: 97.88 hits, 152.86 misses, 152.86 evictions a token; 215 of 215 entries live (100.0%)
ds4:   of the address-table holes repaired a token: 0.00 already resident, 152.86 genuinely absent
ds4:   of the repair a token: readahead 110.72 ms, slot preparation 0.10 ms, reads 55.04 ms, install 0.24 ms, over 152.86 loads
ds4:   Engram rows written at step start in 8130 steps; layer-13 drains 0
ds4:   residency a token: 0.00 adds, 0.00 removes, 0.00 commits
ds4:   decode path so far: 8194 single-row steps (792.4 ms each inside the graph over the last 64), 0 K-row verification steps over 0 positions, 0 batch-fusion sites taken; candidate K none
ds4: gate over tokens 8129-8192: 41.62 command buffers, 39.56 aborts, 240.0 expert ids accounted, 1402.47 MiB loaded a token; 0 the gate failed to switch off, 0 it could not gate
ds4:   one token, exclusive, same window: entry 0.00 + encode 5.37 + commit-to-done 521.41 + repair-load 171.12 + accounting 0.04 + tail 66.14 = 764.08 of a 770.40 ms wall, residual 6.32
ds4:   of the commit-to-done: GPU running 85.63 ms, GPU not running 435.79 ms
ds4:   1593.5 gated dispatches a token, 30.0 of them behind an abort; 2190.8 sent plain ahead of a buffer's first validate
ds4:   encode-ahead: 1.06 segments used, 37.56 dropped, 5.76 ms a token spent encoding under the GPU
ds4:   concurrent sections: 451.12 attempted, 451.12 opened a token
ds4:   speculation: 0.00 layers a token, 0.00 lanes computed, 0.00 matched, 0.00 GEMVs actually saved, 0.00 left to compute; compared 0.00 lanes, 0.00 floats differ, 0.00 by more than an ulp
ds4:   Metal 4: 42.62 command buffers sent, 6289.3 dispatches a token; 0 pieces of Metal 3 work so far
ds4:   expert cache over the last 64 tokens: 103.39 hits, 147.75 misses, 147.75 evictions a token; 215 of 215 entries live (100.0%)
ds4:   of the address-table holes repaired a token: 0.00 already resident, 147.75 genuinely absent
ds4:   of the repair a token: readahead 116.66 ms, slot preparation 0.10 ms, reads 51.33 ms, install 0.22 ms, over 147.75 loads
ds4:   Engram rows written at step start in 8194 steps; layer-13 drains 0
ds4:   residency a token: 0.00 adds, 0.00 removes, 0.00 commits
ds4:   decode path so far: 8258 single-row steps (634.9 ms each inside the graph over the last 64), 0 K-row verification steps over 0 positions, 0 batch-fusion sites taken; candidate K none
ds4: gate over tokens 8193-8256: 41.64 command buffers, 39.64 aborts, 240.0 expert ids accounted, 1372.96 MiB loaded a token; 0 the gate failed to switch off, 0 it could not gate
ds4:   one token, exclusive, same window: entry 0.00 + encode 5.18 + commit-to-done 410.17 + repair-load 165.96 + accounting 0.04 + tail 57.30 = 638.65 of a 644.72 ms wall, residual 6.06
ds4:   of the commit-to-done: GPU running 80.56 ms, GPU not running 329.60 ms
ds4:   1591.1 gated dispatches a token, 30.0 of them behind an abort; 2193.5 sent plain ahead of a buffer's first validate
ds4:   encode-ahead: 1.00 segments used, 37.64 dropped, 5.50 ms a token spent encoding under the GPU
ds4:   concurrent sections: 451.75 attempted, 451.75 opened a token
ds4:   speculation: 0.00 layers a token, 0.00 lanes computed, 0.00 matched, 0.00 GEMVs actually saved, 0.00 left to compute; compared 0.00 lanes, 0.00 floats differ, 0.00 by more than an ulp
ds4:   Metal 4: 42.64 command buffers sent, 6294.2 dispatches a token; 0 pieces of Metal 3 work so far
ds4:   expert cache over the last 64 tokens: 105.19 hits, 144.64 misses, 144.64 evictions a token; 215 of 215 entries live (100.0%)
ds4:   of the address-table holes repaired a token: 0.00 already resident, 144.64 genuinely absent
ds4:   of the repair a token: readahead 113.32 ms, slot preparation 0.12 ms, reads 49.54 ms, install 0.21 ms, over 144.64 loads
ds4:   Engram rows written at step start in 8258 steps; layer-13 drains 0
ds4:   residency a token: 0.00 adds, 0.00 removes, 0.00 commits
ds4:   decode path so far: 8322 single-row steps (803.9 ms each inside the graph over the last 64), 0 K-row verification steps over 0 positions, 0 batch-fusion sites taken; candidate K none
ds4: gate over tokens 8257-8320: 41.83 command buffers, 39.83 aborts, 240.0 expert ids accounted, 1500.36 MiB loaded a token; 0 the gate failed to switch off, 0 it could not gate
ds4:   one token, exclusive, same window: entry 0.00 + encode 5.39 + commit-to-done 528.29 + repair-load 173.70 + accounting 0.04 + tail 72.99 = 780.41 of a 786.70 ms wall, residual 6.30
ds4:   of the commit-to-done: GPU running 85.50 ms, GPU not running 442.79 ms
ds4:   1599.4 gated dispatches a token, 30.0 of them behind an abort; 2204.7 sent plain ahead of a buffer's first validate
ds4:   encode-ahead: 1.00 segments used, 37.83 dropped, 5.72 ms a token spent encoding under the GPU
ds4:   concurrent sections: 453.94 attempted, 453.94 opened a token
ds4:   speculation: 0.00 layers a token, 0.00 lanes computed, 0.00 matched, 0.00 GEMVs actually saved, 0.00 left to compute; compared 0.00 lanes, 0.00 floats differ, 0.00 by more than an ulp
ds4:   Metal 4: 42.83 command buffers sent, 6327.1 dispatches a token; 0 pieces of Metal 3 work so far
ds4:   expert cache over the last 64 tokens: 92.39 hits, 158.06 misses, 158.06 evictions a token; 215 of 215 entries live (100.0%)
ds4:   of the address-table holes repaired a token: 0.00 already resident, 158.06 genuinely absent
ds4:   of the repair a token: readahead 120.76 ms, slot preparation 0.07 ms, reads 49.75 ms, install 0.23 ms, over 158.06 loads
ds4:   Engram rows written at step start in 8322 steps; layer-13 drains 0
ds4:   residency a token: 0.00 adds, 0.00 removes, 0.00 commits
ds4:   decode path so far: 8386 single-row steps (610.4 ms each inside the graph over the last 64), 0 K-row verification steps over 0 positions, 0 batch-fusion sites taken; candidate K none
ds4: gate over tokens 8321-8384: 41.78 command buffers, 39.78 aborts, 240.0 expert ids accounted, 1475.89 MiB loaded a token; 0 the gate failed to switch off, 0 it could not gate
ds4:   one token, exclusive, same window: entry 0.00 + encode 5.13 + commit-to-done 388.29 + repair-load 166.47 + accounting 0.04 + tail 49.97 = 609.92 of a 615.88 ms wall, residual 5.97
ds4:   of the commit-to-done: GPU running 79.92 ms, GPU not running 308.38 ms
ds4:   1597.3 gated dispatches a token, 30.0 of them behind an abort; 2201.0 sent plain ahead of a buffer's first validate
ds4:   encode-ahead: 1.00 segments used, 37.78 dropped, 5.41 ms a token spent encoding under the GPU
ds4:   concurrent sections: 453.38 attempted, 453.38 opened a token
ds4:   speculation: 0.00 layers a token, 0.00 lanes computed, 0.00 matched, 0.00 GEMVs actually saved, 0.00 left to compute; compared 0.00 lanes, 0.00 floats differ, 0.00 by more than an ulp
ds4:   Metal 4: 42.78 command buffers sent, 6316.5 dispatches a token; 0 pieces of Metal 3 work so far
ds4:   expert cache over the last 64 tokens: 95.42 hits, 155.48 misses, 155.48 evictions a token; 215 of 215 entries live (100.0%)
ds4:   of the address-table holes repaired a token: 0.00 already resident, 155.48 genuinely absent
ds4:   of the repair a token: readahead 117.13 ms, slot preparation 0.08 ms, reads 46.20 ms, install 0.22 ms, over 155.48 loads
ds4:   Engram rows written at step start in 8386 steps; layer-13 drains 0
ds4:   residency a token: 0.00 adds, 0.00 removes, 0.00 commits
ds4:   decode path so far: 8450 single-row steps (656.0 ms each inside the graph over the last 64), 0 K-row verification steps over 0 positions, 0 batch-fusion sites taken; candidate K none
ds4: gate over tokens 8385-8448: 41.89 command buffers, 39.86 aborts, 240.0 expert ids accounted, 1499.47 MiB loaded a token; 0 the gate failed to switch off, 0 it could not gate
ds4:   one token, exclusive, same window: entry 0.00 + encode 5.17 + commit-to-done 418.72 + repair-load 170.40 + accounting 0.04 + tail 53.79 = 648.13 of a 654.12 ms wall, residual 5.99
ds4:   of the commit-to-done: GPU running 81.65 ms, GPU not running 337.07 ms
ds4:   1604.0 gated dispatches a token, 30.0 of them behind an abort; 2206.9 sent plain ahead of a buffer's first validate
ds4:   encode-ahead: 1.03 segments used, 37.86 dropped, 5.43 ms a token spent encoding under the GPU
ds4:   concurrent sections: 454.50 attempted, 454.50 opened a token
ds4:   speculation: 0.00 layers a token, 0.00 lanes computed, 0.00 matched, 0.00 GEMVs actually saved, 0.00 left to compute; compared 0.00 lanes, 0.00 floats differ, 0.00 by more than an ulp
ds4:   Metal 4: 42.89 command buffers sent, 6335.5 dispatches a token; 0 pieces of Metal 3 work so far
ds4:   expert cache over the last 64 tokens: 93.62 hits, 157.97 misses, 157.97 evictions a token; 215 of 215 entries live (100.0%)
ds4:   of the address-table holes repaired a token: 0.00 already resident, 157.97 genuinely absent
ds4:   of the repair a token: readahead 119.67 ms, slot preparation 0.06 ms, reads 47.61 ms, install 0.22 ms, over 157.97 loads
ds4:   Engram rows written at step start in 8450 steps; layer-13 drains 0
ds4:   residency a token: 0.00 adds, 0.00 removes, 0.00 commits
ds4:   decode path so far: 8514 single-row steps (692.7 ms each inside the graph over the last 64), 0 K-row verification steps over 0 positions, 0 batch-fusion sites taken; candidate K none
ds4: gate over tokens 8449-8512: 41.89 command buffers, 39.89 aborts, 240.0 expert ids accounted, 1522.90 MiB loaded a token; 0 the gate failed to switch off, 0 it could not gate
ds4:   one token, exclusive, same window: entry 0.00 + encode 5.13 + commit-to-done 451.99 + repair-load 166.45 + accounting 0.04 + tail 58.76 = 682.38 of a 688.34 ms wall, residual 5.96
ds4:   of the commit-to-done: GPU running 81.32 ms, GPU not running 370.67 ms
ds4:   1601.7 gated dispatches a token, 30.0 of them behind an abort; 2206.7 sent plain ahead of a buffer's first validate
ds4:   encode-ahead: 1.00 segments used, 37.89 dropped, 5.42 ms a token spent encoding under the GPU
ds4:   concurrent sections: 454.69 attempted, 454.69 opened a token
ds4:   speculation: 0.00 layers a token, 0.00 lanes computed, 0.00 matched, 0.00 GEMVs actually saved, 0.00 left to compute; compared 0.00 lanes, 0.00 floats differ, 0.00 by more than an ulp
ds4:   Metal 4: 42.89 command buffers sent, 6334.8 dispatches a token; 0 pieces of Metal 3 work so far
ds4:   expert cache over the last 64 tokens: 90.95 hits, 160.44 misses, 160.44 evictions a token; 215 of 215 entries live (100.0%)
ds4:   of the address-table holes repaired a token: 0.00 already resident, 160.44 genuinely absent
ds4:   of the repair a token: readahead 116.96 ms, slot preparation 0.06 ms, reads 46.37 ms, install 0.22 ms, over 160.44 loads
ds4:   Engram rows written at step start in 8514 steps; layer-13 drains 0
ds4:   residency a token: 0.00 adds, 0.00 removes, 0.00 commits
ds4:   decode path so far: 8578 single-row steps (693.9 ms each inside the graph over the last 64), 0 K-row verification steps over 0 positions, 0 batch-fusion sites taken; candidate K none
ds4: gate over tokens 8513-8576: 41.98 command buffers, 39.98 aborts, 240.0 expert ids accounted, 1695.69 MiB loaded a token; 0 the gate failed to switch off, 0 it could not gate
ds4:   one token, exclusive, same window: entry 0.00 + encode 5.21 + commit-to-done 459.95 + repair-load 177.58 + accounting 0.04 + tail 50.47 = 693.24 of a 699.26 ms wall, residual 6.02
ds4:   of the commit-to-done: GPU running 80.58 ms, GPU not running 379.37 ms
ds4:   1606.2 gated dispatches a token, 30.0 of them behind an abort; 2213.2 sent plain ahead of a buffer's first validate
ds4:   encode-ahead: 1.00 segments used, 37.98 dropped, 5.45 ms a token spent encoding under the GPU
ds4:   concurrent sections: 455.81 attempted, 455.81 opened a token
ds4:   speculation: 0.00 layers a token, 0.00 lanes computed, 0.00 matched, 0.00 GEMVs actually saved, 0.00 left to compute; compared 0.00 lanes, 0.00 floats differ, 0.00 by more than an ulp
ds4:   Metal 4: 42.98 command buffers sent, 6353.3 dispatches a token; 0 pieces of Metal 3 work so far
ds4:   expert cache over the last 64 tokens: 75.16 hits, 178.64 misses, 178.64 evictions a token; 215 of 215 entries live (100.0%)
ds4:   of the address-table holes repaired a token: 0.00 already resident, 178.64 genuinely absent
ds4:   of the repair a token: readahead 124.65 ms, slot preparation 0.02 ms, reads 49.74 ms, install 0.24 ms, over 178.64 loads
ds4:   Engram rows written at step start in 8578 steps; layer-13 drains 0
ds4:   residency a token: 0.00 adds, 0.00 removes, 0.00 commits
ds4:   decode path so far: 8642 single-row steps (691.5 ms each inside the graph over the last 64), 0 K-row verification steps over 0 positions, 0 batch-fusion sites taken; candidate K none
ds4: gate over tokens 8577-8640: 41.98 command buffers, 39.98 aborts, 240.0 expert ids accounted, 1586.53 MiB loaded a token; 0 the gate failed to switch off, 0 it could not gate
ds4:   one token, exclusive, same window: entry 0.00 + encode 5.16 + commit-to-done 437.44 + repair-load 172.93 + accounting 0.04 + tail 59.67 = 675.24 of a 681.20 ms wall, residual 5.96
ds4:   of the commit-to-done: GPU running 80.81 ms, GPU not running 356.63 ms
ds4:   1605.8 gated dispatches a token, 30.0 of them behind an abort; 2212.0 sent plain ahead of a buffer's first validate
ds4:   encode-ahead: 1.00 segments used, 37.98 dropped, 5.40 ms a token spent encoding under the GPU
ds4:   concurrent sections: 455.81 attempted, 455.81 opened a token
ds4:   speculation: 0.00 layers a token, 0.00 lanes computed, 0.00 matched, 0.00 GEMVs actually saved, 0.00 left to compute; compared 0.00 lanes, 0.00 floats differ, 0.00 by more than an ulp
ds4:   Metal 4: 42.98 command buffers sent, 6350.6 dispatches a token; 0 pieces of Metal 3 work so far
ds4:   expert cache over the last 64 tokens: 84.83 hits, 167.14 misses, 167.14 evictions a token; 215 of 215 entries live (100.0%)
ds4:   of the address-table holes repaired a token: 0.00 already resident, 167.14 genuinely absent
ds4:   of the repair a token: readahead 122.83 ms, slot preparation 0.02 ms, reads 46.94 ms, install 0.23 ms, over 167.14 loads
ds4:   Engram rows written at step start in 8642 steps; layer-13 drains 0
ds4:   residency a token: 0.00 adds, 0.00 removes, 0.00 commits
ds4:   decode path so far: 8706 single-row steps (695.8 ms each inside the graph over the last 64), 0 K-row verification steps over 0 positions, 0 batch-fusion sites taken; candidate K none
ds4: gate over tokens 8641-8704: 42.00 command buffers, 40.00 aborts, 240.0 expert ids accounted, 1589.79 MiB loaded a token; 0 the gate failed to switch off, 0 it could not gate
ds4:   one token, exclusive, same window: entry 0.00 + encode 5.17 + commit-to-done 453.17 + repair-load 182.27 + accounting 0.04 + tail 48.27 = 688.93 of a 694.94 ms wall, residual 6.02
ds4:   of the commit-to-done: GPU running 81.97 ms, GPU not running 371.20 ms
ds4:   1607.0 gated dispatches a token, 30.0 of them behind an abort; 2214.0 sent plain ahead of a buffer's first validate
ds4:   encode-ahead: 1.00 segments used, 38.00 dropped, 5.45 ms a token spent encoding under the GPU
ds4:   concurrent sections: 456.00 attempted, 456.00 opened a token
ds4:   speculation: 0.00 layers a token, 0.00 lanes computed, 0.00 matched, 0.00 GEMVs actually saved, 0.00 left to compute; compared 0.00 lanes, 0.00 floats differ, 0.00 by more than an ulp
ds4:   Metal 4: 43.00 command buffers sent, 6356.0 dispatches a token; 0 pieces of Metal 3 work so far
ds4:   expert cache over the last 64 tokens: 84.61 hits, 167.48 misses, 167.48 evictions a token; 215 of 215 entries live (100.0%)
ds4:   of the address-table holes repaired a token: 0.00 already resident, 167.48 genuinely absent
ds4:   of the repair a token: readahead 130.94 ms, slot preparation 0.03 ms, reads 48.14 ms, install 0.23 ms, over 167.48 loads
ds4:   Engram rows written at step start in 8706 steps; layer-13 drains 0
ds4:   residency a token: 0.00 adds, 0.00 removes, 0.00 commits
ds4:   decode path so far: 8770 single-row steps (888.9 ms each inside the graph over the last 64), 0 K-row verification steps over 0 positions, 0 batch-fusion sites taken; candidate K none
ds4: gate over tokens 8705-8768: 41.95 command buffers, 39.95 aborts, 240.0 expert ids accounted, 1600.18 MiB loaded a token; 0 the gate failed to switch off, 0 it could not gate
ds4:   one token, exclusive, same window: entry 0.00 + encode 5.44 + commit-to-done 618.66 + repair-load 186.43 + accounting 0.04 + tail 74.18 = 884.76 of a 890.93 ms wall, residual 6.18
ds4:   of the commit-to-done: GPU running 89.97 ms, GPU not running 528.68 ms
ds4:   1604.6 gated dispatches a token, 30.0 of them behind an abort; 2210.0 sent plain ahead of a buffer's first validate
ds4:   encode-ahead: 1.00 segments used, 37.95 dropped, 5.58 ms a token spent encoding under the GPU
ds4:   concurrent sections: 455.44 attempted, 455.44 opened a token
ds4:   speculation: 0.00 layers a token, 0.00 lanes computed, 0.00 matched, 0.00 GEMVs actually saved, 0.00 left to compute; compared 0.00 lanes, 0.00 floats differ, 0.00 by more than an ulp
ds4:   Metal 4: 42.95 command buffers sent, 6345.3 dispatches a token; 0 pieces of Metal 3 work so far
ds4:   expert cache over the last 64 tokens: 83.47 hits, 168.58 misses, 168.58 evictions a token; 215 of 215 entries live (100.0%)
ds4:   of the address-table holes repaired a token: 0.00 already resident, 168.58 genuinely absent
ds4:   of the repair a token: readahead 133.76 ms, slot preparation 0.03 ms, reads 49.36 ms, install 0.25 ms, over 168.58 loads
ds4:   Engram rows written at step start in 8770 steps; layer-13 drains 0
ds4:   residency a token: 0.00 adds, 0.00 removes, 0.00 commits
ds4:   decode path so far: 8834 single-row steps (791.9 ms each inside the graph over the last 64), 0 K-row verification steps over 0 positions, 0 batch-fusion sites taken; candidate K none
ds4: gate over tokens 8769-8832: 41.94 command buffers, 39.94 aborts, 240.0 expert ids accounted, 1651.64 MiB loaded a token; 0 the gate failed to switch off, 0 it could not gate
ds4:   one token, exclusive, same window: entry 0.00 + encode 5.28 + commit-to-done 528.28 + repair-load 187.53 + accounting 0.04 + tail 65.34 = 786.48 of a 792.54 ms wall, residual 6.06
ds4:   of the commit-to-done: GPU running 86.09 ms, GPU not running 442.20 ms
ds4:   1604.6 gated dispatches a token, 30.0 of them behind an abort; 2210.5 sent plain ahead of a buffer's first validate
ds4:   encode-ahead: 1.00 segments used, 37.94 dropped, 5.49 ms a token spent encoding under the GPU
ds4:   concurrent sections: 455.25 attempted, 455.25 opened a token
ds4:   speculation: 0.00 layers a token, 0.00 lanes computed, 0.00 matched, 0.00 GEMVs actually saved, 0.00 left to compute; compared 0.00 lanes, 0.00 floats differ, 0.00 by more than an ulp
ds4:   Metal 4: 42.94 command buffers sent, 6345.9 dispatches a token; 0 pieces of Metal 3 work so far
ds4:   expert cache over the last 64 tokens: 78.64 hits, 174.00 misses, 174.00 evictions a token; 215 of 215 entries live (100.0%)
ds4:   of the address-table holes repaired a token: 0.00 already resident, 174.00 genuinely absent
ds4:   of the repair a token: readahead 133.61 ms, slot preparation 0.02 ms, reads 50.68 ms, install 0.24 ms, over 174.00 loads
ds4:   Engram rows written at step start in 8834 steps; layer-13 drains 0
ds4:   residency a token: 0.00 adds, 0.00 removes, 0.00 commits
short      prompt    26 tokens,  2048 steps: logits differ at 0 of 2049 evaluations (first -1), tokens first differ at -1, ids 13607d993a447227 / 13607d993a447227
haiku      prompt    21 tokens,   256 steps: logits differ at 0 of 257 evaluations (first -1), tokens first differ at -1, ids 8f561a8abb7bba25 / 8f561a8abb7bba25
long       prompt  4795 tokens,   256 steps: logits differ at 0 of 257 evaluations (first -1), tokens first differ at -1, ids e197891559449b7b / e197891559449b7b
injected   decode failure: eval returned 1 (V4.1 decode failed at position 34)
injected   prefill failure: sync returned 1 (V4.1 prefill failed at position 0)
after      a fresh session matches the reference for 128 of 128 tokens
fallback   Metal 3 work noted under the Metal 4 backend: 0
health     Metal 4: 112552 commits, 112552 feedback, 2 errors (the injected ones), residency held 0 entries 0.0 MiB, peak 95637.0 MiB, 10579836 adds, 10579836 releases
reopen     an engine opened after the first closed matches the reference for 2048 of 2048 tokens
closed     after the second close: residency held 0 entries
PASS
