ds4: abort gate on for the first 40 layers
ds4: Metal device Apple M5 Max, 128.00 GiB RAM
ds4: Metal 4 tensor API enabled for Tensor kernels
ds4: drift-patch flags hc_stable=on norm_unify=on kv_raw_f32=off rope_exp2_log2=off math_safe=off tensor_matmul=on
ds4: V4.1 SSD cache fitted from 10268 to 9648 experts for context/runtime headroom
ds4: Metal backend: Metal 4
ds4: Metal SSD streaming mode enabled; full model residency and warmup are skipped
ds4: metal SSD streaming cache target 89.43 GiB; effective 89.43 GiB = 7.12 GiB prefill headroom + 82.32 GiB dynamic cache (8880 experts, 9.49 MiB each)
ds4: Metal SSD static weights remain pageable to preserve runtime headroom
ds4: SSD streaming initial metal model map (569 spans, 9.37 GiB tensor span)
ds4: metal backend initialized for graph diagnostics
ds4: expert cache prewarmed from the built-in V4.1 hotlist: 8192 experts (0 failed), 75.94 GiB in 7.74 s
ds4: memory: KV 0.06 GiB (raw 0.01 + compressed 0.05) + buffers 3.30 GiB + resident model 9.37 GiB + expert cache 82.32 GiB + prefill expert reserve 7.12 GiB = 102.16 GiB planned
ds4: memory detail: ctx=8192 prefill_cap=4096 raw_kv_rows=128 compressed_kv_rows=8193 backend=metal
ds4: sharded queue warm is Metal 3 only and the Metal 4 backend is selected
ds4: V4.1 executor ABI 3, arena align 256, rev 0f259612ea46-dirty, built Sep 30 2026 22:53:40
ds4: V4.1 static context buffers 3435.75 MiB (ctx=8192), Engram disk-only
ds4: V4.1 static context buffers 3435.75 MiB (ctx=8192), Engram disk-only
ds4: shared/routed FFN overlap ran, mode 1
ds4: expert cache lent the prefill headroom for decode: 8880 -> 9648 experts
ds4: expert cache lent the prefill headroom for decode: 8880 -> 9648 experts
ds4:   decode path so far: 64 single-row steps (47.9 ms each inside the graph over the last 64), 0 K-row verification steps over 0 positions, 0 batch-fusion sites taken; candidate K none
ds4: gate over tokens 1-64: 19.08 command buffers, 7.73 aborts, 240.0 expert ids accounted, 106.64 MiB loaded a token; 0 the gate failed to switch off, 0 it could not gate
ds4:   one token, exclusive, same window: entry 0.00 + encode 0.85 + commit-to-done 31.80 + repair-load 12.24 + accounting 0.04 + tail 0.29 = 45.22 of a 47.79 ms wall, residual 2.57
ds4:   GPU busy 32.01 ms of the token's wall (the union of its buffers' spans), idle 15.77 ms
ds4:   1300.4 gated dispatches a token, 5.6 of them behind an abort; 256.8 sent plain ahead of a buffer's first validate
ds4:   encode-ahead: 10.34 segments used, 7.39 dropped, 2.30 ms a token spent encoding under the GPU
ds4:   concurrent sections: 151.12 attempted, 151.12 opened a token
ds4:   speculation: 0.00 layers a token, 0.00 lanes computed, 0.00 matched, 0.00 GEMVs actually saved, 0.00 left to compute; compared 0.00 lanes, 0.00 floats differ, 0.00 by more than an ulp
ds4:   Metal 4: 26.70 command buffers sent, 2252.0 dispatches a token; 0 pieces of Metal 3 work so far
ds4:   Metal 4 a token: encoders 170.1 serial + 151.1 concurrent; barriers 1874.2 after a dispatch, 27.4 at copies, 85.6 from the engine, 26.7 opening and 26.7 ending an encoder; 321.2 table clears, 9355.6 setBuffer, 2615.4 setBytes (236905 B); 2252.0 dispatches, 13.7 copies; 26.70 blocking waits, 52.40 ms; 294.5 section barriers
ds4:   expert cache over the last 64 tokens: 240.00 hits, 139.23 misses, 0.00 evictions a token; 8911 of 9648 entries live (92.4%)
ds4:   of the address-table holes repaired a token: 0.00 already resident, 139.23 genuinely absent
ds4:   of the repair a token: readahead 31.09 ms, slot preparation 44.40 ms, reads 57.44 ms, install 0.19 ms, over 139.23 loads
ds4:   Engram rows written at step start in 64 steps; layer-13 drains 0
ds4:   residency a token: 0.00 adds, 0.00 removes, 0.00 commits
ds4:   decode path so far: 128 single-row steps (71.7 ms each inside the graph over the last 64), 0 K-row verification steps over 0 positions, 0 batch-fusion sites taken; candidate K none
ds4: gate over tokens 65-128: 18.14 command buffers, 6.23 aborts, 240.0 expert ids accounted, 70.60 MiB loaded a token; 0 the gate failed to switch off, 0 it could not gate
ds4:   one token, exclusive, same window: entry 0.00 + encode 0.69 + commit-to-done 55.92 + repair-load 9.38 + accounting 0.05 + tail 2.16 = 68.21 of a 70.90 ms wall, residual 2.70
ds4:   GPU busy 58.56 ms of the token's wall (the union of its buffers' spans), idle 12.34 ms
ds4:   1299.5 gated dispatches a token, 6.1 of them behind an abort; 209.8 sent plain ahead of a buffer's first validate
ds4:   encode-ahead: 10.91 segments used, 5.91 dropped, 2.31 ms a token spent encoding under the GPU
ds4:   concurrent sections: 137.31 attempted, 137.31 opened a token
ds4:   speculation: 0.00 layers a token, 0.00 lanes computed, 0.00 matched, 0.00 GEMVs actually saved, 0.00 left to compute; compared 0.00 lanes, 0.00 floats differ, 0.00 by more than an ulp
ds4:   Metal 4: 25.05 command buffers sent, 2063.5 dispatches a token; 0 pieces of Metal 3 work so far
ds4:   Metal 4 a token: encoders 156.1 serial + 137.3 concurrent; barriers 1720.2 after a dispatch, 26.2 at copies, 79.2 from the engine, 25.0 opening and 25.0 ending an encoder; 293.4 table clears, 8574.5 setBuffer, 2378.5 setBytes (217443 B); 2063.5 dispatches, 13.1 copies; 25.05 blocking waits, 57.50 ms; 268.4 section barriers
ds4:   expert cache over the last 64 tokens: 240.00 hits, 7.44 misses, 0.00 evictions a token; 9387 of 9648 entries live (97.3%)
ds4:   of the address-table holes repaired a token: 0.00 already resident, 7.44 genuinely absent
ds4:   of the repair a token: readahead 3.57 ms, slot preparation 2.70 ms, reads 3.09 ms, install 0.01 ms, over 7.44 loads
ds4:   Engram rows written at step start in 128 steps; layer-13 drains 0
ds4:   residency a token: 0.00 adds, 0.00 removes, 0.00 commits
ds4:   decode path so far: 192 single-row steps (63.8 ms each inside the graph over the last 64), 0 K-row verification steps over 0 positions, 0 batch-fusion sites taken; candidate K none
ds4: gate over tokens 129-192: 16.33 command buffers, 3.44 aborts, 240.0 expert ids accounted, 37.08 MiB loaded a token; 0 the gate failed to switch off, 0 it could not gate
ds4:   one token, exclusive, same window: entry 0.00 + encode 0.46 + commit-to-done 54.00 + repair-load 4.06 + accounting 0.05 + tail 2.05 = 60.62 of a 63.06 ms wall, residual 2.44
ds4:   GPU busy 56.99 ms of the token's wall (the union of its buffers' spans), idle 6.07 ms
ds4:   1287.8 gated dispatches a token, 3.3 of them behind an abort; 127.7 sent plain ahead of a buffer's first validate
ds4:   encode-ahead: 11.89 segments used, 3.28 dropped, 2.22 ms a token spent encoding under the GPU
ds4:   concurrent sections: 111.75 attempted, 111.75 opened a token
ds4:   speculation: 0.00 layers a token, 0.00 lanes computed, 0.00 matched, 0.00 GEMVs actually saved, 0.00 left to compute; compared 0.00 lanes, 0.00 floats differ, 0.00 by more than an ulp
ds4:   Metal 4: 20.61 command buffers sent, 1725.0 dispatches a token; 0 pieces of Metal 3 work so far
ds4:   Metal 4 a token: encoders 128.9 serial + 111.8 concurrent; barriers 1445.6 after a dispatch, 23.4 at copies, 67.6 from the engine, 20.6 opening and 20.6 ending an encoder; 240.7 table clears, 7155.3 setBuffer, 1983.3 setBytes (181505 B); 1725.0 dispatches, 11.7 copies; 20.61 blocking waits, 55.47 ms; 220.1 section barriers
ds4:   expert cache over the last 64 tokens: 240.00 hits, 3.91 misses, 0.00 evictions a token; 9637 of 9648 entries live (99.9%)
ds4:   of the address-table holes repaired a token: 0.00 already resident, 3.91 genuinely absent
ds4:   of the repair a token: readahead 1.35 ms, slot preparation 1.09 ms, reads 1.61 ms, install 0.01 ms, over 3.91 loads
ds4:   Engram rows written at step start in 192 steps; layer-13 drains 0
ds4:   residency a token: 0.00 adds, 0.00 removes, 0.00 commits
ds4:   decode path so far: 256 single-row steps (65.7 ms each inside the graph over the last 64), 0 K-row verification steps over 0 positions, 0 batch-fusion sites taken; candidate K none
ds4: gate over tokens 193-256: 16.05 command buffers, 3.03 aborts, 240.0 expert ids accounted, 32.04 MiB loaded a token; 0 the gate failed to switch off, 0 it could not gate
ds4:   one token, exclusive, same window: entry 0.00 + encode 0.41 + commit-to-done 56.79 + repair-load 3.34 + accounting 0.04 + tail 2.11 = 62.69 of a 64.99 ms wall, residual 2.30
ds4:   GPU busy 59.94 ms of the token's wall (the union of its buffers' spans), idle 5.05 ms
ds4:   1278.0 gated dispatches a token, 2.8 of them behind an abort; 114.3 sent plain ahead of a buffer's first validate
ds4:   encode-ahead: 12.02 segments used, 2.89 dropped, 2.06 ms a token spent encoding under the GPU
ds4:   concurrent sections: 107.94 attempted, 107.94 opened a token
ds4:   speculation: 0.00 layers a token, 0.00 lanes computed, 0.00 matched, 0.00 GEMVs actually saved, 0.00 left to compute; compared 0.00 lanes, 0.00 floats differ, 0.00 by more than an ulp
ds4:   Metal 4: 19.94 command buffers sent, 1673.0 dispatches a token; 0 pieces of Metal 3 work so far
ds4:   Metal 4 a token: encoders 124.8 serial + 107.9 concurrent; barriers 1403.1 after a dispatch, 22.7 at copies, 65.8 from the engine, 19.9 opening and 19.9 ending an encoder; 232.8 table clears, 6936.9 setBuffer, 1922.8 setBytes (175968 B); 1673.0 dispatches, 11.4 copies; 19.94 blocking waits, 58.44 ms; 212.8 section barriers
ds4:   expert cache over the last 64 tokens: 240.00 hits, 3.38 misses, 3.20 evictions a token; 9648 of 9648 entries live (100.0%)
ds4:   of the address-table holes repaired a token: 0.00 already resident, 3.38 genuinely absent
ds4:   of the repair a token: readahead 1.16 ms, slot preparation 0.22 ms, reads 1.93 ms, install 0.01 ms, over 3.38 loads
ds4:   Engram rows written at step start in 256 steps; layer-13 drains 0
ds4:   residency a token: 0.00 adds, 0.00 removes, 0.00 commits
ds4:   decode path so far: 320 single-row steps (64.1 ms each inside the graph over the last 64), 0 K-row verification steps over 0 positions, 0 batch-fusion sites taken; candidate K none
ds4: gate over tokens 257-320: 16.00 command buffers, 3.02 aborts, 240.0 expert ids accounted, 31.15 MiB loaded a token; 0 the gate failed to switch off, 0 it could not gate
ds4:   one token, exclusive, same window: entry 0.00 + encode 0.42 + commit-to-done 54.85 + repair-load 3.31 + accounting 0.05 + tail 2.06 = 60.68 of a 63.07 ms wall, residual 2.39
ds4:   GPU busy 57.92 ms of the token's wall (the union of its buffers' spans), idle 5.15 ms
ds4:   1315.8 gated dispatches a token, 1.5 of them behind an abort; 111.8 sent plain ahead of a buffer's first validate
ds4:   encode-ahead: 11.98 segments used, 2.86 dropped, 2.18 ms a token spent encoding under the GPU
ds4:   concurrent sections: 107.62 attempted, 107.62 opened a token
ds4:   speculation: 0.00 layers a token, 0.00 lanes computed, 0.00 matched, 0.00 GEMVs actually saved, 0.00 left to compute; compared 0.00 lanes, 0.00 floats differ, 0.00 by more than an ulp
ds4:   Metal 4: 19.86 command buffers sent, 1718.0 dispatches a token; 0 pieces of Metal 3 work so far
ds4:   Metal 4 a token: encoders 124.5 serial + 107.6 concurrent; barriers 1448.9 after a dispatch, 22.3 at copies, 65.6 from the engine, 19.9 opening and 19.9 ending an encoder; 232.1 table clears, 7015.7 setBuffer, 1967.2 setBytes (175562 B); 1718.0 dispatches, 11.2 copies; 19.86 blocking waits, 56.33 ms; 212.2 section barriers
ds4:   expert cache over the last 64 tokens: 240.00 hits, 3.28 misses, 3.28 evictions a token; 9648 of 9648 entries live (100.0%)
ds4:   of the address-table holes repaired a token: 0.00 already resident, 3.28 genuinely absent
ds4:   of the repair a token: readahead 1.14 ms, slot preparation 0.19 ms, reads 1.94 ms, install 0.01 ms, over 3.28 loads
ds4:   Engram rows written at step start in 320 steps; layer-13 drains 0
ds4:   residency a token: 0.00 adds, 0.00 removes, 0.00 commits
ds4:   decode path so far: 384 single-row steps (64.7 ms each inside the graph over the last 64), 0 K-row verification steps over 0 positions, 0 batch-fusion sites taken; candidate K none
ds4: gate over tokens 321-384: 15.56 command buffers, 2.31 aborts, 240.0 expert ids accounted, 23.29 MiB loaded a token; 0 the gate failed to switch off, 0 it could not gate
ds4:   one token, exclusive, same window: entry 0.00 + encode 0.35 + commit-to-done 56.50 + repair-load 2.51 + accounting 0.04 + tail 2.13 = 61.54 of a 63.79 ms wall, residual 2.25
ds4:   GPU busy 59.71 ms of the token's wall (the union of its buffers' spans), idle 4.08 ms
ds4:   1312.4 gated dispatches a token, 3.4 of them behind an abort; 93.4 sent plain ahead of a buffer's first validate
ds4:   encode-ahead: 12.25 segments used, 2.16 dropped, 2.09 ms a token spent encoding under the GPU
ds4:   concurrent sections: 101.34 attempted, 101.34 opened a token
ds4:   speculation: 0.00 layers a token, 0.00 lanes computed, 0.00 matched, 0.00 GEMVs actually saved, 0.00 left to compute; compared 0.00 lanes, 0.00 floats differ, 0.00 by more than an ulp
ds4:   Metal 4: 18.72 command buffers sent, 1629.9 dispatches a token; 0 pieces of Metal 3 work so far
ds4:   Metal 4 a token: encoders 117.8 serial + 101.3 concurrent; barriers 1376.6 after a dispatch, 21.1 at copies, 62.8 from the engine, 18.7 opening and 18.7 ending an encoder; 219.1 table clears, 6655.4 setBuffer, 1865.2 setBytes (166499 B); 1629.9 dispatches, 10.6 copies; 18.72 blocking waits, 58.06 ms; 200.4 section barriers
ds4:   expert cache over the last 64 tokens: 240.00 hits, 2.45 misses, 2.45 evictions a token; 9648 of 9648 entries live (100.0%)
ds4:   of the address-table holes repaired a token: 0.00 already resident, 2.45 genuinely absent
ds4:   of the repair a token: readahead 0.85 ms, slot preparation 0.16 ms, reads 1.48 ms, install 0.01 ms, over 2.45 loads
ds4:   Engram rows written at step start in 384 steps; layer-13 drains 0
ds4:   residency a token: 0.00 adds, 0.00 removes, 0.00 commits
ds4:   decode path so far: 448 single-row steps (64.6 ms each inside the graph over the last 64), 0 K-row verification steps over 0 positions, 0 batch-fusion sites taken; candidate K none
ds4: gate over tokens 385-448: 15.86 command buffers, 2.83 aborts, 240.0 expert ids accounted, 28.92 MiB loaded a token; 0 the gate failed to switch off, 0 it could not gate
ds4:   one token, exclusive, same window: entry 0.00 + encode 0.40 + commit-to-done 54.95 + repair-load 3.90 + accounting 0.05 + tail 2.06 = 61.36 of a 63.67 ms wall, residual 2.31
ds4:   GPU busy 58.01 ms of the token's wall (the union of its buffers' spans), idle 5.66 ms
ds4:   1315.3 gated dispatches a token, 3.4 of them behind an abort; 111.5 sent plain ahead of a buffer's first validate
ds4:   encode-ahead: 12.03 segments used, 2.67 dropped, 2.12 ms a token spent encoding under the GPU
ds4:   concurrent sections: 105.91 attempted, 105.91 opened a token
ds4:   speculation: 0.00 layers a token, 0.00 lanes computed, 0.00 matched, 0.00 GEMVs actually saved, 0.00 left to compute; compared 0.00 lanes, 0.00 floats differ, 0.00 by more than an ulp
ds4:   Metal 4: 19.53 command buffers sent, 1695.8 dispatches a token; 0 pieces of Metal 3 work so far
ds4:   Metal 4 a token: encoders 122.6 serial + 105.9 concurrent; barriers 1431.0 after a dispatch, 22.0 at copies, 64.8 from the engine, 19.5 opening and 19.5 ending an encoder; 228.5 table clears, 6921.9 setBuffer, 1941.2 setBytes (173256 B); 1695.8 dispatches, 11.0 copies; 19.53 blocking waits, 56.44 ms; 209.0 section barriers
ds4:   expert cache over the last 64 tokens: 240.00 hits, 3.05 misses, 3.05 evictions a token; 9648 of 9648 entries live (100.0%)
ds4:   of the address-table holes repaired a token: 0.00 already resident, 3.05 genuinely absent
ds4:   of the repair a token: readahead 2.12 ms, slot preparation 0.18 ms, reads 1.57 ms, install 0.01 ms, over 3.05 loads
ds4:   Engram rows written at step start in 448 steps; layer-13 drains 0
ds4:   residency a token: 0.00 adds, 0.00 removes, 0.00 commits
ds4:   decode path so far: 512 single-row steps (63.4 ms each inside the graph over the last 64), 0 K-row verification steps over 0 positions, 0 batch-fusion sites taken; candidate K none
ds4: gate over tokens 449-512: 15.56 command buffers, 2.34 aborts, 240.0 expert ids accounted, 24.18 MiB loaded a token; 0 the gate failed to switch off, 0 it could not gate
ds4:   one token, exclusive, same window: entry 0.00 + encode 0.35 + commit-to-done 55.17 + repair-load 2.59 + accounting 0.05 + tail 2.09 = 60.24 of a 62.48 ms wall, residual 2.24
ds4:   GPU busy 58.32 ms of the token's wall (the union of its buffers' spans), idle 4.16 ms
ds4:   1308.7 gated dispatches a token, 2.9 of them behind an abort; 93.8 sent plain ahead of a buffer's first validate
ds4:   encode-ahead: 12.22 segments used, 2.20 dropped, 2.06 ms a token spent encoding under the GPU
ds4:   concurrent sections: 101.25 attempted, 101.25 opened a token
ds4:   speculation: 0.00 layers a token, 0.00 lanes computed, 0.00 matched, 0.00 GEMVs actually saved, 0.00 left to compute; compared 0.00 lanes, 0.00 floats differ, 0.00 by more than an ulp
ds4:   Metal 4: 18.77 command buffers sent, 1629.1 dispatches a token; 0 pieces of Metal 3 work so far
ds4:   Metal 4 a token: encoders 117.7 serial + 101.2 concurrent; barriers 1376.0 after a dispatch, 21.8 at copies, 62.7 from the engine, 18.8 opening and 18.8 ending an encoder; 218.9 table clears, 6650.7 setBuffer, 1864.2 setBytes (166552 B); 1629.1 dispatches, 10.9 copies; 18.77 blocking waits, 56.74 ms; 200.2 section barriers
ds4:   expert cache over the last 64 tokens: 240.00 hits, 2.55 misses, 2.55 evictions a token; 9648 of 9648 entries live (100.0%)
ds4:   of the address-table holes repaired a token: 0.00 already resident, 2.55 genuinely absent
ds4:   of the repair a token: readahead 0.93 ms, slot preparation 0.15 ms, reads 1.48 ms, install 0.01 ms, over 2.55 loads
ds4:   Engram rows written at step start in 512 steps; layer-13 drains 0
ds4:   residency a token: 0.00 adds, 0.00 removes, 0.00 commits
ds4:   decode path so far: 576 single-row steps (63.8 ms each inside the graph over the last 64), 0 K-row verification steps over 0 positions, 0 batch-fusion sites taken; candidate K none
ds4: gate over tokens 513-576: 15.31 command buffers, 1.86 aborts, 240.0 expert ids accounted, 18.69 MiB loaded a token; 0 the gate failed to switch off, 0 it could not gate
ds4:   one token, exclusive, same window: entry 0.00 + encode 0.31 + commit-to-done 56.20 + repair-load 2.01 + accounting 0.05 + tail 2.14 = 60.71 of a 62.92 ms wall, residual 2.21
ds4:   GPU busy 59.51 ms of the token's wall (the union of its buffers' spans), idle 3.41 ms
ds4:   1315.2 gated dispatches a token, 0.5 of them behind an abort; 78.9 sent plain ahead of a buffer's first validate
ds4:   encode-ahead: 12.45 segments used, 1.81 dropped, 2.08 ms a token spent encoding under the GPU
ds4:   concurrent sections: 97.25 attempted, 97.25 opened a token
ds4:   speculation: 0.00 layers a token, 0.00 lanes computed, 0.00 matched, 0.00 GEMVs actually saved, 0.00 left to compute; compared 0.00 lanes, 0.00 floats differ, 0.00 by more than an ulp
ds4:   Metal 4: 18.12 command buffers sent, 1574.6 dispatches a token; 0 pieces of Metal 3 work so far
ds4:   Metal 4 a token: encoders 113.5 serial + 97.2 concurrent; barriers 1331.5 after a dispatch, 20.5 at copies, 61.0 from the engine, 18.1 opening and 18.1 ending an encoder; 210.8 table clears, 6426.3 setBuffer, 1800.7 setBytes (160754 B); 1574.6 dispatches, 10.2 copies; 18.12 blocking waits, 57.79 ms; 192.6 section barriers
ds4:   expert cache over the last 64 tokens: 240.00 hits, 1.97 misses, 1.97 evictions a token; 9648 of 9648 entries live (100.0%)
ds4:   of the address-table holes repaired a token: 0.00 already resident, 1.97 genuinely absent
ds4:   of the repair a token: readahead 0.69 ms, slot preparation 0.12 ms, reads 1.17 ms, install 0.00 ms, over 1.97 loads
ds4:   Engram rows written at step start in 576 steps; layer-13 drains 0
ds4:   residency a token: 0.00 adds, 0.00 removes, 0.00 commits
ds4:   decode path so far: 640 single-row steps (63.6 ms each inside the graph over the last 64), 0 K-row verification steps over 0 positions, 0 batch-fusion sites taken; candidate K none
ds4: gate over tokens 577-640: 15.53 command buffers, 2.27 aborts, 240.0 expert ids accounted, 22.40 MiB loaded a token; 0 the gate failed to switch off, 0 it could not gate
ds4:   one token, exclusive, same window: entry 0.00 + encode 0.36 + commit-to-done 55.50 + repair-load 2.46 + accounting 0.05 + tail 2.09 = 60.45 of a 62.77 ms wall, residual 2.32
ds4:   GPU busy 58.73 ms of the token's wall (the union of its buffers' spans), idle 4.04 ms
ds4:   1316.0 gated dispatches a token, 3.4 of them behind an abort; 91.8 sent plain ahead of a buffer's first validate
ds4:   encode-ahead: 12.27 segments used, 2.14 dropped, 2.16 ms a token spent encoding under the GPU
ds4:   concurrent sections: 101.25 attempted, 101.25 opened a token
ds4:   speculation: 0.00 layers a token, 0.00 lanes computed, 0.00 matched, 0.00 GEMVs actually saved, 0.00 left to compute; compared 0.00 lanes, 0.00 floats differ, 0.00 by more than an ulp
ds4:   Metal 4: 18.67 command buffers sent, 1631.5 dispatches a token; 0 pieces of Metal 3 work so far
ds4:   Metal 4 a token: encoders 117.7 serial + 101.2 concurrent; barriers 1378.4 after a dispatch, 21.4 at copies, 62.8 from the engine, 18.7 opening and 18.7 ending an encoder; 218.9 table clears, 6658.8 setBuffer, 1866.7 setBytes (166622 B); 1631.5 dispatches, 10.7 copies; 18.67 blocking waits, 57.01 ms; 200.2 section barriers
ds4:   expert cache over the last 64 tokens: 240.00 hits, 2.36 misses, 2.36 evictions a token; 9648 of 9648 entries live (100.0%)
ds4:   of the address-table holes repaired a token: 0.00 already resident, 2.36 genuinely absent
ds4:   of the repair a token: readahead 0.85 ms, slot preparation 0.16 ms, reads 1.43 ms, install 0.01 ms, over 2.36 loads
ds4:   Engram rows written at step start in 640 steps; layer-13 drains 0
ds4:   residency a token: 0.00 adds, 0.00 removes, 0.00 commits
ds4:   decode path so far: 704 single-row steps (63.4 ms each inside the graph over the last 64), 0 K-row verification steps over 0 positions, 0 batch-fusion sites taken; candidate K none
ds4: gate over tokens 641-704: 15.08 command buffers, 1.55 aborts, 240.0 expert ids accounted, 15.57 MiB loaded a token; 0 the gate failed to switch off, 0 it could not gate
ds4:   one token, exclusive, same window: entry 0.00 + encode 0.27 + commit-to-done 56.24 + repair-load 1.67 + accounting 0.05 + tail 2.08 = 60.30 of a 62.45 ms wall, residual 2.15
ds4:   GPU busy 59.48 ms of the token's wall (the union of its buffers' spans), idle 2.97 ms
ds4:   1309.6 gated dispatches a token, 1.0 of them behind an abort; 69.0 sent plain ahead of a buffer's first validate
ds4:   encode-ahead: 12.53 segments used, 1.48 dropped, 2.03 ms a token spent encoding under the GPU
ds4:   concurrent sections: 94.44 attempted, 94.44 opened a token
ds4:   speculation: 0.00 layers a token, 0.00 lanes computed, 0.00 matched, 0.00 GEMVs actually saved, 0.00 left to compute; compared 0.00 lanes, 0.00 floats differ, 0.00 by more than an ulp
ds4:   Metal 4: 17.56 command buffers sent, 1538.7 dispatches a token; 0 pieces of Metal 3 work so far
ds4:   Metal 4 a token: encoders 110.5 serial + 94.4 concurrent; barriers 1302.6 after a dispatch, 21.0 at copies, 59.7 from the engine, 17.6 opening and 17.6 ending an encoder; 204.9 table clears, 6273.5 setBuffer, 1758.7 setBytes (157027 B); 1538.7 dispatches, 10.5 copies; 17.56 blocking waits, 57.75 ms; 187.3 section barriers
ds4:   expert cache over the last 64 tokens: 240.00 hits, 1.64 misses, 1.64 evictions a token; 9648 of 9648 entries live (100.0%)
ds4:   of the address-table holes repaired a token: 0.00 already resident, 1.64 genuinely absent
ds4:   of the repair a token: readahead 0.58 ms, slot preparation 0.11 ms, reads 0.97 ms, install 0.00 ms, over 1.64 loads
ds4:   Engram rows written at step start in 704 steps; layer-13 drains 0
ds4:   residency a token: 0.00 adds, 0.00 removes, 0.00 commits
ds4:   decode path so far: 768 single-row steps (63.2 ms each inside the graph over the last 64), 0 K-row verification steps over 0 positions, 0 batch-fusion sites taken; candidate K none
ds4: gate over tokens 705-768: 15.41 command buffers, 2.09 aborts, 240.0 expert ids accounted, 20.62 MiB loaded a token; 0 the gate failed to switch off, 0 it could not gate
ds4:   one token, exclusive, same window: entry 0.00 + encode 0.33 + commit-to-done 55.18 + repair-load 2.24 + accounting 0.05 + tail 2.06 = 59.85 of a 62.14 ms wall, residual 2.29
ds4:   GPU busy 58.38 ms of the token's wall (the union of its buffers' spans), idle 3.76 ms
ds4:   1310.4 gated dispatches a token, 1.9 of them behind an abort; 86.3 sent plain ahead of a buffer's first validate
ds4:   encode-ahead: 12.31 segments used, 2.02 dropped, 2.14 ms a token spent encoding under the GPU
ds4:   concurrent sections: 99.41 attempted, 99.41 opened a token
ds4:   speculation: 0.00 layers a token, 0.00 lanes computed, 0.00 matched, 0.00 GEMVs actually saved, 0.00 left to compute; compared 0.00 lanes, 0.00 floats differ, 0.00 by more than an ulp
ds4:   Metal 4: 18.42 command buffers sent, 1603.8 dispatches a token; 0 pieces of Metal 3 work so far
ds4:   Metal 4 a token: encoders 115.7 serial + 99.4 concurrent; barriers 1355.3 after a dispatch, 21.0 at copies, 61.9 from the engine, 18.4 opening and 18.4 ending an encoder; 215.1 table clears, 6548.2 setBuffer, 1834.8 setBytes (163920 B); 1603.8 dispatches, 10.5 copies; 18.42 blocking waits, 56.66 ms; 196.7 section barriers
ds4:   expert cache over the last 64 tokens: 240.00 hits, 2.17 misses, 2.17 evictions a token; 9648 of 9648 entries live (100.0%)
ds4:   of the address-table holes repaired a token: 0.00 already resident, 2.17 genuinely absent
ds4:   of the repair a token: readahead 0.82 ms, slot preparation 0.15 ms, reads 1.25 ms, install 0.00 ms, over 2.17 loads
ds4:   Engram rows written at step start in 768 steps; layer-13 drains 0
ds4:   residency a token: 0.00 adds, 0.00 removes, 0.00 commits
ds4:   decode path so far: 832 single-row steps (64.9 ms each inside the graph over the last 64), 0 K-row verification steps over 0 positions, 0 batch-fusion sites taken; candidate K none
ds4: gate over tokens 769-832: 14.86 command buffers, 1.41 aborts, 240.0 expert ids accounted, 13.94 MiB loaded a token; 0 the gate failed to switch off, 0 it could not gate
ds4:   one token, exclusive, same window: entry 0.00 + encode 0.32 + commit-to-done 57.45 + repair-load 1.67 + accounting 0.04 + tail 2.26 = 61.74 of a 64.03 ms wall, residual 2.30
ds4:   GPU busy 61.07 ms of the token's wall (the union of its buffers' spans), idle 2.96 ms
ds4:   1305.6 gated dispatches a token, 1.5 of them behind an abort; 64.2 sent plain ahead of a buffer's first validate
ds4:   encode-ahead: 12.45 segments used, 1.36 dropped, 2.18 ms a token spent encoding under the GPU
ds4:   concurrent sections: 92.84 attempted, 92.84 opened a token
ds4:   speculation: 0.00 layers a token, 0.00 lanes computed, 0.00 matched, 0.00 GEMVs actually saved, 0.00 left to compute; compared 0.00 lanes, 0.00 floats differ, 0.00 by more than an ulp
ds4:   Metal 4: 17.22 command buffers sent, 1513.3 dispatches a token; 0 pieces of Metal 3 work so far
ds4:   Metal 4 a token: encoders 108.7 serial + 92.8 concurrent; barriers 1281.2 after a dispatch, 19.5 at copies, 58.8 from the engine, 17.2 opening and 17.2 ending an encoder; 201.5 table clears, 6173.7 setBuffer, 1729.8 setBytes (154431 B); 1513.3 dispatches, 9.8 copies; 17.22 blocking waits, 59.18 ms; 184.3 section barriers
ds4:   expert cache over the last 64 tokens: 239.98 hits, 1.47 misses, 1.47 evictions a token; 9648 of 9648 entries live (100.0%)
ds4:   of the address-table holes repaired a token: 0.00 already resident, 1.47 genuinely absent
ds4:   of the repair a token: readahead 0.62 ms, slot preparation 0.11 ms, reads 0.92 ms, install 0.00 ms, over 1.47 loads
ds4:   Engram rows written at step start in 832 steps; layer-13 drains 0
ds4:   residency a token: 0.00 adds, 0.00 removes, 0.00 commits
ds4:   decode path so far: 896 single-row steps (64.2 ms each inside the graph over the last 64), 0 K-row verification steps over 0 positions, 0 batch-fusion sites taken; candidate K none
ds4: gate over tokens 833-896: 15.27 command buffers, 1.98 aborts, 240.0 expert ids accounted, 21.95 MiB loaded a token; 0 the gate failed to switch off, 0 it could not gate
ds4:   one token, exclusive, same window: entry 0.00 + encode 0.32 + commit-to-done 56.16 + repair-load 2.41 + accounting 0.05 + tail 2.05 = 60.98 of a 63.17 ms wall, residual 2.19
ds4:   GPU busy 59.24 ms of the token's wall (the union of its buffers' spans), idle 3.93 ms
ds4:   1305.0 gated dispatches a token, 1.5 of them behind an abort; 84.6 sent plain ahead of a buffer's first validate
ds4:   encode-ahead: 12.28 segments used, 1.91 dropped, 2.04 ms a token spent encoding under the GPU
ds4:   concurrent sections: 98.09 attempted, 98.09 opened a token
ds4:   speculation: 0.00 layers a token, 0.00 lanes computed, 0.00 matched, 0.00 GEMVs actually saved, 0.00 left to compute; compared 0.00 lanes, 0.00 floats differ, 0.00 by more than an ulp
ds4:   Metal 4: 18.17 command buffers sent, 1585.3 dispatches a token; 0 pieces of Metal 3 work so far
ds4:   Metal 4 a token: encoders 114.3 serial + 98.1 concurrent; barriers 1340.1 after a dispatch, 20.8 at copies, 61.2 from the engine, 18.2 opening and 18.2 ending an encoder; 212.4 table clears, 6469.3 setBuffer, 1813.4 setBytes (161871 B); 1585.3 dispatches, 10.4 copies; 18.17 blocking waits, 57.64 ms; 194.2 section barriers
ds4:   expert cache over the last 64 tokens: 240.00 hits, 2.31 misses, 2.31 evictions a token; 9648 of 9648 entries live (100.0%)
ds4:   of the address-table holes repaired a token: 0.00 already resident, 2.31 genuinely absent
ds4:   of the repair a token: readahead 0.90 ms, slot preparation 0.12 ms, reads 1.34 ms, install 0.00 ms, over 2.31 loads
ds4:   Engram rows written at step start in 896 steps; layer-13 drains 0
ds4:   residency a token: 0.00 adds, 0.00 removes, 0.00 commits
ds4:   decode path so far: 960 single-row steps (65.6 ms each inside the graph over the last 64), 0 K-row verification steps over 0 positions, 0 batch-fusion sites taken; candidate K none
ds4: gate over tokens 897-960: 15.86 command buffers, 2.73 aborts, 240.0 expert ids accounted, 28.62 MiB loaded a token; 0 the gate failed to switch off, 0 it could not gate
ds4:   one token, exclusive, same window: entry 0.00 + encode 0.38 + commit-to-done 56.16 + repair-load 3.80 + accounting 0.05 + tail 2.09 = 62.47 of a 64.76 ms wall, residual 2.29
ds4:   GPU busy 59.22 ms of the token's wall (the union of its buffers' spans), idle 5.55 ms
ds4:   1323.9 gated dispatches a token, 0.5 of them behind an abort; 106.4 sent plain ahead of a buffer's first validate
ds4:   encode-ahead: 12.12 segments used, 2.64 dropped, 2.11 ms a token spent encoding under the GPU
ds4:   concurrent sections: 105.97 attempted, 105.97 opened a token
ds4:   speculation: 0.00 layers a token, 0.00 lanes computed, 0.00 matched, 0.00 GEMVs actually saved, 0.00 left to compute; compared 0.00 lanes, 0.00 floats differ, 0.00 by more than an ulp
ds4:   Metal 4: 19.50 command buffers sent, 1696.7 dispatches a token; 0 pieces of Metal 3 work so far
ds4:   Metal 4 a token: encoders 122.7 serial + 106.0 concurrent; barriers 1431.8 after a dispatch, 21.6 at copies, 65.0 from the engine, 19.5 opening and 19.5 ending an encoder; 228.7 table clears, 6929.1 setBuffer, 1942.4 setBytes (173356 B); 1696.7 dispatches, 10.8 copies; 19.50 blocking waits, 57.65 ms; 209.2 section barriers
ds4:   expert cache over the last 64 tokens: 239.97 hits, 3.02 misses, 3.02 evictions a token; 9648 of 9648 entries live (100.0%)
ds4:   of the address-table holes repaired a token: 0.00 already resident, 3.02 genuinely absent
ds4:   of the repair a token: readahead 2.00 ms, slot preparation 0.17 ms, reads 1.60 ms, install 0.01 ms, over 3.02 loads
ds4:   Engram rows written at step start in 960 steps; layer-13 drains 0
ds4:   residency a token: 0.00 adds, 0.00 removes, 0.00 commits
ds4:   decode path so far: 1024 single-row steps (63.6 ms each inside the graph over the last 64), 0 K-row verification steps over 0 positions, 0 batch-fusion sites taken; candidate K none
ds4: gate over tokens 961-1024: 15.02 command buffers, 1.56 aborts, 240.0 expert ids accounted, 15.13 MiB loaded a token; 0 the gate failed to switch off, 0 it could not gate
ds4:   one token, exclusive, same window: entry 0.00 + encode 0.27 + commit-to-done 56.44 + repair-load 1.67 + accounting 0.05 + tail 2.07 = 60.50 of a 62.62 ms wall, residual 2.12
ds4:   GPU busy 59.61 ms of the token's wall (the union of its buffers' spans), idle 3.01 ms
ds4:   1304.8 gated dispatches a token, 1.5 of them behind an abort; 68.2 sent plain ahead of a buffer's first validate
ds4:   encode-ahead: 12.45 segments used, 1.48 dropped, 2.01 ms a token spent encoding under the GPU
ds4:   concurrent sections: 93.97 attempted, 93.97 opened a token
ds4:   speculation: 0.00 layers a token, 0.00 lanes computed, 0.00 matched, 0.00 GEMVs actually saved, 0.00 left to compute; compared 0.00 lanes, 0.00 floats differ, 0.00 by more than an ulp
ds4:   Metal 4: 17.50 command buffers sent, 1527.1 dispatches a token; 0 pieces of Metal 3 work so far
ds4:   Metal 4 a token: encoders 109.9 serial + 94.0 concurrent; barriers 1292.1 after a dispatch, 20.2 at copies, 59.4 from the engine, 17.5 opening and 17.5 ending an encoder; 203.9 table clears, 6232.2 setBuffer, 1745.9 setBytes (156001 B); 1527.1 dispatches, 10.1 copies; 17.50 blocking waits, 57.93 ms; 186.4 section barriers
ds4:   expert cache over the last 64 tokens: 240.00 hits, 1.59 misses, 1.59 evictions a token; 9648 of 9648 entries live (100.0%)
ds4:   of the address-table holes repaired a token: 0.00 already resident, 1.59 genuinely absent
ds4:   of the repair a token: readahead 0.55 ms, slot preparation 0.11 ms, reads 1.01 ms, install 0.00 ms, over 1.59 loads
ds4:   Engram rows written at step start in 1024 steps; layer-13 drains 0
ds4:   residency a token: 0.00 adds, 0.00 removes, 0.00 commits
ds4:   decode path so far: 1088 single-row steps (63.8 ms each inside the graph over the last 64), 0 K-row verification steps over 0 positions, 0 batch-fusion sites taken; candidate K none
ds4: gate over tokens 1025-1088: 14.91 command buffers, 1.42 aborts, 240.0 expert ids accounted, 14.53 MiB loaded a token; 0 the gate failed to switch off, 0 it could not gate
ds4:   one token, exclusive, same window: entry 0.00 + encode 0.29 + commit-to-done 56.90 + repair-load 1.62 + accounting 0.04 + tail 2.09 = 60.94 of a 63.10 ms wall, residual 2.16
ds4:   GPU busy 60.20 ms of the token's wall (the union of its buffers' spans), idle 2.90 ms
ds4:   1288.2 gated dispatches a token, 1.4 of them behind an abort; 63.9 sent plain ahead of a buffer's first validate
ds4:   encode-ahead: 12.48 segments used, 1.38 dropped, 2.05 ms a token spent encoding under the GPU
ds4:   concurrent sections: 93.00 attempted, 93.00 opened a token
ds4:   speculation: 0.00 layers a token, 0.00 lanes computed, 0.00 matched, 0.00 GEMVs actually saved, 0.00 left to compute; compared 0.00 lanes, 0.00 floats differ, 0.00 by more than an ulp
ds4:   Metal 4: 17.28 command buffers sent, 1494.0 dispatches a token; 0 pieces of Metal 3 work so far
ds4:   Metal 4 a token: encoders 108.9 serial + 93.0 concurrent; barriers 1261.5 after a dispatch, 19.9 at copies, 58.9 from the engine, 17.3 opening and 17.3 ending an encoder; 201.9 table clears, 6095.7 setBuffer, 1710.8 setBytes (152416 B); 1494.0 dispatches, 10.0 copies; 17.28 blocking waits, 58.44 ms; 184.6 section barriers
ds4:   expert cache over the last 64 tokens: 240.00 hits, 1.53 misses, 1.53 evictions a token; 9648 of 9648 entries live (100.0%)
ds4:   of the address-table holes repaired a token: 0.00 already resident, 1.53 genuinely absent
ds4:   of the repair a token: readahead 0.59 ms, slot preparation 0.11 ms, reads 0.90 ms, install 0.00 ms, over 1.53 loads
ds4:   Engram rows written at step start in 1088 steps; layer-13 drains 0
ds4:   residency a token: 0.00 adds, 0.00 removes, 0.00 commits
ds4:   decode path so far: 1152 single-row steps (62.8 ms each inside the graph over the last 64), 0 K-row verification steps over 0 positions, 0 batch-fusion sites taken; candidate K none
ds4: gate over tokens 1089-1152: 14.86 command buffers, 1.23 aborts, 240.0 expert ids accounted, 12.61 MiB loaded a token; 0 the gate failed to switch off, 0 it could not gate
ds4:   one token, exclusive, same window: entry 0.00 + encode 0.25 + commit-to-done 56.04 + repair-load 1.38 + accounting 0.05 + tail 2.03 = 59.75 of a 61.85 ms wall, residual 2.10
ds4:   GPU busy 59.19 ms of the token's wall (the union of its buffers' spans), idle 2.66 ms
ds4:   1288.0 gated dispatches a token, 0.9 of them behind an abort; 58.2 sent plain ahead of a buffer's first validate
ds4:   encode-ahead: 12.62 segments used, 1.16 dropped, 2.01 ms a token spent encoding under the GPU
ds4:   concurrent sections: 91.25 attempted, 91.25 opened a token
ds4:   speculation: 0.00 layers a token, 0.00 lanes computed, 0.00 matched, 0.00 GEMVs actually saved, 0.00 left to compute; compared 0.00 lanes, 0.00 floats differ, 0.00 by more than an ulp
ds4:   Metal 4: 17.02 command buffers sent, 1471.3 dispatches a token; 0 pieces of Metal 3 work so far
ds4:   Metal 4 a token: encoders 107.0 serial + 91.2 concurrent; barriers 1243.1 after a dispatch, 20.0 at copies, 58.2 from the engine, 17.0 opening and 17.0 ending an encoder; 198.3 table clears, 5999.8 setBuffer, 1684.1 setBytes (150047 B); 1471.3 dispatches, 10.0 copies; 17.02 blocking waits, 57.49 ms; 181.3 section barriers
ds4:   expert cache over the last 64 tokens: 240.00 hits, 1.33 misses, 1.33 evictions a token; 9648 of 9648 entries live (100.0%)
ds4:   of the address-table holes repaired a token: 0.00 already resident, 1.33 genuinely absent
ds4:   of the repair a token: readahead 0.45 ms, slot preparation 0.09 ms, reads 0.82 ms, install 0.00 ms, over 1.33 loads
ds4:   Engram rows written at step start in 1152 steps; layer-13 drains 0
ds4:   residency a token: 0.00 adds, 0.00 removes, 0.00 commits
ds4:   decode path so far: 1216 single-row steps (64.1 ms each inside the graph over the last 64), 0 K-row verification steps over 0 positions, 0 batch-fusion sites taken; candidate K none
ds4: gate over tokens 1153-1216: 14.92 command buffers, 1.41 aborts, 240.0 expert ids accounted, 13.94 MiB loaded a token; 0 the gate failed to switch off, 0 it could not gate
ds4:   one token, exclusive, same window: entry 0.00 + encode 0.26 + commit-to-done 56.91 + repair-load 1.54 + accounting 0.05 + tail 2.11 = 60.86 of a 62.97 ms wall, residual 2.11
ds4:   GPU busy 60.13 ms of the token's wall (the union of its buffers' spans), idle 2.84 ms
ds4:   1284.2 gated dispatches a token, 0.9 of them behind an abort; 62.4 sent plain ahead of a buffer's first validate
ds4:   encode-ahead: 12.52 segments used, 1.33 dropped, 2.00 ms a token spent encoding under the GPU
ds4:   concurrent sections: 92.56 attempted, 92.56 opened a token
ds4:   speculation: 0.00 layers a token, 0.00 lanes computed, 0.00 matched, 0.00 GEMVs actually saved, 0.00 left to compute; compared 0.00 lanes, 0.00 floats differ, 0.00 by more than an ulp
ds4:   Metal 4: 17.25 command buffers sent, 1486.2 dispatches a token; 0 pieces of Metal 3 work so far
ds4:   Metal 4 a token: encoders 108.4 serial + 92.6 concurrent; barriers 1254.8 after a dispatch, 19.7 at copies, 58.7 from the engine, 17.2 opening and 17.2 ending an encoder; 201.0 table clears, 6065.4 setBuffer, 1701.9 setBytes (151627 B); 1486.2 dispatches, 9.8 copies; 17.25 blocking waits, 58.46 ms; 183.7 section barriers
ds4:   expert cache over the last 64 tokens: 240.00 hits, 1.47 misses, 1.47 evictions a token; 9648 of 9648 entries live (100.0%)
ds4:   of the address-table holes repaired a token: 0.00 already resident, 1.47 genuinely absent
ds4:   of the repair a token: readahead 0.55 ms, slot preparation 0.11 ms, reads 0.88 ms, install 0.00 ms, over 1.47 loads
ds4:   Engram rows written at step start in 1216 steps; layer-13 drains 0
ds4:   residency a token: 0.00 adds, 0.00 removes, 0.00 commits
ds4:   decode path so far: 1280 single-row steps (63.6 ms each inside the graph over the last 64), 0 K-row verification steps over 0 positions, 0 batch-fusion sites taken; candidate K none
ds4: gate over tokens 1217-1280: 14.84 command buffers, 1.23 aborts, 240.0 expert ids accounted, 11.87 MiB loaded a token; 0 the gate failed to switch off, 0 it could not gate
ds4:   one token, exclusive, same window: entry 0.00 + encode 0.24 + commit-to-done 57.12 + repair-load 1.28 + accounting 0.05 + tail 2.13 = 60.82 of a 62.84 ms wall, residual 2.02
ds4:   GPU busy 60.37 ms of the token's wall (the union of its buffers' spans), idle 2.47 ms
ds4:   1286.9 gated dispatches a token, 0.5 of them behind an abort; 59.0 sent plain ahead of a buffer's first validate
ds4:   encode-ahead: 12.61 segments used, 1.19 dropped, 1.93 ms a token spent encoding under the GPU
ds4:   concurrent sections: 91.50 attempted, 91.50 opened a token
ds4:   speculation: 0.00 layers a token, 0.00 lanes computed, 0.00 matched, 0.00 GEMVs actually saved, 0.00 left to compute; compared 0.00 lanes, 0.00 floats differ, 0.00 by more than an ulp
ds4:   Metal 4: 17.03 command buffers sent, 1473.2 dispatches a token; 0 pieces of Metal 3 work so far
ds4:   Metal 4 a token: encoders 107.3 serial + 91.5 concurrent; barriers 1244.5 after a dispatch, 19.9 at copies, 58.3 from the engine, 17.0 opening and 17.0 ending an encoder; 198.8 table clears, 6012.7 setBuffer, 1686.7 setBytes (150400 B); 1473.2 dispatches, 10.0 copies; 17.03 blocking waits, 58.69 ms; 181.8 section barriers
ds4:   expert cache over the last 64 tokens: 240.00 hits, 1.25 misses, 1.25 evictions a token; 9648 of 9648 entries live (100.0%)
ds4:   of the address-table holes repaired a token: 0.00 already resident, 1.25 genuinely absent
ds4:   of the repair a token: readahead 0.44 ms, slot preparation 0.09 ms, reads 0.75 ms, install 0.00 ms, over 1.25 loads
ds4:   Engram rows written at step start in 1280 steps; layer-13 drains 0
ds4:   residency a token: 0.00 adds, 0.00 removes, 0.00 commits
ds4:   decode path so far: 1344 single-row steps (64.2 ms each inside the graph over the last 64), 0 K-row verification steps over 0 positions, 0 batch-fusion sites taken; candidate K none
ds4: gate over tokens 1281-1344: 14.62 command buffers, 0.92 aborts, 240.0 expert ids accounted, 8.75 MiB loaded a token; 0 the gate failed to switch off, 0 it could not gate
ds4:   one token, exclusive, same window: entry 0.00 + encode 0.22 + commit-to-done 57.68 + repair-load 1.01 + accounting 0.04 + tail 2.12 = 61.07 of a 63.07 ms wall, residual 2.00
ds4:   GPU busy 60.99 ms of the token's wall (the union of its buffers' spans), idle 2.07 ms
ds4:   1286.0 gated dispatches a token, 1.9 of them behind an abort; 49.5 sent plain ahead of a buffer's first validate
ds4:   encode-ahead: 12.70 segments used, 0.84 dropped, 1.93 ms a token spent encoding under the GPU
ds4:   concurrent sections: 88.38 attempted, 88.38 opened a token
ds4:   speculation: 0.00 layers a token, 0.00 lanes computed, 0.00 matched, 0.00 GEMVs actually saved, 0.00 left to compute; compared 0.00 lanes, 0.00 floats differ, 0.00 by more than an ulp
ds4:   Metal 4: 16.47 command buffers sent, 1432.2 dispatches a token; 0 pieces of Metal 3 work so far
ds4:   Metal 4 a token: encoders 103.9 serial + 88.4 concurrent; barriers 1211.2 after a dispatch, 19.6 at copies, 56.8 from the engine, 16.5 opening and 16.5 ending an encoder; 192.3 table clears, 5838.6 setBuffer, 1638.7 setBytes (146026 B); 1432.2 dispatches, 9.8 copies; 16.47 blocking waits, 59.28 ms; 175.8 section barriers
ds4:   expert cache over the last 64 tokens: 240.00 hits, 0.92 misses, 0.92 evictions a token; 9648 of 9648 entries live (100.0%)
ds4:   of the address-table holes repaired a token: 0.00 already resident, 0.92 genuinely absent
ds4:   of the repair a token: readahead 0.32 ms, slot preparation 0.07 ms, reads 0.61 ms, install 0.00 ms, over 0.92 loads
ds4:   Engram rows written at step start in 1344 steps; layer-13 drains 0
ds4:   residency a token: 0.00 adds, 0.00 removes, 0.00 commits
ds4:   decode path so far: 1408 single-row steps (64.0 ms each inside the graph over the last 64), 0 K-row verification steps over 0 positions, 0 batch-fusion sites taken; candidate K none
ds4: gate over tokens 1345-1408: 15.25 command buffers, 1.70 aborts, 240.0 expert ids accounted, 17.06 MiB loaded a token; 0 the gate failed to switch off, 0 it could not gate
ds4:   one token, exclusive, same window: entry 0.00 + encode 0.27 + commit-to-done 56.75 + repair-load 1.87 + accounting 0.05 + tail 2.06 = 61.00 of a 63.10 ms wall, residual 2.09
ds4:   GPU busy 59.90 ms of the token's wall (the union of its buffers' spans), idle 3.20 ms
ds4:   1296.8 gated dispatches a token, 0.0 of them behind an abort; 70.0 sent plain ahead of a buffer's first validate
ds4:   encode-ahead: 12.55 segments used, 1.59 dropped, 1.96 ms a token spent encoding under the GPU
ds4:   concurrent sections: 96.03 attempted, 96.03 opened a token
ds4:   speculation: 0.00 layers a token, 0.00 lanes computed, 0.00 matched, 0.00 GEMVs actually saved, 0.00 left to compute; compared 0.00 lanes, 0.00 floats differ, 0.00 by more than an ulp
ds4:   Metal 4: 17.84 command buffers sent, 1535.3 dispatches a token; 0 pieces of Metal 3 work so far
ds4:   Metal 4 a token: encoders 112.2 serial + 96.0 concurrent; barriers 1295.2 after a dispatch, 20.2 at copies, 60.5 from the engine, 17.8 opening and 17.8 ending an encoder; 208.2 table clears, 6267.6 setBuffer, 1758.9 setBytes (156681 B); 1535.3 dispatches, 10.1 copies; 17.84 blocking waits, 58.26 ms; 190.4 section barriers
ds4:   expert cache over the last 64 tokens: 240.00 hits, 1.80 misses, 1.80 evictions a token; 9648 of 9648 entries live (100.0%)
ds4:   of the address-table holes repaired a token: 0.00 already resident, 1.80 genuinely absent
ds4:   of the repair a token: readahead 0.64 ms, slot preparation 0.12 ms, reads 1.10 ms, install 0.00 ms, over 1.80 loads
ds4:   Engram rows written at step start in 1408 steps; layer-13 drains 0
ds4:   residency a token: 0.00 adds, 0.00 removes, 0.00 commits
ds4:   decode path so far: 1472 single-row steps (64.1 ms each inside the graph over the last 64), 0 K-row verification steps over 0 positions, 0 batch-fusion sites taken; candidate K none
ds4: gate over tokens 1409-1472: 14.73 command buffers, 1.02 aborts, 240.0 expert ids accounted, 9.79 MiB loaded a token; 0 the gate failed to switch off, 0 it could not gate
ds4:   one token, exclusive, same window: entry 0.00 + encode 0.23 + commit-to-done 57.75 + repair-load 1.09 + accounting 0.04 + tail 2.06 = 61.18 of a 63.22 ms wall, residual 2.04
ds4:   GPU busy 61.03 ms of the token's wall (the union of its buffers' spans), idle 2.19 ms
ds4:   1289.0 gated dispatches a token, 0.9 of them behind an abort; 53.1 sent plain ahead of a buffer's first validate
ds4:   encode-ahead: 12.72 segments used, 0.97 dropped, 1.95 ms a token spent encoding under the GPU
ds4:   concurrent sections: 89.69 attempted, 89.69 opened a token
ds4:   speculation: 0.00 layers a token, 0.00 lanes computed, 0.00 matched, 0.00 GEMVs actually saved, 0.00 left to compute; compared 0.00 lanes, 0.00 floats differ, 0.00 by more than an ulp
ds4:   Metal 4: 16.70 command buffers sent, 1450.2 dispatches a token; 0 pieces of Metal 3 work so far
ds4:   Metal 4 a token: encoders 105.4 serial + 89.7 concurrent; barriers 1226.0 after a dispatch, 19.3 at copies, 57.5 from the engine, 16.7 opening and 16.7 ending an encoder; 195.1 table clears, 5914.1 setBuffer, 1659.7 setBytes (147871 B); 1450.2 dispatches, 9.7 copies; 16.70 blocking waits, 59.27 ms; 178.4 section barriers
ds4:   expert cache over the last 64 tokens: 240.00 hits, 1.03 misses, 1.03 evictions a token; 9648 of 9648 entries live (100.0%)
ds4:   of the address-table holes repaired a token: 0.00 already resident, 1.03 genuinely absent
ds4:   of the repair a token: readahead 0.39 ms, slot preparation 0.08 ms, reads 0.61 ms, install 0.00 ms, over 1.03 loads
ds4:   Engram rows written at step start in 1472 steps; layer-13 drains 0
ds4:   residency a token: 0.00 adds, 0.00 removes, 0.00 commits
ds4:   decode path so far: 1536 single-row steps (63.7 ms each inside the graph over the last 64), 0 K-row verification steps over 0 positions, 0 batch-fusion sites taken; candidate K none
ds4: gate over tokens 1473-1536: 14.70 command buffers, 1.02 aborts, 240.0 expert ids accounted, 10.09 MiB loaded a token; 0 the gate failed to switch off, 0 it could not gate
ds4:   one token, exclusive, same window: entry 0.00 + encode 0.23 + commit-to-done 57.18 + repair-load 1.17 + accounting 0.05 + tail 2.15 = 60.77 of a 62.85 ms wall, residual 2.08
ds4:   GPU busy 60.54 ms of the token's wall (the union of its buffers' spans), idle 2.31 ms
ds4:   1287.7 gated dispatches a token, 0.0 of them behind an abort; 52.4 sent plain ahead of a buffer's first validate
ds4:   encode-ahead: 12.69 segments used, 1.02 dropped, 1.99 ms a token spent encoding under the GPU
ds4:   concurrent sections: 90.03 attempted, 90.03 opened a token
ds4:   speculation: 0.00 layers a token, 0.00 lanes computed, 0.00 matched, 0.00 GEMVs actually saved, 0.00 left to compute; compared 0.00 lanes, 0.00 floats differ, 0.00 by more than an ulp
ds4:   Metal 4: 16.72 command buffers sent, 1454.5 dispatches a token; 0 pieces of Metal 3 work so far
ds4:   Metal 4 a token: encoders 105.7 serial + 90.0 concurrent; barriers 1229.4 after a dispatch, 19.7 at copies, 57.7 from the engine, 16.7 opening and 16.7 ending an encoder; 195.8 table clears, 5934.6 setBuffer, 1664.8 setBytes (148457 B); 1454.5 dispatches, 9.8 copies; 16.72 blocking waits, 58.76 ms; 179.0 section barriers
ds4:   expert cache over the last 64 tokens: 240.00 hits, 1.06 misses, 1.06 evictions a token; 9648 of 9648 entries live (100.0%)
ds4:   of the address-table holes repaired a token: 0.00 already resident, 1.06 genuinely absent
ds4:   of the repair a token: readahead 0.44 ms, slot preparation 0.08 ms, reads 0.65 ms, install 0.00 ms, over 1.06 loads
ds4:   Engram rows written at step start in 1536 steps; layer-13 drains 0
ds4:   residency a token: 0.00 adds, 0.00 removes, 0.00 commits
ds4:   decode path so far: 1600 single-row steps (63.6 ms each inside the graph over the last 64), 0 K-row verification steps over 0 positions, 0 batch-fusion sites taken; candidate K none
ds4: gate over tokens 1537-1600: 14.59 command buffers, 0.88 aborts, 240.0 expert ids accounted, 8.60 MiB loaded a token; 0 the gate failed to switch off, 0 it could not gate
ds4:   one token, exclusive, same window: entry 0.00 + encode 0.20 + commit-to-done 57.43 + repair-load 0.97 + accounting 0.04 + tail 2.19 = 60.82 of a 62.76 ms wall, residual 1.94
ds4:   GPU busy 60.74 ms of the token's wall (the union of its buffers' spans), idle 2.02 ms
ds4:   1286.1 gated dispatches a token, 1.4 of them behind an abort; 48.3 sent plain ahead of a buffer's first validate
ds4:   encode-ahead: 12.72 segments used, 0.84 dropped, 1.86 ms a token spent encoding under the GPU
ds4:   concurrent sections: 88.25 attempted, 88.25 opened a token
ds4:   speculation: 0.00 layers a token, 0.00 lanes computed, 0.00 matched, 0.00 GEMVs actually saved, 0.00 left to compute; compared 0.00 lanes, 0.00 floats differ, 0.00 by more than an ulp
ds4:   Metal 4: 16.44 command buffers sent, 1431.9 dispatches a token; 0 pieces of Metal 3 work so far
ds4:   Metal 4 a token: encoders 103.8 serial + 88.2 concurrent; barriers 1211.2 after a dispatch, 19.4 at copies, 56.8 from the engine, 16.4 opening and 16.4 ending an encoder; 192.1 table clears, 5837.2 setBuffer, 1638.2 setBytes (145978 B); 1431.9 dispatches, 9.7 copies; 16.44 blocking waits, 59.11 ms; 175.6 section barriers
ds4:   expert cache over the last 64 tokens: 240.00 hits, 0.91 misses, 0.91 evictions a token; 9648 of 9648 entries live (100.0%)
ds4:   of the address-table holes repaired a token: 0.00 already resident, 0.91 genuinely absent
ds4:   of the repair a token: readahead 0.37 ms, slot preparation 0.07 ms, reads 0.52 ms, install 0.00 ms, over 0.91 loads
ds4:   Engram rows written at step start in 1600 steps; layer-13 drains 0
ds4:   residency a token: 0.00 adds, 0.00 removes, 0.00 commits
ds4:   decode path so far: 1664 single-row steps (65.3 ms each inside the graph over the last 64), 0 K-row verification steps over 0 positions, 0 batch-fusion sites taken; candidate K none
ds4: gate over tokens 1601-1664: 14.59 command buffers, 0.89 aborts, 240.0 expert ids accounted, 8.75 MiB loaded a token; 0 the gate failed to switch off, 0 it could not gate
ds4:   one token, exclusive, same window: entry 0.00 + encode 0.22 + commit-to-done 58.96 + repair-load 1.07 + accounting 0.04 + tail 2.20 = 62.48 of a 64.44 ms wall, residual 1.96
ds4:   GPU busy 62.28 ms of the token's wall (the union of its buffers' spans), idle 2.16 ms
ds4:   1287.2 gated dispatches a token, 1.4 of them behind an abort; 47.3 sent plain ahead of a buffer's first validate
ds4:   encode-ahead: 12.70 segments used, 0.84 dropped, 1.89 ms a token spent encoding under the GPU
ds4:   concurrent sections: 88.34 attempted, 88.34 opened a token
ds4:   speculation: 0.00 layers a token, 0.00 lanes computed, 0.00 matched, 0.00 GEMVs actually saved, 0.00 left to compute; compared 0.00 lanes, 0.00 floats differ, 0.00 by more than an ulp
ds4:   Metal 4: 16.44 command buffers sent, 1430.5 dispatches a token; 0 pieces of Metal 3 work so far
ds4:   Metal 4 a token: encoders 103.9 serial + 88.3 concurrent; barriers 1209.7 after a dispatch, 18.9 at copies, 56.8 from the engine, 16.4 opening and 16.4 ending an encoder; 192.2 table clears, 5835.1 setBuffer, 1637.1 setBytes (145860 B); 1430.5 dispatches, 9.5 copies; 16.44 blocking waits, 60.62 ms; 175.8 section barriers
ds4:   expert cache over the last 64 tokens: 240.00 hits, 0.92 misses, 0.92 evictions a token; 9648 of 9648 entries live (100.0%)
ds4:   of the address-table holes repaired a token: 0.00 already resident, 0.92 genuinely absent
ds4:   of the repair a token: readahead 0.48 ms, slot preparation 0.07 ms, reads 0.51 ms, install 0.00 ms, over 0.92 loads
ds4:   Engram rows written at step start in 1664 steps; layer-13 drains 0
ds4:   residency a token: 0.00 adds, 0.00 removes, 0.00 commits
ds4:   decode path so far: 1728 single-row steps (65.4 ms each inside the graph over the last 64), 0 K-row verification steps over 0 positions, 0 batch-fusion sites taken; candidate K none
ds4: gate over tokens 1665-1728: 14.70 command buffers, 0.98 aborts, 240.0 expert ids accounted, 9.49 MiB loaded a token; 0 the gate failed to switch off, 0 it could not gate
ds4:   one token, exclusive, same window: entry 0.00 + encode 0.24 + commit-to-done 58.83 + repair-load 1.06 + accounting 0.04 + tail 2.22 = 62.40 of a 64.58 ms wall, residual 2.19
ds4:   GPU busy 62.37 ms of the token's wall (the union of its buffers' spans), idle 2.22 ms
ds4:   1288.3 gated dispatches a token, 0.9 of them behind an abort; 50.4 sent plain ahead of a buffer's first validate
ds4:   encode-ahead: 12.72 segments used, 0.95 dropped, 2.11 ms a token spent encoding under the GPU
ds4:   concurrent sections: 89.38 attempted, 89.38 opened a token
ds4:   speculation: 0.00 layers a token, 0.00 lanes computed, 0.00 matched, 0.00 GEMVs actually saved, 0.00 left to compute; compared 0.00 lanes, 0.00 floats differ, 0.00 by more than an ulp
ds4:   Metal 4: 16.66 command buffers sent, 1445.0 dispatches a token; 0 pieces of Metal 3 work so far
ds4:   Metal 4 a token: encoders 105.0 serial + 89.4 concurrent; barriers 1221.6 after a dispatch, 19.0 at copies, 57.4 from the engine, 16.7 opening and 16.7 ending an encoder; 194.4 table clears, 5895.1 setBuffer, 1653.8 setBytes (147351 B); 1445.0 dispatches, 9.5 copies; 16.66 blocking waits, 60.44 ms; 177.8 section barriers
ds4:   expert cache over the last 64 tokens: 240.00 hits, 1.00 misses, 1.00 evictions a token; 9648 of 9648 entries live (100.0%)
ds4:   of the address-table holes repaired a token: 0.00 already resident, 1.00 genuinely absent
ds4:   of the repair a token: readahead 0.38 ms, slot preparation 0.08 ms, reads 0.59 ms, install 0.00 ms, over 1.00 loads
ds4:   Engram rows written at step start in 1728 steps; layer-13 drains 0
ds4:   residency a token: 0.00 adds, 0.00 removes, 0.00 commits
ds4:   decode path so far: 1792 single-row steps (64.1 ms each inside the graph over the last 64), 0 K-row verification steps over 0 positions, 0 batch-fusion sites taken; candidate K none
ds4: gate over tokens 1729-1792: 14.56 command buffers, 0.84 aborts, 240.0 expert ids accounted, 8.16 MiB loaded a token; 0 the gate failed to switch off, 0 it could not gate
ds4:   one token, exclusive, same window: entry 0.00 + encode 0.22 + commit-to-done 56.76 + repair-load 1.81 + accounting 0.05 + tail 2.12 = 60.97 of a 63.05 ms wall, residual 2.08
ds4:   GPU busy 60.06 ms of the token's wall (the union of its buffers' spans), idle 3.00 ms
ds4:   1283.3 gated dispatches a token, 0.9 of them behind an abort; 46.5 sent plain ahead of a buffer's first validate
ds4:   encode-ahead: 12.72 segments used, 0.78 dropped, 2.02 ms a token spent encoding under the GPU
ds4:   concurrent sections: 87.75 attempted, 87.75 opened a token
ds4:   speculation: 0.00 layers a token, 0.00 lanes computed, 0.00 matched, 0.00 GEMVs actually saved, 0.00 left to compute; compared 0.00 lanes, 0.00 floats differ, 0.00 by more than an ulp
ds4:   Metal 4: 16.34 command buffers sent, 1422.4 dispatches a token; 0 pieces of Metal 3 work so far
ds4:   Metal 4 a token: encoders 103.2 serial + 87.8 concurrent; barriers 1203.1 after a dispatch, 19.6 at copies, 56.5 from the engine, 16.3 opening and 16.3 ending an encoder; 191.0 table clears, 5801.9 setBuffer, 1627.6 setBytes (145152 B); 1422.4 dispatches, 9.8 copies; 16.34 blocking waits, 58.30 ms; 174.7 section barriers
ds4:   expert cache over the last 64 tokens: 240.00 hits, 0.86 misses, 0.86 evictions a token; 9648 of 9648 entries live (100.0%)
ds4:   of the address-table holes repaired a token: 0.00 already resident, 0.86 genuinely absent
ds4:   of the repair a token: readahead 1.22 ms, slot preparation 0.07 ms, reads 0.51 ms, install 0.00 ms, over 0.86 loads
ds4:   Engram rows written at step start in 1792 steps; layer-13 drains 0
ds4:   residency a token: 0.00 adds, 0.00 removes, 0.00 commits
ds4:   decode path so far: 1856 single-row steps (63.1 ms each inside the graph over the last 64), 0 K-row verification steps over 0 positions, 0 batch-fusion sites taken; candidate K none
ds4: gate over tokens 1793-1856: 14.80 command buffers, 1.09 aborts, 240.0 expert ids accounted, 10.68 MiB loaded a token; 0 the gate failed to switch off, 0 it could not gate
ds4:   one token, exclusive, same window: entry 0.00 + encode 0.23 + commit-to-done 56.71 + repair-load 1.20 + accounting 0.05 + tail 2.07 = 60.25 of a 62.32 ms wall, residual 2.08
ds4:   GPU busy 59.97 ms of the token's wall (the union of its buffers' spans), idle 2.35 ms
ds4:   1289.8 gated dispatches a token, 0.9 of them behind an abort; 52.1 sent plain ahead of a buffer's first validate
ds4:   encode-ahead: 12.70 segments used, 1.00 dropped, 1.99 ms a token spent encoding under the GPU
ds4:   concurrent sections: 89.84 attempted, 89.84 opened a token
ds4:   speculation: 0.00 layers a token, 0.00 lanes computed, 0.00 matched, 0.00 GEMVs actually saved, 0.00 left to compute; compared 0.00 lanes, 0.00 floats differ, 0.00 by more than an ulp
ds4:   Metal 4: 16.80 command buffers sent, 1450.2 dispatches a token; 0 pieces of Metal 3 work so far
ds4:   Metal 4 a token: encoders 105.5 serial + 89.8 concurrent; barriers 1225.6 after a dispatch, 19.5 at copies, 57.5 from the engine, 16.8 opening and 16.8 ending an encoder; 195.4 table clears, 5916.2 setBuffer, 1660.0 setBytes (147905 B); 1450.2 dispatches, 9.7 copies; 16.80 blocking waits, 58.21 ms; 178.6 section barriers
ds4:   expert cache over the last 64 tokens: 240.00 hits, 1.12 misses, 1.12 evictions a token; 9648 of 9648 entries live (100.0%)
ds4:   of the address-table holes repaired a token: 0.00 already resident, 1.12 genuinely absent
ds4:   of the repair a token: readahead 0.43 ms, slot preparation 0.08 ms, reads 0.67 ms, install 0.00 ms, over 1.12 loads
ds4:   Engram rows written at step start in 1856 steps; layer-13 drains 0
ds4:   residency a token: 0.00 adds, 0.00 removes, 0.00 commits
ds4:   decode path so far: 1920 single-row steps (64.9 ms each inside the graph over the last 64), 0 K-row verification steps over 0 positions, 0 batch-fusion sites taken; candidate K none
ds4: gate over tokens 1857-1920: 14.80 command buffers, 1.23 aborts, 240.0 expert ids accounted, 12.46 MiB loaded a token; 0 the gate failed to switch off, 0 it could not gate
ds4:   one token, exclusive, same window: entry 0.00 + encode 0.26 + commit-to-done 58.30 + repair-load 1.33 + accounting 0.03 + tail 2.23 = 62.16 of a 64.15 ms wall, residual 2.00
ds4:   GPU busy 61.72 ms of the token's wall (the union of its buffers' spans), idle 2.44 ms
ds4:   1286.6 gated dispatches a token, 0.5 of them behind an abort; 58.6 sent plain ahead of a buffer's first validate
ds4:   encode-ahead: 12.56 segments used, 1.19 dropped, 1.89 ms a token spent encoding under the GPU
ds4:   concurrent sections: 91.25 attempted, 91.25 opened a token
ds4:   speculation: 0.00 layers a token, 0.00 lanes computed, 0.00 matched, 0.00 GEMVs actually saved, 0.00 left to compute; compared 0.00 lanes, 0.00 floats differ, 0.00 by more than an ulp
ds4:   Metal 4: 16.98 command buffers sent, 1468.7 dispatches a token; 0 pieces of Metal 3 work so far
ds4:   Metal 4 a token: encoders 107.0 serial + 91.2 concurrent; barriers 1240.6 after a dispatch, 19.3 at copies, 58.1 from the engine, 17.0 opening and 17.0 ending an encoder; 198.2 table clears, 5994.6 setBuffer, 1681.6 setBytes (149841 B); 1468.7 dispatches, 9.7 copies; 16.98 blocking waits, 60.11 ms; 181.3 section barriers
ds4:   expert cache over the last 64 tokens: 240.00 hits, 1.31 misses, 1.31 evictions a token; 9648 of 9648 entries live (100.0%)
ds4:   of the address-table holes repaired a token: 0.00 already resident, 1.31 genuinely absent
ds4:   of the repair a token: readahead 0.51 ms, slot preparation 0.09 ms, reads 0.70 ms, install 0.00 ms, over 1.31 loads
ds4:   Engram rows written at step start in 1920 steps; layer-13 drains 0
ds4:   residency a token: 0.00 adds, 0.00 removes, 0.00 commits
ds4:   decode path so far: 1984 single-row steps (64.9 ms each inside the graph over the last 64), 0 K-row verification steps over 0 positions, 0 batch-fusion sites taken; candidate K none
ds4: gate over tokens 1921-1984: 14.50 command buffers, 0.84 aborts, 240.0 expert ids accounted, 8.01 MiB loaded a token; 0 the gate failed to switch off, 0 it could not gate
ds4:   one token, exclusive, same window: entry 0.00 + encode 0.22 + commit-to-done 58.78 + repair-load 0.90 + accounting 0.04 + tail 2.21 = 62.14 of a 64.13 ms wall, residual 1.99
ds4:   GPU busy 62.25 ms of the token's wall (the union of its buffers' spans), idle 1.88 ms
ds4:   1282.7 gated dispatches a token, 0.5 of them behind an abort; 45.8 sent plain ahead of a buffer's first validate
ds4:   encode-ahead: 12.66 segments used, 0.81 dropped, 1.92 ms a token spent encoding under the GPU
ds4:   concurrent sections: 87.66 attempted, 87.66 opened a token
ds4:   speculation: 0.00 layers a token, 0.00 lanes computed, 0.00 matched, 0.00 GEMVs actually saved, 0.00 left to compute; compared 0.00 lanes, 0.00 floats differ, 0.00 by more than an ulp
ds4:   Metal 4: 16.31 command buffers sent, 1421.1 dispatches a token; 0 pieces of Metal 3 work so far
ds4:   Metal 4 a token: encoders 103.1 serial + 87.7 concurrent; barriers 1202.0 after a dispatch, 19.1 at copies, 56.5 from the engine, 16.3 opening and 16.3 ending an encoder; 190.8 table clears, 5795.9 setBuffer, 1626.1 setBytes (144904 B); 1421.1 dispatches, 9.5 copies; 16.31 blocking waits, 60.48 ms; 174.5 section barriers
ds4:   expert cache over the last 64 tokens: 240.00 hits, 0.84 misses, 0.84 evictions a token; 9648 of 9648 entries live (100.0%)
ds4:   of the address-table holes repaired a token: 0.00 already resident, 0.84 genuinely absent
ds4:   of the repair a token: readahead 0.30 ms, slot preparation 0.07 ms, reads 0.52 ms, install 0.00 ms, over 0.84 loads
ds4:   Engram rows written at step start in 1984 steps; layer-13 drains 0
ds4:   residency a token: 0.00 adds, 0.00 removes, 0.00 commits
ds4:   decode path so far: 2048 single-row steps (63.7 ms each inside the graph over the last 64), 0 K-row verification steps over 0 positions, 0 batch-fusion sites taken; candidate K none
ds4: gate over tokens 1985-2048: 14.62 command buffers, 0.88 aborts, 240.0 expert ids accounted, 8.45 MiB loaded a token; 0 the gate failed to switch off, 0 it could not gate
ds4:   one token, exclusive, same window: entry 0.00 + encode 0.21 + commit-to-done 57.48 + repair-load 0.93 + accounting 0.04 + tail 2.12 = 60.78 of a 62.80 ms wall, residual 2.01
ds4:   GPU busy 60.77 ms of the token's wall (the union of its buffers' spans), idle 2.03 ms
ds4:   1288.5 gated dispatches a token, 0.9 of them behind an abort; 47.5 sent plain ahead of a buffer's first validate
ds4:   encode-ahead: 12.75 segments used, 0.84 dropped, 1.95 ms a token spent encoding under the GPU
ds4:   concurrent sections: 88.44 attempted, 88.44 opened a token
ds4:   speculation: 0.00 layers a token, 0.00 lanes computed, 0.00 matched, 0.00 GEMVs actually saved, 0.00 left to compute; compared 0.00 lanes, 0.00 floats differ, 0.00 by more than an ulp
ds4:   Metal 4: 16.47 command buffers sent, 1432.6 dispatches a token; 0 pieces of Metal 3 work so far
ds4:   Metal 4 a token: encoders 104.0 serial + 88.4 concurrent; barriers 1211.5 after a dispatch, 19.7 at copies, 56.9 from the engine, 16.5 opening and 16.5 ending an encoder; 192.5 table clears, 5845.2 setBuffer, 1639.4 setBytes (146230 B); 1432.6 dispatches, 9.8 copies; 16.47 blocking waits, 59.03 ms; 176.0 section barriers
ds4:   expert cache over the last 64 tokens: 240.00 hits, 0.89 misses, 0.89 evictions a token; 9648 of 9648 entries live (100.0%)
ds4:   of the address-table holes repaired a token: 0.00 already resident, 0.89 genuinely absent
ds4:   of the repair a token: readahead 0.24 ms, slot preparation 0.07 ms, reads 0.62 ms, install 0.00 ms, over 0.89 loads
ds4:   Engram rows written at step start in 2048 steps; layer-13 drains 0
ds4:   residency a token: 0.00 adds, 0.00 removes, 0.00 commits
ds4:   decode path so far: 2112 single-row steps (64.1 ms each inside the graph over the last 64), 0 K-row verification steps over 0 positions, 0 batch-fusion sites taken; candidate K none
ds4: gate over tokens 2049-2112: 14.95 command buffers, 1.36 aborts, 240.0 expert ids accounted, 13.79 MiB loaded a token; 0 the gate failed to switch off, 0 it could not gate
ds4:   one token, exclusive, same window: entry 0.00 + encode 0.25 + commit-to-done 57.06 + repair-load 1.54 + accounting 0.05 + tail 2.11 = 61.01 of a 63.05 ms wall, residual 2.04
ds4:   GPU busy 60.20 ms of the token's wall (the union of its buffers' spans), idle 2.85 ms
ds4:   1276.3 gated dispatches a token, 0.9 of them behind an abort; 60.6 sent plain ahead of a buffer's first validate
ds4:   encode-ahead: 12.59 segments used, 1.30 dropped, 1.94 ms a token spent encoding under the GPU
ds4:   concurrent sections: 92.41 attempted, 92.41 opened a token
ds4:   speculation: 0.00 layers a token, 0.00 lanes computed, 0.00 matched, 0.00 GEMVs actually saved, 0.00 left to compute; compared 0.00 lanes, 0.00 floats differ, 0.00 by more than an ulp
ds4:   Metal 4: 17.25 command buffers sent, 1472.2 dispatches a token; 0 pieces of Metal 3 work so far
ds4:   Metal 4 a token: encoders 108.3 serial + 92.4 concurrent; barriers 1241.2 after a dispatch, 19.9 at copies, 58.7 from the engine, 17.2 opening and 17.2 ending an encoder; 200.7 table clears, 6001.4 setBuffer, 1687.6 setBytes (150181 B); 1472.2 dispatches, 10.0 copies; 17.25 blocking waits, 58.60 ms; 183.5 section barriers
ds4:   expert cache over the last 64 tokens: 240.00 hits, 1.45 misses, 1.45 evictions a token; 9648 of 9648 entries live (100.0%)
ds4:   of the address-table holes repaired a token: 0.00 already resident, 1.45 genuinely absent
ds4:   of the repair a token: readahead 0.55 ms, slot preparation 0.09 ms, reads 0.88 ms, install 0.00 ms, over 1.45 loads
ds4:   Engram rows written at step start in 2112 steps; layer-13 drains 0
ds4:   residency a token: 0.00 adds, 0.00 removes, 0.00 commits
ds4:   decode path so far: 2176 single-row steps (63.6 ms each inside the graph over the last 64), 0 K-row verification steps over 0 positions, 0 batch-fusion sites taken; candidate K none
ds4: gate over tokens 2113-2176: 14.66 command buffers, 0.88 aborts, 240.0 expert ids accounted, 8.60 MiB loaded a token; 0 the gate failed to switch off, 0 it could not gate
ds4:   one token, exclusive, same window: entry 0.00 + encode 0.20 + commit-to-done 57.24 + repair-load 0.93 + accounting 0.05 + tail 2.15 = 60.56 of a 62.58 ms wall, residual 2.01
ds4:   GPU busy 60.56 ms of the token's wall (the union of its buffers' spans), idle 2.02 ms
ds4:   1278.5 gated dispatches a token, 0.9 of them behind an abort; 47.5 sent plain ahead of a buffer's first validate
ds4:   encode-ahead: 12.78 segments used, 0.84 dropped, 1.93 ms a token spent encoding under the GPU
ds4:   concurrent sections: 88.53 attempted, 88.53 opened a token
ds4:   speculation: 0.00 layers a token, 0.00 lanes computed, 0.00 matched, 0.00 GEMVs actually saved, 0.00 left to compute; compared 0.00 lanes, 0.00 floats differ, 0.00 by more than an ulp
ds4:   Metal 4: 16.50 command buffers sent, 1421.0 dispatches a token; 0 pieces of Metal 3 work so far
ds4:   Metal 4 a token: encoders 104.2 serial + 88.5 concurrent; barriers 1199.7 after a dispatch, 19.3 at copies, 57.0 from the engine, 16.5 opening and 16.5 ending an encoder; 192.7 table clears, 5791.1 setBuffer, 1628.0 setBytes (144912 B); 1421.0 dispatches, 9.6 copies; 16.50 blocking waits, 58.83 ms; 176.2 section barriers
ds4:   expert cache over the last 64 tokens: 240.00 hits, 0.91 misses, 0.91 evictions a token; 9648 of 9648 entries live (100.0%)
ds4:   of the address-table holes repaired a token: 0.00 already resident, 0.91 genuinely absent
ds4:   of the repair a token: readahead 0.29 ms, slot preparation 0.07 ms, reads 0.57 ms, install 0.00 ms, over 0.91 loads
ds4:   Engram rows written at step start in 2176 steps; layer-13 drains 0
ds4:   residency a token: 0.00 adds, 0.00 removes, 0.00 commits
ds4:   decode path so far: 2240 single-row steps (63.5 ms each inside the graph over the last 64), 0 K-row verification steps over 0 positions, 0 batch-fusion sites taken; candidate K none
ds4: gate over tokens 2177-2240: 14.53 command buffers, 0.77 aborts, 240.0 expert ids accounted, 7.42 MiB loaded a token; 0 the gate failed to switch off, 0 it could not gate
ds4:   one token, exclusive, same window: entry 0.00 + encode 0.19 + commit-to-done 57.57 + repair-load 0.84 + accounting 0.05 + tail 2.05 = 60.70 of a 62.67 ms wall, residual 1.98
ds4:   GPU busy 60.84 ms of the token's wall (the union of its buffers' spans), idle 1.84 ms
ds4:   1273.2 gated dispatches a token, 1.9 of them behind an abort; 44.2 sent plain ahead of a buffer's first validate
ds4:   encode-ahead: 12.77 segments used, 0.70 dropped, 1.91 ms a token spent encoding under the GPU
ds4:   concurrent sections: 87.12 attempted, 87.12 opened a token
ds4:   speculation: 0.00 layers a token, 0.00 lanes computed, 0.00 matched, 0.00 GEMVs actually saved, 0.00 left to compute; compared 0.00 lanes, 0.00 floats differ, 0.00 by more than an ulp
ds4:   Metal 4: 16.23 command buffers sent, 1401.4 dispatches a token; 0 pieces of Metal 3 work so far
ds4:   Metal 4 a token: encoders 102.6 serial + 87.1 concurrent; barriers 1183.6 after a dispatch, 19.1 at copies, 56.3 from the engine, 16.2 opening and 16.2 ending an encoder; 189.7 table clears, 5709.8 setBuffer, 1605.2 setBytes (142882 B); 1401.4 dispatches, 9.5 copies; 16.23 blocking waits, 59.07 ms; 173.5 section barriers
ds4:   expert cache over the last 64 tokens: 240.00 hits, 0.78 misses, 0.78 evictions a token; 9648 of 9648 entries live (100.0%)
ds4:   of the address-table holes repaired a token: 0.00 already resident, 0.78 genuinely absent
ds4:   of the repair a token: readahead 0.31 ms, slot preparation 0.06 ms, reads 0.47 ms, install 0.00 ms, over 0.78 loads
ds4:   Engram rows written at step start in 2240 steps; layer-13 drains 0
ds4:   residency a token: 0.00 adds, 0.00 removes, 0.00 commits
ds4:   decode path so far: 2304 single-row steps (64.0 ms each inside the graph over the last 64), 0 K-row verification steps over 0 positions, 0 batch-fusion sites taken; candidate K none
ds4: gate over tokens 2241-2304: 14.75 command buffers, 0.92 aborts, 240.0 expert ids accounted, 9.20 MiB loaded a token; 0 the gate failed to switch off, 0 it could not gate
ds4:   one token, exclusive, same window: entry 0.00 + encode 0.20 + commit-to-done 57.77 + repair-load 1.06 + accounting 0.05 + tail 2.08 = 61.17 of a 63.17 ms wall, residual 2.01
ds4:   GPU busy 61.02 ms of the token's wall (the union of its buffers' spans), idle 2.15 ms
ds4:   1278.4 gated dispatches a token, 0.9 of them behind an abort; 47.5 sent plain ahead of a buffer's first validate
ds4:   encode-ahead: 12.83 segments used, 0.84 dropped, 1.94 ms a token spent encoding under the GPU
ds4:   concurrent sections: 88.72 attempted, 88.72 opened a token
ds4:   speculation: 0.00 layers a token, 0.00 lanes computed, 0.00 matched, 0.00 GEMVs actually saved, 0.00 left to compute; compared 0.00 lanes, 0.00 floats differ, 0.00 by more than an ulp
ds4:   Metal 4: 16.59 command buffers sent, 1421.5 dispatches a token; 0 pieces of Metal 3 work so far
ds4:   Metal 4 a token: encoders 104.4 serial + 88.7 concurrent; barriers 1199.7 after a dispatch, 19.2 at copies, 57.1 from the engine, 16.6 opening and 16.6 ending an encoder; 193.1 table clears, 5796.4 setBuffer, 1628.8 setBytes (145100 B); 1421.5 dispatches, 9.6 copies; 16.59 blocking waits, 59.28 ms; 176.5 section barriers
ds4:   expert cache over the last 64 tokens: 240.00 hits, 0.97 misses, 0.97 evictions a token; 9648 of 9648 entries live (100.0%)
ds4:   of the address-table holes repaired a token: 0.00 already resident, 0.97 genuinely absent
ds4:   of the repair a token: readahead 0.34 ms, slot preparation 0.07 ms, reads 0.64 ms, install 0.00 ms, over 0.97 loads
ds4:   Engram rows written at step start in 2304 steps; layer-13 drains 0
ds4:   residency a token: 0.00 adds, 0.00 removes, 0.00 commits
ds4:   decode path so far: 2368 single-row steps (64.5 ms each inside the graph over the last 64), 0 K-row verification steps over 0 positions, 0 batch-fusion sites taken; candidate K none
ds4: gate over tokens 2305-2368: 14.28 command buffers, 0.45 aborts, 240.0 expert ids accounted, 4.45 MiB loaded a token; 0 the gate failed to switch off, 0 it could not gate
ds4:   one token, exclusive, same window: entry 0.00 + encode 0.16 + commit-to-done 59.12 + repair-load 0.49 + accounting 0.04 + tail 2.09 = 61.89 of a 63.73 ms wall, residual 1.84
ds4:   GPU busy 62.36 ms of the token's wall (the union of its buffers' spans), idle 1.37 ms
ds4:   1269.3 gated dispatches a token, 0.5 of them behind an abort; 34.5 sent plain ahead of a buffer's first validate
ds4:   encode-ahead: 12.83 segments used, 0.44 dropped, 1.80 ms a token spent encoding under the GPU
ds4:   concurrent sections: 84.25 attempted, 84.25 opened a token
ds4:   speculation: 0.00 layers a token, 0.00 lanes computed, 0.00 matched, 0.00 GEMVs actually saved, 0.00 left to compute; compared 0.00 lanes, 0.00 floats differ, 0.00 by more than an ulp
ds4:   Metal 4: 15.72 command buffers sent, 1362.6 dispatches a token; 0 pieces of Metal 3 work so far
ds4:   Metal 4 a token: encoders 99.5 serial + 84.2 concurrent; barriers 1152.0 after a dispatch, 18.5 at copies, 54.9 from the engine, 15.7 opening and 15.7 ending an encoder; 183.8 table clears, 5550.0 setBuffer, 1560.0 setBytes (138876 B); 1362.6 dispatches, 9.3 copies; 15.72 blocking waits, 60.67 ms; 168.0 section barriers
ds4:   expert cache over the last 64 tokens: 240.00 hits, 0.47 misses, 0.47 evictions a token; 9648 of 9648 entries live (100.0%)
ds4:   of the address-table holes repaired a token: 0.00 already resident, 0.47 genuinely absent
ds4:   of the repair a token: readahead 0.18 ms, slot preparation 0.04 ms, reads 0.27 ms, install 0.00 ms, over 0.47 loads
ds4:   Engram rows written at step start in 2368 steps; layer-13 drains 0
ds4:   residency a token: 0.00 adds, 0.00 removes, 0.00 commits
ds4:   decode path so far: 2432 single-row steps (66.9 ms each inside the graph over the last 64), 0 K-row verification steps over 0 positions, 0 batch-fusion sites taken; candidate K none
ds4: gate over tokens 2369-2432: 14.69 command buffers, 1.02 aborts, 240.0 expert ids accounted, 10.09 MiB loaded a token; 0 the gate failed to switch off, 0 it could not gate
ds4:   one token, exclusive, same window: entry 0.00 + encode 0.23 + commit-to-done 60.63 + repair-load 1.17 + accounting 0.03 + tail 2.22 = 64.28 of a 66.19 ms wall, residual 1.90
ds4:   GPU busy 63.99 ms of the token's wall (the union of its buffers' spans), idle 2.20 ms
ds4:   1273.7 gated dispatches a token, 0.9 of them behind an abort; 50.2 sent plain ahead of a buffer's first validate
ds4:   encode-ahead: 12.67 segments used, 0.94 dropped, 1.84 ms a token spent encoding under the GPU
ds4:   concurrent sections: 89.06 attempted, 89.06 opened a token
ds4:   speculation: 0.00 layers a token, 0.00 lanes computed, 0.00 matched, 0.00 GEMVs actually saved, 0.00 left to compute; compared 0.00 lanes, 0.00 floats differ, 0.00 by more than an ulp
ds4:   Metal 4: 16.62 command buffers sent, 1425.8 dispatches a token; 0 pieces of Metal 3 work so far
ds4:   Metal 4 a token: encoders 104.7 serial + 89.1 concurrent; barriers 1203.1 after a dispatch, 19.4 at copies, 57.1 from the engine, 16.6 opening and 16.6 ending an encoder; 193.7 table clears, 5811.6 setBuffer, 1633.8 setBytes (145424 B); 1425.8 dispatches, 9.7 copies; 16.62 blocking waits, 62.30 ms; 177.1 section barriers
ds4:   expert cache over the last 64 tokens: 240.00 hits, 1.06 misses, 1.06 evictions a token; 9648 of 9648 entries live (100.0%)
ds4:   of the address-table holes repaired a token: 0.00 already resident, 1.06 genuinely absent
ds4:   of the repair a token: readahead 0.38 ms, slot preparation 0.08 ms, reads 0.70 ms, install 0.00 ms, over 1.06 loads
ds4:   Engram rows written at step start in 2432 steps; layer-13 drains 0
ds4:   residency a token: 0.00 adds, 0.00 removes, 0.00 commits
ds4:   decode path so far: 2496 single-row steps (69.9 ms each inside the graph over the last 64), 0 K-row verification steps over 0 positions, 0 batch-fusion sites taken; candidate K none
ds4: gate over tokens 2433-2496: 14.48 command buffers, 0.69 aborts, 240.0 expert ids accounted, 6.53 MiB loaded a token; 0 the gate failed to switch off, 0 it could not gate
ds4:   one token, exclusive, same window: entry 0.00 + encode 0.24 + commit-to-done 63.26 + repair-load 0.78 + accounting 0.04 + tail 2.35 = 66.67 of a 68.94 ms wall, residual 2.27
ds4:   GPU busy 67.14 ms of the token's wall (the union of its buffers' spans), idle 1.80 ms
ds4:   1273.3 gated dispatches a token, 0.9 of them behind an abort; 40.7 sent plain ahead of a buffer's first validate
ds4:   encode-ahead: 12.80 segments used, 0.62 dropped, 2.22 ms a token spent encoding under the GPU
ds4:   concurrent sections: 86.31 attempted, 86.31 opened a token
ds4:   speculation: 0.00 layers a token, 0.00 lanes computed, 0.00 matched, 0.00 GEMVs actually saved, 0.00 left to compute; compared 0.00 lanes, 0.00 floats differ, 0.00 by more than an ulp
ds4:   Metal 4: 16.11 command buffers sent, 1389.3 dispatches a token; 0 pieces of Metal 3 work so far
ds4:   Metal 4 a token: encoders 101.7 serial + 86.3 concurrent; barriers 1173.5 after a dispatch, 18.7 at copies, 55.9 from the engine, 16.1 opening and 16.1 ending an encoder; 188.0 table clears, 5661.7 setBuffer, 1591.3 setBytes (141644 B); 1389.3 dispatches, 9.3 copies; 16.11 blocking waits, 65.05 ms; 171.9 section barriers
ds4:   expert cache over the last 64 tokens: 240.00 hits, 0.69 misses, 0.69 evictions a token; 9648 of 9648 entries live (100.0%)
ds4:   of the address-table holes repaired a token: 0.00 already resident, 0.69 genuinely absent
ds4:   of the repair a token: readahead 0.27 ms, slot preparation 0.07 ms, reads 0.44 ms, install 0.00 ms, over 0.69 loads
ds4:   Engram rows written at step start in 2496 steps; layer-13 drains 0
ds4:   residency a token: 0.00 adds, 0.00 removes, 0.00 commits
ds4:   decode path so far: 2560 single-row steps (68.1 ms each inside the graph over the last 64), 0 K-row verification steps over 0 positions, 0 batch-fusion sites taken; candidate K none
ds4: gate over tokens 2497-2560: 14.44 command buffers, 0.67 aborts, 240.0 expert ids accounted, 6.53 MiB loaded a token; 0 the gate failed to switch off, 0 it could not gate
ds4:   one token, exclusive, same window: entry 0.00 + encode 0.26 + commit-to-done 61.36 + repair-load 0.80 + accounting 0.04 + tail 2.27 = 64.73 of a 67.14 ms wall, residual 2.41
ds4:   GPU busy 65.26 ms of the token's wall (the union of its buffers' spans), idle 1.89 ms
ds4:   1271.5 gated dispatches a token, 0.0 of them behind an abort; 41.9 sent plain ahead of a buffer's first validate
ds4:   encode-ahead: 12.77 segments used, 0.66 dropped, 2.35 ms a token spent encoding under the GPU
ds4:   concurrent sections: 86.34 attempted, 86.34 opened a token
ds4:   speculation: 0.00 layers a token, 0.00 lanes computed, 0.00 matched, 0.00 GEMVs actually saved, 0.00 left to compute; compared 0.00 lanes, 0.00 floats differ, 0.00 by more than an ulp
ds4:   Metal 4: 16.09 command buffers sent, 1390.7 dispatches a token; 0 pieces of Metal 3 work so far
ds4:   Metal 4 a token: encoders 101.8 serial + 86.3 concurrent; barriers 1174.9 after a dispatch, 19.4 at copies, 55.9 from the engine, 16.1 opening and 16.1 ending an encoder; 188.1 table clears, 5666.9 setBuffer, 1592.8 setBytes (141904 B); 1390.7 dispatches, 9.7 copies; 16.09 blocking waits, 63.07 ms; 172.0 section barriers
ds4:   expert cache over the last 64 tokens: 240.00 hits, 0.69 misses, 0.69 evictions a token; 9648 of 9648 entries live (100.0%)
ds4:   of the address-table holes repaired a token: 0.00 already resident, 0.69 genuinely absent
ds4:   of the repair a token: readahead 0.33 ms, slot preparation 0.07 ms, reads 0.40 ms, install 0.00 ms, over 0.69 loads
ds4:   Engram rows written at step start in 2560 steps; layer-13 drains 0
ds4:   residency a token: 0.00 adds, 0.00 removes, 0.00 commits
ds4:   decode path so far: 2624 single-row steps (67.3 ms each inside the graph over the last 64), 0 K-row verification steps over 0 positions, 0 batch-fusion sites taken; candidate K none
ds4: gate over tokens 2561-2624: 14.50 command buffers, 0.73 aborts, 240.0 expert ids accounted, 7.42 MiB loaded a token; 0 the gate failed to switch off, 0 it could not gate
ds4:   one token, exclusive, same window: entry 0.00 + encode 0.27 + commit-to-done 60.71 + repair-load 0.92 + accounting 0.04 + tail 2.24 = 64.17 of a 66.49 ms wall, residual 2.33
ds4:   GPU busy 64.49 ms of the token's wall (the union of its buffers' spans), idle 2.00 ms
ds4:   1273.0 gated dispatches a token, 0.5 of them behind an abort; 42.5 sent plain ahead of a buffer's first validate
ds4:   encode-ahead: 12.77 segments used, 0.69 dropped, 2.27 ms a token spent encoding under the GPU
ds4:   concurrent sections: 86.56 attempted, 86.56 opened a token
ds4:   speculation: 0.00 layers a token, 0.00 lanes computed, 0.00 matched, 0.00 GEMVs actually saved, 0.00 left to compute; compared 0.00 lanes, 0.00 floats differ, 0.00 by more than an ulp
ds4:   Metal 4: 16.19 command buffers sent, 1392.4 dispatches a token; 0 pieces of Metal 3 work so far
ds4:   Metal 4 a token: encoders 102.0 serial + 86.6 concurrent; barriers 1176.0 after a dispatch, 19.0 at copies, 56.0 from the engine, 16.2 opening and 16.2 ending an encoder; 188.6 table clears, 5674.0 setBuffer, 1594.9 setBytes (141980 B); 1392.4 dispatches, 9.5 copies; 16.19 blocking waits, 62.35 ms; 172.4 section barriers
ds4:   expert cache over the last 64 tokens: 240.00 hits, 0.78 misses, 0.78 evictions a token; 9648 of 9648 entries live (100.0%)
ds4:   of the address-table holes repaired a token: 0.00 already resident, 0.78 genuinely absent
ds4:   of the repair a token: readahead 0.37 ms, slot preparation 0.07 ms, reads 0.46 ms, install 0.00 ms, over 0.78 loads
ds4:   Engram rows written at step start in 2624 steps; layer-13 drains 0
ds4:   residency a token: 0.00 adds, 0.00 removes, 0.00 commits
ds4:   decode path so far: 2688 single-row steps (64.2 ms each inside the graph over the last 64), 0 K-row verification steps over 0 positions, 0 batch-fusion sites taken; candidate K none
ds4: gate over tokens 2625-2688: 14.58 command buffers, 0.84 aborts, 240.0 expert ids accounted, 8.01 MiB loaded a token; 0 the gate failed to switch off, 0 it could not gate
ds4:   one token, exclusive, same window: entry 0.00 + encode 0.28 + commit-to-done 57.15 + repair-load 1.12 + accounting 0.04 + tail 2.21 = 60.79 of a 63.19 ms wall, residual 2.40
ds4:   GPU busy 60.88 ms of the token's wall (the union of its buffers' spans), idle 2.31 ms
ds4:   1272.5 gated dispatches a token, 0.5 of them behind an abort; 45.9 sent plain ahead of a buffer's first validate
ds4:   encode-ahead: 12.73 segments used, 0.80 dropped, 2.33 ms a token spent encoding under the GPU
ds4:   concurrent sections: 87.81 attempted, 87.81 opened a token
ds4:   speculation: 0.00 layers a token, 0.00 lanes computed, 0.00 matched, 0.00 GEMVs actually saved, 0.00 left to compute; compared 0.00 lanes, 0.00 floats differ, 0.00 by more than an ulp
ds4:   Metal 4: 16.38 command buffers sent, 1411.2 dispatches a token; 0 pieces of Metal 3 work so far
ds4:   Metal 4 a token: encoders 103.3 serial + 87.8 concurrent; barriers 1191.6 after a dispatch, 19.1 at copies, 56.6 from the engine, 16.4 opening and 16.4 ending an encoder; 191.2 table clears, 5749.3 setBuffer, 1616.5 setBytes (143880 B); 1411.2 dispatches, 9.5 copies; 16.38 blocking waits, 58.76 ms; 174.8 section barriers
ds4:   expert cache over the last 64 tokens: 240.00 hits, 0.84 misses, 0.84 evictions a token; 9648 of 9648 entries live (100.0%)
ds4:   of the address-table holes repaired a token: 0.00 already resident, 0.84 genuinely absent
ds4:   of the repair a token: readahead 0.46 ms, slot preparation 0.08 ms, reads 0.57 ms, install 0.00 ms, over 0.84 loads
ds4:   Engram rows written at step start in 2688 steps; layer-13 drains 0
ds4:   residency a token: 0.00 adds, 0.00 removes, 0.00 commits
ds4:   decode path so far: 2752 single-row steps (62.9 ms each inside the graph over the last 64), 0 K-row verification steps over 0 positions, 0 batch-fusion sites taken; candidate K none
ds4: gate over tokens 2689-2752: 14.47 command buffers, 0.62 aborts, 240.0 expert ids accounted, 5.93 MiB loaded a token; 0 the gate failed to switch off, 0 it could not gate
ds4:   one token, exclusive, same window: entry 0.00 + encode 0.22 + commit-to-done 55.72 + repair-load 1.75 + accounting 0.04 + tail 2.11 = 59.85 of a 62.02 ms wall, residual 2.18
ds4:   GPU busy 59.17 ms of the token's wall (the union of its buffers' spans), idle 2.85 ms
ds4:   1274.0 gated dispatches a token, 0.5 of them behind an abort; 38.8 sent plain ahead of a buffer's first validate
ds4:   encode-ahead: 12.84 segments used, 0.58 dropped, 2.13 ms a token spent encoding under the GPU
ds4:   concurrent sections: 85.91 attempted, 85.91 opened a token
ds4:   speculation: 0.00 layers a token, 0.00 lanes computed, 0.00 matched, 0.00 GEMVs actually saved, 0.00 left to compute; compared 0.00 lanes, 0.00 floats differ, 0.00 by more than an ulp
ds4:   Metal 4: 16.05 command buffers sent, 1385.1 dispatches a token; 0 pieces of Metal 3 work so far
ds4:   Metal 4 a token: encoders 101.3 serial + 85.9 concurrent; barriers 1170.4 after a dispatch, 19.0 at copies, 55.8 from the engine, 16.0 opening and 16.0 ending an encoder; 187.2 table clears, 5642.9 setBuffer, 1586.2 setBytes (141208 B); 1385.1 dispatches, 9.5 copies; 16.05 blocking waits, 57.25 ms; 171.2 section barriers
ds4:   expert cache over the last 64 tokens: 240.00 hits, 0.62 misses, 0.62 evictions a token; 9648 of 9648 entries live (100.0%)
ds4:   of the address-table holes repaired a token: 0.00 already resident, 0.62 genuinely absent
ds4:   of the repair a token: readahead 1.27 ms, slot preparation 0.06 ms, reads 0.42 ms, install 0.00 ms, over 0.62 loads
ds4:   Engram rows written at step start in 2752 steps; layer-13 drains 0
ds4:   residency a token: 0.00 adds, 0.00 removes, 0.00 commits
ds4:   decode path so far: 2816 single-row steps (64.0 ms each inside the graph over the last 64), 0 K-row verification steps over 0 positions, 0 batch-fusion sites taken; candidate K none
ds4: gate over tokens 2753-2816: 14.41 command buffers, 0.59 aborts, 240.0 expert ids accounted, 5.64 MiB loaded a token; 0 the gate failed to switch off, 0 it could not gate
ds4:   one token, exclusive, same window: entry 0.00 + encode 0.18 + commit-to-done 58.14 + repair-load 0.70 + accounting 0.04 + tail 2.14 = 61.20 of a 63.25 ms wall, residual 2.04
ds4:   GPU busy 61.50 ms of the token's wall (the union of its buffers' spans), idle 1.75 ms
ds4:   1270.2 gated dispatches a token, 0.5 of them behind an abort; 37.3 sent plain ahead of a buffer's first validate
ds4:   encode-ahead: 12.81 segments used, 0.56 dropped, 1.99 ms a token spent encoding under the GPU
ds4:   concurrent sections: 85.50 attempted, 85.50 opened a token
ds4:   speculation: 0.00 layers a token, 0.00 lanes computed, 0.00 matched, 0.00 GEMVs actually saved, 0.00 left to compute; compared 0.00 lanes, 0.00 floats differ, 0.00 by more than an ulp
ds4:   Metal 4: 15.97 command buffers sent, 1378.0 dispatches a token; 0 pieces of Metal 3 work so far
ds4:   Metal 4 a token: encoders 100.9 serial + 85.5 concurrent; barriers 1164.2 after a dispatch, 18.8 at copies, 55.5 from the engine, 16.0 opening and 16.0 ending an encoder; 186.4 table clears, 5616.4 setBuffer, 1578.2 setBytes (140594 B); 1378.0 dispatches, 9.4 copies; 15.97 blocking waits, 59.71 ms; 170.4 section barriers
ds4:   expert cache over the last 64 tokens: 240.00 hits, 0.59 misses, 0.59 evictions a token; 9648 of 9648 entries live (100.0%)
ds4:   of the address-table holes repaired a token: 0.00 already resident, 0.59 genuinely absent
ds4:   of the repair a token: readahead 0.16 ms, slot preparation 0.05 ms, reads 0.48 ms, install 0.00 ms, over 0.59 loads
ds4:   Engram rows written at step start in 2816 steps; layer-13 drains 0
ds4:   residency a token: 0.00 adds, 0.00 removes, 0.00 commits
ds4:   decode path so far: 2880 single-row steps (64.2 ms each inside the graph over the last 64), 0 K-row verification steps over 0 positions, 0 batch-fusion sites taken; candidate K none
ds4: gate over tokens 2817-2880: 14.62 command buffers, 0.86 aborts, 240.0 expert ids accounted, 8.75 MiB loaded a token; 0 the gate failed to switch off, 0 it could not gate
ds4:   one token, exclusive, same window: entry 0.00 + encode 0.21 + commit-to-done 57.60 + repair-load 1.00 + accounting 0.05 + tail 2.07 = 60.93 of a 62.95 ms wall, residual 2.02
ds4:   GPU busy 60.85 ms of the token's wall (the union of its buffers' spans), idle 2.09 ms
ds4:   1275.0 gated dispatches a token, 0.5 of them behind an abort; 47.5 sent plain ahead of a buffer's first validate
ds4:   encode-ahead: 12.77 segments used, 0.83 dropped, 1.95 ms a token spent encoding under the GPU
ds4:   concurrent sections: 88.16 attempted, 88.16 opened a token
ds4:   speculation: 0.00 layers a token, 0.00 lanes computed, 0.00 matched, 0.00 GEMVs actually saved, 0.00 left to compute; compared 0.00 lanes, 0.00 floats differ, 0.00 by more than an ulp
ds4:   Metal 4: 16.45 command buffers sent, 1415.5 dispatches a token; 0 pieces of Metal 3 work so far
ds4:   Metal 4 a token: encoders 103.8 serial + 88.2 concurrent; barriers 1195.1 after a dispatch, 19.0 at copies, 56.8 from the engine, 16.5 opening and 16.5 ending an encoder; 191.9 table clears, 5768.4 setBuffer, 1621.6 setBytes (144332 B); 1415.5 dispatches, 9.5 copies; 16.45 blocking waits, 59.10 ms; 175.5 section barriers
ds4:   expert cache over the last 64 tokens: 240.00 hits, 0.92 misses, 0.92 evictions a token; 9648 of 9648 entries live (100.0%)
ds4:   of the address-table holes repaired a token: 0.00 already resident, 0.92 genuinely absent
ds4:   of the repair a token: readahead 0.35 ms, slot preparation 0.06 ms, reads 0.58 ms, install 0.00 ms, over 0.92 loads
ds4:   Engram rows written at step start in 2880 steps; layer-13 drains 0
ds4:   residency a token: 0.00 adds, 0.00 removes, 0.00 commits
ds4:   decode path so far: 2944 single-row steps (63.2 ms each inside the graph over the last 64), 0 K-row verification steps over 0 positions, 0 batch-fusion sites taken; candidate K none
ds4: gate over tokens 2881-2944: 14.42 command buffers, 0.62 aborts, 240.0 expert ids accounted, 5.93 MiB loaded a token; 0 the gate failed to switch off, 0 it could not gate
ds4:   one token, exclusive, same window: entry 0.00 + encode 0.19 + commit-to-done 57.27 + repair-load 0.73 + accounting 0.05 + tail 2.09 = 60.31 of a 62.32 ms wall, residual 2.01
ds4:   GPU busy 60.59 ms of the token's wall (the union of its buffers' spans), idle 1.73 ms
ds4:   1272.5 gated dispatches a token, 1.9 of them behind an abort; 39.7 sent plain ahead of a buffer's first validate
ds4:   encode-ahead: 12.80 segments used, 0.59 dropped, 1.96 ms a token spent encoding under the GPU
ds4:   concurrent sections: 85.81 attempted, 85.81 opened a token
ds4:   speculation: 0.00 layers a token, 0.00 lanes computed, 0.00 matched, 0.00 GEMVs actually saved, 0.00 left to compute; compared 0.00 lanes, 0.00 floats differ, 0.00 by more than an ulp
ds4:   Metal 4: 16.02 command buffers sent, 1383.5 dispatches a token; 0 pieces of Metal 3 work so far
ds4:   Metal 4 a token: encoders 101.2 serial + 85.8 concurrent; barriers 1169.0 after a dispatch, 19.0 at copies, 55.7 from the engine, 16.0 opening and 16.0 ending an encoder; 187.0 table clears, 5636.4 setBuffer, 1584.4 setBytes (141044 B); 1383.5 dispatches, 9.5 copies; 16.02 blocking waits, 58.77 ms; 171.0 section barriers
ds4:   expert cache over the last 64 tokens: 240.00 hits, 0.62 misses, 0.62 evictions a token; 9648 of 9648 entries live (100.0%)
ds4:   of the address-table holes repaired a token: 0.00 already resident, 0.62 genuinely absent
ds4:   of the repair a token: readahead 0.23 ms, slot preparation 0.05 ms, reads 0.44 ms, install 0.00 ms, over 0.62 loads
ds4:   Engram rows written at step start in 2944 steps; layer-13 drains 0
ds4:   residency a token: 0.00 adds, 0.00 removes, 0.00 commits
ds4:   decode path so far: 3008 single-row steps (64.0 ms each inside the graph over the last 64), 0 K-row verification steps over 0 positions, 0 batch-fusion sites taken; candidate K none
ds4: gate over tokens 2945-3008: 14.50 command buffers, 0.75 aborts, 240.0 expert ids accounted, 7.12 MiB loaded a token; 0 the gate failed to switch off, 0 it could not gate
ds4:   one token, exclusive, same window: entry 0.00 + encode 0.19 + commit-to-done 58.06 + repair-load 0.81 + accounting 0.05 + tail 2.10 = 61.20 of a 63.16 ms wall, residual 1.97
ds4:   GPU busy 61.35 ms of the token's wall (the union of its buffers' spans), idle 1.81 ms
ds4:   1271.6 gated dispatches a token, 0.5 of them behind an abort; 42.6 sent plain ahead of a buffer's first validate
ds4:   encode-ahead: 12.75 segments used, 0.70 dropped, 1.91 ms a token spent encoding under the GPU
ds4:   concurrent sections: 86.78 attempted, 86.78 opened a token
ds4:   speculation: 0.00 layers a token, 0.00 lanes computed, 0.00 matched, 0.00 GEMVs actually saved, 0.00 left to compute; compared 0.00 lanes, 0.00 floats differ, 0.00 by more than an ulp
ds4:   Metal 4: 16.20 command buffers sent, 1394.8 dispatches a token; 0 pieces of Metal 3 work so far
ds4:   Metal 4 a token: encoders 102.2 serial + 86.8 concurrent; barriers 1177.9 after a dispatch, 18.9 at copies, 56.1 from the engine, 16.2 opening and 16.2 ending an encoder; 189.0 table clears, 5685.1 setBuffer, 1597.8 setBytes (142232 B); 1394.8 dispatches, 9.5 copies; 16.20 blocking waits, 59.57 ms; 172.8 section barriers
ds4:   expert cache over the last 64 tokens: 240.00 hits, 0.75 misses, 0.75 evictions a token; 9648 of 9648 entries live (100.0%)
ds4:   of the address-table holes repaired a token: 0.00 already resident, 0.75 genuinely absent
ds4:   of the repair a token: readahead 0.19 ms, slot preparation 0.06 ms, reads 0.55 ms, install 0.00 ms, over 0.75 loads
ds4:   Engram rows written at step start in 3008 steps; layer-13 drains 0
ds4:   residency a token: 0.00 adds, 0.00 removes, 0.00 commits
ds4:   decode path so far: 3072 single-row steps (63.7 ms each inside the graph over the last 64), 0 K-row verification steps over 0 positions, 0 batch-fusion sites taken; candidate K none
ds4: gate over tokens 3009-3072: 14.36 command buffers, 0.64 aborts, 240.0 expert ids accounted, 6.23 MiB loaded a token; 0 the gate failed to switch off, 0 it could not gate
ds4:   one token, exclusive, same window: entry 0.00 + encode 0.18 + commit-to-done 57.74 + repair-load 0.71 + accounting 0.05 + tail 2.10 = 60.78 of a 62.72 ms wall, residual 1.94
ds4:   GPU busy 61.00 ms of the token's wall (the union of its buffers' spans), idle 1.73 ms
ds4:   1268.3 gated dispatches a token, 0.0 of them behind an abort; 39.5 sent plain ahead of a buffer's first validate
ds4:   encode-ahead: 12.72 segments used, 0.64 dropped, 1.89 ms a token spent encoding under the GPU
ds4:   concurrent sections: 85.94 attempted, 85.94 opened a token
ds4:   speculation: 0.00 layers a token, 0.00 lanes computed, 0.00 matched, 0.00 GEMVs actually saved, 0.00 left to compute; compared 0.00 lanes, 0.00 floats differ, 0.00 by more than an ulp
ds4:   Metal 4: 16.00 command buffers sent, 1383.3 dispatches a token; 0 pieces of Metal 3 work so far
ds4:   Metal 4 a token: encoders 101.3 serial + 85.9 concurrent; barriers 1168.4 after a dispatch, 18.9 at copies, 55.7 from the engine, 16.0 opening and 16.0 ending an encoder; 187.2 table clears, 5639.2 setBuffer, 1584.5 setBytes (141169 B); 1383.3 dispatches, 9.5 copies; 16.00 blocking waits, 59.28 ms; 171.2 section barriers
ds4:   expert cache over the last 64 tokens: 240.00 hits, 0.66 misses, 0.66 evictions a token; 9648 of 9648 entries live (100.0%)
ds4:   of the address-table holes repaired a token: 0.00 already resident, 0.66 genuinely absent
ds4:   of the repair a token: readahead 0.24 ms, slot preparation 0.05 ms, reads 0.41 ms, install 0.00 ms, over 0.66 loads
ds4:   Engram rows written at step start in 3072 steps; layer-13 drains 0
ds4:   residency a token: 0.00 adds, 0.00 removes, 0.00 commits
ds4:   decode path so far: 3136 single-row steps (63.2 ms each inside the graph over the last 64), 0 K-row verification steps over 0 positions, 0 batch-fusion sites taken; candidate K none
ds4: gate over tokens 3073-3136: 14.33 command buffers, 0.55 aborts, 240.0 expert ids accounted, 5.19 MiB loaded a token; 0 the gate failed to switch off, 0 it could not gate
ds4:   one token, exclusive, same window: entry 0.00 + encode 0.16 + commit-to-done 57.46 + repair-load 0.58 + accounting 0.05 + tail 2.08 = 60.33 of a 62.23 ms wall, residual 1.90
ds4:   GPU busy 60.64 ms of the token's wall (the union of its buffers' spans), idle 1.60 ms
ds4:   1268.3 gated dispatches a token, 0.5 of them behind an abort; 35.4 sent plain ahead of a buffer's first validate
ds4:   encode-ahead: 12.78 segments used, 0.50 dropped, 1.86 ms a token spent encoding under the GPU
ds4:   concurrent sections: 84.59 attempted, 84.59 opened a token
ds4:   speculation: 0.00 layers a token, 0.00 lanes computed, 0.00 matched, 0.00 GEMVs actually saved, 0.00 left to compute; compared 0.00 lanes, 0.00 floats differ, 0.00 by more than an ulp
ds4:   Metal 4: 15.83 command buffers sent, 1364.8 dispatches a token; 0 pieces of Metal 3 work so far
ds4:   Metal 4 a token: encoders 99.9 serial + 84.6 concurrent; barriers 1153.4 after a dispatch, 18.5 at copies, 55.0 from the engine, 15.8 opening and 15.8 ending an encoder; 184.5 table clears, 5561.5 setBuffer, 1563.0 setBytes (139138 B); 1364.8 dispatches, 9.2 copies; 15.83 blocking waits, 58.97 ms; 168.6 section barriers
ds4:   expert cache over the last 64 tokens: 240.00 hits, 0.55 misses, 0.55 evictions a token; 9648 of 9648 entries live (100.0%)
ds4:   of the address-table holes repaired a token: 0.00 already resident, 0.55 genuinely absent
ds4:   of the repair a token: readahead 0.21 ms, slot preparation 0.05 ms, reads 0.32 ms, install 0.00 ms, over 0.55 loads
ds4:   Engram rows written at step start in 3136 steps; layer-13 drains 0
ds4:   residency a token: 0.00 adds, 0.00 removes, 0.00 commits
ds4:   decode path so far: 3200 single-row steps (63.4 ms each inside the graph over the last 64), 0 K-row verification steps over 0 positions, 0 batch-fusion sites taken; candidate K none
ds4: gate over tokens 3137-3200: 14.78 command buffers, 1.11 aborts, 240.0 expert ids accounted, 11.12 MiB loaded a token; 0 the gate failed to switch off, 0 it could not gate
ds4:   one token, exclusive, same window: entry 0.00 + encode 0.24 + commit-to-done 56.69 + repair-load 1.23 + accounting 0.05 + tail 2.07 = 60.28 of a 62.39 ms wall, residual 2.12
ds4:   GPU busy 59.94 ms of the token's wall (the union of its buffers' spans), idle 2.46 ms
ds4:   1275.3 gated dispatches a token, 0.5 of them behind an abort; 54.5 sent plain ahead of a buffer's first validate
ds4:   encode-ahead: 12.67 segments used, 1.06 dropped, 2.04 ms a token spent encoding under the GPU
ds4:   concurrent sections: 90.47 attempted, 90.47 opened a token
ds4:   speculation: 0.00 layers a token, 0.00 lanes computed, 0.00 matched, 0.00 GEMVs actually saved, 0.00 left to compute; compared 0.00 lanes, 0.00 floats differ, 0.00 by more than an ulp
ds4:   Metal 4: 16.84 command buffers sent, 1447.8 dispatches a token; 0 pieces of Metal 3 work so far
ds4:   Metal 4 a token: encoders 106.2 serial + 90.5 concurrent; barriers 1221.7 after a dispatch, 19.8 at copies, 57.9 from the engine, 16.8 opening and 16.8 ending an encoder; 196.7 table clears, 5899.4 setBuffer, 1659.0 setBytes (147657 B); 1447.8 dispatches, 9.9 copies; 16.84 blocking waits, 58.18 ms; 179.8 section barriers
ds4:   expert cache over the last 64 tokens: 240.00 hits, 1.17 misses, 1.17 evictions a token; 9648 of 9648 entries live (100.0%)
ds4:   of the address-table holes repaired a token: 0.00 already resident, 1.17 genuinely absent
ds4:   of the repair a token: readahead 0.49 ms, slot preparation 0.08 ms, reads 0.64 ms, install 0.00 ms, over 1.17 loads
ds4:   Engram rows written at step start in 3200 steps; layer-13 drains 0
ds4:   residency a token: 0.00 adds, 0.00 removes, 0.00 commits
ds4:   decode path so far: 3264 single-row steps (64.0 ms each inside the graph over the last 64), 0 K-row verification steps over 0 positions, 0 batch-fusion sites taken; candidate K none
ds4: gate over tokens 3201-3264: 14.53 command buffers, 0.91 aborts, 240.0 expert ids accounted, 8.90 MiB loaded a token; 0 the gate failed to switch off, 0 it could not gate
ds4:   one token, exclusive, same window: entry 0.00 + encode 0.21 + commit-to-done 57.55 + repair-load 1.02 + accounting 0.05 + tail 2.11 = 60.94 of a 62.95 ms wall, residual 2.01
ds4:   GPU busy 60.77 ms of the token's wall (the union of its buffers' spans), idle 2.18 ms
ds4:   1271.0 gated dispatches a token, 0.9 of them behind an abort; 48.2 sent plain ahead of a buffer's first validate
ds4:   encode-ahead: 12.62 segments used, 0.88 dropped, 1.93 ms a token spent encoding under the GPU
ds4:   concurrent sections: 88.31 attempted, 88.31 opened a token
ds4:   speculation: 0.00 layers a token, 0.00 lanes computed, 0.00 matched, 0.00 GEMVs actually saved, 0.00 left to compute; compared 0.00 lanes, 0.00 floats differ, 0.00 by more than an ulp
ds4:   Metal 4: 16.41 command buffers sent, 1416.7 dispatches a token; 0 pieces of Metal 3 work so far
ds4:   Metal 4 a token: encoders 103.8 serial + 88.3 concurrent; barriers 1195.9 after a dispatch, 19.1 at copies, 56.8 from the engine, 16.4 opening and 16.4 ending an encoder; 192.1 table clears, 5773.6 setBuffer, 1623.1 setBytes (144470 B); 1416.7 dispatches, 9.5 copies; 16.41 blocking waits, 59.08 ms; 175.7 section barriers
ds4:   expert cache over the last 64 tokens: 240.00 hits, 0.94 misses, 0.94 evictions a token; 9648 of 9648 entries live (100.0%)
ds4:   of the address-table holes repaired a token: 0.00 already resident, 0.94 genuinely absent
ds4:   of the repair a token: readahead 0.37 ms, slot preparation 0.07 ms, reads 0.57 ms, install 0.00 ms, over 0.94 loads
ds4:   Engram rows written at step start in 3264 steps; layer-13 drains 0
ds4:   residency a token: 0.00 adds, 0.00 removes, 0.00 commits
ds4:   decode path so far: 3328 single-row steps (62.5 ms each inside the graph over the last 64), 0 K-row verification steps over 0 positions, 0 batch-fusion sites taken; candidate K none
ds4: gate over tokens 3265-3328: 14.48 command buffers, 0.75 aborts, 240.0 expert ids accounted, 7.27 MiB loaded a token; 0 the gate failed to switch off, 0 it could not gate
ds4:   one token, exclusive, same window: entry 0.00 + encode 0.20 + commit-to-done 56.39 + repair-load 0.81 + accounting 0.05 + tail 2.05 = 59.49 of a 61.54 ms wall, residual 2.04
ds4:   GPU busy 59.63 ms of the token's wall (the union of its buffers' spans), idle 1.91 ms
ds4:   1271.0 gated dispatches a token, 0.0 of them behind an abort; 43.7 sent plain ahead of a buffer's first validate
ds4:   encode-ahead: 12.73 segments used, 0.73 dropped, 1.99 ms a token spent encoding under the GPU
ds4:   concurrent sections: 86.81 attempted, 86.81 opened a token
ds4:   speculation: 0.00 layers a token, 0.00 lanes computed, 0.00 matched, 0.00 GEMVs actually saved, 0.00 left to compute; compared 0.00 lanes, 0.00 floats differ, 0.00 by more than an ulp
ds4:   Metal 4: 16.22 command buffers sent, 1394.4 dispatches a token; 0 pieces of Metal 3 work so far
ds4:   Metal 4 a token: encoders 102.3 serial + 86.8 concurrent; barriers 1177.4 after a dispatch, 18.8 at copies, 56.1 from the engine, 16.2 opening and 16.2 ending an encoder; 189.1 table clears, 5685.6 setBuffer, 1597.5 setBytes (142303 B); 1394.4 dispatches, 9.4 copies; 16.22 blocking waits, 57.84 ms; 172.9 section barriers
ds4:   expert cache over the last 64 tokens: 240.00 hits, 0.77 misses, 0.77 evictions a token; 9648 of 9648 entries live (100.0%)
ds4:   of the address-table holes repaired a token: 0.00 already resident, 0.77 genuinely absent
ds4:   of the repair a token: readahead 0.28 ms, slot preparation 0.06 ms, reads 0.47 ms, install 0.00 ms, over 0.77 loads
ds4:   Engram rows written at step start in 3328 steps; layer-13 drains 0
ds4:   residency a token: 0.00 adds, 0.00 removes, 0.00 commits
ds4:   decode path so far: 3392 single-row steps (64.8 ms each inside the graph over the last 64), 0 K-row verification steps over 0 positions, 0 batch-fusion sites taken; candidate K none
ds4: gate over tokens 3329-3392: 14.41 command buffers, 0.64 aborts, 240.0 expert ids accounted, 6.38 MiB loaded a token; 0 the gate failed to switch off, 0 it could not gate
ds4:   one token, exclusive, same window: entry 0.00 + encode 0.19 + commit-to-done 58.86 + repair-load 0.72 + accounting 0.04 + tail 2.19 = 62.01 of a 63.95 ms wall, residual 1.94
ds4:   GPU busy 62.16 ms of the token's wall (the union of its buffers' spans), idle 1.79 ms
ds4:   1268.2 gated dispatches a token, 0.0 of them behind an abort; 39.5 sent plain ahead of a buffer's first validate
ds4:   encode-ahead: 12.77 segments used, 0.61 dropped, 1.88 ms a token spent encoding under the GPU
ds4:   concurrent sections: 85.75 attempted, 85.75 opened a token
ds4:   speculation: 0.00 layers a token, 0.00 lanes computed, 0.00 matched, 0.00 GEMVs actually saved, 0.00 left to compute; compared 0.00 lanes, 0.00 floats differ, 0.00 by more than an ulp
ds4:   Metal 4: 16.02 command buffers sent, 1382.7 dispatches a token; 0 pieces of Metal 3 work so far
ds4:   Metal 4 a token: encoders 101.1 serial + 85.8 concurrent; barriers 1168.3 after a dispatch, 19.2 at copies, 55.6 from the engine, 16.0 opening and 16.0 ending an encoder; 186.9 table clears, 5632.1 setBuffer, 1583.4 setBytes (140965 B); 1382.7 dispatches, 9.6 copies; 16.02 blocking waits, 60.50 ms; 170.9 section barriers
ds4:   expert cache over the last 64 tokens: 240.00 hits, 0.67 misses, 0.67 evictions a token; 9648 of 9648 entries live (100.0%)
ds4:   of the address-table holes repaired a token: 0.00 already resident, 0.67 genuinely absent
ds4:   of the repair a token: readahead 0.23 ms, slot preparation 0.05 ms, reads 0.44 ms, install 0.00 ms, over 0.67 loads
ds4:   Engram rows written at step start in 3392 steps; layer-13 drains 0
ds4:   residency a token: 0.00 adds, 0.00 removes, 0.00 commits
ds4:   decode path so far: 3456 single-row steps (69.7 ms each inside the graph over the last 64), 0 K-row verification steps over 0 positions, 0 batch-fusion sites taken; candidate K none
ds4: gate over tokens 3393-3456: 15.58 command buffers, 2.27 aborts, 240.0 expert ids accounted, 35.89 MiB loaded a token; 0 the gate failed to switch off, 0 it could not gate
ds4:   one token, exclusive, same window: entry 0.00 + encode 0.37 + commit-to-done 60.07 + repair-load 3.68 + accounting 0.05 + tail 2.18 = 66.34 of a 68.58 ms wall, residual 2.24
ds4:   GPU busy 63.15 ms of the token's wall (the union of its buffers' spans), idle 5.43 ms
ds4:   1287.4 gated dispatches a token, 1.4 of them behind an abort; 88.9 sent plain ahead of a buffer's first validate
ds4:   encode-ahead: 12.31 segments used, 2.17 dropped, 2.09 ms a token spent encoding under the GPU
ds4:   concurrent sections: 101.25 attempted, 101.25 opened a token
ds4:   speculation: 0.00 layers a token, 0.00 lanes computed, 0.00 matched, 0.00 GEMVs actually saved, 0.00 left to compute; compared 0.00 lanes, 0.00 floats differ, 0.00 by more than an ulp
ds4:   Metal 4: 18.75 command buffers sent, 1593.8 dispatches a token; 0 pieces of Metal 3 work so far
ds4:   Metal 4 a token: encoders 117.7 serial + 101.2 concurrent; barriers 1340.7 after a dispatch, 21.1 at copies, 62.8 from the engine, 18.8 opening and 18.8 ending an encoder; 219.0 table clears, 6500.3 setBuffer, 1828.9 setBytes (162715 B); 1593.8 dispatches, 10.5 copies; 18.75 blocking waits, 61.64 ms; 200.2 section barriers
ds4:   expert cache over the last 64 tokens: 239.95 hits, 3.78 misses, 3.78 evictions a token; 9648 of 9648 entries live (100.0%)
ds4:   of the address-table holes repaired a token: 0.00 already resident, 3.78 genuinely absent
ds4:   of the repair a token: readahead 1.67 ms, slot preparation 0.11 ms, reads 1.79 ms, install 0.01 ms, over 3.78 loads
ds4:   Engram rows written at step start in 3456 steps; layer-13 drains 0
ds4:   residency a token: 0.00 adds, 0.00 removes, 0.00 commits
ds4:   decode path so far: 3520 single-row steps (68.9 ms each inside the graph over the last 64), 0 K-row verification steps over 0 positions, 0 batch-fusion sites taken; candidate K none
ds4: gate over tokens 3457-3520: 17.55 command buffers, 5.39 aborts, 240.0 expert ids accounted, 63.18 MiB loaded a token; 0 the gate failed to switch off, 0 it could not gate
ds4:   one token, exclusive, same window: entry 0.00 + encode 0.68 + commit-to-done 55.32 + repair-load 7.43 + accounting 0.05 + tail 2.01 = 65.49 of a 68.18 ms wall, residual 2.69
ds4:   GPU busy 57.87 ms of the token's wall (the union of its buffers' spans), idle 10.30 ms
ds4:   1297.6 gated dispatches a token, 5.6 of them behind an abort; 182.6 sent plain ahead of a buffer's first validate
ds4:   encode-ahead: 11.16 segments used, 5.17 dropped, 2.38 ms a token spent encoding under the GPU
ds4:   concurrent sections: 129.84 attempted, 129.84 opened a token
ds4:   speculation: 0.00 layers a token, 0.00 lanes computed, 0.00 matched, 0.00 GEMVs actually saved, 0.00 left to compute; compared 0.00 lanes, 0.00 floats differ, 0.00 by more than an ulp
ds4:   Metal 4: 23.72 command buffers sent, 1977.3 dispatches a token; 0 pieces of Metal 3 work so far
ds4:   Metal 4 a token: encoders 148.2 serial + 129.8 concurrent; barriers 1652.7 after a dispatch, 26.2 at copies, 75.9 from the engine, 23.7 opening and 23.7 ending an encoder; 278.0 table clears, 8082.1 setBuffer, 2275.8 setBytes (202364 B); 1977.3 dispatches, 13.1 copies; 23.72 blocking waits, 56.70 ms; 254.3 section barriers
ds4:   expert cache over the last 64 tokens: 239.98 hits, 6.66 misses, 6.66 evictions a token; 9648 of 9648 entries live (100.0%)
ds4:   of the address-table holes repaired a token: 0.00 already resident, 6.66 genuinely absent
ds4:   of the repair a token: readahead 3.65 ms, slot preparation 0.31 ms, reads 3.34 ms, install 0.01 ms, over 6.66 loads
ds4:   Engram rows written at step start in 3520 steps; layer-13 drains 0
ds4:   residency a token: 0.00 adds, 0.00 removes, 0.00 commits
ds4:   decode path so far: 3584 single-row steps (69.0 ms each inside the graph over the last 64), 0 K-row verification steps over 0 positions, 0 batch-fusion sites taken; candidate K none
ds4: gate over tokens 3521-3584: 16.00 command buffers, 2.92 aborts, 240.0 expert ids accounted, 30.11 MiB loaded a token; 0 the gate failed to switch off, 0 it could not gate
ds4:   one token, exclusive, same window: entry 0.00 + encode 0.42 + commit-to-done 59.66 + repair-load 3.33 + accounting 0.05 + tail 2.15 = 65.60 of a 68.01 ms wall, residual 2.41
ds4:   GPU busy 62.85 ms of the token's wall (the union of its buffers' spans), idle 5.16 ms
ds4:   1281.5 gated dispatches a token, 2.8 of them behind an abort; 109.1 sent plain ahead of a buffer's first validate
ds4:   encode-ahead: 12.08 segments used, 2.80 dropped, 2.21 ms a token spent encoding under the GPU
ds4:   concurrent sections: 107.25 attempted, 107.25 opened a token
ds4:   speculation: 0.00 layers a token, 0.00 lanes computed, 0.00 matched, 0.00 GEMVs actually saved, 0.00 left to compute; compared 0.00 lanes, 0.00 floats differ, 0.00 by more than an ulp
ds4:   Metal 4: 19.80 command buffers sent, 1671.9 dispatches a token; 0 pieces of Metal 3 work so far
ds4:   Metal 4 a token: encoders 124.1 serial + 107.2 concurrent; barriers 1403.8 after a dispatch, 22.5 at copies, 65.6 from the engine, 19.8 opening and 19.8 ending an encoder; 231.4 table clears, 6827.2 setBuffer, 1920.3 setBytes (170971 B); 1671.9 dispatches, 11.2 copies; 19.80 blocking waits, 61.19 ms; 211.6 section barriers
ds4:   expert cache over the last 64 tokens: 240.00 hits, 3.17 misses, 3.17 evictions a token; 9648 of 9648 entries live (100.0%)
ds4:   of the address-table holes repaired a token: 0.00 already resident, 3.17 genuinely absent
ds4:   of the repair a token: readahead 1.33 ms, slot preparation 0.20 ms, reads 1.77 ms, install 0.01 ms, over 3.17 loads
ds4:   Engram rows written at step start in 3584 steps; layer-13 drains 0
ds4:   residency a token: 0.00 adds, 0.00 removes, 0.00 commits
ds4:   decode path so far: 3648 single-row steps (64.9 ms each inside the graph over the last 64), 0 K-row verification steps over 0 positions, 0 batch-fusion sites taken; candidate K none
ds4: gate over tokens 3585-3648: 15.39 command buffers, 1.97 aborts, 240.0 expert ids accounted, 19.58 MiB loaded a token; 0 the gate failed to switch off, 0 it could not gate
ds4:   one token, exclusive, same window: entry 0.00 + encode 0.30 + commit-to-done 57.26 + repair-load 2.19 + accounting 0.05 + tail 2.08 = 61.88 of a 64.00 ms wall, residual 2.12
ds4:   GPU busy 60.37 ms of the token's wall (the union of its buffers' spans), idle 3.63 ms
ds4:   1290.4 gated dispatches a token, 1.4 of them behind an abort; 80.7 sent plain ahead of a buffer's first validate
ds4:   encode-ahead: 12.42 segments used, 1.89 dropped, 1.98 ms a token spent encoding under the GPU
ds4:   concurrent sections: 98.84 attempted, 98.84 opened a token
ds4:   speculation: 0.00 layers a token, 0.00 lanes computed, 0.00 matched, 0.00 GEMVs actually saved, 0.00 left to compute; compared 0.00 lanes, 0.00 floats differ, 0.00 by more than an ulp
ds4:   Metal 4: 18.28 command buffers sent, 1561.1 dispatches a token; 0 pieces of Metal 3 work so far
ds4:   Metal 4 a token: encoders 115.2 serial + 98.8 concurrent; barriers 1314.0 after a dispatch, 21.0 at copies, 61.8 from the engine, 18.3 opening and 18.3 ending an encoder; 214.0 table clears, 6367.3 setBuffer, 1791.0 setBytes (159362 B); 1561.1 dispatches, 10.5 copies; 18.28 blocking waits, 58.74 ms; 195.7 section barriers
ds4:   expert cache over the last 64 tokens: 240.00 hits, 2.06 misses, 2.06 evictions a token; 9648 of 9648 entries live (100.0%)
ds4:   of the address-table holes repaired a token: 0.00 already resident, 2.06 genuinely absent
ds4:   of the repair a token: readahead 0.77 ms, slot preparation 0.14 ms, reads 1.26 ms, install 0.00 ms, over 2.06 loads
ds4:   Engram rows written at step start in 3648 steps; layer-13 drains 0
ds4:   residency a token: 0.00 adds, 0.00 removes, 0.00 commits
ds4:   decode path so far: 3712 single-row steps (65.1 ms each inside the graph over the last 64), 0 K-row verification steps over 0 positions, 0 batch-fusion sites taken; candidate K none
ds4: gate over tokens 3649-3712: 15.27 command buffers, 1.73 aborts, 240.0 expert ids accounted, 17.95 MiB loaded a token; 0 the gate failed to switch off, 0 it could not gate
ds4:   one token, exclusive, same window: entry 0.00 + encode 0.29 + commit-to-done 57.64 + repair-load 1.96 + accounting 0.05 + tail 2.07 = 62.00 of a 64.10 ms wall, residual 2.09
ds4:   GPU busy 60.74 ms of the token's wall (the union of its buffers' spans), idle 3.36 ms
ds4:   1284.2 gated dispatches a token, 1.9 of them behind an abort; 73.5 sent plain ahead of a buffer's first validate
ds4:   encode-ahead: 12.53 segments used, 1.62 dropped, 1.97 ms a token spent encoding under the GPU
ds4:   concurrent sections: 96.41 attempted, 96.41 opened a token
ds4:   speculation: 0.00 layers a token, 0.00 lanes computed, 0.00 matched, 0.00 GEMVs actually saved, 0.00 left to compute; compared 0.00 lanes, 0.00 floats differ, 0.00 by more than an ulp
ds4:   Metal 4: 17.89 command buffers sent, 1527.4 dispatches a token; 0 pieces of Metal 3 work so far
ds4:   Metal 4 a token: encoders 112.6 serial + 96.4 concurrent; barriers 1286.4 after a dispatch, 20.2 at copies, 60.6 from the engine, 17.9 opening and 17.9 ending an encoder; 209.0 table clears, 6228.8 setBuffer, 1751.8 setBytes (155874 B); 1527.4 dispatches, 10.1 copies; 17.89 blocking waits, 59.14 ms; 191.1 section barriers
ds4:   expert cache over the last 64 tokens: 240.00 hits, 1.89 misses, 1.89 evictions a token; 9648 of 9648 entries live (100.0%)
ds4:   of the address-table holes repaired a token: 0.00 already resident, 1.89 genuinely absent
ds4:   of the repair a token: readahead 0.72 ms, slot preparation 0.11 ms, reads 1.11 ms, install 0.00 ms, over 1.89 loads
ds4:   Engram rows written at step start in 3712 steps; layer-13 drains 0
ds4:   residency a token: 0.00 adds, 0.00 removes, 0.00 commits
ds4:   decode path so far: 3776 single-row steps (65.8 ms each inside the graph over the last 64), 0 K-row verification steps over 0 positions, 0 batch-fusion sites taken; candidate K none
ds4: gate over tokens 3713-3776: 15.38 command buffers, 2.14 aborts, 240.0 expert ids accounted, 22.25 MiB loaded a token; 0 the gate failed to switch off, 0 it could not gate
ds4:   one token, exclusive, same window: entry 0.00 + encode 0.34 + commit-to-done 57.38 + repair-load 2.72 + accounting 0.05 + tail 2.06 = 62.55 of a 64.76 ms wall, residual 2.21
ds4:   GPU busy 60.38 ms of the token's wall (the union of its buffers' spans), idle 4.37 ms
ds4:   1278.8 gated dispatches a token, 0.9 of them behind an abort; 87.8 sent plain ahead of a buffer's first validate
ds4:   encode-ahead: 12.23 segments used, 2.06 dropped, 2.05 ms a token spent encoding under the GPU
ds4:   concurrent sections: 100.16 attempted, 100.16 opened a token
ds4:   speculation: 0.00 layers a token, 0.00 lanes computed, 0.00 matched, 0.00 GEMVs actually saved, 0.00 left to compute; compared 0.00 lanes, 0.00 floats differ, 0.00 by more than an ulp
ds4:   Metal 4: 18.44 command buffers sent, 1579.0 dispatches a token; 0 pieces of Metal 3 work so far
ds4:   Metal 4 a token: encoders 116.5 serial + 100.2 concurrent; barriers 1328.6 after a dispatch, 20.8 at copies, 62.2 from the engine, 18.4 opening and 18.4 ending an encoder; 216.6 table clears, 6439.3 setBuffer, 1811.8 setBytes (161195 B); 1579.0 dispatches, 10.4 copies; 18.44 blocking waits, 58.87 ms; 198.2 section barriers
ds4:   expert cache over the last 64 tokens: 240.00 hits, 2.34 misses, 2.34 evictions a token; 9648 of 9648 entries live (100.0%)
ds4:   of the address-table holes repaired a token: 0.00 already resident, 2.34 genuinely absent
ds4:   of the repair a token: readahead 1.30 ms, slot preparation 0.14 ms, reads 1.25 ms, install 0.01 ms, over 2.34 loads
ds4:   Engram rows written at step start in 3776 steps; layer-13 drains 0
ds4:   residency a token: 0.00 adds, 0.00 removes, 0.00 commits
ds4:   decode path so far: 3840 single-row steps (65.8 ms each inside the graph over the last 64), 0 K-row verification steps over 0 positions, 0 batch-fusion sites taken; candidate K none
ds4: gate over tokens 3777-3840: 15.38 command buffers, 2.14 aborts, 240.0 expert ids accounted, 22.54 MiB loaded a token; 0 the gate failed to switch off, 0 it could not gate
ds4:   one token, exclusive, same window: entry 0.00 + encode 0.34 + commit-to-done 57.15 + repair-load 3.00 + accounting 0.05 + tail 2.04 = 62.58 of a 64.77 ms wall, residual 2.19
ds4:   GPU busy 60.16 ms of the token's wall (the union of its buffers' spans), idle 4.61 ms
ds4:   1277.0 gated dispatches a token, 2.3 of them behind an abort; 86.8 sent plain ahead of a buffer's first validate
ds4:   encode-ahead: 12.23 segments used, 2.05 dropped, 2.04 ms a token spent encoding under the GPU
ds4:   concurrent sections: 99.91 attempted, 99.91 opened a token
ds4:   speculation: 0.00 layers a token, 0.00 lanes computed, 0.00 matched, 0.00 GEMVs actually saved, 0.00 left to compute; compared 0.00 lanes, 0.00 floats differ, 0.00 by more than an ulp
ds4:   Metal 4: 18.42 command buffers sent, 1573.0 dispatches a token; 0 pieces of Metal 3 work so far
ds4:   Metal 4 a token: encoders 116.2 serial + 99.9 concurrent; barriers 1323.3 after a dispatch, 20.2 at copies, 62.1 from the engine, 18.4 opening and 18.4 ending an encoder; 216.1 table clears, 6418.8 setBuffer, 1805.2 setBytes (160710 B); 1573.0 dispatches, 10.1 copies; 18.42 blocking waits, 58.61 ms; 197.7 section barriers
ds4:   expert cache over the last 64 tokens: 240.00 hits, 2.38 misses, 2.38 evictions a token; 9648 of 9648 entries live (100.0%)
ds4:   of the address-table holes repaired a token: 0.00 already resident, 2.38 genuinely absent
ds4:   of the repair a token: readahead 1.57 ms, slot preparation 0.14 ms, reads 1.26 ms, install 0.01 ms, over 2.38 loads
ds4:   Engram rows written at step start in 3840 steps; layer-13 drains 0
ds4:   residency a token: 0.00 adds, 0.00 removes, 0.00 commits
ds4:   decode path so far: 3904 single-row steps (64.9 ms each inside the graph over the last 64), 0 K-row verification steps over 0 positions, 0 batch-fusion sites taken; candidate K none
ds4: gate over tokens 3841-3904: 15.50 command buffers, 2.39 aborts, 240.0 expert ids accounted, 24.18 MiB loaded a token; 0 the gate failed to switch off, 0 it could not gate
ds4:   one token, exclusive, same window: entry 0.00 + encode 0.37 + commit-to-done 56.47 + repair-load 2.74 + accounting 0.05 + tail 2.07 = 61.70 of a 64.01 ms wall, residual 2.31
ds4:   GPU busy 59.59 ms of the token's wall (the union of its buffers' spans), idle 4.42 ms
ds4:   1274.4 gated dispatches a token, 1.9 of them behind an abort; 92.4 sent plain ahead of a buffer's first validate
ds4:   encode-ahead: 12.11 segments used, 2.30 dropped, 2.15 ms a token spent encoding under the GPU
ds4:   concurrent sections: 101.88 attempted, 101.88 opened a token
ds4:   speculation: 0.00 layers a token, 0.00 lanes computed, 0.00 matched, 0.00 GEMVs actually saved, 0.00 left to compute; compared 0.00 lanes, 0.00 floats differ, 0.00 by more than an ulp
ds4:   Metal 4: 18.80 command buffers sent, 1599.5 dispatches a token; 0 pieces of Metal 3 work so far
ds4:   Metal 4 a token: encoders 118.3 serial + 101.9 concurrent; barriers 1344.8 after a dispatch, 21.6 at copies, 63.0 from the engine, 18.8 opening and 18.8 ending an encoder; 220.2 table clears, 6526.2 setBuffer, 1836.0 setBytes (163358 B); 1599.5 dispatches, 10.8 copies; 18.80 blocking waits, 57.96 ms; 201.4 section barriers
ds4:   expert cache over the last 64 tokens: 240.00 hits, 2.55 misses, 2.55 evictions a token; 9648 of 9648 entries live (100.0%)
ds4:   of the address-table holes repaired a token: 0.00 already resident, 2.55 genuinely absent
ds4:   of the repair a token: readahead 1.06 ms, slot preparation 0.16 ms, reads 1.49 ms, install 0.01 ms, over 2.55 loads
ds4:   Engram rows written at step start in 3904 steps; layer-13 drains 0
ds4:   residency a token: 0.00 adds, 0.00 removes, 0.00 commits
ds4:   decode path so far: 3968 single-row steps (65.7 ms each inside the graph over the last 64), 0 K-row verification steps over 0 positions, 0 batch-fusion sites taken; candidate K none
ds4: gate over tokens 3905-3968: 15.66 command buffers, 2.48 aborts, 240.0 expert ids accounted, 25.21 MiB loaded a token; 0 the gate failed to switch off, 0 it could not gate
ds4:   one token, exclusive, same window: entry 0.00 + encode 0.39 + commit-to-done 56.95 + repair-load 2.91 + accounting 0.05 + tail 2.10 = 62.40 of a 64.74 ms wall, residual 2.33
ds4:   GPU busy 60.09 ms of the token's wall (the union of its buffers' spans), idle 4.65 ms
ds4:   1282.3 gated dispatches a token, 1.4 of them behind an abort; 94.9 sent plain ahead of a buffer's first validate
ds4:   encode-ahead: 12.17 segments used, 2.30 dropped, 2.16 ms a token spent encoding under the GPU
ds4:   concurrent sections: 102.53 attempted, 102.53 opened a token
ds4:   speculation: 0.00 layers a token, 0.00 lanes computed, 0.00 matched, 0.00 GEMVs actually saved, 0.00 left to compute; compared 0.00 lanes, 0.00 floats differ, 0.00 by more than an ulp
ds4:   Metal 4: 18.95 command buffers sent, 1608.3 dispatches a token; 0 pieces of Metal 3 work so far
ds4:   Metal 4 a token: encoders 119.0 serial + 102.5 concurrent; barriers 1352.0 after a dispatch, 21.2 at copies, 63.2 from the engine, 19.0 opening and 19.0 ending an encoder; 221.5 table clears, 6561.8 setBuffer, 1846.2 setBytes (164242 B); 1608.3 dispatches, 10.6 copies; 18.95 blocking waits, 58.47 ms; 202.6 section barriers
ds4:   expert cache over the last 64 tokens: 240.00 hits, 2.66 misses, 2.66 evictions a token; 9648 of 9648 entries live (100.0%)
ds4:   of the address-table holes repaired a token: 0.00 already resident, 2.66 genuinely absent
ds4:   of the repair a token: readahead 1.21 ms, slot preparation 0.17 ms, reads 1.49 ms, install 0.01 ms, over 2.66 loads
ds4:   Engram rows written at step start in 3968 steps; layer-13 drains 0
ds4:   residency a token: 0.00 adds, 0.00 removes, 0.00 commits
ds4:   decode path so far: 4032 single-row steps (64.6 ms each inside the graph over the last 64), 0 K-row verification steps over 0 positions, 0 batch-fusion sites taken; candidate K none
ds4: gate over tokens 3969-4032: 15.47 command buffers, 2.20 aborts, 240.0 expert ids accounted, 22.40 MiB loaded a token; 0 the gate failed to switch off, 0 it could not gate
ds4:   one token, exclusive, same window: entry 0.00 + encode 0.33 + commit-to-done 56.54 + repair-load 2.50 + accounting 0.05 + tail 2.07 = 61.48 of a 63.67 ms wall, residual 2.19
ds4:   GPU busy 59.57 ms of the token's wall (the union of its buffers' spans), idle 4.10 ms
ds4:   1278.3 gated dispatches a token, 2.3 of them behind an abort; 86.6 sent plain ahead of a buffer's first validate
ds4:   encode-ahead: 12.27 segments used, 2.08 dropped, 2.04 ms a token spent encoding under the GPU
ds4:   concurrent sections: 100.16 attempted, 100.16 opened a token
ds4:   speculation: 0.00 layers a token, 0.00 lanes computed, 0.00 matched, 0.00 GEMVs actually saved, 0.00 left to compute; compared 0.00 lanes, 0.00 floats differ, 0.00 by more than an ulp
ds4:   Metal 4: 18.55 command buffers sent, 1576.4 dispatches a token; 0 pieces of Metal 3 work so far
ds4:   Metal 4 a token: encoders 116.5 serial + 100.2 concurrent; barriers 1326.0 after a dispatch, 20.9 at copies, 62.2 from the engine, 18.5 opening and 18.5 ending an encoder; 216.7 table clears, 6430.7 setBuffer, 1809.0 setBytes (160943 B); 1576.4 dispatches, 10.5 copies; 18.55 blocking waits, 58.02 ms; 198.1 section barriers
ds4:   expert cache over the last 64 tokens: 240.00 hits, 2.36 misses, 2.36 evictions a token; 9648 of 9648 entries live (100.0%)
ds4:   of the address-table holes repaired a token: 0.00 already resident, 2.36 genuinely absent
ds4:   of the repair a token: readahead 1.06 ms, slot preparation 0.15 ms, reads 1.27 ms, install 0.01 ms, over 2.36 loads
ds4:   Engram rows written at step start in 4032 steps; layer-13 drains 0
ds4:   residency a token: 0.00 adds, 0.00 removes, 0.00 commits
ds4:   decode path so far: 4096 single-row steps (65.2 ms each inside the graph over the last 64), 0 K-row verification steps over 0 positions, 0 batch-fusion sites taken; candidate K none
ds4: gate over tokens 4033-4096: 15.55 command buffers, 2.09 aborts, 240.0 expert ids accounted, 21.51 MiB loaded a token; 0 the gate failed to switch off, 0 it could not gate
ds4:   one token, exclusive, same window: entry 0.00 + encode 0.32 + commit-to-done 57.37 + repair-load 2.36 + accounting 0.05 + tail 2.09 = 62.18 of a 64.34 ms wall, residual 2.16
ds4:   GPU busy 60.50 ms of the token's wall (the union of its buffers' spans), idle 3.85 ms
ds4:   1288.0 gated dispatches a token, 2.8 of them behind an abort; 84.7 sent plain ahead of a buffer's first validate
ds4:   encode-ahead: 12.45 segments used, 1.95 dropped, 2.02 ms a token spent encoding under the GPU
ds4:   concurrent sections: 99.44 attempted, 99.44 opened a token
ds4:   speculation: 0.00 layers a token, 0.00 lanes computed, 0.00 matched, 0.00 GEMVs actually saved, 0.00 left to compute; compared 0.00 lanes, 0.00 floats differ, 0.00 by more than an ulp
ds4:   Metal 4: 18.50 command buffers sent, 1565.6 dispatches a token; 0 pieces of Metal 3 work so far
ds4:   Metal 4 a token: encoders 115.8 serial + 99.4 concurrent; barriers 1317.0 after a dispatch, 20.6 at copies, 62.0 from the engine, 18.5 opening and 18.5 ending an encoder; 215.3 table clears, 6390.2 setBuffer, 1796.6 setBytes (159971 B); 1565.6 dispatches, 10.3 copies; 18.50 blocking waits, 58.89 ms; 196.8 section barriers
ds4:   expert cache over the last 64 tokens: 240.00 hits, 2.27 misses, 2.27 evictions a token; 9648 of 9648 entries live (100.0%)
ds4:   of the address-table holes repaired a token: 0.00 already resident, 2.27 genuinely absent
ds4:   of the repair a token: readahead 0.96 ms, slot preparation 0.14 ms, reads 1.23 ms, install 0.00 ms, over 2.27 loads
ds4:   Engram rows written at step start in 4096 steps; layer-13 drains 0
ds4:   residency a token: 0.00 adds, 0.00 removes, 0.00 commits
ds4: V4.1 static context buffers 3435.75 MiB (ctx=8192), Engram disk-only
ds4: V4.1 static context buffers 3435.75 MiB (ctx=8192), Engram disk-only
ds4:   decode path so far: 4160 single-row steps (71.1 ms each inside the graph over the last 64), 0 K-row verification steps over 0 positions, 0 batch-fusion sites taken; candidate K none
ds4: gate over tokens 4097-4160: 18.05 command buffers, 6.03 aborts, 240.0 expert ids accounted, 83.80 MiB loaded a token; 0 the gate failed to switch off, 0 it could not gate
ds4:   one token, exclusive, same window: entry 0.00 + encode 0.71 + commit-to-done 55.69 + repair-load 9.39 + accounting 0.49 + tail 1.66 = 67.94 of a 70.57 ms wall, residual 2.63
ds4:   GPU busy 57.45 ms of the token's wall (the union of its buffers' spans), idle 13.12 ms
ds4:   1311.5 gated dispatches a token, 3.8 of them behind an abort; 202.4 sent plain ahead of a buffer's first validate
ds4:   encode-ahead: 11.02 segments used, 5.72 dropped, 2.34 ms a token spent encoding under the GPU
ds4:   concurrent sections: 135.25 attempted, 135.25 opened a token
ds4:   speculation: 0.00 layers a token, 0.00 lanes computed, 0.00 matched, 0.00 GEMVs actually saved, 0.00 left to compute; compared 0.00 lanes, 0.00 floats differ, 0.00 by more than an ulp
ds4:   Metal 4: 24.58 command buffers sent, 2047.9 dispatches a token; 0 pieces of Metal 3 work so far
ds4:   Metal 4 a token: encoders 153.8 serial + 135.2 concurrent; barriers 1709.8 after a dispatch, 25.2 at copies, 78.3 from the engine, 24.6 opening and 24.6 ending an encoder; 289.0 table clears, 8423.5 setBuffer, 2358.2 setBytes (212120 B); 2047.9 dispatches, 12.6 copies; 24.58 blocking waits, 56.68 ms; 264.5 section barriers
ds4:   expert cache over the last 64 tokens: 239.75 hits, 8.83 misses, 20.83 evictions a token; 8880 of 8880 entries live (100.0%)
ds4:   of the address-table holes repaired a token: 0.00 already resident, 8.83 genuinely absent
ds4:   of the repair a token: readahead 4.86 ms, slot preparation 0.28 ms, reads 4.01 ms, install 0.02 ms, over 8.83 loads
ds4:   Engram rows written at step start in 4160 steps; layer-13 drains 0
ds4:   residency a token: 0.00 adds, 0.00 removes, 0.00 commits
ds4: expert cache lent the prefill headroom for decode: 8880 -> 9648 experts
ds4: expert cache lent the prefill headroom for decode: 8880 -> 9648 experts
ds4:   decode path so far: 4224 single-row steps (64.2 ms each inside the graph over the last 64), 0 K-row verification steps over 0 positions, 0 batch-fusion sites taken; candidate K none
ds4: gate over tokens 4161-4224: 16.47 command buffers, 3.72 aborts, 240.0 expert ids accounted, 40.34 MiB loaded a token; 0 the gate failed to switch off, 0 it could not gate
ds4:   one token, exclusive, same window: entry 0.00 + encode 0.50 + commit-to-done 54.22 + repair-load 4.51 + accounting 0.05 + tail 1.08 = 60.36 of a 62.85 ms wall, residual 2.50
ds4:   GPU busy 56.29 ms of the token's wall (the union of its buffers' spans), idle 6.56 ms
ds4:   1280.4 gated dispatches a token, 2.3 of them behind an abort; 133.5 sent plain ahead of a buffer's first validate
ds4:   encode-ahead: 11.75 segments used, 3.53 dropped, 2.31 ms a token spent encoding under the GPU
ds4:   concurrent sections: 114.38 attempted, 114.38 opened a token
ds4:   speculation: 0.00 layers a token, 0.00 lanes computed, 0.00 matched, 0.00 GEMVs actually saved, 0.00 left to compute; compared 0.00 lanes, 0.00 floats differ, 0.00 by more than an ulp
ds4:   Metal 4: 20.56 command buffers sent, 1755.2 dispatches a token; 0 pieces of Metal 3 work so far
ds4:   Metal 4 a token: encoders 131.2 serial + 114.4 concurrent; barriers 1469.2 after a dispatch, 22.3 at copies, 68.8 from the engine, 20.6 opening and 20.6 ending an encoder; 245.6 table clears, 7290.2 setBuffer, 2019.4 setBytes (184783 B); 1755.2 dispatches, 11.1 copies; 20.56 blocking waits, 54.76 ms; 225.0 section barriers
ds4:   expert cache over the last 64 tokens: 239.98 hits, 4.25 misses, 2.36 evictions a token; 9001 of 9648 entries live (93.3%)
ds4:   of the address-table holes repaired a token: 0.00 already resident, 4.25 genuinely absent
ds4:   of the repair a token: readahead 2.10 ms, slot preparation 0.12 ms, reads 2.25 ms, install 0.01 ms, over 4.25 loads
ds4:   Engram rows written at step start in 4224 steps; layer-13 drains 0
ds4:   residency a token: 0.00 adds, 0.00 removes, 0.00 commits
ds4:   decode path so far: 4288 single-row steps (66.9 ms each inside the graph over the last 64), 0 K-row verification steps over 0 positions, 0 batch-fusion sites taken; candidate K none
ds4: gate over tokens 4225-4288: 17.34 command buffers, 5.09 aborts, 240.0 expert ids accounted, 55.91 MiB loaded a token; 0 the gate failed to switch off, 0 it could not gate
ds4:   one token, exclusive, same window: entry 0.00 + encode 0.61 + commit-to-done 54.44 + repair-load 6.39 + accounting 0.05 + tail 2.04 = 63.52 of a 66.10 ms wall, residual 2.58
ds4:   GPU busy 57.10 ms of the token's wall (the union of its buffers' spans), idle 9.00 ms
ds4:   1291.2 gated dispatches a token, 4.2 of them behind an abort; 175.7 sent plain ahead of a buffer's first validate
ds4:   encode-ahead: 11.25 segments used, 4.94 dropped, 2.28 ms a token spent encoding under the GPU
ds4:   concurrent sections: 127.34 attempted, 127.34 opened a token
ds4:   speculation: 0.00 layers a token, 0.00 lanes computed, 0.00 matched, 0.00 GEMVs actually saved, 0.00 left to compute; compared 0.00 lanes, 0.00 floats differ, 0.00 by more than an ulp
ds4:   Metal 4: 23.28 command buffers sent, 1930.1 dispatches a token; 0 pieces of Metal 3 work so far
ds4:   Metal 4 a token: encoders 145.5 serial + 127.3 concurrent; barriers 1611.8 after a dispatch, 23.9 at copies, 74.8 from the engine, 23.3 opening and 23.3 ending an encoder; 272.9 table clears, 8019.5 setBuffer, 2223.1 setBytes (203299 B); 1930.1 dispatches, 11.9 copies; 23.28 blocking waits, 55.86 ms; 249.6 section barriers
ds4:   expert cache over the last 64 tokens: 240.00 hits, 5.89 misses, 0.00 evictions a token; 9378 of 9648 entries live (97.2%)
ds4:   of the address-table holes repaired a token: 0.00 already resident, 5.89 genuinely absent
ds4:   of the repair a token: readahead 3.12 ms, slot preparation 0.01 ms, reads 3.24 ms, install 0.01 ms, over 5.89 loads
ds4:   Engram rows written at step start in 4288 steps; layer-13 drains 0
ds4:   residency a token: 0.00 adds, 0.00 removes, 0.00 commits
ds4:   decode path so far: 4352 single-row steps (64.8 ms each inside the graph over the last 64), 0 K-row verification steps over 0 positions, 0 batch-fusion sites taken; candidate K none
ds4: gate over tokens 4289-4352: 16.25 command buffers, 3.48 aborts, 240.0 expert ids accounted, 36.04 MiB loaded a token; 0 the gate failed to switch off, 0 it could not gate
ds4:   one token, exclusive, same window: entry 0.00 + encode 0.45 + commit-to-done 54.57 + repair-load 4.50 + accounting 0.05 + tail 2.06 = 61.63 of a 63.99 ms wall, residual 2.36
ds4:   GPU busy 57.47 ms of the token's wall (the union of its buffers' spans), idle 6.52 ms
ds4:   1279.6 gated dispatches a token, 0.0 of them behind an abort; 126.3 sent plain ahead of a buffer's first validate
ds4:   encode-ahead: 11.77 segments used, 3.36 dropped, 2.13 ms a token spent encoding under the GPU
ds4:   concurrent sections: 111.84 attempted, 111.84 opened a token
ds4:   speculation: 0.00 layers a token, 0.00 lanes computed, 0.00 matched, 0.00 GEMVs actually saved, 0.00 left to compute; compared 0.00 lanes, 0.00 floats differ, 0.00 by more than an ulp
ds4:   Metal 4: 20.61 command buffers sent, 1726.7 dispatches a token; 0 pieces of Metal 3 work so far
ds4:   Metal 4 a token: encoders 129.0 serial + 111.8 concurrent; barriers 1447.1 after a dispatch, 22.7 at copies, 67.6 from the engine, 20.6 opening and 20.6 ending an encoder; 240.8 table clears, 7160.5 setBuffer, 1985.2 setBytes (181640 B); 1726.7 dispatches, 11.4 copies; 20.61 blocking waits, 56.07 ms; 220.2 section barriers
ds4:   expert cache over the last 64 tokens: 240.00 hits, 3.80 misses, 0.00 evictions a token; 9621 of 9648 entries live (99.7%)
ds4:   of the address-table holes repaired a token: 0.00 already resident, 3.80 genuinely absent
ds4:   of the repair a token: readahead 2.35 ms, slot preparation 0.00 ms, reads 2.13 ms, install 0.01 ms, over 3.80 loads
ds4:   Engram rows written at step start in 4352 steps; layer-13 drains 0
ds4:   residency a token: 0.00 adds, 0.00 removes, 0.00 commits
ds4:   decode path so far: 4416 single-row steps (66.8 ms each inside the graph over the last 64), 0 K-row verification steps over 0 positions, 0 batch-fusion sites taken; candidate K none
ds4: gate over tokens 4353-4416: 16.80 command buffers, 4.09 aborts, 240.0 expert ids accounted, 50.72 MiB loaded a token; 0 the gate failed to switch off, 0 it could not gate
ds4:   one token, exclusive, same window: entry 0.00 + encode 0.51 + commit-to-done 55.38 + repair-load 5.38 + accounting 0.05 + tail 2.01 = 63.33 of a 65.77 ms wall, residual 2.44
ds4:   GPU busy 58.13 ms of the token's wall (the union of its buffers' spans), idle 7.63 ms
ds4:   1298.8 gated dispatches a token, 1.4 of them behind an abort; 147.7 sent plain ahead of a buffer's first validate
ds4:   encode-ahead: 11.70 segments used, 3.95 dropped, 2.17 ms a token spent encoding under the GPU
ds4:   concurrent sections: 118.25 attempted, 118.25 opened a token
ds4:   speculation: 0.00 layers a token, 0.00 lanes computed, 0.00 matched, 0.00 GEMVs actually saved, 0.00 left to compute; compared 0.00 lanes, 0.00 floats differ, 0.00 by more than an ulp
ds4:   Metal 4: 21.75 command buffers sent, 1824.6 dispatches a token; 0 pieces of Metal 3 work so far
ds4:   Metal 4 a token: encoders 135.9 serial + 118.2 concurrent; barriers 1529.0 after a dispatch, 23.6 at copies, 70.7 from the engine, 21.8 opening and 21.8 ending an encoder; 254.2 table clears, 7542.4 setBuffer, 2097.4 setBytes (190641 B); 1824.6 dispatches, 11.8 copies; 21.75 blocking waits, 56.81 ms; 232.4 section barriers
ds4:   expert cache over the last 64 tokens: 240.00 hits, 5.34 misses, 4.92 evictions a token; 9648 of 9648 entries live (100.0%)
ds4:   of the address-table holes repaired a token: 0.00 already resident, 5.34 genuinely absent
ds4:   of the repair a token: readahead 2.54 ms, slot preparation 0.20 ms, reads 2.54 ms, install 0.01 ms, over 5.34 loads
ds4:   Engram rows written at step start in 4416 steps; layer-13 drains 0
ds4:   residency a token: 0.00 adds, 0.00 removes, 0.00 commits
ds4:   decode path so far: 4480 single-row steps (65.0 ms each inside the graph over the last 64), 0 K-row verification steps over 0 positions, 0 batch-fusion sites taken; candidate K none
ds4: gate over tokens 4417-4480: 15.89 command buffers, 2.70 aborts, 240.0 expert ids accounted, 27.88 MiB loaded a token; 0 the gate failed to switch off, 0 it could not gate
ds4:   one token, exclusive, same window: entry 0.00 + encode 0.40 + commit-to-done 56.03 + repair-load 3.17 + accounting 0.05 + tail 2.11 = 61.75 of a 64.09 ms wall, residual 2.33
ds4:   GPU busy 59.14 ms of the token's wall (the union of its buffers' spans), idle 4.95 ms
ds4:   1314.9 gated dispatches a token, 3.9 of them behind an abort; 107.4 sent plain ahead of a buffer's first validate
ds4:   encode-ahead: 12.19 segments used, 2.56 dropped, 2.13 ms a token spent encoding under the GPU
ds4:   concurrent sections: 105.16 attempted, 105.16 opened a token
ds4:   speculation: 0.00 layers a token, 0.00 lanes computed, 0.00 matched, 0.00 GEMVs actually saved, 0.00 left to compute; compared 0.00 lanes, 0.00 floats differ, 0.00 by more than an ulp
ds4:   Metal 4: 19.45 command buffers sent, 1686.4 dispatches a token; 0 pieces of Metal 3 work so far
ds4:   Metal 4 a token: encoders 121.9 serial + 105.2 concurrent; barriers 1423.5 after a dispatch, 22.8 at copies, 64.6 from the engine, 19.5 opening and 19.5 ending an encoder; 227.1 table clears, 6884.4 setBuffer, 1930.1 setBytes (172304 B); 1686.4 dispatches, 11.4 copies; 19.45 blocking waits, 57.56 ms; 207.6 section barriers
ds4:   expert cache over the last 64 tokens: 240.00 hits, 2.94 misses, 2.94 evictions a token; 9648 of 9648 entries live (100.0%)
ds4:   of the address-table holes repaired a token: 0.00 already resident, 2.94 genuinely absent
ds4:   of the repair a token: readahead 1.43 ms, slot preparation 0.18 ms, reads 1.53 ms, install 0.01 ms, over 2.94 loads
ds4:   Engram rows written at step start in 4480 steps; layer-13 drains 0
ds4:   residency a token: 0.00 adds, 0.00 removes, 0.00 commits
ds4:   decode path so far: 4544 single-row steps (64.4 ms each inside the graph over the last 64), 0 K-row verification steps over 0 positions, 0 batch-fusion sites taken; candidate K none
ds4: gate over tokens 4481-4544: 15.62 command buffers, 2.56 aborts, 240.0 expert ids accounted, 26.10 MiB loaded a token; 0 the gate failed to switch off, 0 it could not gate
ds4:   one token, exclusive, same window: entry 0.00 + encode 0.40 + commit-to-done 55.23 + repair-load 3.28 + accounting 0.04 + tail 2.13 = 61.09 of a 63.40 ms wall, residual 2.32
ds4:   GPU busy 58.40 ms of the token's wall (the union of its buffers' spans), idle 5.00 ms
ds4:   1313.8 gated dispatches a token, 2.9 of them behind an abort; 100.4 sent plain ahead of a buffer's first validate
ds4:   encode-ahead: 12.06 segments used, 2.44 dropped, 2.15 ms a token spent encoding under the GPU
ds4:   concurrent sections: 103.28 attempted, 103.28 opened a token
ds4:   speculation: 0.00 layers a token, 0.00 lanes computed, 0.00 matched, 0.00 GEMVs actually saved, 0.00 left to compute; compared 0.00 lanes, 0.00 floats differ, 0.00 by more than an ulp
ds4:   Metal 4: 19.06 command buffers sent, 1655.4 dispatches a token; 0 pieces of Metal 3 work so far
ds4:   Metal 4 a token: encoders 119.8 serial + 103.3 concurrent; barriers 1397.2 after a dispatch, 21.5 at copies, 63.6 from the engine, 19.1 opening and 19.1 ending an encoder; 223.1 table clears, 6758.7 setBuffer, 1894.9 setBytes (169118 B); 1655.4 dispatches, 10.8 copies; 19.06 blocking waits, 56.78 ms; 204.0 section barriers
ds4:   expert cache over the last 64 tokens: 239.98 hits, 2.75 misses, 2.75 evictions a token; 9648 of 9648 entries live (100.0%)
ds4:   of the address-table holes repaired a token: 0.00 already resident, 2.75 genuinely absent
ds4:   of the repair a token: readahead 1.60 ms, slot preparation 0.18 ms, reads 1.46 ms, install 0.01 ms, over 2.75 loads
ds4:   Engram rows written at step start in 4544 steps; layer-13 drains 0
ds4:   residency a token: 0.00 adds, 0.00 removes, 0.00 commits
ds4:   decode path so far: 4608 single-row steps (62.6 ms each inside the graph over the last 64), 0 K-row verification steps over 0 positions, 0 batch-fusion sites taken; candidate K none
ds4: gate over tokens 4545-4608: 15.09 command buffers, 1.58 aborts, 240.0 expert ids accounted, 15.72 MiB loaded a token; 0 the gate failed to switch off, 0 it could not gate
ds4:   one token, exclusive, same window: entry 0.00 + encode 0.31 + commit-to-done 54.34 + repair-load 2.66 + accounting 0.05 + tail 2.08 = 59.44 of a 61.70 ms wall, residual 2.27
ds4:   GPU busy 57.63 ms of the token's wall (the union of its buffers' spans), idle 4.07 ms
ds4:   1308.8 gated dispatches a token, 0.0 of them behind an abort; 68.0 sent plain ahead of a buffer's first validate
ds4:   encode-ahead: 12.52 segments used, 1.48 dropped, 2.14 ms a token spent encoding under the GPU
ds4:   concurrent sections: 94.41 attempted, 94.41 opened a token
ds4:   speculation: 0.00 layers a token, 0.00 lanes computed, 0.00 matched, 0.00 GEMVs actually saved, 0.00 left to compute; compared 0.00 lanes, 0.00 floats differ, 0.00 by more than an ulp
ds4:   Metal 4: 17.58 command buffers sent, 1535.5 dispatches a token; 0 pieces of Metal 3 work so far
ds4:   Metal 4 a token: encoders 110.4 serial + 94.4 concurrent; barriers 1299.5 after a dispatch, 19.8 at copies, 59.6 from the engine, 17.6 opening and 17.6 ending an encoder; 204.8 table clears, 6264.8 setBuffer, 1755.4 setBytes (156718 B); 1535.5 dispatches, 9.9 copies; 17.58 blocking waits, 55.86 ms; 187.2 section barriers
ds4:   expert cache over the last 64 tokens: 240.00 hits, 1.66 misses, 1.66 evictions a token; 9648 of 9648 entries live (100.0%)
ds4:   of the address-table holes repaired a token: 0.00 already resident, 1.66 genuinely absent
ds4:   of the repair a token: readahead 1.66 ms, slot preparation 0.12 ms, reads 0.86 ms, install 0.00 ms, over 1.66 loads
ds4:   Engram rows written at step start in 4608 steps; layer-13 drains 0
ds4:   residency a token: 0.00 adds, 0.00 removes, 0.00 commits
ds4:   decode path so far: 4672 single-row steps (70.7 ms each inside the graph over the last 64), 0 K-row verification steps over 0 positions, 0 batch-fusion sites taken; candidate K none
ds4: gate over tokens 4609-4672: 15.94 command buffers, 3.08 aborts, 240.0 expert ids accounted, 33.37 MiB loaded a token; 0 the gate failed to switch off, 0 it could not gate
ds4:   one token, exclusive, same window: entry 0.00 + encode 0.51 + commit-to-done 60.42 + repair-load 4.32 + accounting 0.05 + tail 2.47 = 67.77 of a 70.25 ms wall, residual 2.48
ds4:   GPU busy 63.71 ms of the token's wall (the union of its buffers' spans), idle 6.53 ms
ds4:   1304.4 gated dispatches a token, 4.8 of them behind an abort; 119.2 sent plain ahead of a buffer's first validate
ds4:   encode-ahead: 11.86 segments used, 2.88 dropped, 2.25 ms a token spent encoding under the GPU
ds4:   concurrent sections: 107.62 attempted, 107.62 opened a token
ds4:   speculation: 0.00 layers a token, 0.00 lanes computed, 0.00 matched, 0.00 GEMVs actually saved, 0.00 left to compute; compared 0.00 lanes, 0.00 floats differ, 0.00 by more than an ulp
ds4:   Metal 4: 19.81 command buffers sent, 1711.0 dispatches a token; 0 pieces of Metal 3 work so far
ds4:   Metal 4 a token: encoders 124.4 serial + 107.6 concurrent; barriers 1442.0 after a dispatch, 21.1 at copies, 65.5 from the engine, 19.8 opening and 19.8 ending an encoder; 232.0 table clears, 6994.6 setBuffer, 1960.2 setBytes (175068 B); 1711.0 dispatches, 10.5 copies; 19.81 blocking waits, 62.24 ms; 212.2 section barriers
ds4:   expert cache over the last 64 tokens: 240.00 hits, 3.52 misses, 3.52 evictions a token; 9648 of 9648 entries live (100.0%)
ds4:   of the address-table holes repaired a token: 0.00 already resident, 3.52 genuinely absent
ds4:   of the repair a token: readahead 1.78 ms, slot preparation 0.24 ms, reads 2.24 ms, install 0.01 ms, over 3.52 loads
ds4:   Engram rows written at step start in 4672 steps; layer-13 drains 0
ds4:   residency a token: 0.00 adds, 0.00 removes, 0.00 commits
ds4: V4.1 static context buffers 3435.75 MiB (ctx=8192), Engram disk-only
ds4: V4.1 static context buffers 3435.75 MiB (ctx=8192), Engram disk-only
ds4:   decode path so far: 4736 single-row steps (84.7 ms each inside the graph over the last 64), 0 K-row verification steps over 0 positions, 0 batch-fusion sites taken; candidate K none
ds4: gate over tokens 4673-4736: 15.62 command buffers, 2.30 aborts, 240.0 expert ids accounted, 23.43 MiB loaded a token; 0 the gate failed to switch off, 0 it could not gate
ds4:   one token, exclusive, same window: entry 0.00 + encode 0.41 + commit-to-done 56.85 + repair-load 2.94 + accounting 0.05 + tail 0.99 = 61.24 of a 82.34 ms wall, residual 21.09
ds4:   GPU busy 849.18 ms of the token's wall (the union of its buffers' spans), idle -766.84 ms
ds4:   1306.6 gated dispatches a token, 2.8 of them behind an abort; 91.8 sent plain ahead of a buffer's first validate
ds4:   encode-ahead: 12.33 segments used, 2.12 dropped, 20.96 ms a token spent encoding under the GPU
ds4:   concurrent sections: 100.72 attempted, 100.72 opened a token
ds4:   speculation: 0.00 layers a token, 0.00 lanes computed, 0.00 matched, 0.00 GEMVs actually saved, 0.00 left to compute; compared 0.00 lanes, 0.00 floats differ, 0.00 by more than an ulp
ds4:   Metal 4: 21.36 command buffers sent, 3881.1 dispatches a token; 0 pieces of Metal 3 work so far
ds4:   Metal 4 a token: encoders 119.8 serial + 100.7 concurrent; barriers 3629.3 after a dispatch, 869.3 at copies, 62.5 from the engine, 21.4 opening and 21.4 ending an encoder; 220.5 table clears, 12181.4 setBuffer, 4196.1 setBytes (357514 B); 3881.1 dispatches, 434.7 copies; 21.36 blocking waits, 850.34 ms; 199.1 section barriers
ds4:   expert cache over the last 64 tokens: 304.20 hits, 76.08 misses, 88.08 evictions a token; 8880 of 8880 entries live (100.0%)
ds4:   of the address-table holes repaired a token: 0.00 already resident, 2.47 genuinely absent
ds4:   of the repair a token: readahead 0.99 ms, slot preparation 0.33 ms, reads 1.74 ms, install 0.09 ms, over 76.08 loads
ds4:   Engram rows written at step start in 4736 steps; layer-13 drains 0
ds4:   residency a token: 0.00 adds, 0.00 removes, 0.00 commits
ds4:   decode path so far: 4800 single-row steps (65.9 ms each inside the graph over the last 64), 0 K-row verification steps over 0 positions, 0 batch-fusion sites taken; candidate K none
ds4: gate over tokens 4737-4800: 15.81 command buffers, 2.67 aborts, 240.0 expert ids accounted, 26.25 MiB loaded a token; 0 the gate failed to switch off, 0 it could not gate
ds4:   one token, exclusive, same window: entry 0.00 + encode 0.43 + commit-to-done 59.44 + repair-load 3.10 + accounting 0.04 + tail 0.00 = 63.02 of a 65.32 ms wall, residual 2.30
ds4:   GPU busy 60.73 ms of the token's wall (the union of its buffers' spans), idle 4.58 ms
ds4:   1299.7 gated dispatches a token, 2.8 of them behind an abort; 106.9 sent plain ahead of a buffer's first validate
ds4:   encode-ahead: 12.14 segments used, 2.48 dropped, 2.09 ms a token spent encoding under the GPU
ds4:   concurrent sections: 104.62 attempted, 104.62 opened a token
ds4:   speculation: 0.00 layers a token, 0.00 lanes computed, 0.00 matched, 0.00 GEMVs actually saved, 0.00 left to compute; compared 0.00 lanes, 0.00 floats differ, 0.00 by more than an ulp
ds4:   Metal 4: 18.30 command buffers sent, 1657.5 dispatches a token; 0 pieces of Metal 3 work so far
ds4:   Metal 4 a token: encoders 120.2 serial + 104.6 concurrent; barriers 1395.9 after a dispatch, 22.3 at copies, 64.3 from the engine, 18.3 opening and 18.3 ending an encoder; 224.9 table clears, 6739.4 setBuffer, 1900.1 setBytes (169416 B); 1657.5 dispatches, 11.2 copies; 18.30 blocking waits, 58.96 ms; 206.6 section barriers
ds4:   expert cache over the last 64 tokens: 240.00 hits, 2.77 misses, 2.77 evictions a token; 8880 of 8880 entries live (100.0%)
ds4:   of the address-table holes repaired a token: 0.00 already resident, 2.77 genuinely absent
ds4:   of the repair a token: readahead 1.44 ms, slot preparation 0.21 ms, reads 1.43 ms, install 0.01 ms, over 2.77 loads
ds4:   Engram rows written at step start in 4800 steps; layer-13 drains 0
ds4:   residency a token: 0.00 adds, 0.00 removes, 0.00 commits
ds4:   decode path so far: 4864 single-row steps (64.4 ms each inside the graph over the last 64), 0 K-row verification steps over 0 positions, 0 batch-fusion sites taken; candidate K none
ds4: gate over tokens 4801-4864: 16.27 command buffers, 3.09 aborts, 240.0 expert ids accounted, 33.52 MiB loaded a token; 0 the gate failed to switch off, 0 it could not gate
ds4:   one token, exclusive, same window: entry 0.00 + encode 0.51 + commit-to-done 56.67 + repair-load 3.91 + accounting 0.05 + tail 0.00 = 61.14 of a 63.54 ms wall, residual 2.40
ds4:   GPU busy 57.80 ms of the token's wall (the union of its buffers' spans), idle 5.75 ms
ds4:   1316.8 gated dispatches a token, 5.2 of them behind an abort; 122.2 sent plain ahead of a buffer's first validate
ds4:   encode-ahead: 12.17 segments used, 2.86 dropped, 2.19 ms a token spent encoding under the GPU
ds4:   concurrent sections: 109.16 attempted, 109.16 opened a token
ds4:   speculation: 0.00 layers a token, 0.00 lanes computed, 0.00 matched, 0.00 GEMVs actually saved, 0.00 left to compute; compared 0.00 lanes, 0.00 floats differ, 0.00 by more than an ulp
ds4:   Metal 4: 19.12 command buffers sent, 1720.3 dispatches a token; 0 pieces of Metal 3 work so far
ds4:   Metal 4 a token: encoders 125.2 serial + 109.2 concurrent; barriers 1447.4 after a dispatch, 23.6 at copies, 66.5 from the engine, 19.1 opening and 19.1 ending an encoder; 234.3 table clears, 6999.5 setBuffer, 1973.0 setBytes (175990 B); 1720.3 dispatches, 11.8 copies; 19.12 blocking waits, 56.14 ms; 215.2 section barriers
ds4:   expert cache over the last 64 tokens: 239.98 hits, 3.53 misses, 3.53 evictions a token; 8880 of 8880 entries live (100.0%)
ds4:   of the address-table holes repaired a token: 0.00 already resident, 3.53 genuinely absent
ds4:   of the repair a token: readahead 1.85 ms, slot preparation 0.21 ms, reads 1.79 ms, install 0.01 ms, over 3.53 loads
ds4:   Engram rows written at step start in 4864 steps; layer-13 drains 0
ds4:   residency a token: 0.00 adds, 0.00 removes, 0.00 commits
ds4:   decode path so far: 4928 single-row steps (63.5 ms each inside the graph over the last 64), 0 K-row verification steps over 0 positions, 0 batch-fusion sites taken; candidate K none
ds4: gate over tokens 4865-4928: 16.05 command buffers, 3.09 aborts, 240.0 expert ids accounted, 32.04 MiB loaded a token; 0 the gate failed to switch off, 0 it could not gate
ds4:   one token, exclusive, same window: entry 0.00 + encode 0.43 + commit-to-done 56.38 + repair-load 3.70 + accounting 0.05 + tail 0.00 = 60.57 of a 62.85 ms wall, residual 2.28
ds4:   GPU busy 57.45 ms of the token's wall (the union of its buffers' spans), idle 5.40 ms
ds4:   1300.3 gated dispatches a token, 2.3 of them behind an abort; 120.7 sent plain ahead of a buffer's first validate
ds4:   encode-ahead: 11.95 segments used, 2.94 dropped, 2.08 ms a token spent encoding under the GPU
ds4:   concurrent sections: 108.28 attempted, 108.28 opened a token
ds4:   speculation: 0.00 layers a token, 0.00 lanes computed, 0.00 matched, 0.00 GEMVs actually saved, 0.00 left to compute; compared 0.00 lanes, 0.00 floats differ, 0.00 by more than an ulp
ds4:   Metal 4: 18.98 command buffers sent, 1702.0 dispatches a token; 0 pieces of Metal 3 work so far
ds4:   Metal 4 a token: encoders 124.2 serial + 108.3 concurrent; barriers 1431.3 after a dispatch, 23.5 at copies, 65.9 from the engine, 19.0 opening and 19.0 ending an encoder; 232.5 table clears, 6929.9 setBuffer, 1952.6 setBytes (174141 B); 1702.0 dispatches, 11.8 copies; 18.98 blocking waits, 55.85 ms; 213.5 section barriers
ds4:   expert cache over the last 64 tokens: 240.00 hits, 3.38 misses, 3.38 evictions a token; 8880 of 8880 entries live (100.0%)
ds4:   of the address-table holes repaired a token: 0.00 already resident, 3.38 genuinely absent
ds4:   of the repair a token: readahead 1.70 ms, slot preparation 0.20 ms, reads 1.75 ms, install 0.01 ms, over 3.38 loads
ds4:   Engram rows written at step start in 4928 steps; layer-13 drains 0
ds4:   residency a token: 0.00 adds, 0.00 removes, 0.00 commits
ds4:   decode path so far: 4992 single-row steps (62.5 ms each inside the graph over the last 64), 0 K-row verification steps over 0 positions, 0 batch-fusion sites taken; candidate K none
ds4: gate over tokens 4929-4992: 16.06 command buffers, 2.92 aborts, 240.0 expert ids accounted, 28.62 MiB loaded a token; 0 the gate failed to switch off, 0 it could not gate
ds4:   one token, exclusive, same window: entry 0.00 + encode 0.41 + commit-to-done 55.39 + repair-load 3.46 + accounting 0.05 + tail 0.00 = 59.31 of a 61.59 ms wall, residual 2.27
ds4:   GPU busy 56.56 ms of the token's wall (the union of its buffers' spans), idle 5.03 ms
ds4:   1312.3 gated dispatches a token, 1.4 of them behind an abort; 114.2 sent plain ahead of a buffer's first validate
ds4:   encode-ahead: 12.14 segments used, 2.83 dropped, 2.09 ms a token spent encoding under the GPU
ds4:   concurrent sections: 107.72 attempted, 107.72 opened a token
ds4:   speculation: 0.00 layers a token, 0.00 lanes computed, 0.00 matched, 0.00 GEMVs actually saved, 0.00 left to compute; compared 0.00 lanes, 0.00 floats differ, 0.00 by more than an ulp
ds4:   Metal 4: 18.89 command buffers sent, 1697.6 dispatches a token; 0 pieces of Metal 3 work so far
ds4:   Metal 4 a token: encoders 123.7 serial + 107.7 concurrent; barriers 1428.3 after a dispatch, 24.0 at copies, 65.9 from the engine, 18.9 opening and 18.9 ending an encoder; 231.4 table clears, 6911.4 setBuffer, 1947.1 setBytes (173720 B); 1697.6 dispatches, 12.0 copies; 18.89 blocking waits, 54.86 ms; 212.5 section barriers
ds4:   expert cache over the last 64 tokens: 240.00 hits, 3.02 misses, 3.02 evictions a token; 8880 of 8880 entries live (100.0%)
ds4:   of the address-table holes repaired a token: 0.00 already resident, 3.02 genuinely absent
ds4:   of the repair a token: readahead 1.64 ms, slot preparation 0.20 ms, reads 1.60 ms, install 0.01 ms, over 3.02 loads
ds4:   Engram rows written at step start in 4992 steps; layer-13 drains 0
ds4:   residency a token: 0.00 adds, 0.00 removes, 0.00 commits
ds4:   decode path so far: 5056 single-row steps (66.6 ms each inside the graph over the last 64), 0 K-row verification steps over 0 positions, 0 batch-fusion sites taken; candidate K none
ds4: gate over tokens 4993-5056: 16.48 command buffers, 3.53 aborts, 240.0 expert ids accounted, 36.78 MiB loaded a token; 0 the gate failed to switch off, 0 it could not gate
ds4:   one token, exclusive, same window: entry 0.00 + encode 0.51 + commit-to-done 58.47 + repair-load 4.43 + accounting 0.05 + tail 0.00 = 63.45 of a 65.92 ms wall, residual 2.47
ds4:   GPU busy 59.63 ms of the token's wall (the union of its buffers' spans), idle 6.29 ms
ds4:   1315.0 gated dispatches a token, 1.9 of them behind an abort; 131.3 sent plain ahead of a buffer's first validate
ds4:   encode-ahead: 11.95 segments used, 3.38 dropped, 2.23 ms a token spent encoding under the GPU
ds4:   concurrent sections: 112.88 attempted, 112.88 opened a token
ds4:   speculation: 0.00 layers a token, 0.00 lanes computed, 0.00 matched, 0.00 GEMVs actually saved, 0.00 left to compute; compared 0.00 lanes, 0.00 floats differ, 0.00 by more than an ulp
ds4:   Metal 4: 19.86 command buffers sent, 1767.4 dispatches a token; 0 pieces of Metal 3 work so far
ds4:   Metal 4 a token: encoders 129.2 serial + 112.9 concurrent; barriers 1485.2 after a dispatch, 25.1 at copies, 68.2 from the engine, 19.9 opening and 19.9 ending an encoder; 242.1 table clears, 7197.0 setBuffer, 2028.2 setBytes (180883 B); 1767.4 dispatches, 12.5 copies; 19.86 blocking waits, 57.95 ms; 222.2 section barriers
ds4:   expert cache over the last 64 tokens: 240.00 hits, 3.88 misses, 3.88 evictions a token; 8880 of 8880 entries live (100.0%)
ds4:   of the address-table holes repaired a token: 0.00 already resident, 3.88 genuinely absent
ds4:   of the repair a token: readahead 2.20 ms, slot preparation 0.26 ms, reads 1.92 ms, install 0.01 ms, over 3.88 loads
ds4:   Engram rows written at step start in 5056 steps; layer-13 drains 0
ds4:   residency a token: 0.00 adds, 0.00 removes, 0.00 commits
ds4:   decode path so far: 5120 single-row steps (63.6 ms each inside the graph over the last 64), 0 K-row verification steps over 0 positions, 0 batch-fusion sites taken; candidate K none
ds4: gate over tokens 5057-5120: 16.52 command buffers, 3.72 aborts, 240.0 expert ids accounted, 38.41 MiB loaded a token; 0 the gate failed to switch off, 0 it could not gate
ds4:   one token, exclusive, same window: entry 0.00 + encode 0.51 + commit-to-done 55.16 + repair-load 4.60 + accounting 0.05 + tail 0.00 = 60.31 of a 62.77 ms wall, residual 2.45
ds4:   GPU busy 56.24 ms of the token's wall (the union of its buffers' spans), idle 6.52 ms
ds4:   1303.1 gated dispatches a token, 2.8 of them behind an abort; 136.7 sent plain ahead of a buffer's first validate
ds4:   encode-ahead: 11.80 segments used, 3.56 dropped, 2.22 ms a token spent encoding under the GPU
ds4:   concurrent sections: 114.28 attempted, 114.28 opened a token
ds4:   speculation: 0.00 layers a token, 0.00 lanes computed, 0.00 matched, 0.00 GEMVs actually saved, 0.00 left to compute; compared 0.00 lanes, 0.00 floats differ, 0.00 by more than an ulp
ds4:   Metal 4: 20.08 command buffers sent, 1787.8 dispatches a token; 0 pieces of Metal 3 work so far
ds4:   Metal 4 a token: encoders 130.6 serial + 114.3 concurrent; barriers 1502.1 after a dispatch, 25.9 at copies, 68.8 from the engine, 20.1 opening and 20.1 ending an encoder; 244.9 table clears, 7278.0 setBuffer, 2051.7 setBytes (183045 B); 1787.8 dispatches, 13.0 copies; 20.08 blocking waits, 54.63 ms; 224.8 section barriers
ds4:   expert cache over the last 64 tokens: 240.00 hits, 4.05 misses, 4.05 evictions a token; 8880 of 8880 entries live (100.0%)
ds4:   of the address-table holes repaired a token: 0.00 already resident, 4.05 genuinely absent
ds4:   of the repair a token: readahead 2.12 ms, slot preparation 0.25 ms, reads 2.19 ms, install 0.01 ms, over 4.05 loads
ds4:   Engram rows written at step start in 5120 steps; layer-13 drains 0
ds4:   residency a token: 0.00 adds, 0.00 removes, 0.00 commits
ds4:   decode path so far: 5184 single-row steps (63.3 ms each inside the graph over the last 64), 0 K-row verification steps over 0 positions, 0 batch-fusion sites taken; candidate K none
ds4: gate over tokens 5121-5184: 15.94 command buffers, 2.84 aborts, 240.0 expert ids accounted, 28.92 MiB loaded a token; 0 the gate failed to switch off, 0 it could not gate
ds4:   one token, exclusive, same window: entry 0.00 + encode 0.39 + commit-to-done 56.44 + repair-load 3.48 + accounting 0.05 + tail 0.00 = 60.36 of a 62.64 ms wall, residual 2.28
ds4:   GPU busy 57.66 ms of the token's wall (the union of its buffers' spans), idle 4.99 ms
ds4:   1295.9 gated dispatches a token, 0.9 of them behind an abort; 106.3 sent plain ahead of a buffer's first validate
ds4:   encode-ahead: 12.09 segments used, 2.73 dropped, 2.08 ms a token spent encoding under the GPU
ds4:   concurrent sections: 106.22 attempted, 106.22 opened a token
ds4:   speculation: 0.00 layers a token, 0.00 lanes computed, 0.00 matched, 0.00 GEMVs actually saved, 0.00 left to compute; compared 0.00 lanes, 0.00 floats differ, 0.00 by more than an ulp
ds4:   Metal 4: 18.67 command buffers sent, 1676.2 dispatches a token; 0 pieces of Metal 3 work so far
ds4:   Metal 4 a token: encoders 122.0 serial + 106.2 concurrent; barriers 1410.7 after a dispatch, 22.7 at copies, 65.1 from the engine, 18.7 opening and 18.7 ending an encoder; 228.3 table clears, 6821.9 setBuffer, 1922.2 setBytes (171397 B); 1676.2 dispatches, 11.3 copies; 18.67 blocking waits, 55.94 ms; 209.6 section barriers
ds4:   expert cache over the last 64 tokens: 240.00 hits, 3.05 misses, 3.05 evictions a token; 8880 of 8880 entries live (100.0%)
ds4:   of the address-table holes repaired a token: 0.00 already resident, 3.05 genuinely absent
ds4:   of the repair a token: readahead 1.67 ms, slot preparation 0.19 ms, reads 1.58 ms, install 0.01 ms, over 3.05 loads
ds4:   Engram rows written at step start in 5184 steps; layer-13 drains 0
ds4:   residency a token: 0.00 adds, 0.00 removes, 0.00 commits
ds4:   decode path so far: 5248 single-row steps (62.5 ms each inside the graph over the last 64), 0 K-row verification steps over 0 positions, 0 batch-fusion sites taken; candidate K none
ds4: gate over tokens 5185-5248: 15.81 command buffers, 2.58 aborts, 240.0 expert ids accounted, 25.07 MiB loaded a token; 0 the gate failed to switch off, 0 it could not gate
ds4:   one token, exclusive, same window: entry 0.00 + encode 0.39 + commit-to-done 56.21 + repair-load 2.99 + accounting 0.05 + tail 0.00 = 59.63 of a 61.88 ms wall, residual 2.25
ds4:   GPU busy 57.46 ms of the token's wall (the union of its buffers' spans), idle 4.42 ms
ds4:   1303.4 gated dispatches a token, 0.5 of them behind an abort; 104.5 sent plain ahead of a buffer's first validate
ds4:   encode-ahead: 12.23 segments used, 2.50 dropped, 2.08 ms a token spent encoding under the GPU
ds4:   concurrent sections: 104.25 attempted, 104.25 opened a token
ds4:   speculation: 0.00 layers a token, 0.00 lanes computed, 0.00 matched, 0.00 GEMVs actually saved, 0.00 left to compute; compared 0.00 lanes, 0.00 floats differ, 0.00 by more than an ulp
ds4:   Metal 4: 18.31 command buffers sent, 1650.6 dispatches a token; 0 pieces of Metal 3 work so far
ds4:   Metal 4 a token: encoders 120.0 serial + 104.2 concurrent; barriers 1390.0 after a dispatch, 21.8 at copies, 64.3 from the engine, 18.3 opening and 18.3 ending an encoder; 224.2 table clears, 6716.1 setBuffer, 1892.4 setBytes (168803 B); 1650.6 dispatches, 10.9 copies; 18.31 blocking waits, 55.69 ms; 205.9 section barriers
ds4:   expert cache over the last 64 tokens: 240.00 hits, 2.64 misses, 2.64 evictions a token; 8880 of 8880 entries live (100.0%)
ds4:   of the address-table holes repaired a token: 0.00 already resident, 2.64 genuinely absent
ds4:   of the repair a token: readahead 1.42 ms, slot preparation 0.19 ms, reads 1.36 ms, install 0.01 ms, over 2.64 loads
ds4:   Engram rows written at step start in 5248 steps; layer-13 drains 0
ds4:   residency a token: 0.00 adds, 0.00 removes, 0.00 commits
ds4:   decode path so far: 5312 single-row steps (63.4 ms each inside the graph over the last 64), 0 K-row verification steps over 0 positions, 0 batch-fusion sites taken; candidate K none
ds4: gate over tokens 5249-5312: 16.16 command buffers, 3.31 aborts, 240.0 expert ids accounted, 32.93 MiB loaded a token; 0 the gate failed to switch off, 0 it could not gate
ds4:   one token, exclusive, same window: entry 0.00 + encode 0.46 + commit-to-done 55.66 + repair-load 3.94 + accounting 0.05 + tail 0.00 = 60.11 of a 62.45 ms wall, residual 2.34
ds4:   GPU busy 56.90 ms of the token's wall (the union of its buffers' spans), idle 5.55 ms
ds4:   1296.6 gated dispatches a token, 2.3 of them behind an abort; 125.1 sent plain ahead of a buffer's first validate
ds4:   encode-ahead: 11.84 segments used, 3.16 dropped, 2.14 ms a token spent encoding under the GPU
ds4:   concurrent sections: 110.00 attempted, 110.00 opened a token
ds4:   speculation: 0.00 layers a token, 0.00 lanes computed, 0.00 matched, 0.00 GEMVs actually saved, 0.00 left to compute; compared 0.00 lanes, 0.00 floats differ, 0.00 by more than an ulp
ds4:   Metal 4: 19.31 command buffers sent, 1723.5 dispatches a token; 0 pieces of Metal 3 work so far
ds4:   Metal 4 a token: encoders 126.0 serial + 110.0 concurrent; barriers 1448.5 after a dispatch, 22.1 at copies, 66.7 from the engine, 19.3 opening and 19.3 ending an encoder; 236.0 table clears, 7020.3 setBuffer, 1977.8 setBytes (176310 B); 1723.5 dispatches, 11.0 copies; 19.31 blocking waits, 55.14 ms; 216.7 section barriers
ds4:   expert cache over the last 64 tokens: 240.00 hits, 3.47 misses, 3.47 evictions a token; 8880 of 8880 entries live (100.0%)
ds4:   of the address-table holes repaired a token: 0.00 already resident, 3.47 genuinely absent
ds4:   of the repair a token: readahead 1.98 ms, slot preparation 0.23 ms, reads 1.70 ms, install 0.01 ms, over 3.47 loads
ds4:   Engram rows written at step start in 5312 steps; layer-13 drains 0
ds4:   residency a token: 0.00 adds, 0.00 removes, 0.00 commits
ds4:   decode path so far: 5376 single-row steps (65.3 ms each inside the graph over the last 64), 0 K-row verification steps over 0 positions, 0 batch-fusion sites taken; candidate K none
ds4: gate over tokens 5313-5376: 16.97 command buffers, 4.39 aborts, 240.0 expert ids accounted, 45.98 MiB loaded a token; 0 the gate failed to switch off, 0 it could not gate
ds4:   one token, exclusive, same window: entry 0.00 + encode 0.59 + commit-to-done 55.80 + repair-load 5.57 + accounting 0.05 + tail 0.00 = 62.00 of a 64.54 ms wall, residual 2.54
ds4:   GPU busy 56.73 ms of the token's wall (the union of its buffers' spans), idle 7.81 ms
ds4:   1313.7 gated dispatches a token, 2.8 of them behind an abort; 157.6 sent plain ahead of a buffer's first validate
ds4:   encode-ahead: 11.58 segments used, 4.20 dropped, 2.27 ms a token spent encoding under the GPU
ds4:   concurrent sections: 120.84 attempted, 120.84 opened a token
ds4:   speculation: 0.00 layers a token, 0.00 lanes computed, 0.00 matched, 0.00 GEMVs actually saved, 0.00 left to compute; compared 0.00 lanes, 0.00 floats differ, 0.00 by more than an ulp
ds4:   Metal 4: 21.17 command buffers sent, 1876.6 dispatches a token; 0 pieces of Metal 3 work so far
ds4:   Metal 4 a token: encoders 137.6 serial + 120.8 concurrent; barriers 1574.5 after a dispatch, 24.3 at copies, 71.8 from the engine, 21.2 opening and 21.2 ending an encoder; 258.5 table clears, 7644.7 setBuffer, 2155.1 setBytes (192152 B); 1876.6 dispatches, 12.1 copies; 21.17 blocking waits, 55.24 ms; 237.3 section barriers
ds4:   expert cache over the last 64 tokens: 240.00 hits, 4.84 misses, 4.84 evictions a token; 8880 of 8880 entries live (100.0%)
ds4:   of the address-table holes repaired a token: 0.00 already resident, 4.84 genuinely absent
ds4:   of the repair a token: readahead 2.76 ms, slot preparation 0.29 ms, reads 2.45 ms, install 0.01 ms, over 4.84 loads
ds4:   Engram rows written at step start in 5376 steps; layer-13 drains 0
ds4:   residency a token: 0.00 adds, 0.00 removes, 0.00 commits
ds4: expert cache lent the prefill headroom for decode: 8880 -> 9648 experts
ds4:   decode path so far: 5440 single-row steps (86.1 ms each inside the graph over the last 64), 0 K-row verification steps over 0 positions, 0 batch-fusion sites taken; candidate K none
ds4: gate over tokens 5377-5440: 17.88 command buffers, 5.64 aborts, 240.0 expert ids accounted, 64.52 MiB loaded a token; 0 the gate failed to switch off, 0 it could not gate
ds4:   one token, exclusive, same window: entry 0.00 + encode 0.67 + commit-to-done 54.77 + repair-load 8.10 + accounting 0.05 + tail 0.00 = 63.60 of a 84.68 ms wall, residual 21.09
ds4:   GPU busy 754.17 ms of the token's wall (the union of its buffers' spans), idle -669.48 ms
ds4:   1322.3 gated dispatches a token, 5.2 of them behind an abort; 194.3 sent plain ahead of a buffer's first validate
ds4:   encode-ahead: 11.23 segments used, 5.41 dropped, 20.80 ms a token spent encoding under the GPU
ds4:   concurrent sections: 132.50 attempted, 132.50 opened a token
ds4:   speculation: 0.00 layers a token, 0.00 lanes computed, 0.00 matched, 0.00 GEMVs actually saved, 0.00 left to compute; compared 0.00 lanes, 0.00 floats differ, 0.00 by more than an ulp
ds4:   Metal 4: 26.44 command buffers sent, 4306.5 dispatches a token; 0 pieces of Metal 3 work so far
ds4:   Metal 4 a token: encoders 153.3 serial + 132.5 concurrent; barriers 3975.3 after a dispatch, 649.8 at copies, 77.2 from the engine, 26.4 opening and 26.4 ending an encoder; 285.8 table clears, 13918.5 setBuffer, 4692.1 setBytes (401513 B); 4306.5 dispatches, 324.9 copies; 26.44 blocking waits, 755.48 ms; 259.4 section barriers
ds4:   expert cache over the last 64 tokens: 341.84 hits, 43.03 misses, 43.03 evictions a token; 8880 of 8880 entries live (100.0%)
ds4:   of the address-table holes repaired a token: 0.00 already resident, 6.80 genuinely absent
ds4:   of the repair a token: readahead 4.74 ms, slot preparation 0.50 ms, reads 2.92 ms, install 0.06 ms, over 43.03 loads
ds4:   Engram rows written at step start in 5440 steps; layer-13 drains 0
ds4:   residency a token: 0.00 adds, 0.00 removes, 0.00 commits
ds4:   decode path so far: 5504 single-row steps (65.6 ms each inside the graph over the last 64), 0 K-row verification steps over 0 positions, 0 batch-fusion sites taken; candidate K none
ds4: gate over tokens 5441-5504: 16.03 command buffers, 2.86 aborts, 240.0 expert ids accounted, 28.92 MiB loaded a token; 0 the gate failed to switch off, 0 it could not gate
ds4:   one token, exclusive, same window: entry 0.00 + encode 0.43 + commit-to-done 58.64 + repair-load 3.42 + accounting 0.05 + tail 0.00 = 62.54 of a 64.83 ms wall, residual 2.30
ds4:   GPU busy 59.76 ms of the token's wall (the union of its buffers' spans), idle 5.07 ms
ds4:   1311.6 gated dispatches a token, 2.8 of them behind an abort; 113.8 sent plain ahead of a buffer's first validate
ds4:   encode-ahead: 12.17 segments used, 2.66 dropped, 2.10 ms a token spent encoding under the GPU
ds4:   concurrent sections: 106.72 attempted, 106.72 opened a token
ds4:   speculation: 0.00 layers a token, 0.00 lanes computed, 0.00 matched, 0.00 GEMVs actually saved, 0.00 left to compute; compared 0.00 lanes, 0.00 floats differ, 0.00 by more than an ulp
ds4:   Metal 4: 18.69 command buffers sent, 1686.6 dispatches a token; 0 pieces of Metal 3 work so far
ds4:   Metal 4 a token: encoders 122.5 serial + 106.7 concurrent; barriers 1419.8 after a dispatch, 23.1 at copies, 65.3 from the engine, 18.7 opening and 18.7 ending an encoder; 229.3 table clears, 6860.3 setBuffer, 1933.9 setBytes (172455 B); 1686.6 dispatches, 11.5 copies; 18.69 blocking waits, 58.14 ms; 210.6 section barriers
ds4:   expert cache over the last 64 tokens: 240.00 hits, 3.05 misses, 3.05 evictions a token; 8880 of 8880 entries live (100.0%)
ds4:   of the address-table holes repaired a token: 0.00 already resident, 3.05 genuinely absent
ds4:   of the repair a token: readahead 1.65 ms, slot preparation 0.20 ms, reads 1.52 ms, install 0.01 ms, over 3.05 loads
ds4:   Engram rows written at step start in 5504 steps; layer-13 drains 0
ds4:   residency a token: 0.00 adds, 0.00 removes, 0.00 commits
ds4:   decode path so far: 5568 single-row steps (64.2 ms each inside the graph over the last 64), 0 K-row verification steps over 0 positions, 0 batch-fusion sites taken; candidate K none
ds4: gate over tokens 5505-5568: 16.33 command buffers, 3.34 aborts, 240.0 expert ids accounted, 37.08 MiB loaded a token; 0 the gate failed to switch off, 0 it could not gate
ds4:   one token, exclusive, same window: entry 0.00 + encode 0.50 + commit-to-done 55.75 + repair-load 4.41 + accounting 0.05 + tail 0.00 = 60.70 of a 63.11 ms wall, residual 2.41
ds4:   GPU busy 56.80 ms of the token's wall (the union of its buffers' spans), idle 6.31 ms
ds4:   1315.6 gated dispatches a token, 2.8 of them behind an abort; 132.7 sent plain ahead of a buffer's first validate
ds4:   encode-ahead: 11.98 segments used, 3.22 dropped, 2.19 ms a token spent encoding under the GPU
ds4:   concurrent sections: 112.28 attempted, 112.28 opened a token
ds4:   speculation: 0.00 layers a token, 0.00 lanes computed, 0.00 matched, 0.00 GEMVs actually saved, 0.00 left to compute; compared 0.00 lanes, 0.00 floats differ, 0.00 by more than an ulp
ds4:   Metal 4: 19.55 command buffers sent, 1763.0 dispatches a token; 0 pieces of Metal 3 work so far
ds4:   Metal 4 a token: encoders 128.5 serial + 112.3 concurrent; barriers 1482.3 after a dispatch, 24.5 at copies, 68.0 from the engine, 19.5 opening and 19.5 ending an encoder; 240.8 table clears, 7177.5 setBuffer, 2022.8 setBytes (180452 B); 1763.0 dispatches, 12.3 copies; 19.55 blocking waits, 55.22 ms; 221.2 section barriers
ds4:   expert cache over the last 64 tokens: 240.00 hits, 3.91 misses, 3.91 evictions a token; 8880 of 8880 entries live (100.0%)
ds4:   of the address-table holes repaired a token: 0.00 already resident, 3.91 genuinely absent
ds4:   of the repair a token: readahead 2.28 ms, slot preparation 0.22 ms, reads 1.85 ms, install 0.01 ms, over 3.91 loads
ds4:   Engram rows written at step start in 5568 steps; layer-13 drains 0
ds4:   residency a token: 0.00 adds, 0.00 removes, 0.00 commits
ds4:   decode path so far: 5632 single-row steps (63.7 ms each inside the graph over the last 64), 0 K-row verification steps over 0 positions, 0 batch-fusion sites taken; candidate K none
ds4: gate over tokens 5569-5632: 16.17 command buffers, 3.39 aborts, 240.0 expert ids accounted, 35.15 MiB loaded a token; 0 the gate failed to switch off, 0 it could not gate
ds4:   one token, exclusive, same window: entry 0.00 + encode 0.46 + commit-to-done 56.01 + repair-load 4.11 + accounting 0.05 + tail 0.00 = 60.63 of a 62.98 ms wall, residual 2.35
ds4:   GPU busy 57.09 ms of the token's wall (the union of its buffers' spans), idle 5.89 ms
ds4:   1302.2 gated dispatches a token, 2.8 of them behind an abort; 129.7 sent plain ahead of a buffer's first validate
ds4:   encode-ahead: 11.78 segments used, 3.23 dropped, 2.14 ms a token spent encoding under the GPU
ds4:   concurrent sections: 111.22 attempted, 111.22 opened a token
ds4:   speculation: 0.00 layers a token, 0.00 lanes computed, 0.00 matched, 0.00 GEMVs actually saved, 0.00 left to compute; compared 0.00 lanes, 0.00 floats differ, 0.00 by more than an ulp
ds4:   Metal 4: 19.41 command buffers sent, 1744.7 dispatches a token; 0 pieces of Metal 3 work so far
ds4:   Metal 4 a token: encoders 127.2 serial + 111.2 concurrent; barriers 1466.6 after a dispatch, 25.2 at copies, 67.2 from the engine, 19.4 opening and 19.4 ending an encoder; 238.5 table clears, 7101.9 setBuffer, 2001.9 setBytes (178570 B); 1744.7 dispatches, 12.6 copies; 19.41 blocking waits, 55.47 ms; 219.0 section barriers
ds4:   expert cache over the last 64 tokens: 239.98 hits, 3.70 misses, 3.70 evictions a token; 8880 of 8880 entries live (100.0%)
ds4:   of the address-table holes repaired a token: 0.00 already resident, 3.70 genuinely absent
ds4:   of the repair a token: readahead 2.01 ms, slot preparation 0.22 ms, reads 1.83 ms, install 0.01 ms, over 3.70 loads
ds4:   Engram rows written at step start in 5632 steps; layer-13 drains 0
ds4:   residency a token: 0.00 adds, 0.00 removes, 0.00 commits
ds4:   decode path so far: 5696 single-row steps (63.9 ms each inside the graph over the last 64), 0 K-row verification steps over 0 positions, 0 batch-fusion sites taken; candidate K none
ds4: gate over tokens 5633-5696: 16.22 command buffers, 3.14 aborts, 240.0 expert ids accounted, 30.85 MiB loaded a token; 0 the gate failed to switch off, 0 it could not gate
ds4:   one token, exclusive, same window: entry 0.00 + encode 0.43 + commit-to-done 56.53 + repair-load 3.73 + accounting 0.05 + tail 0.00 = 60.74 of a 63.00 ms wall, residual 2.27
ds4:   GPU busy 57.62 ms of the token's wall (the union of its buffers' spans), idle 5.38 ms
ds4:   1314.9 gated dispatches a token, 1.4 of them behind an abort; 122.2 sent plain ahead of a buffer's first validate
ds4:   encode-ahead: 12.08 segments used, 3.06 dropped, 2.07 ms a token spent encoding under the GPU
ds4:   concurrent sections: 109.56 attempted, 109.56 opened a token
ds4:   speculation: 0.00 layers a token, 0.00 lanes computed, 0.00 matched, 0.00 GEMVs actually saved, 0.00 left to compute; compared 0.00 lanes, 0.00 floats differ, 0.00 by more than an ulp
ds4:   Metal 4: 19.28 command buffers sent, 1719.7 dispatches a token; 0 pieces of Metal 3 work so far
ds4:   Metal 4 a token: encoders 125.7 serial + 109.6 concurrent; barriers 1445.8 after a dispatch, 23.7 at copies, 66.8 from the engine, 19.3 opening and 19.3 ending an encoder; 235.3 table clears, 7006.1 setBuffer, 1973.2 setBytes (176023 B); 1719.7 dispatches, 11.8 copies; 19.28 blocking waits, 55.99 ms; 216.0 section barriers
ds4:   expert cache over the last 64 tokens: 240.00 hits, 3.25 misses, 3.25 evictions a token; 8880 of 8880 entries live (100.0%)
ds4:   of the address-table holes repaired a token: 0.00 already resident, 3.25 genuinely absent
ds4:   of the repair a token: readahead 1.75 ms, slot preparation 0.22 ms, reads 1.73 ms, install 0.01 ms, over 3.25 loads
ds4:   Engram rows written at step start in 5696 steps; layer-13 drains 0
ds4:   residency a token: 0.00 adds, 0.00 removes, 0.00 commits
ds4:   decode path so far: 5760 single-row steps (65.3 ms each inside the graph over the last 64), 0 K-row verification steps over 0 positions, 0 batch-fusion sites taken; candidate K none
ds4: gate over tokens 5697-5760: 16.66 command buffers, 3.77 aborts, 240.0 expert ids accounted, 39.16 MiB loaded a token; 0 the gate failed to switch off, 0 it could not gate
ds4:   one token, exclusive, same window: entry 0.00 + encode 0.50 + commit-to-done 56.80 + repair-load 4.68 + accounting 0.04 + tail 0.00 = 62.02 of a 64.50 ms wall, residual 2.47
ds4:   GPU busy 57.92 ms of the token's wall (the union of its buffers' spans), idle 6.58 ms
ds4:   1316.4 gated dispatches a token, 1.9 of them behind an abort; 135.7 sent plain ahead of a buffer's first validate
ds4:   encode-ahead: 11.89 segments used, 3.61 dropped, 2.23 ms a token spent encoding under the GPU
ds4:   concurrent sections: 115.12 attempted, 115.12 opened a token
ds4:   speculation: 0.00 layers a token, 0.00 lanes computed, 0.00 matched, 0.00 GEMVs actually saved, 0.00 left to compute; compared 0.00 lanes, 0.00 floats differ, 0.00 by more than an ulp
ds4:   Metal 4: 20.27 command buffers sent, 1796.9 dispatches a token; 0 pieces of Metal 3 work so far
ds4:   Metal 4 a token: encoders 131.6 serial + 115.1 concurrent; barriers 1509.1 after a dispatch, 25.7 at copies, 69.3 from the engine, 20.3 opening and 20.3 ending an encoder; 246.8 table clears, 7320.6 setBuffer, 2062.7 setBytes (183965 B); 1796.9 dispatches, 12.9 copies; 20.27 blocking waits, 56.24 ms; 226.5 section barriers
ds4:   expert cache over the last 64 tokens: 240.00 hits, 4.12 misses, 4.12 evictions a token; 8880 of 8880 entries live (100.0%)
ds4:   of the address-table holes repaired a token: 0.00 already resident, 4.12 genuinely absent
ds4:   of the repair a token: readahead 2.36 ms, slot preparation 0.25 ms, reads 2.01 ms, install 0.01 ms, over 4.12 loads
ds4:   Engram rows written at step start in 5760 steps; layer-13 drains 0
ds4:   residency a token: 0.00 adds, 0.00 removes, 0.00 commits
ds4:   decode path so far: 5824 single-row steps (64.9 ms each inside the graph over the last 64), 0 K-row verification steps over 0 positions, 0 batch-fusion sites taken; candidate K none
ds4: gate over tokens 5761-5824: 16.45 command buffers, 3.70 aborts, 240.0 expert ids accounted, 38.56 MiB loaded a token; 0 the gate failed to switch off, 0 it could not gate
ds4:   one token, exclusive, same window: entry 0.00 + encode 0.50 + commit-to-done 56.57 + repair-load 4.55 + accounting 0.05 + tail 0.00 = 61.66 of a 64.07 ms wall, residual 2.42
ds4:   GPU busy 57.68 ms of the token's wall (the union of its buffers' spans), idle 6.39 ms
ds4:   1298.6 gated dispatches a token, 3.8 of them behind an abort; 136.5 sent plain ahead of a buffer's first validate
ds4:   encode-ahead: 11.75 segments used, 3.53 dropped, 2.18 ms a token spent encoding under the GPU
ds4:   concurrent sections: 113.75 attempted, 113.75 opened a token
ds4:   speculation: 0.00 layers a token, 0.00 lanes computed, 0.00 matched, 0.00 GEMVs actually saved, 0.00 left to compute; compared 0.00 lanes, 0.00 floats differ, 0.00 by more than an ulp
ds4:   Metal 4: 19.98 command buffers sent, 1780.3 dispatches a token; 0 pieces of Metal 3 work so far
ds4:   Metal 4 a token: encoders 130.0 serial + 113.8 concurrent; barriers 1495.9 after a dispatch, 25.7 at copies, 68.5 from the engine, 20.0 opening and 20.0 ending an encoder; 243.8 table clears, 7246.1 setBuffer, 2043.0 setBytes (182254 B); 1780.3 dispatches, 12.8 copies; 19.98 blocking waits, 56.03 ms; 223.8 section barriers
ds4:   expert cache over the last 64 tokens: 240.00 hits, 4.06 misses, 4.06 evictions a token; 8880 of 8880 entries live (100.0%)
ds4:   of the address-table holes repaired a token: 0.00 already resident, 4.06 genuinely absent
ds4:   of the repair a token: readahead 2.20 ms, slot preparation 0.25 ms, reads 2.05 ms, install 0.01 ms, over 4.06 loads
ds4:   Engram rows written at step start in 5824 steps; layer-13 drains 0
ds4:   residency a token: 0.00 adds, 0.00 removes, 0.00 commits
ds4:   decode path so far: 5888 single-row steps (62.4 ms each inside the graph over the last 64), 0 K-row verification steps over 0 positions, 0 batch-fusion sites taken; candidate K none
ds4: gate over tokens 5825-5888: 15.88 command buffers, 2.70 aborts, 240.0 expert ids accounted, 27.14 MiB loaded a token; 0 the gate failed to switch off, 0 it could not gate
ds4:   one token, exclusive, same window: entry 0.00 + encode 0.37 + commit-to-done 56.03 + repair-load 3.28 + accounting 0.05 + tail 0.00 = 59.73 of a 61.99 ms wall, residual 2.26
ds4:   GPU busy 57.21 ms of the token's wall (the union of its buffers' spans), idle 4.78 ms
ds4:   1298.7 gated dispatches a token, 0.0 of them behind an abort; 100.5 sent plain ahead of a buffer's first validate
ds4:   encode-ahead: 12.17 segments used, 2.59 dropped, 2.07 ms a token spent encoding under the GPU
ds4:   concurrent sections: 105.03 attempted, 105.03 opened a token
ds4:   speculation: 0.00 layers a token, 0.00 lanes computed, 0.00 matched, 0.00 GEMVs actually saved, 0.00 left to compute; compared 0.00 lanes, 0.00 floats differ, 0.00 by more than an ulp
ds4:   Metal 4: 18.47 command buffers sent, 1659.9 dispatches a token; 0 pieces of Metal 3 work so far
ds4:   Metal 4 a token: encoders 120.8 serial + 105.0 concurrent; barriers 1397.3 after a dispatch, 22.5 at copies, 64.6 from the engine, 18.5 opening and 18.5 ending an encoder; 225.8 table clears, 6755.4 setBuffer, 1903.3 setBytes (169714 B); 1659.9 dispatches, 11.2 copies; 18.47 blocking waits, 55.51 ms; 207.4 section barriers
ds4:   expert cache over the last 64 tokens: 240.00 hits, 2.86 misses, 2.86 evictions a token; 8880 of 8880 entries live (100.0%)
ds4:   of the address-table holes repaired a token: 0.00 already resident, 2.86 genuinely absent
ds4:   of the repair a token: readahead 1.59 ms, slot preparation 0.18 ms, reads 1.48 ms, install 0.01 ms, over 2.86 loads
ds4:   Engram rows written at step start in 5888 steps; layer-13 drains 0
ds4:   residency a token: 0.00 adds, 0.00 removes, 0.00 commits
ds4:   decode path so far: 5952 single-row steps (63.1 ms each inside the graph over the last 64), 0 K-row verification steps over 0 positions, 0 batch-fusion sites taken; candidate K none
ds4: gate over tokens 5889-5952: 15.72 command buffers, 2.48 aborts, 240.0 expert ids accounted, 24.18 MiB loaded a token; 0 the gate failed to switch off, 0 it could not gate
ds4:   one token, exclusive, same window: entry 0.00 + encode 0.43 + commit-to-done 55.96 + repair-load 3.01 + accounting 0.05 + tail 0.00 = 59.45 of a 61.84 ms wall, residual 2.39
ds4:   GPU busy 57.35 ms of the token's wall (the union of its buffers' spans), idle 4.49 ms
ds4:   1300.3 gated dispatches a token, 0.5 of them behind an abort; 102.5 sent plain ahead of a buffer's first validate
ds4:   encode-ahead: 12.23 segments used, 2.42 dropped, 2.21 ms a token spent encoding under the GPU
ds4:   concurrent sections: 103.34 attempted, 103.34 opened a token
ds4:   speculation: 0.00 layers a token, 0.00 lanes computed, 0.00 matched, 0.00 GEMVs actually saved, 0.00 left to compute; compared 0.00 lanes, 0.00 floats differ, 0.00 by more than an ulp
ds4:   Metal 4: 18.14 command buffers sent, 1639.0 dispatches a token; 0 pieces of Metal 3 work so far
ds4:   Metal 4 a token: encoders 119.0 serial + 103.3 concurrent; barriers 1380.6 after a dispatch, 21.8 at copies, 63.8 from the engine, 18.1 opening and 18.1 ending an encoder; 222.3 table clears, 6667.0 setBuffer, 1878.7 setBytes (167588 B); 1639.0 dispatches, 10.9 copies; 18.14 blocking waits, 55.44 ms; 204.2 section barriers
ds4:   expert cache over the last 64 tokens: 240.00 hits, 2.55 misses, 2.55 evictions a token; 8880 of 8880 entries live (100.0%)
ds4:   of the address-table holes repaired a token: 0.00 already resident, 2.55 genuinely absent
ds4:   of the repair a token: readahead 1.49 ms, slot preparation 0.20 ms, reads 1.31 ms, install 0.01 ms, over 2.55 loads
ds4:   Engram rows written at step start in 5952 steps; layer-13 drains 0
ds4:   residency a token: 0.00 adds, 0.00 removes, 0.00 commits
ds4:   decode path so far: 6016 single-row steps (63.7 ms each inside the graph over the last 64), 0 K-row verification steps over 0 positions, 0 batch-fusion sites taken; candidate K none
ds4: gate over tokens 5953-6016: 16.16 command buffers, 3.30 aborts, 240.0 expert ids accounted, 32.93 MiB loaded a token; 0 the gate failed to switch off, 0 it could not gate
ds4:   one token, exclusive, same window: entry 0.00 + encode 0.44 + commit-to-done 55.23 + repair-load 5.04 + accounting 0.05 + tail 0.00 = 60.76 of a 63.08 ms wall, residual 2.31
ds4:   GPU busy 56.31 ms of the token's wall (the union of its buffers' spans), idle 6.77 ms
ds4:   1297.0 gated dispatches a token, 2.3 of them behind an abort; 124.5 sent plain ahead of a buffer's first validate
ds4:   encode-ahead: 11.86 segments used, 3.14 dropped, 2.10 ms a token spent encoding under the GPU
ds4:   concurrent sections: 109.97 attempted, 109.97 opened a token
ds4:   speculation: 0.00 layers a token, 0.00 lanes computed, 0.00 matched, 0.00 GEMVs actually saved, 0.00 left to compute; compared 0.00 lanes, 0.00 floats differ, 0.00 by more than an ulp
ds4:   Metal 4: 19.30 command buffers sent, 1723.8 dispatches a token; 0 pieces of Metal 3 work so far
ds4:   Metal 4 a token: encoders 126.0 serial + 110.0 concurrent; barriers 1448.9 after a dispatch, 22.3 at copies, 66.7 from the engine, 19.3 opening and 19.3 ending an encoder; 235.9 table clears, 7021.0 setBuffer, 1978.2 setBytes (176345 B); 1723.8 dispatches, 11.2 copies; 19.30 blocking waits, 54.69 ms; 216.6 section barriers
ds4:   expert cache over the last 64 tokens: 240.00 hits, 3.47 misses, 3.47 evictions a token; 8880 of 8880 entries live (100.0%)
ds4:   of the address-table holes repaired a token: 0.00 already resident, 3.47 genuinely absent
ds4:   of the repair a token: readahead 2.97 ms, slot preparation 0.23 ms, reads 1.82 ms, install 0.01 ms, over 3.47 loads
ds4:   Engram rows written at step start in 6016 steps; layer-13 drains 0
ds4:   residency a token: 0.00 adds, 0.00 removes, 0.00 commits
ds4:   decode path so far: 6080 single-row steps (65.8 ms each inside the graph over the last 64), 0 K-row verification steps over 0 positions, 0 batch-fusion sites taken; candidate K none
ds4: gate over tokens 6017-6080: 17.16 command buffers, 4.72 aborts, 240.0 expert ids accounted, 49.54 MiB loaded a token; 0 the gate failed to switch off, 0 it could not gate
ds4:   one token, exclusive, same window: entry 0.00 + encode 0.60 + commit-to-done 55.91 + repair-load 5.88 + accounting 0.05 + tail 0.00 = 62.43 of a 64.95 ms wall, residual 2.52
ds4:   GPU busy 56.89 ms of the token's wall (the union of its buffers' spans), idle 8.07 ms
ds4:   1313.2 gated dispatches a token, 3.3 of them behind an abort; 166.3 sent plain ahead of a buffer's first validate
ds4:   encode-ahead: 11.44 segments used, 4.50 dropped, 2.22 ms a token spent encoding under the GPU
ds4:   concurrent sections: 123.59 attempted, 123.59 opened a token
ds4:   speculation: 0.00 layers a token, 0.00 lanes computed, 0.00 matched, 0.00 GEMVs actually saved, 0.00 left to compute; compared 0.00 lanes, 0.00 floats differ, 0.00 by more than an ulp
ds4:   Metal 4: 21.66 command buffers sent, 1913.1 dispatches a token; 0 pieces of Metal 3 work so far
ds4:   Metal 4 a token: encoders 140.5 serial + 123.6 concurrent; barriers 1604.1 after a dispatch, 25.0 at copies, 73.0 from the engine, 21.7 opening and 21.7 ending an encoder; 264.1 table clears, 7795.0 setBuffer, 2197.7 setBytes (195941 B); 1913.1 dispatches, 12.5 copies; 21.66 blocking waits, 55.40 ms; 242.5 section barriers
ds4:   expert cache over the last 64 tokens: 240.00 hits, 5.22 misses, 5.22 evictions a token; 8880 of 8880 entries live (100.0%)
ds4:   of the address-table holes repaired a token: 0.00 already resident, 5.22 genuinely absent
ds4:   of the repair a token: readahead 2.89 ms, slot preparation 0.30 ms, reads 2.63 ms, install 0.01 ms, over 5.22 loads
ds4:   Engram rows written at step start in 6080 steps; layer-13 drains 0
ds4:   residency a token: 0.00 adds, 0.00 removes, 0.00 commits
ds4: expert cache lent the prefill headroom for decode: 8880 -> 9648 experts
ds4:   decode path so far: 6144 single-row steps (74.6 ms each inside the graph over the last 64), 0 K-row verification steps over 0 positions, 0 batch-fusion sites taken; candidate K none
ds4: gate over tokens 6081-6144: 20.31 command buffers, 9.33 aborts, 240.0 expert ids accounted, 122.51 MiB loaded a token; 0 the gate failed to switch off, 0 it could not gate
ds4:   one token, exclusive, same window: entry 0.00 + encode 1.15 + commit-to-done 53.30 + repair-load 14.53 + accounting 0.05 + tail 1.28 = 70.31 of a 73.76 ms wall, residual 3.44
ds4:   GPU busy 54.37 ms of the token's wall (the union of its buffers' spans), idle 19.39 ms
ds4:   1351.2 gated dispatches a token, 5.6 of them behind an abort; 310.2 sent plain ahead of a buffer's first validate
ds4:   encode-ahead: 9.98 segments used, 9.08 dropped, 2.94 ms a token spent encoding under the GPU
ds4:   concurrent sections: 168.31 attempted, 168.31 opened a token
ds4:   speculation: 0.00 layers a token, 0.00 lanes computed, 0.00 matched, 0.00 GEMVs actually saved, 0.00 left to compute; compared 0.00 lanes, 0.00 floats differ, 0.00 by more than an ulp
ds4:   Metal 4: 30.09 command buffers sent, 2528.4 dispatches a token; 0 pieces of Metal 3 work so far
ds4:   Metal 4 a token: encoders 189.1 serial + 168.3 concurrent; barriers 2107.6 after a dispatch, 29.1 at copies, 93.9 from the engine, 30.1 opening and 30.1 ending an encoder; 357.4 table clears, 10322.2 setBuffer, 2912.5 setBytes (259410 B); 2528.4 dispatches, 14.5 copies; 30.09 blocking waits, 53.83 ms; 327.3 section barriers
ds4:   expert cache over the last 64 tokens: 240.00 hits, 12.91 misses, 4.53 evictions a token; 9416 of 9648 entries live (97.6%)
ds4:   of the address-table holes repaired a token: 0.00 already resident, 12.91 genuinely absent
ds4:   of the repair a token: readahead 8.70 ms, slot preparation 0.20 ms, reads 5.51 ms, install 0.02 ms, over 12.91 loads
ds4:   Engram rows written at step start in 6144 steps; layer-13 drains 0
ds4:   residency a token: 0.00 adds, 0.00 removes, 0.00 commits
ds4:   decode path so far: 6208 single-row steps (68.0 ms each inside the graph over the last 64), 0 K-row verification steps over 0 positions, 0 batch-fusion sites taken; candidate K none
ds4: gate over tokens 6145-6208: 17.09 command buffers, 4.61 aborts, 240.0 expert ids accounted, 52.36 MiB loaded a token; 0 the gate failed to switch off, 0 it could not gate
ds4:   one token, exclusive, same window: entry 0.00 + encode 0.65 + commit-to-done 55.52 + repair-load 6.18 + accounting 0.05 + tail 2.01 = 64.41 of a 67.09 ms wall, residual 2.68
ds4:   GPU busy 58.23 ms of the token's wall (the union of its buffers' spans), idle 8.86 ms
ds4:   1316.5 gated dispatches a token, 1.9 of them behind an abort; 163.2 sent plain ahead of a buffer's first validate
ds4:   encode-ahead: 11.48 segments used, 4.48 dropped, 2.40 ms a token spent encoding under the GPU
ds4:   concurrent sections: 123.88 attempted, 123.88 opened a token
ds4:   speculation: 0.00 layers a token, 0.00 lanes computed, 0.00 matched, 0.00 GEMVs actually saved, 0.00 left to compute; compared 0.00 lanes, 0.00 floats differ, 0.00 by more than an ulp
ds4:   Metal 4: 22.58 command buffers sent, 1923.5 dispatches a token; 0 pieces of Metal 3 work so far
ds4:   Metal 4 a token: encoders 141.8 serial + 123.9 concurrent; barriers 1613.8 after a dispatch, 23.6 at copies, 73.3 from the engine, 22.6 opening and 22.6 ending an encoder; 265.7 table clears, 7833.8 setBuffer, 2209.0 setBytes (196926 B); 1923.5 dispatches, 11.8 copies; 22.58 blocking waits, 56.90 ms; 243.1 section barriers
ds4:   expert cache over the last 64 tokens: 240.00 hits, 5.52 misses, 1.89 evictions a token; 9648 of 9648 entries live (100.0%)
ds4:   of the address-table holes repaired a token: 0.00 already resident, 5.52 genuinely absent
ds4:   of the repair a token: readahead 3.35 ms, slot preparation 0.12 ms, reads 2.67 ms, install 0.01 ms, over 5.52 loads
ds4:   Engram rows written at step start in 6208 steps; layer-13 drains 0
ds4:   residency a token: 0.00 adds, 0.00 removes, 0.00 commits
ds4:   decode path so far: 6272 single-row steps (64.4 ms each inside the graph over the last 64), 0 K-row verification steps over 0 positions, 0 batch-fusion sites taken; candidate K none
ds4: gate over tokens 6209-6272: 15.89 command buffers, 2.77 aborts, 240.0 expert ids accounted, 28.48 MiB loaded a token; 0 the gate failed to switch off, 0 it could not gate
ds4:   one token, exclusive, same window: entry 0.00 + encode 0.39 + commit-to-done 55.44 + repair-load 3.40 + accounting 0.05 + tail 2.01 = 61.29 of a 63.54 ms wall, residual 2.25
ds4:   GPU busy 58.30 ms of the token's wall (the union of its buffers' spans), idle 5.24 ms
ds4:   1301.9 gated dispatches a token, 2.3 of them behind an abort; 103.7 sent plain ahead of a buffer's first validate
ds4:   encode-ahead: 12.12 segments used, 2.66 dropped, 2.07 ms a token spent encoding under the GPU
ds4:   concurrent sections: 106.03 attempted, 106.03 opened a token
ds4:   speculation: 0.00 layers a token, 0.00 lanes computed, 0.00 matched, 0.00 GEMVs actually saved, 0.00 left to compute; compared 0.00 lanes, 0.00 floats differ, 0.00 by more than an ulp
ds4:   Metal 4: 19.55 command buffers sent, 1675.1 dispatches a token; 0 pieces of Metal 3 work so far
ds4:   Metal 4 a token: encoders 122.8 serial + 106.0 concurrent; barriers 1410.1 after a dispatch, 21.1 at copies, 65.0 from the engine, 19.5 opening and 19.5 ending an encoder; 228.8 table clears, 6820.1 setBuffer, 1920.9 setBytes (171474 B); 1675.1 dispatches, 10.6 copies; 19.55 blocking waits, 56.83 ms; 209.3 section barriers
ds4:   expert cache over the last 64 tokens: 240.00 hits, 3.00 misses, 3.00 evictions a token; 9648 of 9648 entries live (100.0%)
ds4:   of the address-table holes repaired a token: 0.00 already resident, 3.00 genuinely absent
ds4:   of the repair a token: readahead 1.70 ms, slot preparation 0.18 ms, reads 1.49 ms, install 0.01 ms, over 3.00 loads
ds4:   Engram rows written at step start in 6272 steps; layer-13 drains 0
ds4:   residency a token: 0.00 adds, 0.00 removes, 0.00 commits
ds4:   decode path so far: 6336 single-row steps (65.1 ms each inside the graph over the last 64), 0 K-row verification steps over 0 positions, 0 batch-fusion sites taken; candidate K none
ds4: gate over tokens 6273-6336: 15.66 command buffers, 2.38 aborts, 240.0 expert ids accounted, 23.58 MiB loaded a token; 0 the gate failed to switch off, 0 it could not gate
ds4:   one token, exclusive, same window: entry 0.00 + encode 0.38 + commit-to-done 55.47 + repair-load 3.90 + accounting 0.05 + tail 2.02 = 61.82 of a 64.11 ms wall, residual 2.28
ds4:   GPU busy 58.43 ms of the token's wall (the union of its buffers' spans), idle 5.67 ms
ds4:   1302.0 gated dispatches a token, 4.7 of them behind an abort; 92.4 sent plain ahead of a buffer's first validate
ds4:   encode-ahead: 12.28 segments used, 2.20 dropped, 2.12 ms a token spent encoding under the GPU
ds4:   concurrent sections: 102.09 attempted, 102.09 opened a token
ds4:   speculation: 0.00 layers a token, 0.00 lanes computed, 0.00 matched, 0.00 GEMVs actually saved, 0.00 left to compute; compared 0.00 lanes, 0.00 floats differ, 0.00 by more than an ulp
ds4:   Metal 4: 18.86 command buffers sent, 1622.8 dispatches a token; 0 pieces of Metal 3 work so far
ds4:   Metal 4 a token: encoders 118.6 serial + 102.1 concurrent; barriers 1367.6 after a dispatch, 21.1 at copies, 63.2 from the engine, 18.9 opening and 18.9 ending an encoder; 220.7 table clears, 6600.1 setBuffer, 1859.8 setBytes (165905 B); 1622.8 dispatches, 10.5 copies; 18.86 blocking waits, 56.89 ms; 201.8 section barriers
ds4:   expert cache over the last 64 tokens: 240.00 hits, 2.48 misses, 2.48 evictions a token; 9648 of 9648 entries live (100.0%)
ds4:   of the address-table holes repaired a token: 0.00 already resident, 2.48 genuinely absent
ds4:   of the repair a token: readahead 2.53 ms, slot preparation 0.17 ms, reads 1.18 ms, install 0.01 ms, over 2.48 loads
ds4:   Engram rows written at step start in 6336 steps; layer-13 drains 0
ds4:   residency a token: 0.00 adds, 0.00 removes, 0.00 commits
ds4:   decode path so far: 6400 single-row steps (66.0 ms each inside the graph over the last 64), 0 K-row verification steps over 0 positions, 0 batch-fusion sites taken; candidate K none
ds4: gate over tokens 6337-6400: 16.45 command buffers, 3.69 aborts, 240.0 expert ids accounted, 39.75 MiB loaded a token; 0 the gate failed to switch off, 0 it could not gate
ds4:   one token, exclusive, same window: entry 0.00 + encode 0.48 + commit-to-done 55.34 + repair-load 4.67 + accounting 0.05 + tail 2.01 = 62.54 of a 64.94 ms wall, residual 2.40
ds4:   GPU busy 57.98 ms of the token's wall (the union of its buffers' spans), idle 6.96 ms
ds4:   1299.4 gated dispatches a token, 3.8 of them behind an abort; 133.1 sent plain ahead of a buffer's first validate
ds4:   encode-ahead: 11.77 segments used, 3.45 dropped, 2.15 ms a token spent encoding under the GPU
ds4:   concurrent sections: 113.25 attempted, 113.25 opened a token
ds4:   speculation: 0.00 layers a token, 0.00 lanes computed, 0.00 matched, 0.00 GEMVs actually saved, 0.00 left to compute; compared 0.00 lanes, 0.00 floats differ, 0.00 by more than an ulp
ds4:   Metal 4: 20.91 command buffers sent, 1772.7 dispatches a token; 0 pieces of Metal 3 work so far
ds4:   Metal 4 a token: encoders 130.5 serial + 113.2 concurrent; barriers 1489.5 after a dispatch, 23.4 at copies, 68.2 from the engine, 20.9 opening and 20.9 ending an encoder; 243.7 table clears, 7216.0 setBuffer, 2034.2 setBytes (181428 B); 1772.7 dispatches, 11.7 copies; 20.91 blocking waits, 56.75 ms; 222.8 section barriers
ds4:   expert cache over the last 64 tokens: 239.98 hits, 4.19 misses, 4.19 evictions a token; 9648 of 9648 entries live (100.0%)
ds4:   of the address-table holes repaired a token: 0.00 already resident, 4.19 genuinely absent
ds4:   of the repair a token: readahead 2.41 ms, slot preparation 0.23 ms, reads 1.97 ms, install 0.01 ms, over 4.19 loads
ds4:   Engram rows written at step start in 6400 steps; layer-13 drains 0
ds4:   residency a token: 0.00 adds, 0.00 removes, 0.00 commits
ds4:   decode path so far: 6464 single-row steps (64.4 ms each inside the graph over the last 64), 0 K-row verification steps over 0 positions, 0 batch-fusion sites taken; candidate K none
ds4: gate over tokens 6401-6464: 15.59 command buffers, 2.33 aborts, 240.0 expert ids accounted, 23.29 MiB loaded a token; 0 the gate failed to switch off, 0 it could not gate
ds4:   one token, exclusive, same window: entry 0.00 + encode 0.36 + commit-to-done 56.06 + repair-load 2.82 + accounting 0.05 + tail 2.02 = 61.31 of a 63.53 ms wall, residual 2.21
ds4:   GPU busy 59.05 ms of the token's wall (the union of its buffers' spans), idle 4.48 ms
ds4:   1303.8 gated dispatches a token, 0.9 of them behind an abort; 92.0 sent plain ahead of a buffer's first validate
ds4:   encode-ahead: 12.27 segments used, 2.28 dropped, 2.05 ms a token spent encoding under the GPU
ds4:   concurrent sections: 102.12 attempted, 102.12 opened a token
ds4:   speculation: 0.00 layers a token, 0.00 lanes computed, 0.00 matched, 0.00 GEMVs actually saved, 0.00 left to compute; compared 0.00 lanes, 0.00 floats differ, 0.00 by more than an ulp
ds4:   Metal 4: 18.88 command buffers sent, 1622.7 dispatches a token; 0 pieces of Metal 3 work so far
ds4:   Metal 4 a token: encoders 118.7 serial + 102.1 concurrent; barriers 1367.4 after a dispatch, 21.2 at copies, 63.3 from the engine, 18.9 opening and 18.9 ending an encoder; 220.8 table clears, 6602.8 setBuffer, 1859.8 setBytes (165921 B); 1622.7 dispatches, 10.6 copies; 18.88 blocking waits, 57.51 ms; 201.9 section barriers
ds4:   expert cache over the last 64 tokens: 239.98 hits, 2.45 misses, 2.45 evictions a token; 9648 of 9648 entries live (100.0%)
ds4:   of the address-table holes repaired a token: 0.00 already resident, 2.45 genuinely absent
ds4:   of the repair a token: readahead 1.41 ms, slot preparation 0.17 ms, reads 1.23 ms, install 0.01 ms, over 2.45 loads
ds4:   Engram rows written at step start in 6464 steps; layer-13 drains 0
ds4:   residency a token: 0.00 adds, 0.00 removes, 0.00 commits
ds4:   decode path so far: 6528 single-row steps (69.4 ms each inside the graph over the last 64), 0 K-row verification steps over 0 positions, 0 batch-fusion sites taken; candidate K none
ds4: gate over tokens 6465-6528: 17.55 command buffers, 5.05 aborts, 240.0 expert ids accounted, 65.11 MiB loaded a token; 0 the gate failed to switch off, 0 it could not gate
ds4:   one token, exclusive, same window: entry 0.00 + encode 0.62 + commit-to-done 54.88 + repair-load 8.36 + accounting 0.05 + tail 1.96 = 65.88 of a 68.46 ms wall, residual 2.58
ds4:   GPU busy 57.17 ms of the token's wall (the union of its buffers' spans), idle 11.29 ms
ds4:   1331.2 gated dispatches a token, 5.2 of them behind an abort; 174.8 sent plain ahead of a buffer's first validate
ds4:   encode-ahead: 11.50 segments used, 4.75 dropped, 2.28 ms a token spent encoding under the GPU
ds4:   concurrent sections: 127.12 attempted, 127.12 opened a token
ds4:   speculation: 0.00 layers a token, 0.00 lanes computed, 0.00 matched, 0.00 GEMVs actually saved, 0.00 left to compute; compared 0.00 lanes, 0.00 floats differ, 0.00 by more than an ulp
ds4:   Metal 4: 23.30 command buffers sent, 1961.5 dispatches a token; 0 pieces of Metal 3 work so far
ds4:   Metal 4 a token: encoders 145.4 serial + 127.1 concurrent; barriers 1643.6 after a dispatch, 25.7 at copies, 74.8 from the engine, 23.3 opening and 23.3 ending an encoder; 272.5 table clears, 7998.2 setBuffer, 2253.9 setBytes (201156 B); 1961.5 dispatches, 12.8 copies; 23.30 blocking waits, 56.22 ms; 249.2 section barriers
ds4:   expert cache over the last 64 tokens: 239.97 hits, 6.86 misses, 6.86 evictions a token; 9648 of 9648 entries live (100.0%)
ds4:   of the address-table holes repaired a token: 0.00 already resident, 6.86 genuinely absent
ds4:   of the repair a token: readahead 4.99 ms, slot preparation 0.25 ms, reads 2.96 ms, install 0.01 ms, over 6.86 loads
ds4:   Engram rows written at step start in 6528 steps; layer-13 drains 0
ds4:   residency a token: 0.00 adds, 0.00 removes, 0.00 commits
ds4:   decode path so far: 6592 single-row steps (63.6 ms each inside the graph over the last 64), 0 K-row verification steps over 0 positions, 0 batch-fusion sites taken; candidate K none
ds4: gate over tokens 6529-6592: 15.67 command buffers, 2.67 aborts, 240.0 expert ids accounted, 26.55 MiB loaded a token; 0 the gate failed to switch off, 0 it could not gate
ds4:   one token, exclusive, same window: entry 0.00 + encode 0.38 + commit-to-done 54.65 + repair-load 3.26 + accounting 0.05 + tail 1.99 = 60.33 of a 62.55 ms wall, residual 2.22
ds4:   GPU busy 57.49 ms of the token's wall (the union of its buffers' spans), idle 5.05 ms
ds4:   1289.2 gated dispatches a token, 1.4 of them behind an abort; 98.9 sent plain ahead of a buffer's first validate
ds4:   encode-ahead: 12.00 segments used, 2.52 dropped, 2.04 ms a token spent encoding under the GPU
ds4:   concurrent sections: 103.56 attempted, 103.56 opened a token
ds4:   speculation: 0.00 layers a token, 0.00 lanes computed, 0.00 matched, 0.00 GEMVs actually saved, 0.00 left to compute; compared 0.00 lanes, 0.00 floats differ, 0.00 by more than an ulp
ds4:   Metal 4: 19.19 command buffers sent, 1639.9 dispatches a token; 0 pieces of Metal 3 work so far
ds4:   Metal 4 a token: encoders 120.1 serial + 103.6 concurrent; barriers 1381.0 after a dispatch, 21.5 at copies, 63.6 from the engine, 19.2 opening and 19.2 ending an encoder; 223.6 table clears, 6670.5 setBuffer, 1880.0 setBytes (167697 B); 1639.9 dispatches, 10.8 copies; 19.19 blocking waits, 56.06 ms; 204.5 section barriers
ds4:   expert cache over the last 64 tokens: 239.98 hits, 2.80 misses, 2.80 evictions a token; 9648 of 9648 entries live (100.0%)
ds4:   of the address-table holes repaired a token: 0.00 already resident, 2.80 genuinely absent
ds4:   of the repair a token: readahead 1.51 ms, slot preparation 0.18 ms, reads 1.54 ms, install 0.01 ms, over 2.80 loads
ds4:   Engram rows written at step start in 6592 steps; layer-13 drains 0
ds4:   residency a token: 0.00 adds, 0.00 removes, 0.00 commits
ds4: V4.1 static context buffers 3435.75 MiB (ctx=8192), Engram disk-only
ds4: expert cache lent the prefill headroom for decode: 8880 -> 9648 experts
ds4: Metal 4 command buffer 125211 failed: Error Domain=ds4.injected Code=1 "injected failure" UserInfo={NSLocalizedDescription=injected failure}
ds4: V4.1 static context buffers 3435.75 MiB (ctx=8192), Engram disk-only
ds4: Metal 4 command buffer 125213 failed: Error Domain=ds4.injected Code=1 "injected failure" UserInfo={NSLocalizedDescription=injected failure}
ds4: V4.1 static context buffers 3435.75 MiB (ctx=8192), Engram disk-only
ds4:   decode path so far: 6658 single-row steps (68.1 ms each inside the graph over the last 66), 0 K-row verification steps over 0 positions, 0 batch-fusion sites taken; candidate K none
ds4: gate over tokens 6593-6656: 19.95 command buffers, 8.81 aborts, 240.0 expert ids accounted, 111.24 MiB loaded a token; 0 the gate failed to switch off, 0 it could not gate
ds4:   one token, exclusive, same window: entry 0.00 + encode 1.04 + commit-to-done 51.37 + repair-load 12.25 + accounting 0.57 + tail 0.90 = 66.12 of a 69.36 ms wall, residual 3.24
ds4:   GPU busy 52.29 ms of the token's wall (the union of its buffers' spans), idle 17.07 ms
ds4:   1335.2 gated dispatches a token, 10.3 of them behind an abort; 290.5 sent plain ahead of a buffer's first validate
ds4:   encode-ahead: 10.14 segments used, 8.30 dropped, 2.67 ms a token spent encoding under the GPU
ds4:   concurrent sections: 161.59 attempted, 161.59 opened a token
ds4:   speculation: 0.00 layers a token, 0.00 lanes computed, 0.00 matched, 0.00 GEMVs actually saved, 0.00 left to compute; compared 0.00 lanes, 0.00 floats differ, 0.00 by more than an ulp
ds4:   Metal 4: 28.77 command buffers sent, 2394.1 dispatches a token; 0 pieces of Metal 3 work so far
ds4:   Metal 4 a token: encoders 181.5 serial + 161.6 concurrent; barriers 1990.1 after a dispatch, 29.2 at copies, 90.5 from the engine, 28.8 opening and 28.8 ending an encoder; 343.1 table clears, 9925.7 setBuffer, 2763.0 setBytes (251138 B); 2394.1 dispatches, 14.6 copies; 28.77 blocking waits, 51.72 ms; 314.4 section barriers
ds4:   expert cache over the last 64 tokens: 239.73 hits, 11.72 misses, 23.72 evictions a token; 8880 of 8880 entries live (100.0%)
ds4:   of the address-table holes repaired a token: 0.00 already resident, 11.72 genuinely absent
ds4:   of the repair a token: readahead 5.21 ms, slot preparation 0.40 ms, reads 6.37 ms, install 0.02 ms, over 11.72 loads
ds4:   Engram rows written at step start in 6658 steps; layer-13 drains 0
ds4:   residency a token: 0.00 adds, 0.00 removes, 0.00 commits
ds4: expert cache lent the prefill headroom for decode: 8880 -> 9648 experts
ds4:   decode path so far: 6722 single-row steps (64.9 ms each inside the graph over the last 64), 0 K-row verification steps over 0 positions, 0 batch-fusion sites taken; candidate K none
ds4: gate over tokens 6657-6720: 18.36 command buffers, 6.62 aborts, 240.0 expert ids accounted, 76.09 MiB loaded a token; 0 the gate failed to switch off, 0 it could not gate
ds4:   one token, exclusive, same window: entry 0.00 + encode 0.76 + commit-to-done 50.05 + repair-load 9.39 + accounting 0.05 + tail 1.38 = 61.62 of a 64.33 ms wall, residual 2.70
ds4:   GPU busy 51.76 ms of the token's wall (the union of its buffers' spans), idle 12.57 ms
ds4:   1298.6 gated dispatches a token, 5.2 of them behind an abort; 221.8 sent plain ahead of a buffer's first validate
ds4:   encode-ahead: 10.73 segments used, 6.33 dropped, 2.39 ms a token spent encoding under the GPU
ds4:   concurrent sections: 140.22 attempted, 140.22 opened a token
ds4:   speculation: 0.00 layers a token, 0.00 lanes computed, 0.00 matched, 0.00 GEMVs actually saved, 0.00 left to compute; compared 0.00 lanes, 0.00 floats differ, 0.00 by more than an ulp
ds4:   Metal 4: 25.45 command buffers sent, 2100.4 dispatches a token; 0 pieces of Metal 3 work so far
ds4:   Metal 4 a token: encoders 159.0 serial + 140.2 concurrent; barriers 1749.9 after a dispatch, 27.0 at copies, 80.5 from the engine, 25.5 opening and 25.5 ending an encoder; 299.3 table clears, 8731.6 setBuffer, 2421.6 setBytes (221397 B); 2100.4 dispatches, 13.5 copies; 25.45 blocking waits, 50.78 ms; 273.8 section barriers
ds4:   expert cache over the last 64 tokens: 240.00 hits, 8.02 misses, 0.00 evictions a token; 9393 of 9648 entries live (97.4%)
ds4:   of the address-table holes repaired a token: 0.00 already resident, 8.02 genuinely absent
ds4:   of the repair a token: readahead 5.53 ms, slot preparation 0.01 ms, reads 3.82 ms, install 0.01 ms, over 8.02 loads
ds4:   Engram rows written at step start in 6722 steps; layer-13 drains 0
ds4:   residency a token: 0.00 adds, 0.00 removes, 0.00 commits
ds4:   decode path so far: 6786 single-row steps (66.5 ms each inside the graph over the last 64), 0 K-row verification steps over 0 positions, 0 batch-fusion sites taken; candidate K none
ds4: gate over tokens 6721-6784: 18.34 command buffers, 6.72 aborts, 240.0 expert ids accounted, 72.53 MiB loaded a token; 0 the gate failed to switch off, 0 it could not gate
ds4:   one token, exclusive, same window: entry 0.00 + encode 0.83 + commit-to-done 51.62 + repair-load 8.32 + accounting 0.05 + tail 1.98 = 62.79 of a 65.71 ms wall, residual 2.91
ds4:   GPU busy 54.12 ms of the token's wall (the union of its buffers' spans), idle 11.59 ms
ds4:   1303.5 gated dispatches a token, 4.7 of them behind an abort; 230.0 sent plain ahead of a buffer's first validate
ds4:   encode-ahead: 10.62 segments used, 6.48 dropped, 2.50 ms a token spent encoding under the GPU
ds4:   concurrent sections: 142.16 attempted, 142.16 opened a token
ds4:   speculation: 0.00 layers a token, 0.00 lanes computed, 0.00 matched, 0.00 GEMVs actually saved, 0.00 left to compute; compared 0.00 lanes, 0.00 floats differ, 0.00 by more than an ulp
ds4:   Metal 4: 25.83 command buffers sent, 2144.4 dispatches a token; 0 pieces of Metal 3 work so far
ds4:   Metal 4 a token: encoders 161.3 serial + 142.2 concurrent; barriers 1789.0 after a dispatch, 28.7 at copies, 81.5 from the engine, 25.8 opening and 25.8 ending an encoder; 303.4 table clears, 8883.7 setBuffer, 2470.2 setBytes (224995 B); 2144.4 dispatches, 14.3 copies; 25.83 blocking waits, 52.98 ms; 277.6 section barriers
ds4:   expert cache over the last 64 tokens: 240.00 hits, 7.64 misses, 3.66 evictions a token; 9648 of 9648 entries live (100.0%)
ds4:   of the address-table holes repaired a token: 0.00 already resident, 7.64 genuinely absent
ds4:   of the repair a token: readahead 4.26 ms, slot preparation 0.22 ms, reads 3.79 ms, install 0.02 ms, over 7.64 loads
ds4:   Engram rows written at step start in 6786 steps; layer-13 drains 0
ds4:   residency a token: 0.00 adds, 0.00 removes, 0.00 commits
ds4: backend test Metal 4 owned batch                    commit=1
ds4: backend test Metal 4 encoder batch                  encoder=12114616
ds4: backend test Metal 4 segment                        commit=129058
ds4: backend test Metal 4 wait                           wait=129058
ds4: backend test Metal 4 tensor_copy                    blit=99792
ds4: backend test Metal 4 tensor_read                    readback=5264
ds4: backend test Metal 4 expert_cache_fill              blit=7030
ds4: backend test totals over 0 tokens (selected Metal 4): M3 commit=0 wait=0 signal=0 evwait=0 blit=0 encoder=0 readback=0 M4 commit=129059 wait=129058 signal=0 evwait=0 blit=106822 encoder=12114616 readback=5264; Metal 3 fallback 0; site table overflow 0
ds4: backend test boundary flush          pc 0x10008f58c 106884
ds4: backend test boundary flush          pc 0x10008f968 99276
ds4: backend test boundary wait mark      pc 0x10008f948 99276
ds4: backend test boundary wait           pc 0x10008fa58 16505
ds4: backend test boundary wait           pc 0x10008f9ac 7608
ds4: backend test boundary end            pc 0x100090b08 6802
ds4: backend test boundary end            pc 0x100095ee8 5264
ds4: backend test boundary end            pc 0x100136fac 160
ds4: backend test boundary end            pc 0x100138250 160
ds4: backend test boundary end            pc 0x100138a54 80
ds4: backend test boundary end            pc 0x10013a76c 2
ds4: backend test Metal 4 feedback after completion: 127423 waits, 1787.178 ms
ds4: backend test Metal 3 command execution after Metal 4 selection: 0 (refused 1); Metal 3 queues created before selection 1, after 0; full expert address table uses 0, asked under Metal 4 0
ds4: backend test background: keepalive M3 0 M4 514, pacer M3 0 M4 0 (cumulative)
ds4: Metal device Apple M5 Max, 128.00 GiB RAM
ds4: Metal 4 tensor API enabled for Tensor kernels
ds4: drift-patch flags hc_stable=on norm_unify=on kv_raw_f32=off rope_exp2_log2=off math_safe=off tensor_matmul=on
ds4: V4.1 SSD cache fitted from 10268 to 9648 experts for context/runtime headroom
ds4: Metal backend: Metal 4
ds4: Metal SSD streaming mode enabled; full model residency and warmup are skipped
ds4: metal SSD streaming cache target 89.43 GiB; effective 89.43 GiB = 7.12 GiB prefill headroom + 82.32 GiB dynamic cache (8880 experts, 9.49 MiB each)
ds4: Metal SSD static weights remain pageable to preserve runtime headroom
ds4: SSD streaming initial metal model map (569 spans, 9.37 GiB tensor span)
ds4: metal backend initialized for graph diagnostics
ds4: memory: KV 0.06 GiB (raw 0.01 + compressed 0.05) + buffers 3.30 GiB + resident model 9.37 GiB + expert cache 82.32 GiB + prefill expert reserve 7.12 GiB = 102.16 GiB planned
ds4: memory detail: ctx=8192 prefill_cap=4096 raw_kv_rows=128 compressed_kv_rows=8193 backend=metal
ds4: V4.1 static context buffers 3435.75 MiB (ctx=8192), Engram disk-only
ds4: warning: streaming expert cache could not mlock all buffers
ds4:   requested cache: 8880 experts / 82.32 GiB
ds4:   locked so far:   4.00 GiB
ds4:   failed buffer:   9.50 MiB (Resource temporarily unavailable)
ds4:   macOS may page unlocked expert buffers, causing poor or unstable speed
ds4:   using locked cache cap: 215 experts / 1.99 GiB
ds4:   try: --ssd-streaming-cache-experts 2GB
ds4:   released locked cache margin: 44 experts / 0.41 GiB; runtime cache cap now 215 experts
ds4: expert cache lent the prefill headroom for decode: 8880 -> 9648 experts
ds4:   decode path so far: 6850 single-row steps (430.9 ms each inside the graph over the last 64), 0 K-row verification steps over 0 positions, 0 batch-fusion sites taken; candidate K none
ds4: gate over tokens 6785-6848: 36.06 command buffers, 31.59 aborts, 240.0 expert ids accounted, 1276.85 MiB loaded a token; 0 the gate failed to switch off, 0 it could not gate
ds4:   one token, exclusive, same window: entry 0.00 + encode 3.56 + commit-to-done 66.66 + repair-load 139.11 + accounting 0.12 + tail 14.86 = 224.31 of a 437.63 ms wall, residual 213.32
ds4:   GPU busy 87.43 ms of the token's wall (the union of its buffers' spans), idle 350.20 ms
ds4:   1562.0 gated dispatches a token, 23.0 of them behind an abort; 987.3 sent plain ahead of a buffer's first validate
ds4:   encode-ahead: 3.47 segments used, 30.02 dropped, 194.43 ms a token spent encoding under the GPU
ds4:   concurrent sections: 376.69 attempted, 376.69 opened a token
ds4:   speculation: 0.00 layers a token, 0.00 lanes computed, 0.00 matched, 0.00 GEMVs actually saved, 0.00 left to compute; compared 0.00 lanes, 0.00 floats differ, 0.00 by more than an ulp
ds4:   Metal 4: 66.69 command buffers sent, 5304.4 dispatches a token; 0 pieces of Metal 3 work so far
ds4:   Metal 4 a token: encoders 411.8 serial + 376.7 concurrent; barriers 4362.6 after a dispatch, 62.2 at copies, 190.2 from the engine, 66.7 opening and 66.7 ending an encoder; 788.5 table clears, 22093.4 setBuffer, 6150.4 setBytes (559816 B); 5304.4 dispatches, 31.1 copies; 66.69 blocking waits, 58.02 ms; 721.8 section barriers
ds4:   expert cache over the last 64 tokens: 288230376151686208.00 hits, 288230376151711328.00 misses, 288230376151711488.00 evictions a token; 215 of 215 entries live (100.0%)
ds4:   of the address-table holes repaired a token: 0.00 already resident, 134.52 genuinely absent
ds4:   of the repair a token: readahead 91.22 ms, slot preparation 8.49 ms, reads 36.76 ms, install 0.18 ms, over 134.52 loads
ds4:   Engram rows written at step start in 6850 steps; layer-13 drains 0
ds4:   residency a token: 0.00 adds, 0.00 removes, 0.00 commits
ds4:   decode path so far: 6914 single-row steps (589.4 ms each inside the graph over the last 64), 0 K-row verification steps over 0 positions, 0 batch-fusion sites taken; candidate K none
ds4: gate over tokens 6849-6912: 41.95 command buffers, 39.95 aborts, 240.0 expert ids accounted, 1588.31 MiB loaded a token; 0 the gate failed to switch off, 0 it could not gate
ds4:   one token, exclusive, same window: entry 0.00 + encode 4.41 + commit-to-done 53.41 + repair-load 164.85 + accounting 0.04 + tail 58.43 = 281.14 of a 589.58 ms wall, residual 308.44
ds4:   GPU busy 99.42 ms of the token's wall (the union of its buffers' spans), idle 490.15 ms
ds4:   1634.1 gated dispatches a token, 29.9 of them behind an abort; 1242.8 sent plain ahead of a buffer's first validate
ds4:   encode-ahead: 1.00 segments used, 37.95 dropped, 282.87 ms a token spent encoding under the GPU
ds4:   concurrent sections: 455.44 attempted, 455.44 opened a token
ds4:   speculation: 0.00 layers a token, 0.00 lanes computed, 0.00 matched, 0.00 GEMVs actually saved, 0.00 left to compute; compared 0.00 lanes, 0.00 floats differ, 0.00 by more than an ulp
ds4:   Metal 4: 80.91 command buffers sent, 6352.9 dispatches a token; 0 pieces of Metal 3 work so far
ds4:   Metal 4 a token: encoders 496.4 serial + 455.4 concurrent; barriers 5214.3 after a dispatch, 73.8 at copies, 226.7 from the engine, 80.9 opening and 80.9 ending an encoder; 951.8 table clears, 26505.6 setBuffer, 7373.6 setBytes (672515 B); 6352.9 dispatches, 36.9 copies; 80.91 blocking waits, 59.96 ms; 870.9 section barriers
ds4:   expert cache over the last 64 tokens: 85.28 hits, 167.33 misses, 167.33 evictions a token; 215 of 215 entries live (100.0%)
ds4:   of the address-table holes repaired a token: 0.00 already resident, 167.33 genuinely absent
ds4:   of the repair a token: readahead 117.32 ms, slot preparation 0.02 ms, reads 43.85 ms, install 0.22 ms, over 167.33 loads
ds4:   Engram rows written at step start in 6914 steps; layer-13 drains 0
ds4:   residency a token: 0.00 adds, 0.00 removes, 0.00 commits
ds4:   decode path so far: 6978 single-row steps (613.2 ms each inside the graph over the last 64), 0 K-row verification steps over 0 positions, 0 batch-fusion sites taken; candidate K none
ds4: gate over tokens 6913-6976: 41.98 command buffers, 39.98 aborts, 240.0 expert ids accounted, 1480.63 MiB loaded a token; 0 the gate failed to switch off, 0 it could not gate
ds4:   one token, exclusive, same window: entry 0.00 + encode 4.47 + commit-to-done 55.71 + repair-load 160.55 + accounting 0.04 + tail 62.85 = 283.63 of a 612.43 ms wall, residual 328.80
ds4:   GPU busy 101.25 ms of the token's wall (the union of its buffers' spans), idle 511.18 ms
ds4:   1666.1 gated dispatches a token, 30.7 of them behind an abort; 1272.1 sent plain ahead of a buffer's first validate
ds4:   encode-ahead: 1.00 segments used, 37.98 dropped, 303.09 ms a token spent encoding under the GPU
ds4:   concurrent sections: 455.88 attempted, 455.88 opened a token
ds4:   speculation: 0.00 layers a token, 0.00 lanes computed, 0.00 matched, 0.00 GEMVs actually saved, 0.00 left to compute; compared 0.00 lanes, 0.00 floats differ, 0.00 by more than an ulp
ds4:   Metal 4: 80.97 command buffers sent, 6501.3 dispatches a token; 0 pieces of Metal 3 work so far
ds4:   Metal 4 a token: encoders 496.9 serial + 455.9 concurrent; barriers 5361.6 after a dispatch, 74.0 at copies, 226.9 from the engine, 81.0 opening and 81.0 ending an encoder; 952.7 table clears, 26818.0 setBuffer, 7523.1 setBytes (673864 B); 6501.3 dispatches, 37.0 copies; 80.97 blocking waits, 60.70 ms; 871.8 section barriers
ds4:   expert cache over the last 64 tokens: 95.52 hits, 155.98 misses, 155.98 evictions a token; 215 of 215 entries live (100.0%)
ds4:   of the address-table holes repaired a token: 0.00 already resident, 155.98 genuinely absent
ds4:   of the repair a token: readahead 113.53 ms, slot preparation 0.03 ms, reads 43.39 ms, install 0.21 ms, over 155.98 loads
ds4:   Engram rows written at step start in 6978 steps; layer-13 drains 0
ds4:   residency a token: 0.00 adds, 0.00 removes, 0.00 commits
ds4:   decode path so far: 7042 single-row steps (650.5 ms each inside the graph over the last 64), 0 K-row verification steps over 0 positions, 0 batch-fusion sites taken; candidate K none
ds4: gate over tokens 6977-7040: 41.94 command buffers, 39.94 aborts, 240.0 expert ids accounted, 1480.93 MiB loaded a token; 0 the gate failed to switch off, 0 it could not gate
ds4:   one token, exclusive, same window: entry 0.00 + encode 4.55 + commit-to-done 54.73 + repair-load 165.50 + accounting 0.04 + tail 66.11 = 290.93 of a 650.30 ms wall, residual 359.37
ds4:   GPU busy 101.31 ms of the token's wall (the union of its buffers' spans), idle 548.99 ms
ds4:   1674.0 gated dispatches a token, 31.0 of them behind an abort; 1279.9 sent plain ahead of a buffer's first validate
ds4:   encode-ahead: 1.00 segments used, 37.94 dropped, 333.70 ms a token spent encoding under the GPU
ds4:   concurrent sections: 455.25 attempted, 455.25 opened a token
ds4:   speculation: 0.00 layers a token, 0.00 lanes computed, 0.00 matched, 0.00 GEMVs actually saved, 0.00 left to compute; compared 0.00 lanes, 0.00 floats differ, 0.00 by more than an ulp
ds4:   Metal 4: 80.88 command buffers sent, 6538.5 dispatches a token; 0 pieces of Metal 3 work so far
ds4:   Metal 4 a token: encoders 496.2 serial + 455.2 concurrent; barriers 5400.4 after a dispatch, 74.0 at copies, 226.6 from the engine, 80.9 opening and 80.9 ending an encoder; 951.4 table clears, 26871.7 setBuffer, 7558.8 setBytes (673046 B); 6538.5 dispatches, 37.0 copies; 80.88 blocking waits, 59.71 ms; 870.6 section barriers
ds4:   expert cache over the last 64 tokens: 95.73 hits, 156.02 misses, 156.02 evictions a token; 215 of 215 entries live (100.0%)
ds4:   of the address-table holes repaired a token: 0.00 already resident, 156.02 genuinely absent
ds4:   of the repair a token: readahead 116.66 ms, slot preparation 0.04 ms, reads 45.23 ms, install 0.21 ms, over 156.02 loads
ds4:   Engram rows written at step start in 7042 steps; layer-13 drains 0
ds4:   residency a token: 0.00 adds, 0.00 removes, 0.00 commits
ds4:   decode path so far: 7106 single-row steps (678.1 ms each inside the graph over the last 64), 0 K-row verification steps over 0 positions, 0 batch-fusion sites taken; candidate K none
ds4: gate over tokens 7041-7104: 41.81 command buffers, 39.81 aborts, 240.0 expert ids accounted, 1495.91 MiB loaded a token; 0 the gate failed to switch off, 0 it could not gate
ds4:   one token, exclusive, same window: entry 0.00 + encode 4.49 + commit-to-done 57.75 + repair-load 165.34 + accounting 0.04 + tail 76.96 = 304.60 of a 675.13 ms wall, residual 370.53
ds4:   GPU busy 102.56 ms of the token's wall (the union of its buffers' spans), idle 572.56 ms
ds4:   1668.4 gated dispatches a token, 31.0 of them behind an abort; 1275.2 sent plain ahead of a buffer's first validate
ds4:   encode-ahead: 1.00 segments used, 37.81 dropped, 344.62 ms a token spent encoding under the GPU
ds4:   concurrent sections: 453.75 attempted, 453.75 opened a token
ds4:   speculation: 0.00 layers a token, 0.00 lanes computed, 0.00 matched, 0.00 GEMVs actually saved, 0.00 left to compute; compared 0.00 lanes, 0.00 floats differ, 0.00 by more than an ulp
ds4:   Metal 4: 80.62 command buffers sent, 6514.0 dispatches a token; 0 pieces of Metal 3 work so far
ds4:   Metal 4 a token: encoders 494.6 serial + 453.8 concurrent; barriers 5379.6 after a dispatch, 74.0 at copies, 225.9 from the engine, 80.6 opening and 80.6 ending an encoder; 948.3 table clears, 26776.9 setBuffer, 7530.9 setBytes (670822 B); 6514.0 dispatches, 37.0 copies; 80.62 blocking waits, 60.39 ms; 867.7 section barriers
ds4:   expert cache over the last 64 tokens: 93.59 hits, 157.59 misses, 157.59 evictions a token; 215 of 215 entries live (100.0%)
ds4:   of the address-table holes repaired a token: 0.00 already resident, 157.59 genuinely absent
ds4:   of the repair a token: readahead 116.18 ms, slot preparation 0.06 ms, reads 45.51 ms, install 0.21 ms, over 157.59 loads
ds4:   Engram rows written at step start in 7106 steps; layer-13 drains 0
ds4:   residency a token: 0.00 adds, 0.00 removes, 0.00 commits
ds4:   decode path so far: 7170 single-row steps (683.9 ms each inside the graph over the last 64), 0 K-row verification steps over 0 positions, 0 batch-fusion sites taken; candidate K none
ds4: gate over tokens 7105-7168: 41.78 command buffers, 39.78 aborts, 240.0 expert ids accounted, 1468.62 MiB loaded a token; 0 the gate failed to switch off, 0 it could not gate
ds4:   one token, exclusive, same window: entry 0.00 + encode 4.48 + commit-to-done 56.01 + repair-load 166.16 + accounting 0.04 + tail 72.53 = 299.23 of a 682.52 ms wall, residual 383.29
ds4:   GPU busy 101.38 ms of the token's wall (the union of its buffers' spans), idle 581.14 ms
ds4:   1667.3 gated dispatches a token, 31.0 of them behind an abort; 1275.1 sent plain ahead of a buffer's first validate
ds4:   encode-ahead: 1.00 segments used, 37.78 dropped, 357.32 ms a token spent encoding under the GPU
ds4:   concurrent sections: 453.44 attempted, 453.44 opened a token
ds4:   speculation: 0.00 layers a token, 0.00 lanes computed, 0.00 matched, 0.00 GEMVs actually saved, 0.00 left to compute; compared 0.00 lanes, 0.00 floats differ, 0.00 by more than an ulp
ds4:   Metal 4: 80.56 command buffers sent, 6513.2 dispatches a token; 0 pieces of Metal 3 work so far
ds4:   Metal 4 a token: encoders 494.2 serial + 453.4 concurrent; barriers 5379.6 after a dispatch, 73.9 at copies, 225.7 from the engine, 80.6 opening and 80.6 ending an encoder; 947.7 table clears, 26766.6 setBuffer, 7529.5 setBytes (670435 B); 6513.2 dispatches, 37.0 copies; 80.56 blocking waits, 60.09 ms; 867.1 section barriers
ds4:   expert cache over the last 64 tokens: 96.28 hits, 154.72 misses, 154.72 evictions a token; 215 of 215 entries live (100.0%)
ds4:   of the address-table holes repaired a token: 0.00 already resident, 154.72 genuinely absent
ds4:   of the repair a token: readahead 118.38 ms, slot preparation 0.08 ms, reads 44.12 ms, install 0.21 ms, over 154.72 loads
ds4:   Engram rows written at step start in 7170 steps; layer-13 drains 0
ds4:   residency a token: 0.00 adds, 0.00 removes, 0.00 commits
ds4:   decode path so far: 7234 single-row steps (695.2 ms each inside the graph over the last 64), 0 K-row verification steps over 0 positions, 0 batch-fusion sites taken; candidate K none
ds4: gate over tokens 7169-7232: 41.89 command buffers, 39.88 aborts, 240.0 expert ids accounted, 1505.25 MiB loaded a token; 0 the gate failed to switch off, 0 it could not gate
ds4:   one token, exclusive, same window: entry 0.00 + encode 4.49 + commit-to-done 57.44 + repair-load 164.67 + accounting 0.04 + tail 76.63 = 303.27 of a 699.67 ms wall, residual 396.40
ds4:   GPU busy 101.43 ms of the token's wall (the union of its buffers' spans), idle 598.24 ms
ds4:   1672.7 gated dispatches a token, 31.0 of them behind an abort; 1277.3 sent plain ahead of a buffer's first validate
ds4:   encode-ahead: 1.02 segments used, 37.88 dropped, 370.55 ms a token spent encoding under the GPU
ds4:   concurrent sections: 454.59 attempted, 454.59 opened a token
ds4:   speculation: 0.00 layers a token, 0.00 lanes computed, 0.00 matched, 0.00 GEMVs actually saved, 0.00 left to compute; compared 0.00 lanes, 0.00 floats differ, 0.00 by more than an ulp
ds4:   Metal 4: 80.77 command buffers sent, 6526.4 dispatches a token; 0 pieces of Metal 3 work so far
ds4:   Metal 4 a token: encoders 495.5 serial + 454.6 concurrent; barriers 5389.9 after a dispatch, 74.0 at copies, 226.3 from the engine, 80.8 opening and 80.8 ending an encoder; 950.1 table clears, 26827.9 setBuffer, 7545.2 setBytes (672091 B); 6526.4 dispatches, 37.0 copies; 80.77 blocking waits, 60.06 ms; 869.3 section barriers
ds4:   expert cache over the last 64 tokens: 92.78 hits, 158.58 misses, 158.58 evictions a token; 215 of 215 entries live (100.0%)
ds4:   of the address-table holes repaired a token: 0.00 already resident, 158.58 genuinely absent
ds4:   of the repair a token: readahead 117.17 ms, slot preparation 0.07 ms, reads 43.82 ms, install 0.21 ms, over 158.58 loads
ds4:   Engram rows written at step start in 7234 steps; layer-13 drains 0
ds4:   residency a token: 0.00 adds, 0.00 removes, 0.00 commits
ds4:   decode path so far: 7298 single-row steps (700.5 ms each inside the graph over the last 64), 0 K-row verification steps over 0 positions, 0 batch-fusion sites taken; candidate K none
ds4: gate over tokens 7233-7296: 41.94 command buffers, 39.94 aborts, 240.0 expert ids accounted, 1503.92 MiB loaded a token; 0 the gate failed to switch off, 0 it could not gate
ds4:   one token, exclusive, same window: entry 0.00 + encode 4.51 + commit-to-done 58.38 + repair-load 163.39 + accounting 0.04 + tail 80.33 = 306.65 of a 691.66 ms wall, residual 385.00
ds4:   GPU busy 101.48 ms of the token's wall (the union of its buffers' spans), idle 590.18 ms
ds4:   1674.1 gated dispatches a token, 31.0 of them behind an abort; 1279.9 sent plain ahead of a buffer's first validate
ds4:   encode-ahead: 1.00 segments used, 37.94 dropped, 359.11 ms a token spent encoding under the GPU
ds4:   concurrent sections: 455.25 attempted, 455.25 opened a token
ds4:   speculation: 0.00 layers a token, 0.00 lanes computed, 0.00 matched, 0.00 GEMVs actually saved, 0.00 left to compute; compared 0.00 lanes, 0.00 floats differ, 0.00 by more than an ulp
ds4:   Metal 4: 80.88 command buffers sent, 6538.5 dispatches a token; 0 pieces of Metal 3 work so far
ds4:   Metal 4 a token: encoders 496.2 serial + 455.2 concurrent; barriers 5400.4 after a dispatch, 74.0 at copies, 226.6 from the engine, 80.9 opening and 80.9 ending an encoder; 951.4 table clears, 26871.7 setBuffer, 7558.8 setBytes (673046 B); 6538.5 dispatches, 37.0 copies; 80.88 blocking waits, 60.41 ms; 870.6 section barriers
ds4:   expert cache over the last 64 tokens: 93.36 hits, 158.44 misses, 158.44 evictions a token; 215 of 215 entries live (100.0%)
ds4:   of the address-table holes repaired a token: 0.00 already resident, 158.44 genuinely absent
ds4:   of the repair a token: readahead 116.11 ms, slot preparation 0.05 ms, reads 43.57 ms, install 0.21 ms, over 158.44 loads
ds4:   Engram rows written at step start in 7298 steps; layer-13 drains 0
ds4:   residency a token: 0.00 adds, 0.00 removes, 0.00 commits
ds4:   decode path so far: 7362 single-row steps (724.5 ms each inside the graph over the last 64), 0 K-row verification steps over 0 positions, 0 batch-fusion sites taken; candidate K none
ds4: gate over tokens 7297-7360: 41.94 command buffers, 39.94 aborts, 240.0 expert ids accounted, 1545.45 MiB loaded a token; 0 the gate failed to switch off, 0 it could not gate
ds4:   one token, exclusive, same window: entry 0.00 + encode 4.57 + commit-to-done 57.46 + repair-load 167.52 + accounting 0.04 + tail 83.96 = 313.55 of a 726.08 ms wall, residual 412.54
ds4:   GPU busy 102.12 ms of the token's wall (the union of its buffers' spans), idle 623.96 ms
ds4:   1659.0 gated dispatches a token, 30.2 of them behind an abort; 1264.7 sent plain ahead of a buffer's first validate
ds4:   encode-ahead: 1.00 segments used, 37.94 dropped, 387.86 ms a token spent encoding under the GPU
ds4:   concurrent sections: 455.25 attempted, 455.25 opened a token
ds4:   speculation: 0.00 layers a token, 0.00 lanes computed, 0.00 matched, 0.00 GEMVs actually saved, 0.00 left to compute; compared 0.00 lanes, 0.00 floats differ, 0.00 by more than an ulp
ds4:   Metal 4: 80.88 command buffers sent, 6462.2 dispatches a token; 0 pieces of Metal 3 work so far
ds4:   Metal 4 a token: encoders 496.2 serial + 455.2 concurrent; barriers 5324.1 after a dispatch, 73.9 at copies, 226.6 from the engine, 80.9 opening and 80.9 ending an encoder; 951.4 table clears, 26572.6 setBuffer, 7482.5 setBytes (665405 B); 6462.2 dispatches, 37.0 copies; 80.88 blocking waits, 58.66 ms; 870.6 section barriers
ds4:   expert cache over the last 64 tokens: 89.16 hits, 162.81 misses, 162.81 evictions a token; 215 of 215 entries live (100.0%)
ds4:   of the address-table holes repaired a token: 0.00 already resident, 162.81 genuinely absent
ds4:   of the repair a token: readahead 119.53 ms, slot preparation 0.04 ms, reads 44.36 ms, install 0.22 ms, over 162.81 loads
ds4:   Engram rows written at step start in 7362 steps; layer-13 drains 0
ds4:   residency a token: 0.00 adds, 0.00 removes, 0.00 commits
ds4:   decode path so far: 7426 single-row steps (738.2 ms each inside the graph over the last 64), 0 K-row verification steps over 0 positions, 0 batch-fusion sites taken; candidate K none
ds4: gate over tokens 7361-7424: 41.88 command buffers, 39.88 aborts, 240.0 expert ids accounted, 1505.70 MiB loaded a token; 0 the gate failed to switch off, 0 it could not gate
ds4:   one token, exclusive, same window: entry 0.00 + encode 4.58 + commit-to-done 59.75 + repair-load 165.79 + accounting 0.04 + tail 88.92 = 319.08 of a 736.37 ms wall, residual 417.29
ds4:   GPU busy 101.08 ms of the token's wall (the union of its buffers' spans), idle 635.28 ms
ds4:   1652.1 gated dispatches a token, 30.0 of them behind an abort; 1258.5 sent plain ahead of a buffer's first validate
ds4:   encode-ahead: 1.00 segments used, 37.88 dropped, 392.57 ms a token spent encoding under the GPU
ds4:   concurrent sections: 454.50 attempted, 454.50 opened a token
ds4:   speculation: 0.00 layers a token, 0.00 lanes computed, 0.00 matched, 0.00 GEMVs actually saved, 0.00 left to compute; compared 0.00 lanes, 0.00 floats differ, 0.00 by more than an ulp
ds4:   Metal 4: 80.75 command buffers sent, 6431.4 dispatches a token; 0 pieces of Metal 3 work so far
ds4:   Metal 4 a token: encoders 495.4 serial + 454.5 concurrent; barriers 5295.1 after a dispatch, 73.9 at copies, 226.2 from the engine, 80.8 opening and 80.8 ending an encoder; 949.9 table clears, 26441.8 setBuffer, 7450.0 setBytes (661915 B); 6431.4 dispatches, 37.0 copies; 80.75 blocking waits, 58.47 ms; 869.1 section barriers
ds4:   expert cache over the last 64 tokens: 93.42 hits, 158.62 misses, 158.62 evictions a token; 215 of 215 entries live (100.0%)
ds4:   of the address-table holes repaired a token: 0.00 already resident, 158.62 genuinely absent
ds4:   of the repair a token: readahead 115.93 ms, slot preparation 0.05 ms, reads 46.25 ms, install 0.21 ms, over 158.62 loads
ds4:   Engram rows written at step start in 7426 steps; layer-13 drains 0
ds4:   residency a token: 0.00 adds, 0.00 removes, 0.00 commits
ds4:   decode path so far: 7490 single-row steps (672.3 ms each inside the graph over the last 64), 0 K-row verification steps over 0 positions, 0 batch-fusion sites taken; candidate K none
ds4: gate over tokens 7425-7488: 41.92 command buffers, 39.91 aborts, 240.0 expert ids accounted, 1512.82 MiB loaded a token; 0 the gate failed to switch off, 0 it could not gate
ds4:   one token, exclusive, same window: entry 0.00 + encode 4.67 + commit-to-done 59.92 + repair-load 157.09 + accounting 0.04 + tail 74.83 = 296.55 of a 665.94 ms wall, residual 369.39
ds4:   GPU busy 92.51 ms of the token's wall (the union of its buffers' spans), idle 573.43 ms
ds4:   1654.5 gated dispatches a token, 30.0 of them behind an abort; 1258.9 sent plain ahead of a buffer's first validate
ds4:   encode-ahead: 1.02 segments used, 37.91 dropped, 348.51 ms a token spent encoding under the GPU
ds4:   concurrent sections: 455.06 attempted, 455.06 opened a token
ds4:   speculation: 0.00 layers a token, 0.00 lanes computed, 0.00 matched, 0.00 GEMVs actually saved, 0.00 left to compute; compared 0.00 lanes, 0.00 floats differ, 0.00 by more than an ulp
ds4:   Metal 4: 80.83 command buffers sent, 6437.0 dispatches a token; 0 pieces of Metal 3 work so far
ds4:   Metal 4 a token: encoders 496.0 serial + 455.1 concurrent; barriers 5299.3 after a dispatch, 74.1 at copies, 226.5 from the engine, 80.8 opening and 80.8 ending an encoder; 951.0 table clears, 26470.7 setBuffer, 7456.9 setBytes (662779 B); 6437.0 dispatches, 37.0 copies; 80.83 blocking waits, 59.48 ms; 870.2 section barriers
ds4:   expert cache over the last 64 tokens: 92.58 hits, 159.38 misses, 159.38 evictions a token; 215 of 215 entries live (100.0%)
ds4:   of the address-table holes repaired a token: 0.00 already resident, 159.38 genuinely absent
ds4:   of the repair a token: readahead 105.76 ms, slot preparation 0.07 ms, reads 47.92 ms, install 0.22 ms, over 159.38 loads
ds4:   Engram rows written at step start in 7490 steps; layer-13 drains 0
ds4:   residency a token: 0.00 adds, 0.00 removes, 0.00 commits
ds4:   decode path so far: 7554 single-row steps (360.9 ms each inside the graph over the last 64), 0 K-row verification steps over 0 positions, 0 batch-fusion sites taken; candidate K none
ds4: gate over tokens 7489-7552: 41.89 command buffers, 39.89 aborts, 240.0 expert ids accounted, 1484.64 MiB loaded a token; 0 the gate failed to switch off, 0 it could not gate
ds4:   one token, exclusive, same window: entry 0.00 + encode 4.38 + commit-to-done 64.50 + repair-load 131.13 + accounting 0.04 + tail 25.99 = 226.04 of a 359.76 ms wall, residual 133.71
ds4:   GPU busy 66.42 ms of the token's wall (the union of its buffers' spans), idle 293.34 ms
ds4:   1653.2 gated dispatches a token, 30.0 of them behind an abort; 1259.1 sent plain ahead of a buffer's first validate
ds4:   encode-ahead: 1.00 segments used, 37.89 dropped, 126.11 ms a token spent encoding under the GPU
ds4:   concurrent sections: 454.78 attempted, 454.78 opened a token
ds4:   speculation: 0.00 layers a token, 0.00 lanes computed, 0.00 matched, 0.00 GEMVs actually saved, 0.00 left to compute; compared 0.00 lanes, 0.00 floats differ, 0.00 by more than an ulp
ds4:   Metal 4: 80.78 command buffers sent, 6435.7 dispatches a token; 0 pieces of Metal 3 work so far
ds4:   Metal 4 a token: encoders 495.7 serial + 454.8 concurrent; barriers 5298.8 after a dispatch, 74.0 at copies, 226.4 from the engine, 80.8 opening and 80.8 ending an encoder; 950.5 table clears, 26459.2 setBuffer, 7455.0 setBytes (662356 B); 6435.7 dispatches, 37.0 copies; 80.78 blocking waits, 63.84 ms; 869.7 section barriers
ds4:   expert cache over the last 64 tokens: 94.94 hits, 156.41 misses, 156.41 evictions a token; 215 of 215 entries live (100.0%)
ds4:   of the address-table holes repaired a token: 0.00 already resident, 156.41 genuinely absent
ds4:   of the repair a token: readahead 83.50 ms, slot preparation 0.06 ms, reads 44.81 ms, install 0.21 ms, over 156.41 loads
ds4:   Engram rows written at step start in 7554 steps; layer-13 drains 0
ds4:   residency a token: 0.00 adds, 0.00 removes, 0.00 commits
ds4:   decode path so far: 7618 single-row steps (501.0 ms each inside the graph over the last 64), 0 K-row verification steps over 0 positions, 0 batch-fusion sites taken; candidate K none
ds4: gate over tokens 7553-7616: 41.83 command buffers, 39.83 aborts, 240.0 expert ids accounted, 1481.67 MiB loaded a token; 0 the gate failed to switch off, 0 it could not gate
ds4:   one token, exclusive, same window: entry 0.00 + encode 4.56 + commit-to-done 61.96 + repair-load 151.77 + accounting 0.04 + tail 43.24 = 261.56 of a 502.21 ms wall, residual 240.65
ds4:   GPU busy 79.60 ms of the token's wall (the union of its buffers' spans), idle 422.61 ms
ds4:   1650.2 gated dispatches a token, 30.0 of them behind an abort; 1256.6 sent plain ahead of a buffer's first validate
ds4:   encode-ahead: 1.00 segments used, 37.83 dropped, 226.91 ms a token spent encoding under the GPU
ds4:   concurrent sections: 453.94 attempted, 453.94 opened a token
ds4:   speculation: 0.00 layers a token, 0.00 lanes computed, 0.00 matched, 0.00 GEMVs actually saved, 0.00 left to compute; compared 0.00 lanes, 0.00 floats differ, 0.00 by more than an ulp
ds4:   Metal 4: 80.66 command buffers sent, 6420.8 dispatches a token; 0 pieces of Metal 3 work so far
ds4:   Metal 4 a token: encoders 494.8 serial + 453.9 concurrent; barriers 5285.9 after a dispatch, 74.0 at copies, 226.0 from the engine, 80.7 opening and 80.7 ending an encoder; 948.7 table clears, 26404.2 setBuffer, 7438.1 setBytes (661119 B); 6420.8 dispatches, 37.0 copies; 80.66 blocking waits, 61.69 ms; 868.0 section barriers
ds4:   expert cache over the last 64 tokens: 95.44 hits, 156.09 misses, 156.09 evictions a token; 215 of 215 entries live (100.0%)
ds4:   of the address-table holes repaired a token: 0.00 already resident, 156.09 genuinely absent
ds4:   of the repair a token: readahead 100.86 ms, slot preparation 0.05 ms, reads 47.86 ms, install 0.21 ms, over 156.09 loads
ds4:   Engram rows written at step start in 7618 steps; layer-13 drains 0
ds4:   residency a token: 0.00 adds, 0.00 removes, 0.00 commits
ds4:   decode path so far: 7682 single-row steps (539.1 ms each inside the graph over the last 64), 0 K-row verification steps over 0 positions, 0 batch-fusion sites taken; candidate K none
ds4: gate over tokens 7617-7680: 41.83 command buffers, 39.81 aborts, 240.0 expert ids accounted, 1418.64 MiB loaded a token; 0 the gate failed to switch off, 0 it could not gate
ds4:   one token, exclusive, same window: entry 0.00 + encode 4.52 + commit-to-done 62.31 + repair-load 141.33 + accounting 0.04 + tail 53.90 = 262.11 of a 552.31 ms wall, residual 290.21
ds4:   GPU busy 87.45 ms of the token's wall (the union of its buffers' spans), idle 464.87 ms
ds4:   1651.3 gated dispatches a token, 30.0 of them behind an abort; 1256.7 sent plain ahead of a buffer's first validate
ds4:   encode-ahead: 1.02 segments used, 37.81 dropped, 272.86 ms a token spent encoding under the GPU
ds4:   concurrent sections: 453.84 attempted, 453.84 opened a token
ds4:   speculation: 0.00 layers a token, 0.00 lanes computed, 0.00 matched, 0.00 GEMVs actually saved, 0.00 left to compute; compared 0.00 lanes, 0.00 floats differ, 0.00 by more than an ulp
ds4:   Metal 4: 80.64 command buffers sent, 6422.2 dispatches a token; 0 pieces of Metal 3 work so far
ds4:   Metal 4 a token: encoders 494.7 serial + 453.8 concurrent; barriers 5287.6 after a dispatch, 73.8 at copies, 225.9 from the engine, 80.6 opening and 80.6 ending an encoder; 948.5 table clears, 26404.1 setBuffer, 7439.4 setBytes (660972 B); 6422.2 dispatches, 36.9 copies; 80.64 blocking waits, 61.62 ms; 867.9 section barriers
ds4:   expert cache over the last 64 tokens: 101.48 hits, 149.45 misses, 149.45 evictions a token; 215 of 215 entries live (100.0%)
ds4:   of the address-table holes repaired a token: 0.00 already resident, 149.45 genuinely absent
ds4:   of the repair a token: readahead 94.91 ms, slot preparation 0.06 ms, reads 43.23 ms, install 0.21 ms, over 149.45 loads
ds4:   Engram rows written at step start in 7682 steps; layer-13 drains 0
ds4:   residency a token: 0.00 adds, 0.00 removes, 0.00 commits
ds4:   decode path so far: 7746 single-row steps (793.9 ms each inside the graph over the last 64), 0 K-row verification steps over 0 positions, 0 batch-fusion sites taken; candidate K none
ds4: gate over tokens 7681-7744: 41.86 command buffers, 39.86 aborts, 240.0 expert ids accounted, 1451.56 MiB loaded a token; 0 the gate failed to switch off, 0 it could not gate
ds4:   one token, exclusive, same window: entry 0.00 + encode 4.54 + commit-to-done 57.63 + repair-load 163.83 + accounting 0.04 + tail 87.44 = 313.48 of a 783.29 ms wall, residual 469.81
ds4:   GPU busy 100.50 ms of the token's wall (the union of its buffers' spans), idle 682.79 ms
ds4:   1650.6 gated dispatches a token, 30.0 of them behind an abort; 1257.6 sent plain ahead of a buffer's first validate
ds4:   encode-ahead: 1.00 segments used, 37.86 dropped, 444.99 ms a token spent encoding under the GPU
ds4:   concurrent sections: 454.31 attempted, 454.31 opened a token
ds4:   speculation: 0.00 layers a token, 0.00 lanes computed, 0.00 matched, 0.00 GEMVs actually saved, 0.00 left to compute; compared 0.00 lanes, 0.00 floats differ, 0.00 by more than an ulp
ds4:   Metal 4: 80.72 command buffers sent, 6425.7 dispatches a token; 0 pieces of Metal 3 work so far
ds4:   Metal 4 a token: encoders 495.2 serial + 454.3 concurrent; barriers 5289.9 after a dispatch, 73.8 at copies, 226.2 from the engine, 80.7 opening and 80.7 ending an encoder; 949.5 table clears, 26424.8 setBuffer, 7443.9 setBytes (661618 B); 6425.7 dispatches, 36.9 copies; 80.72 blocking waits, 57.31 ms; 868.8 section barriers
ds4:   expert cache over the last 64 tokens: 97.92 hits, 152.92 misses, 152.92 evictions a token; 215 of 215 entries live (100.0%)
ds4:   of the address-table holes repaired a token: 0.00 already resident, 152.92 genuinely absent
ds4:   of the repair a token: readahead 109.89 ms, slot preparation 0.07 ms, reads 50.34 ms, install 0.21 ms, over 152.92 loads
ds4:   Engram rows written at step start in 7746 steps; layer-13 drains 0
ds4:   residency a token: 0.00 adds, 0.00 removes, 0.00 commits
ds4:   decode path so far: 7810 single-row steps (773.2 ms each inside the graph over the last 64), 0 K-row verification steps over 0 positions, 0 batch-fusion sites taken; candidate K none
ds4: gate over tokens 7745-7808: 41.92 command buffers, 39.92 aborts, 240.0 expert ids accounted, 1510.59 MiB loaded a token; 0 the gate failed to switch off, 0 it could not gate
ds4:   one token, exclusive, same window: entry 0.00 + encode 4.53 + commit-to-done 58.48 + repair-load 168.38 + accounting 0.04 + tail 87.47 = 318.91 of a 773.47 ms wall, residual 454.56
ds4:   GPU busy 98.98 ms of the token's wall (the union of its buffers' spans), idle 674.49 ms
ds4:   1654.4 gated dispatches a token, 30.0 of them behind an abort; 1260.1 sent plain ahead of a buffer's first validate
ds4:   encode-ahead: 1.00 segments used, 37.92 dropped, 429.64 ms a token spent encoding under the GPU
ds4:   concurrent sections: 455.06 attempted, 455.06 opened a token
ds4:   speculation: 0.00 layers a token, 0.00 lanes computed, 0.00 matched, 0.00 GEMVs actually saved, 0.00 left to compute; compared 0.00 lanes, 0.00 floats differ, 0.00 by more than an ulp
ds4:   Metal 4: 80.84 command buffers sent, 6439.4 dispatches a token; 0 pieces of Metal 3 work so far
ds4:   Metal 4 a token: encoders 496.0 serial + 455.1 concurrent; barriers 5301.7 after a dispatch, 74.0 at copies, 226.5 from the engine, 80.8 opening and 80.8 ending an encoder; 951.0 table clears, 26474.7 setBuffer, 7459.3 setBytes (662738 B); 6439.4 dispatches, 37.0 copies; 80.84 blocking waits, 57.13 ms; 870.2 section barriers
ds4:   expert cache over the last 64 tokens: 92.02 hits, 159.14 misses, 159.14 evictions a token; 215 of 215 entries live (100.0%)
ds4:   of the address-table holes repaired a token: 0.00 already resident, 159.14 genuinely absent
ds4:   of the repair a token: readahead 113.26 ms, slot preparation 0.06 ms, reads 51.48 ms, install 0.21 ms, over 159.14 loads
ds4:   Engram rows written at step start in 7810 steps; layer-13 drains 0
ds4:   residency a token: 0.00 adds, 0.00 removes, 0.00 commits
ds4:   decode path so far: 7874 single-row steps (686.7 ms each inside the graph over the last 64), 0 K-row verification steps over 0 positions, 0 batch-fusion sites taken; candidate K none
ds4: gate over tokens 7809-7872: 41.83 command buffers, 39.83 aborts, 240.0 expert ids accounted, 1465.21 MiB loaded a token; 0 the gate failed to switch off, 0 it could not gate
ds4:   one token, exclusive, same window: entry 0.00 + encode 4.45 + commit-to-done 56.41 + repair-load 158.12 + accounting 0.04 + tail 75.80 = 294.81 of a 680.26 ms wall, residual 385.45
ds4:   GPU busy 99.88 ms of the token's wall (the union of its buffers' spans), idle 580.38 ms
ds4:   1638.4 gated dispatches a token, 30.0 of them behind an abort; 1247.8 sent plain ahead of a buffer's first validate
ds4:   encode-ahead: 1.00 segments used, 37.83 dropped, 360.44 ms a token spent encoding under the GPU
ds4:   concurrent sections: 453.94 attempted, 453.94 opened a token
ds4:   speculation: 0.00 layers a token, 0.00 lanes computed, 0.00 matched, 0.00 GEMVs actually saved, 0.00 left to compute; compared 0.00 lanes, 0.00 floats differ, 0.00 by more than an ulp
ds4:   Metal 4: 80.66 command buffers sent, 6376.9 dispatches a token; 0 pieces of Metal 3 work so far
ds4:   Metal 4 a token: encoders 494.8 serial + 453.9 concurrent; barriers 5242.1 after a dispatch, 74.0 at copies, 226.0 from the engine, 80.7 opening and 80.7 ending an encoder; 948.7 table clears, 26210.2 setBuffer, 7394.3 setBytes (656706 B); 6376.9 dispatches, 37.0 copies; 80.66 blocking waits, 57.81 ms; 868.0 section barriers
ds4:   expert cache over the last 64 tokens: 97.77 hits, 154.36 misses, 154.36 evictions a token; 215 of 215 entries live (100.0%)
ds4:   of the address-table holes repaired a token: 0.00 already resident, 154.36 genuinely absent
ds4:   of the repair a token: readahead 105.96 ms, slot preparation 0.06 ms, reads 48.51 ms, install 0.21 ms, over 154.36 loads
ds4:   Engram rows written at step start in 7874 steps; layer-13 drains 0
ds4:   residency a token: 0.00 adds, 0.00 removes, 0.00 commits
ds4:   decode path so far: 7938 single-row steps (736.5 ms each inside the graph over the last 64), 0 K-row verification steps over 0 positions, 0 batch-fusion sites taken; candidate K none
ds4: gate over tokens 7873-7936: 41.86 command buffers, 39.84 aborts, 240.0 expert ids accounted, 1390.01 MiB loaded a token; 0 the gate failed to switch off, 0 it could not gate
ds4:   one token, exclusive, same window: entry 0.00 + encode 4.47 + commit-to-done 58.80 + repair-load 156.93 + accounting 0.04 + tail 80.57 = 300.81 of a 736.48 ms wall, residual 435.67
ds4:   GPU busy 100.19 ms of the token's wall (the union of its buffers' spans), idle 636.28 ms
ds4:   1638.6 gated dispatches a token, 30.0 of them behind an abort; 1246.3 sent plain ahead of a buffer's first validate
ds4:   encode-ahead: 1.02 segments used, 37.84 dropped, 410.61 ms a token spent encoding under the GPU
ds4:   concurrent sections: 454.22 attempted, 454.22 opened a token
ds4:   speculation: 0.00 layers a token, 0.00 lanes computed, 0.00 matched, 0.00 GEMVs actually saved, 0.00 left to compute; compared 0.00 lanes, 0.00 floats differ, 0.00 by more than an ulp
ds4:   Metal 4: 80.70 command buffers sent, 6370.3 dispatches a token; 0 pieces of Metal 3 work so far
ds4:   Metal 4 a token: encoders 495.1 serial + 454.2 concurrent; barriers 5234.8 after a dispatch, 74.0 at copies, 226.1 from the engine, 80.7 opening and 80.7 ending an encoder; 949.3 table clears, 26172.1 setBuffer, 7388.3 setBytes (655770 B); 6370.3 dispatches, 37.0 copies; 80.70 blocking waits, 58.50 ms; 868.6 section barriers
ds4:   expert cache over the last 64 tokens: 104.11 hits, 146.44 misses, 146.44 evictions a token; 215 of 215 entries live (100.0%)
ds4:   of the address-table holes repaired a token: 0.00 already resident, 146.44 genuinely absent
ds4:   of the repair a token: readahead 105.70 ms, slot preparation 0.10 ms, reads 47.63 ms, install 0.20 ms, over 146.44 loads
ds4:   Engram rows written at step start in 7938 steps; layer-13 drains 0
ds4:   residency a token: 0.00 adds, 0.00 removes, 0.00 commits
ds4:   decode path so far: 8002 single-row steps (778.8 ms each inside the graph over the last 64), 0 K-row verification steps over 0 positions, 0 batch-fusion sites taken; candidate K none
ds4: gate over tokens 7937-8000: 41.77 command buffers, 39.73 aborts, 240.0 expert ids accounted, 1485.23 MiB loaded a token; 0 the gate failed to switch off, 0 it could not gate
ds4:   one token, exclusive, same window: entry 0.00 + encode 4.47 + commit-to-done 58.40 + repair-load 158.73 + accounting 0.04 + tail 90.66 = 312.30 of a 781.35 ms wall, residual 469.05
ds4:   GPU busy 98.98 ms of the token's wall (the union of its buffers' spans), idle 682.37 ms
ds4:   1634.3 gated dispatches a token, 30.0 of them behind an abort; 1242.4 sent plain ahead of a buffer's first validate
ds4:   encode-ahead: 1.03 segments used, 37.73 dropped, 444.01 ms a token spent encoding under the GPU
ds4:   concurrent sections: 453.00 attempted, 453.00 opened a token
ds4:   speculation: 0.00 layers a token, 0.00 lanes computed, 0.00 matched, 0.00 GEMVs actually saved, 0.00 left to compute; compared 0.00 lanes, 0.00 floats differ, 0.00 by more than an ulp
ds4:   Metal 4: 80.50 command buffers sent, 6350.3 dispatches a token; 0 pieces of Metal 3 work so far
ds4:   Metal 4 a token: encoders 493.8 serial + 453.0 concurrent; barriers 5217.8 after a dispatch, 73.8 at copies, 225.5 from the engine, 80.5 opening and 80.5 ending an encoder; 946.8 table clears, 26096.1 setBuffer, 7365.6 setBytes (654000 B); 6350.3 dispatches, 36.9 copies; 80.50 blocking waits, 57.73 ms; 866.3 section barriers
ds4:   expert cache over the last 64 tokens: 94.61 hits, 156.47 misses, 156.47 evictions a token; 215 of 215 entries live (100.0%)
ds4:   of the address-table holes repaired a token: 0.00 already resident, 156.47 genuinely absent
ds4:   of the repair a token: readahead 108.90 ms, slot preparation 0.07 ms, reads 46.16 ms, install 0.21 ms, over 156.47 loads
ds4:   Engram rows written at step start in 8002 steps; layer-13 drains 0
ds4:   residency a token: 0.00 adds, 0.00 removes, 0.00 commits
ds4:   decode path so far: 8066 single-row steps (743.0 ms each inside the graph over the last 64), 0 K-row verification steps over 0 positions, 0 batch-fusion sites taken; candidate K none
ds4: gate over tokens 8001-8064: 41.88 command buffers, 39.88 aborts, 240.0 expert ids accounted, 1454.23 MiB loaded a token; 0 the gate failed to switch off, 0 it could not gate
ds4:   one token, exclusive, same window: entry 0.00 + encode 4.45 + commit-to-done 55.20 + repair-load 157.73 + accounting 0.04 + tail 87.76 = 305.18 of a 740.69 ms wall, residual 435.50
ds4:   GPU busy 97.89 ms of the token's wall (the union of its buffers' spans), idle 642.80 ms
ds4:   1637.6 gated dispatches a token, 30.0 of them behind an abort; 1247.2 sent plain ahead of a buffer's first validate
ds4:   encode-ahead: 1.00 segments used, 37.88 dropped, 410.62 ms a token spent encoding under the GPU
ds4:   concurrent sections: 454.50 attempted, 454.50 opened a token
ds4:   speculation: 0.00 layers a token, 0.00 lanes computed, 0.00 matched, 0.00 GEMVs actually saved, 0.00 left to compute; compared 0.00 lanes, 0.00 floats differ, 0.00 by more than an ulp
ds4:   Metal 4: 80.75 command buffers sent, 6374.1 dispatches a token; 0 pieces of Metal 3 work so far
ds4:   Metal 4 a token: encoders 495.4 serial + 454.5 concurrent; barriers 5237.9 after a dispatch, 74.0 at copies, 226.2 from the engine, 80.8 opening and 80.8 ending an encoder; 949.9 table clears, 26187.8 setBuffer, 7392.8 setBytes (656160 B); 6374.1 dispatches, 37.0 copies; 80.75 blocking waits, 56.96 ms; 869.1 section barriers
ds4:   expert cache over the last 64 tokens: 97.66 hits, 153.20 misses, 153.20 evictions a token; 215 of 215 entries live (100.0%)
ds4:   of the address-table holes repaired a token: 0.00 already resident, 153.20 genuinely absent
ds4:   of the repair a token: readahead 109.65 ms, slot preparation 0.08 ms, reads 44.46 ms, install 0.21 ms, over 153.20 loads
ds4:   Engram rows written at step start in 8066 steps; layer-13 drains 0
ds4:   residency a token: 0.00 adds, 0.00 removes, 0.00 commits
ds4:   decode path so far: 8130 single-row steps (759.5 ms each inside the graph over the last 64), 0 K-row verification steps over 0 positions, 0 batch-fusion sites taken; candidate K none
ds4: gate over tokens 8065-8128: 41.88 command buffers, 39.88 aborts, 240.0 expert ids accounted, 1450.97 MiB loaded a token; 0 the gate failed to switch off, 0 it could not gate
ds4:   one token, exclusive, same window: entry 0.00 + encode 4.48 + commit-to-done 57.63 + repair-load 158.72 + accounting 0.04 + tail 96.27 = 317.14 of a 767.19 ms wall, residual 450.05
ds4:   GPU busy 98.57 ms of the token's wall (the union of its buffers' spans), idle 668.62 ms
ds4:   1637.1 gated dispatches a token, 30.0 of them behind an abort; 1246.6 sent plain ahead of a buffer's first validate
ds4:   encode-ahead: 1.00 segments used, 37.88 dropped, 425.00 ms a token spent encoding under the GPU
ds4:   concurrent sections: 454.50 attempted, 454.50 opened a token
ds4:   speculation: 0.00 layers a token, 0.00 lanes computed, 0.00 matched, 0.00 GEMVs actually saved, 0.00 left to compute; compared 0.00 lanes, 0.00 floats differ, 0.00 by more than an ulp
ds4:   Metal 4: 80.75 command buffers sent, 6371.0 dispatches a token; 0 pieces of Metal 3 work so far
ds4:   Metal 4 a token: encoders 495.4 serial + 454.5 concurrent; barriers 5234.8 after a dispatch, 73.9 at copies, 226.2 from the engine, 80.8 opening and 80.8 ending an encoder; 949.9 table clears, 26181.5 setBuffer, 7389.6 setBytes (656132 B); 6371.0 dispatches, 37.0 copies; 80.75 blocking waits, 57.60 ms; 869.1 section barriers
ds4:   expert cache over the last 64 tokens: 97.88 hits, 152.86 misses, 152.86 evictions a token; 215 of 215 entries live (100.0%)
ds4:   of the address-table holes repaired a token: 0.00 already resident, 152.86 genuinely absent
ds4:   of the repair a token: readahead 110.57 ms, slot preparation 0.10 ms, reads 44.51 ms, install 0.21 ms, over 152.86 loads
ds4:   Engram rows written at step start in 8130 steps; layer-13 drains 0
ds4:   residency a token: 0.00 adds, 0.00 removes, 0.00 commits
ds4:   decode path so far: 8194 single-row steps (813.1 ms each inside the graph over the last 64), 0 K-row verification steps over 0 positions, 0 batch-fusion sites taken; candidate K none
ds4: gate over tokens 8129-8192: 41.62 command buffers, 39.56 aborts, 240.0 expert ids accounted, 1402.47 MiB loaded a token; 0 the gate failed to switch off, 0 it could not gate
ds4:   one token, exclusive, same window: entry 0.00 + encode 4.46 + commit-to-done 60.90 + repair-load 152.58 + accounting 0.04 + tail 96.92 = 314.90 of a 803.24 ms wall, residual 488.34
ds4:   GPU busy 97.83 ms of the token's wall (the union of its buffers' spans), idle 705.41 ms
ds4:   1630.9 gated dispatches a token, 30.0 of them behind an abort; 1237.9 sent plain ahead of a buffer's first validate
ds4:   encode-ahead: 1.06 segments used, 37.56 dropped, 463.84 ms a token spent encoding under the GPU
ds4:   concurrent sections: 451.12 attempted, 451.12 opened a token
ds4:   speculation: 0.00 layers a token, 0.00 lanes computed, 0.00 matched, 0.00 GEMVs actually saved, 0.00 left to compute; compared 0.00 lanes, 0.00 floats differ, 0.00 by more than an ulp
ds4:   Metal 4: 80.19 command buffers sent, 6328.0 dispatches a token; 0 pieces of Metal 3 work so far
ds4:   Metal 4 a token: encoders 491.8 serial + 451.1 concurrent; barriers 5200.2 after a dispatch, 73.9 at copies, 224.6 from the engine, 80.2 opening and 80.2 ending an encoder; 942.9 table clears, 25996.8 setBuffer, 7339.0 setBytes (651405 B); 6328.0 dispatches, 37.0 copies; 80.19 blocking waits, 56.93 ms; 862.7 section barriers
ds4:   expert cache over the last 64 tokens: 103.39 hits, 147.75 misses, 147.75 evictions a token; 215 of 215 entries live (100.0%)
ds4:   of the address-table holes repaired a token: 0.00 already resident, 147.75 genuinely absent
ds4:   of the repair a token: readahead 103.97 ms, slot preparation 0.09 ms, reads 45.00 ms, install 0.21 ms, over 147.75 loads
ds4:   Engram rows written at step start in 8194 steps; layer-13 drains 0
ds4:   residency a token: 0.00 adds, 0.00 removes, 0.00 commits
ds4:   decode path so far: 8258 single-row steps (695.6 ms each inside the graph over the last 64), 0 K-row verification steps over 0 positions, 0 batch-fusion sites taken; candidate K none
ds4: gate over tokens 8193-8256: 41.64 command buffers, 39.64 aborts, 240.0 expert ids accounted, 1372.96 MiB loaded a token; 0 the gate failed to switch off, 0 it could not gate
ds4:   one token, exclusive, same window: entry 0.00 + encode 4.38 + commit-to-done 58.29 + repair-load 152.02 + accounting 0.04 + tail 76.21 = 290.94 of a 692.83 ms wall, residual 401.88
ds4:   GPU busy 97.22 ms of the token's wall (the union of its buffers' spans), idle 595.61 ms
ds4:   1627.1 gated dispatches a token, 30.0 of them behind an abort; 1239.6 sent plain ahead of a buffer's first validate
ds4:   encode-ahead: 1.00 segments used, 37.64 dropped, 377.09 ms a token spent encoding under the GPU
ds4:   concurrent sections: 451.75 attempted, 451.75 opened a token
ds4:   speculation: 0.00 layers a token, 0.00 lanes computed, 0.00 matched, 0.00 GEMVs actually saved, 0.00 left to compute; compared 0.00 lanes, 0.00 floats differ, 0.00 by more than an ulp
ds4:   Metal 4: 80.28 command buffers sent, 6332.9 dispatches a token; 0 pieces of Metal 3 work so far
ds4:   Metal 4 a token: encoders 492.4 serial + 451.8 concurrent; barriers 5203.5 after a dispatch, 73.8 at copies, 224.9 from the engine, 80.3 opening and 80.3 ending an encoder; 944.1 table clears, 26024.0 setBuffer, 7345.3 setBytes (652210 B); 6332.9 dispatches, 36.9 copies; 80.28 blocking waits, 57.36 ms; 863.9 section barriers
ds4:   expert cache over the last 64 tokens: 105.19 hits, 144.64 misses, 144.64 evictions a token; 215 of 215 entries live (100.0%)
ds4:   of the address-table holes repaired a token: 0.00 already resident, 144.64 genuinely absent
ds4:   of the repair a token: readahead 105.64 ms, slot preparation 0.11 ms, reads 42.76 ms, install 0.20 ms, over 144.64 loads
ds4:   Engram rows written at step start in 8258 steps; layer-13 drains 0
ds4:   residency a token: 0.00 adds, 0.00 removes, 0.00 commits
ds4:   decode path so far: 8322 single-row steps (834.5 ms each inside the graph over the last 64), 0 K-row verification steps over 0 positions, 0 batch-fusion sites taken; candidate K none
ds4: gate over tokens 8257-8320: 41.83 command buffers, 39.83 aborts, 240.0 expert ids accounted, 1500.36 MiB loaded a token; 0 the gate failed to switch off, 0 it could not gate
ds4:   one token, exclusive, same window: entry 0.00 + encode 4.49 + commit-to-done 58.82 + repair-load 163.92 + accounting 0.04 + tail 101.61 = 328.88 of a 833.13 ms wall, residual 504.25
ds4:   GPU busy 100.56 ms of the token's wall (the union of its buffers' spans), idle 732.57 ms
ds4:   1635.4 gated dispatches a token, 30.0 of them behind an abort; 1245.8 sent plain ahead of a buffer's first validate
ds4:   encode-ahead: 1.00 segments used, 37.83 dropped, 478.96 ms a token spent encoding under the GPU
ds4:   concurrent sections: 453.94 attempted, 453.94 opened a token
ds4:   speculation: 0.00 layers a token, 0.00 lanes computed, 0.00 matched, 0.00 GEMVs actually saved, 0.00 left to compute; compared 0.00 lanes, 0.00 floats differ, 0.00 by more than an ulp
ds4:   Metal 4: 80.66 command buffers sent, 6366.0 dispatches a token; 0 pieces of Metal 3 work so far
ds4:   Metal 4 a token: encoders 494.8 serial + 453.9 concurrent; barriers 5231.1 after a dispatch, 73.8 at copies, 226.0 from the engine, 80.7 opening and 80.7 ending an encoder; 948.7 table clears, 26154.7 setBuffer, 7383.3 setBytes (655322 B); 6366.0 dispatches, 36.9 copies; 80.66 blocking waits, 58.56 ms; 868.0 section barriers
ds4:   expert cache over the last 64 tokens: 92.39 hits, 158.06 misses, 158.06 evictions a token; 215 of 215 entries live (100.0%)
ds4:   of the address-table holes repaired a token: 0.00 already resident, 158.06 genuinely absent
ds4:   of the repair a token: readahead 113.92 ms, slot preparation 0.06 ms, reads 46.27 ms, install 0.21 ms, over 158.06 loads
ds4:   Engram rows written at step start in 8322 steps; layer-13 drains 0
ds4:   residency a token: 0.00 adds, 0.00 removes, 0.00 commits
ds4:   decode path so far: 8386 single-row steps (810.6 ms each inside the graph over the last 64), 0 K-row verification steps over 0 positions, 0 batch-fusion sites taken; candidate K none
ds4: gate over tokens 8321-8384: 41.78 command buffers, 39.78 aborts, 240.0 expert ids accounted, 1475.89 MiB loaded a token; 0 the gate failed to switch off, 0 it could not gate
ds4:   one token, exclusive, same window: entry 0.00 + encode 4.48 + commit-to-done 61.16 + repair-load 162.77 + accounting 0.04 + tail 94.59 = 323.04 of a 810.44 ms wall, residual 487.40
ds4:   GPU busy 98.16 ms of the token's wall (the union of its buffers' spans), idle 712.29 ms
ds4:   1633.3 gated dispatches a token, 30.0 of them behind an abort; 1243.8 sent plain ahead of a buffer's first validate
ds4:   encode-ahead: 1.00 segments used, 37.78 dropped, 462.44 ms a token spent encoding under the GPU
ds4:   concurrent sections: 453.38 attempted, 453.38 opened a token
ds4:   speculation: 0.00 layers a token, 0.00 lanes computed, 0.00 matched, 0.00 GEMVs actually saved, 0.00 left to compute; compared 0.00 lanes, 0.00 floats differ, 0.00 by more than an ulp
ds4:   Metal 4: 80.56 command buffers sent, 6355.2 dispatches a token; 0 pieces of Metal 3 work so far
ds4:   Metal 4 a token: encoders 494.2 serial + 453.4 concurrent; barriers 5221.8 after a dispatch, 73.8 at copies, 225.7 from the engine, 80.6 opening and 80.6 ending an encoder; 947.5 table clears, 26116.5 setBuffer, 7371.3 setBytes (654509 B); 6355.2 dispatches, 36.9 copies; 80.56 blocking waits, 57.38 ms; 867.0 section barriers
ds4:   expert cache over the last 64 tokens: 95.42 hits, 155.48 misses, 155.48 evictions a token; 215 of 215 entries live (100.0%)
ds4:   of the address-table holes repaired a token: 0.00 already resident, 155.48 genuinely absent
ds4:   of the repair a token: readahead 114.06 ms, slot preparation 0.07 ms, reads 45.05 ms, install 0.22 ms, over 155.48 loads
ds4:   Engram rows written at step start in 8386 steps; layer-13 drains 0
ds4:   residency a token: 0.00 adds, 0.00 removes, 0.00 commits
ds4:   decode path so far: 8450 single-row steps (973.4 ms each inside the graph over the last 64), 0 K-row verification steps over 0 positions, 0 batch-fusion sites taken; candidate K none
ds4: gate over tokens 8385-8448: 41.89 command buffers, 39.86 aborts, 240.0 expert ids accounted, 1499.47 MiB loaded a token; 0 the gate failed to switch off, 0 it could not gate
ds4:   one token, exclusive, same window: entry 0.00 + encode 4.87 + commit-to-done 68.10 + repair-load 155.82 + accounting 0.04 + tail 131.75 = 360.57 of a 968.99 ms wall, residual 608.42
ds4:   GPU busy 93.96 ms of the token's wall (the union of its buffers' spans), idle 875.04 ms
ds4:   1640.7 gated dispatches a token, 30.0 of them behind an abort; 1246.8 sent plain ahead of a buffer's first validate
ds4:   encode-ahead: 1.03 segments used, 37.86 dropped, 588.29 ms a token spent encoding under the GPU
ds4:   concurrent sections: 454.50 attempted, 454.50 opened a token
ds4:   speculation: 0.00 layers a token, 0.00 lanes computed, 0.00 matched, 0.00 GEMVs actually saved, 0.00 left to compute; compared 0.00 lanes, 0.00 floats differ, 0.00 by more than an ulp
ds4:   Metal 4: 80.75 command buffers sent, 6374.4 dispatches a token; 0 pieces of Metal 3 work so far
ds4:   Metal 4 a token: encoders 495.4 serial + 454.5 concurrent; barriers 5238.1 after a dispatch, 74.0 at copies, 226.3 from the engine, 80.8 opening and 80.8 ending an encoder; 949.9 table clears, 26188.9 setBuffer, 7393.0 setBytes (656184 B); 6374.4 dispatches, 37.0 copies; 80.75 blocking waits, 58.23 ms; 869.1 section barriers
ds4:   expert cache over the last 64 tokens: 93.62 hits, 157.97 misses, 157.97 evictions a token; 215 of 215 entries live (100.0%)
ds4:   of the address-table holes repaired a token: 0.00 already resident, 157.97 genuinely absent
ds4:   of the repair a token: readahead 101.96 ms, slot preparation 0.06 ms, reads 50.42 ms, install 0.26 ms, over 157.97 loads
ds4:   Engram rows written at step start in 8450 steps; layer-13 drains 0
ds4:   residency a token: 0.00 adds, 0.00 removes, 0.00 commits
ds4:   decode path so far: 8514 single-row steps (480.1 ms each inside the graph over the last 64), 0 K-row verification steps over 0 positions, 0 batch-fusion sites taken; candidate K none
ds4: gate over tokens 8449-8512: 41.89 command buffers, 39.89 aborts, 240.0 expert ids accounted, 1522.90 MiB loaded a token; 0 the gate failed to switch off, 0 it could not gate
ds4:   one token, exclusive, same window: entry 0.00 + encode 4.31 + commit-to-done 58.39 + repair-load 146.31 + accounting 0.04 + tail 47.98 = 257.03 of a 477.93 ms wall, residual 220.89
ds4:   GPU busy 84.69 ms of the token's wall (the union of its buffers' spans), idle 393.24 ms
ds4:   1637.7 gated dispatches a token, 30.0 of them behind an abort; 1247.0 sent plain ahead of a buffer's first validate
ds4:   encode-ahead: 1.00 segments used, 37.89 dropped, 205.48 ms a token spent encoding under the GPU
ds4:   concurrent sections: 454.69 attempted, 454.69 opened a token
ds4:   speculation: 0.00 layers a token, 0.00 lanes computed, 0.00 matched, 0.00 GEMVs actually saved, 0.00 left to compute; compared 0.00 lanes, 0.00 floats differ, 0.00 by more than an ulp
ds4:   Metal 4: 80.78 command buffers sent, 6373.7 dispatches a token; 0 pieces of Metal 3 work so far
ds4:   Metal 4 a token: encoders 495.6 serial + 454.7 concurrent; barriers 5237.0 after a dispatch, 74.0 at copies, 226.3 from the engine, 80.8 opening and 80.8 ending an encoder; 950.3 table clears, 26192.3 setBuffer, 7392.7 setBytes (656407 B); 6373.7 dispatches, 37.0 copies; 80.78 blocking waits, 63.55 ms; 869.5 section barriers
ds4:   expert cache over the last 64 tokens: 90.95 hits, 160.44 misses, 160.44 evictions a token; 215 of 215 entries live (100.0%)
ds4:   of the address-table holes repaired a token: 0.00 already resident, 160.44 genuinely absent
ds4:   of the repair a token: readahead 95.98 ms, slot preparation 0.06 ms, reads 47.17 ms, install 0.22 ms, over 160.44 loads
ds4:   Engram rows written at step start in 8514 steps; layer-13 drains 0
ds4:   residency a token: 0.00 adds, 0.00 removes, 0.00 commits
ds4:   decode path so far: 8578 single-row steps (468.1 ms each inside the graph over the last 64), 0 K-row verification steps over 0 positions, 0 batch-fusion sites taken; candidate K none
ds4: gate over tokens 8513-8576: 41.98 command buffers, 39.98 aborts, 240.0 expert ids accounted, 1695.69 MiB loaded a token; 0 the gate failed to switch off, 0 it could not gate
ds4:   one token, exclusive, same window: entry 0.00 + encode 4.33 + commit-to-done 58.22 + repair-load 150.82 + accounting 0.04 + tail 48.24 = 261.64 of a 487.50 ms wall, residual 225.85
ds4:   GPU busy 84.54 ms of the token's wall (the union of its buffers' spans), idle 402.96 ms
ds4:   1642.2 gated dispatches a token, 30.0 of them behind an abort; 1250.5 sent plain ahead of a buffer's first validate
ds4:   encode-ahead: 1.00 segments used, 37.98 dropped, 209.14 ms a token spent encoding under the GPU
ds4:   concurrent sections: 455.81 attempted, 455.81 opened a token
ds4:   speculation: 0.00 layers a token, 0.00 lanes computed, 0.00 matched, 0.00 GEMVs actually saved, 0.00 left to compute; compared 0.00 lanes, 0.00 floats differ, 0.00 by more than an ulp
ds4:   Metal 4: 80.97 command buffers sent, 6392.3 dispatches a token; 0 pieces of Metal 3 work so far
ds4:   Metal 4 a token: encoders 496.8 serial + 455.8 concurrent; barriers 5252.7 after a dispatch, 73.9 at copies, 226.9 from the engine, 81.0 opening and 81.0 ending an encoder; 952.6 table clears, 26262.9 setBuffer, 7413.8 setBytes (658024 B); 6392.3 dispatches, 37.0 copies; 80.97 blocking waits, 64.38 ms; 871.6 section barriers
ds4:   expert cache over the last 64 tokens: 75.16 hits, 178.64 misses, 178.64 evictions a token; 215 of 215 entries live (100.0%)
ds4:   of the address-table holes repaired a token: 0.00 already resident, 178.64 genuinely absent
ds4:   of the repair a token: readahead 100.54 ms, slot preparation 0.02 ms, reads 46.95 ms, install 0.23 ms, over 178.64 loads
ds4:   Engram rows written at step start in 8578 steps; layer-13 drains 0
ds4:   residency a token: 0.00 adds, 0.00 removes, 0.00 commits
ds4:   decode path so far: 8642 single-row steps (511.8 ms each inside the graph over the last 64), 0 K-row verification steps over 0 positions, 0 batch-fusion sites taken; candidate K none
ds4: gate over tokens 8577-8640: 41.98 command buffers, 39.98 aborts, 240.0 expert ids accounted, 1586.53 MiB loaded a token; 0 the gate failed to switch off, 0 it could not gate
ds4:   one token, exclusive, same window: entry 0.00 + encode 4.33 + commit-to-done 61.41 + repair-load 147.71 + accounting 0.04 + tail 46.22 = 259.72 of a 488.47 ms wall, residual 228.76
ds4:   GPU busy 81.57 ms of the token's wall (the union of its buffers' spans), idle 406.90 ms
ds4:   1641.8 gated dispatches a token, 30.0 of them behind an abort; 1249.9 sent plain ahead of a buffer's first validate
ds4:   encode-ahead: 1.00 segments used, 37.98 dropped, 213.51 ms a token spent encoding under the GPU
ds4:   concurrent sections: 455.81 attempted, 455.81 opened a token
ds4:   speculation: 0.00 layers a token, 0.00 lanes computed, 0.00 matched, 0.00 GEMVs actually saved, 0.00 left to compute; compared 0.00 lanes, 0.00 floats differ, 0.00 by more than an ulp
ds4:   Metal 4: 80.97 command buffers sent, 6389.6 dispatches a token; 0 pieces of Metal 3 work so far
ds4:   Metal 4 a token: encoders 496.8 serial + 455.8 concurrent; barriers 5250.0 after a dispatch, 74.0 at copies, 226.9 from the engine, 81.0 opening and 81.0 ending an encoder; 952.6 table clears, 26257.7 setBuffer, 7411.2 setBytes (658036 B); 6389.6 dispatches, 37.0 copies; 80.97 blocking waits, 63.31 ms; 871.6 section barriers
ds4:   expert cache over the last 64 tokens: 84.83 hits, 167.14 misses, 167.14 evictions a token; 215 of 215 entries live (100.0%)
ds4:   of the address-table holes repaired a token: 0.00 already resident, 167.14 genuinely absent
ds4:   of the repair a token: readahead 98.26 ms, slot preparation 0.02 ms, reads 46.24 ms, install 0.22 ms, over 167.14 loads
ds4:   Engram rows written at step start in 8642 steps; layer-13 drains 0
ds4:   residency a token: 0.00 adds, 0.00 removes, 0.00 commits
ds4:   decode path so far: 8706 single-row steps (427.4 ms each inside the graph over the last 64), 0 K-row verification steps over 0 positions, 0 batch-fusion sites taken; candidate K none
ds4: gate over tokens 8641-8704: 42.00 command buffers, 40.00 aborts, 240.0 expert ids accounted, 1589.79 MiB loaded a token; 0 the gate failed to switch off, 0 it could not gate
ds4:   one token, exclusive, same window: entry 0.00 + encode 4.28 + commit-to-done 60.43 + repair-load 150.54 + accounting 0.04 + tail 37.28 = 252.57 of a 436.89 ms wall, residual 184.32
ds4:   GPU busy 76.00 ms of the token's wall (the union of its buffers' spans), idle 360.89 ms
ds4:   1643.0 gated dispatches a token, 30.0 of them behind an abort; 1251.0 sent plain ahead of a buffer's first validate
ds4:   encode-ahead: 1.00 segments used, 38.00 dropped, 171.91 ms a token spent encoding under the GPU
ds4:   concurrent sections: 456.00 attempted, 456.00 opened a token
ds4:   speculation: 0.00 layers a token, 0.00 lanes computed, 0.00 matched, 0.00 GEMVs actually saved, 0.00 left to compute; compared 0.00 lanes, 0.00 floats differ, 0.00 by more than an ulp
ds4:   Metal 4: 81.00 command buffers sent, 6395.0 dispatches a token; 0 pieces of Metal 3 work so far
ds4:   Metal 4 a token: encoders 497.0 serial + 456.0 concurrent; barriers 5255.0 after a dispatch, 74.0 at copies, 227.0 from the engine, 81.0 opening and 81.0 ending an encoder; 953.0 table clears, 26274.0 setBuffer, 7417.0 setBytes (658306 B); 6395.0 dispatches, 37.0 copies; 81.00 blocking waits, 64.91 ms; 872.0 section barriers
ds4:   expert cache over the last 64 tokens: 84.61 hits, 167.48 misses, 167.48 evictions a token; 215 of 215 entries live (100.0%)
ds4:   of the address-table holes repaired a token: 0.00 already resident, 167.48 genuinely absent
ds4:   of the repair a token: readahead 102.26 ms, slot preparation 0.02 ms, reads 45.22 ms, install 0.22 ms, over 167.48 loads
ds4:   Engram rows written at step start in 8706 steps; layer-13 drains 0
ds4:   residency a token: 0.00 adds, 0.00 removes, 0.00 commits
ds4:   decode path so far: 8770 single-row steps (389.8 ms each inside the graph over the last 64), 0 K-row verification steps over 0 positions, 0 batch-fusion sites taken; candidate K none
ds4: gate over tokens 8705-8768: 41.95 command buffers, 39.95 aborts, 240.0 expert ids accounted, 1600.18 MiB loaded a token; 0 the gate failed to switch off, 0 it could not gate
ds4:   one token, exclusive, same window: entry 0.00 + encode 4.26 + commit-to-done 60.43 + repair-load 150.44 + accounting 0.04 + tail 28.93 = 244.10 of a 387.58 ms wall, residual 143.48
ds4:   GPU busy 71.77 ms of the token's wall (the union of its buffers' spans), idle 315.81 ms
ds4:   1640.6 gated dispatches a token, 30.0 of them behind an abort; 1249.0 sent plain ahead of a buffer's first validate
ds4:   encode-ahead: 1.00 segments used, 37.95 dropped, 132.47 ms a token spent encoding under the GPU
ds4:   concurrent sections: 455.44 attempted, 455.44 opened a token
ds4:   speculation: 0.00 layers a token, 0.00 lanes computed, 0.00 matched, 0.00 GEMVs actually saved, 0.00 left to compute; compared 0.00 lanes, 0.00 floats differ, 0.00 by more than an ulp
ds4:   Metal 4: 80.91 command buffers sent, 6384.2 dispatches a token; 0 pieces of Metal 3 work so far
ds4:   Metal 4 a token: encoders 496.4 serial + 455.4 concurrent; barriers 5245.6 after a dispatch, 74.0 at copies, 226.7 from the engine, 80.9 opening and 80.9 ending an encoder; 951.8 table clears, 26235.8 setBuffer, 7405.0 setBytes (657490 B); 6384.2 dispatches, 37.0 copies; 80.91 blocking waits, 64.26 ms; 870.9 section barriers
ds4:   expert cache over the last 64 tokens: 83.47 hits, 168.58 misses, 168.58 evictions a token; 215 of 215 entries live (100.0%)
ds4:   of the address-table holes repaired a token: 0.00 already resident, 168.58 genuinely absent
ds4:   of the repair a token: readahead 101.52 ms, slot preparation 0.03 ms, reads 45.90 ms, install 0.22 ms, over 168.58 loads
ds4:   Engram rows written at step start in 8770 steps; layer-13 drains 0
ds4:   residency a token: 0.00 adds, 0.00 removes, 0.00 commits
ds4:   decode path so far: 8834 single-row steps (421.4 ms each inside the graph over the last 64), 0 K-row verification steps over 0 positions, 0 batch-fusion sites taken; candidate K none
ds4: gate over tokens 8769-8832: 41.94 command buffers, 39.94 aborts, 240.0 expert ids accounted, 1651.64 MiB loaded a token; 0 the gate failed to switch off, 0 it could not gate
ds4:   one token, exclusive, same window: entry 0.00 + encode 4.29 + commit-to-done 60.22 + repair-load 156.28 + accounting 0.04 + tail 38.05 = 258.88 of a 411.39 ms wall, residual 152.50
ds4:   GPU busy 74.71 ms of the token's wall (the union of its buffers' spans), idle 336.68 ms
ds4:   1640.6 gated dispatches a token, 30.0 of them behind an abort; 1248.9 sent plain ahead of a buffer's first validate
ds4:   encode-ahead: 1.00 segments used, 37.94 dropped, 140.43 ms a token spent encoding under the GPU
ds4:   concurrent sections: 455.25 attempted, 455.25 opened a token
ds4:   speculation: 0.00 layers a token, 0.00 lanes computed, 0.00 matched, 0.00 GEMVs actually saved, 0.00 left to compute; compared 0.00 lanes, 0.00 floats differ, 0.00 by more than an ulp
ds4:   Metal 4: 80.88 command buffers sent, 6384.8 dispatches a token; 0 pieces of Metal 3 work so far
ds4:   Metal 4 a token: encoders 496.2 serial + 455.2 concurrent; barriers 5246.7 after a dispatch, 73.9 at copies, 226.6 from the engine, 80.9 opening and 80.9 ending an encoder; 951.4 table clears, 26231.5 setBuffer, 7405.1 setBytes (657250 B); 6384.8 dispatches, 37.0 copies; 80.88 blocking waits, 65.39 ms; 870.6 section barriers
ds4:   expert cache over the last 64 tokens: 78.64 hits, 174.00 misses, 174.00 evictions a token; 215 of 215 entries live (100.0%)
ds4:   of the address-table holes repaired a token: 0.00 already resident, 174.00 genuinely absent
ds4:   of the repair a token: readahead 106.85 ms, slot preparation 0.02 ms, reads 46.34 ms, install 0.22 ms, over 174.00 loads
ds4:   Engram rows written at step start in 8834 steps; layer-13 drains 0
ds4:   residency a token: 0.00 adds, 0.00 removes, 0.00 commits
warmup     model views touched: ok; Metal 4 commits +1, encoders +1; Metal 3 commands +0
refusal    a Metal 3-only call returned 0; refusals +1, Metal 3 commands +0
short      prompt    26 tokens,  2048 steps: logits differ at 0 of 2049 evaluations (first -1), tokens first differ at -1, ids 13607d993a447227 / 13607d993a447227
haiku      prompt    21 tokens,   256 steps: logits differ at 0 of 257 evaluations (first -1), tokens first differ at -1, ids 8f561a8abb7bba25 / 8f561a8abb7bba25
long       prompt  4795 tokens,   256 steps: logits differ at 0 of 257 evaluations (first -1), tokens first differ at -1, ids e197891559449b7b / e197891559449b7b
injected   decode failure: eval returned 1 (V4.1 decode failed at position 34)
injected   prefill failure: sync returned 1 (V4.1 prefill failed at position 0)
after      a fresh session matches the reference for 128 of 128 tokens
fallback   Metal 3 work noted under the Metal 4 backend: 0
health     Metal 4: 129058 commits, 129058 feedback, 2 errors (the injected ones), residency held 0 entries 0.0 MiB, peak 95637.0 MiB, 11641586 adds, 11641586 releases
reopen     an engine opened after the first closed matches the reference for 2048 of 2048 tokens
closed     after the second close: residency held 0 entries
m3api      Metal 3 command execution after Metal 4 selection: 0; refused 1 (the deliberate one, and one for the full address table if asked); Metal 3 queues created before selection 2, after 0
fulltable  enabled no, asked 0 times under Metal 4; full expert address table uses 0; expert cache hits 1642578, misses 35030
PASS
