ds4: abort gate on for the first 40 layers
ds4: Metal device Apple M5 Max, 128.00 GiB RAM
ds4: Metal 4 tensor API enabled for Tensor kernels
ds4: drift-patch flags hc_stable=on norm_unify=on kv_raw_f32=off rope_exp2_log2=off math_safe=off tensor_matmul=on
ds4: Metal backend: Metal 4
ds4: V4.1 SSD cache fitted from 10268 to 9648 experts for context/runtime headroom
ds4: Metal SSD streaming mode enabled; full model residency and warmup are skipped
ds4: metal SSD streaming cache target 89.43 GiB; effective 89.43 GiB = 7.12 GiB prefill headroom + 82.32 GiB dynamic cache (8880 experts, 9.49 MiB each)
ds4: Metal SSD static weights remain pageable to preserve runtime headroom
ds4: SSD streaming initial metal model map (569 spans, 9.37 GiB tensor span)
ds4: metal backend initialized for graph diagnostics
ds4: expert cache prewarmed from the built-in V4.1 hotlist: 8192 experts (0 failed), 75.94 GiB in 7.85 s
ds4: memory: KV 0.06 GiB (raw 0.01 + compressed 0.05) + buffers 3.30 GiB + resident model 9.37 GiB + expert cache 82.32 GiB + prefill expert reserve 7.12 GiB = 102.16 GiB planned
ds4: memory detail: ctx=8192 prefill_cap=4096 raw_kv_rows=128 compressed_kv_rows=8193 backend=metal
ds4: V4.1 executor ABI 3, arena align 256, rev c7c7e198df14-dirty, built Sep 29 2026 18:35:06
ds4: V4.1 static context buffers 3435.75 MiB (ctx=8192), Engram disk-only
ds4: V4.1 static context buffers 3435.75 MiB (ctx=8192), Engram disk-only
ds4: shared/routed FFN overlap ran, mode 1
ds4: expert cache lent the prefill headroom for decode: 8880 -> 9648 experts
ds4: expert cache lent the prefill headroom for decode: 8880 -> 9648 experts
ds4:   decode path so far: 64 single-row steps (98.0 ms each inside the graph over the last 64), 0 K-row verification steps over 0 positions, 0 batch-fusion sites taken; candidate K none
ds4: gate over tokens 1-64: 19.08 command buffers, 7.73 aborts, 240.0 expert ids accounted, 106.64 MiB loaded a token; 0 the gate failed to switch off, 0 it could not gate
ds4:   one token, exclusive, same window: entry 0.00 + encode 1.12 + commit-to-done 79.57 + repair-load 12.64 + accounting 0.05 + tail 0.42 = 93.80 of a 98.04 ms wall, residual 4.24
ds4:   of the commit-to-done: GPU running 62.66 ms, GPU not running 16.90 ms
ds4:   1041.8 gated dispatches a token, 5.6 of them behind an abort; 693.8 sent plain ahead of a buffer's first validate
ds4:   encode-ahead: 10.34 segments used, 7.39 dropped, 4.11 ms a token spent encoding under the GPU
ds4:   concurrent sections: 151.12 attempted, 151.12 opened a token
ds4:   speculation: 0.00 layers a token, 0.00 lanes computed, 0.00 matched, 0.00 GEMVs actually saved, 0.00 left to compute; compared 0.00 lanes, 0.00 floats differ, 0.00 by more than an ulp
ds4:   Metal 4: 7.11 command buffers sent, 640.8 dispatches a token; Metal 3: 12.08 sent, 0.00 empty ones not sent; 0 pieces of Metal 3 work inside a segment
ds4:   expert cache over the last 64 tokens: 240.00 hits, 139.23 misses, 0.00 evictions a token; 8911 of 9648 entries live (92.4%)
ds4:   of the address-table holes repaired a token: 0.00 already resident, 139.23 genuinely absent
ds4:   of the repair a token: readahead 30.86 ms, slot preparation 45.44 ms, reads 58.76 ms, install 0.19 ms, over 139.23 loads
ds4:   Engram rows written at step start in 64 steps; layer-13 drains 0
ds4:   residency a token: 0.00 adds, 0.00 removes, 0.00 commits
ds4:   decode path so far: 128 single-row steps (87.6 ms each inside the graph over the last 64), 0 K-row verification steps over 0 positions, 0 batch-fusion sites taken; candidate K none
ds4: gate over tokens 65-128: 18.14 command buffers, 6.23 aborts, 240.0 expert ids accounted, 70.60 MiB loaded a token; 0 the gate failed to switch off, 0 it could not gate
ds4:   one token, exclusive, same window: entry 0.00 + encode 0.81 + commit-to-done 69.89 + repair-load 10.80 + accounting 0.06 + tail 2.53 = 84.08 of a 86.39 ms wall, residual 2.31
ds4:   of the commit-to-done: GPU running 68.94 ms, GPU not running 0.95 ms
ds4:   1026.4 gated dispatches a token, 6.1 of them behind an abort; 625.2 sent plain ahead of a buffer's first validate
ds4:   encode-ahead: 10.91 segments used, 5.91 dropped, 2.22 ms a token spent encoding under the GPU
ds4:   concurrent sections: 137.31 attempted, 137.31 opened a token
ds4:   speculation: 0.00 layers a token, 0.00 lanes computed, 0.00 matched, 0.00 GEMVs actually saved, 0.00 left to compute; compared 0.00 lanes, 0.00 floats differ, 0.00 by more than an ulp
ds4:   Metal 4: 7.50 command buffers sent, 642.3 dispatches a token; Metal 3: 11.14 sent, 0.00 empty ones not sent; 0 pieces of Metal 3 work inside a segment
ds4:   expert cache over the last 64 tokens: 240.00 hits, 7.44 misses, 0.00 evictions a token; 9387 of 9648 entries live (97.3%)
ds4:   of the address-table holes repaired a token: 0.00 already resident, 7.44 genuinely absent
ds4:   of the repair a token: readahead 3.44 ms, slot preparation 4.07 ms, reads 3.26 ms, install 0.02 ms, over 7.44 loads
ds4:   Engram rows written at step start in 128 steps; layer-13 drains 0
ds4:   residency a token: 0.00 adds, 0.00 removes, 0.00 commits
ds4:   decode path so far: 192 single-row steps (85.3 ms each inside the graph over the last 64), 0 K-row verification steps over 0 positions, 0 batch-fusion sites taken; candidate K none
ds4: gate over tokens 129-192: 16.33 command buffers, 3.44 aborts, 240.0 expert ids accounted, 37.08 MiB loaded a token; 0 the gate failed to switch off, 0 it could not gate
ds4:   one token, exclusive, same window: entry 0.00 + encode 0.64 + commit-to-done 73.25 + repair-load 5.76 + accounting 0.05 + tail 2.62 = 82.32 of a 84.78 ms wall, residual 2.46
ds4:   of the commit-to-done: GPU running 72.99 ms, GPU not running 0.26 ms
ds4:   990.8 gated dispatches a token, 3.3 of them behind an abort; 504.0 sent plain ahead of a buffer's first validate
ds4:   encode-ahead: 11.89 segments used, 3.28 dropped, 2.40 ms a token spent encoding under the GPU
ds4:   concurrent sections: 111.75 attempted, 111.75 opened a token
ds4:   speculation: 0.00 layers a token, 0.00 lanes computed, 0.00 matched, 0.00 GEMVs actually saved, 0.00 left to compute; compared 0.00 lanes, 0.00 floats differ, 0.00 by more than an ulp
ds4:   Metal 4: 7.50 command buffers sent, 642.8 dispatches a token; Metal 3: 9.33 sent, 0.00 empty ones not sent; 0 pieces of Metal 3 work inside a segment
ds4:   expert cache over the last 64 tokens: 240.00 hits, 3.91 misses, 0.00 evictions a token; 9637 of 9648 entries live (99.9%)
ds4:   of the address-table holes repaired a token: 0.00 already resident, 3.91 genuinely absent
ds4:   of the repair a token: readahead 1.96 ms, slot preparation 1.14 ms, reads 2.64 ms, install 0.01 ms, over 3.91 loads
ds4:   Engram rows written at step start in 192 steps; layer-13 drains 0
ds4:   residency a token: 0.00 adds, 0.00 removes, 0.00 commits
ds4:   decode path so far: 256 single-row steps (80.3 ms each inside the graph over the last 64), 0 K-row verification steps over 0 positions, 0 batch-fusion sites taken; candidate K none
ds4: gate over tokens 193-256: 16.05 command buffers, 3.03 aborts, 240.0 expert ids accounted, 32.04 MiB loaded a token; 0 the gate failed to switch off, 0 it could not gate
ds4:   one token, exclusive, same window: entry 0.00 + encode 0.62 + commit-to-done 69.03 + repair-load 4.34 + accounting 0.05 + tail 2.48 = 76.51 of a 78.96 ms wall, residual 2.46
ds4:   of the commit-to-done: GPU running 69.14 ms, GPU not running -0.12 ms
ds4:   978.6 gated dispatches a token, 2.8 of them behind an abort; 486.2 sent plain ahead of a buffer's first validate
ds4:   encode-ahead: 12.02 segments used, 2.89 dropped, 2.40 ms a token spent encoding under the GPU
ds4:   concurrent sections: 107.94 attempted, 107.94 opened a token
ds4:   speculation: 0.00 layers a token, 0.00 lanes computed, 0.00 matched, 0.00 GEMVs actually saved, 0.00 left to compute; compared 0.00 lanes, 0.00 floats differ, 0.00 by more than an ulp
ds4:   Metal 4: 7.50 command buffers sent, 642.3 dispatches a token; Metal 3: 9.05 sent, 0.00 empty ones not sent; 0 pieces of Metal 3 work inside a segment
ds4:   expert cache over the last 64 tokens: 240.00 hits, 3.38 misses, 3.20 evictions a token; 9648 of 9648 entries live (100.0%)
ds4:   of the address-table holes repaired a token: 0.00 already resident, 3.38 genuinely absent
ds4:   of the repair a token: readahead 1.62 ms, slot preparation 0.36 ms, reads 2.29 ms, install 0.01 ms, over 3.38 loads
ds4:   Engram rows written at step start in 256 steps; layer-13 drains 0
ds4:   residency a token: 0.00 adds, 0.00 removes, 0.00 commits
ds4:   decode path so far: 320 single-row steps (82.4 ms each inside the graph over the last 64), 0 K-row verification steps over 0 positions, 0 batch-fusion sites taken; candidate K none
ds4: gate over tokens 257-320: 16.00 command buffers, 3.02 aborts, 240.0 expert ids accounted, 31.15 MiB loaded a token; 0 the gate failed to switch off, 0 it could not gate
ds4:   one token, exclusive, same window: entry 0.00 + encode 0.63 + commit-to-done 71.17 + repair-load 4.31 + accounting 0.05 + tail 2.52 = 78.69 of a 81.21 ms wall, residual 2.53
ds4:   of the commit-to-done: GPU running 71.19 ms, GPU not running -0.02 ms
ds4:   1001.8 gated dispatches a token, 1.5 of them behind an abort; 499.6 sent plain ahead of a buffer's first validate
ds4:   encode-ahead: 11.98 segments used, 2.86 dropped, 2.47 ms a token spent encoding under the GPU
ds4:   concurrent sections: 107.62 attempted, 107.62 opened a token
ds4:   speculation: 0.00 layers a token, 0.00 lanes computed, 0.00 matched, 0.00 GEMVs actually saved, 0.00 left to compute; compared 0.00 lanes, 0.00 floats differ, 0.00 by more than an ulp
ds4:   Metal 4: 7.50 command buffers sent, 661.9 dispatches a token; Metal 3: 9.00 sent, 0.00 empty ones not sent; 0 pieces of Metal 3 work inside a segment
ds4:   expert cache over the last 64 tokens: 240.00 hits, 3.28 misses, 3.28 evictions a token; 9648 of 9648 entries live (100.0%)
ds4:   of the address-table holes repaired a token: 0.00 already resident, 3.28 genuinely absent
ds4:   of the repair a token: readahead 2.03 ms, slot preparation 0.31 ms, reads 1.91 ms, install 0.01 ms, over 3.28 loads
ds4:   Engram rows written at step start in 320 steps; layer-13 drains 0
ds4:   residency a token: 0.00 adds, 0.00 removes, 0.00 commits
ds4:   decode path so far: 384 single-row steps (81.0 ms each inside the graph over the last 64), 0 K-row verification steps over 0 positions, 0 batch-fusion sites taken; candidate K none
ds4: gate over tokens 321-384: 15.56 command buffers, 2.31 aborts, 240.0 expert ids accounted, 23.29 MiB loaded a token; 0 the gate failed to switch off, 0 it could not gate
ds4:   one token, exclusive, same window: entry 0.00 + encode 0.54 + commit-to-done 71.24 + repair-load 3.10 + accounting 0.05 + tail 2.51 = 77.45 of a 79.89 ms wall, residual 2.44
ds4:   of the commit-to-done: GPU running 71.56 ms, GPU not running -0.31 ms
ds4:   994.4 gated dispatches a token, 3.4 of them behind an abort; 465.5 sent plain ahead of a buffer's first validate
ds4:   encode-ahead: 12.25 segments used, 2.16 dropped, 2.39 ms a token spent encoding under the GPU
ds4:   concurrent sections: 101.34 attempted, 101.34 opened a token
ds4:   speculation: 0.00 layers a token, 0.00 lanes computed, 0.00 matched, 0.00 GEMVs actually saved, 0.00 left to compute; compared 0.00 lanes, 0.00 floats differ, 0.00 by more than an ulp
ds4:   Metal 4: 7.50 command buffers sent, 661.9 dispatches a token; Metal 3: 8.56 sent, 0.00 empty ones not sent; 0 pieces of Metal 3 work inside a segment
ds4:   expert cache over the last 64 tokens: 240.00 hits, 2.45 misses, 2.45 evictions a token; 9648 of 9648 entries live (100.0%)
ds4:   of the address-table holes repaired a token: 0.00 already resident, 2.45 genuinely absent
ds4:   of the repair a token: readahead 1.16 ms, slot preparation 0.24 ms, reads 1.66 ms, install 0.01 ms, over 2.45 loads
ds4:   Engram rows written at step start in 384 steps; layer-13 drains 0
ds4:   residency a token: 0.00 adds, 0.00 removes, 0.00 commits
ds4:   decode path so far: 448 single-row steps (83.5 ms each inside the graph over the last 64), 0 K-row verification steps over 0 positions, 0 batch-fusion sites taken; candidate K none
ds4: gate over tokens 385-448: 15.86 command buffers, 2.83 aborts, 240.0 expert ids accounted, 28.92 MiB loaded a token; 0 the gate failed to switch off, 0 it could not gate
ds4:   one token, exclusive, same window: entry 0.00 + encode 0.61 + commit-to-done 72.84 + repair-load 3.68 + accounting 0.05 + tail 2.61 = 79.79 of a 82.29 ms wall, residual 2.50
ds4:   of the commit-to-done: GPU running 73.22 ms, GPU not running -0.38 ms
ds4:   1001.9 gated dispatches a token, 3.4 of them behind an abort; 492.4 sent plain ahead of a buffer's first validate
ds4:   encode-ahead: 12.03 segments used, 2.67 dropped, 2.44 ms a token spent encoding under the GPU
ds4:   concurrent sections: 105.91 attempted, 105.91 opened a token
ds4:   speculation: 0.00 layers a token, 0.00 lanes computed, 0.00 matched, 0.00 GEMVs actually saved, 0.00 left to compute; compared 0.00 lanes, 0.00 floats differ, 0.00 by more than an ulp
ds4:   Metal 4: 7.50 command buffers sent, 661.9 dispatches a token; Metal 3: 8.86 sent, 0.00 empty ones not sent; 0 pieces of Metal 3 work inside a segment
ds4:   expert cache over the last 64 tokens: 240.00 hits, 3.05 misses, 3.05 evictions a token; 9648 of 9648 entries live (100.0%)
ds4:   of the address-table holes repaired a token: 0.00 already resident, 3.05 genuinely absent
ds4:   of the repair a token: readahead 1.60 ms, slot preparation 0.28 ms, reads 1.74 ms, install 0.01 ms, over 3.05 loads
ds4:   Engram rows written at step start in 448 steps; layer-13 drains 0
ds4:   residency a token: 0.00 adds, 0.00 removes, 0.00 commits
ds4:   decode path so far: 512 single-row steps (83.0 ms each inside the graph over the last 64), 0 K-row verification steps over 0 positions, 0 batch-fusion sites taken; candidate K none
ds4: gate over tokens 449-512: 15.56 command buffers, 2.34 aborts, 240.0 expert ids accounted, 24.18 MiB loaded a token; 0 the gate failed to switch off, 0 it could not gate
ds4:   one token, exclusive, same window: entry 0.00 + encode 0.58 + commit-to-done 73.17 + repair-load 3.05 + accounting 0.05 + tail 2.64 = 79.50 of a 82.12 ms wall, residual 2.62
ds4:   of the commit-to-done: GPU running 73.30 ms, GPU not running -0.14 ms
ds4:   991.2 gated dispatches a token, 2.9 of them behind an abort; 470.0 sent plain ahead of a buffer's first validate
ds4:   encode-ahead: 12.22 segments used, 2.20 dropped, 2.57 ms a token spent encoding under the GPU
ds4:   concurrent sections: 101.25 attempted, 101.25 opened a token
ds4:   speculation: 0.00 layers a token, 0.00 lanes computed, 0.00 matched, 0.00 GEMVs actually saved, 0.00 left to compute; compared 0.00 lanes, 0.00 floats differ, 0.00 by more than an ulp
ds4:   Metal 4: 7.50 command buffers sent, 661.3 dispatches a token; Metal 3: 8.56 sent, 0.00 empty ones not sent; 0 pieces of Metal 3 work inside a segment
ds4:   expert cache over the last 64 tokens: 240.00 hits, 2.55 misses, 2.55 evictions a token; 9648 of 9648 entries live (100.0%)
ds4:   of the address-table holes repaired a token: 0.00 already resident, 2.55 genuinely absent
ds4:   of the repair a token: readahead 1.30 ms, slot preparation 0.26 ms, reads 1.44 ms, install 0.01 ms, over 2.55 loads
ds4:   Engram rows written at step start in 512 steps; layer-13 drains 0
ds4:   residency a token: 0.00 adds, 0.00 removes, 0.00 commits
ds4:   decode path so far: 576 single-row steps (81.9 ms each inside the graph over the last 64), 0 K-row verification steps over 0 positions, 0 batch-fusion sites taken; candidate K none
ds4: gate over tokens 513-576: 15.31 command buffers, 1.86 aborts, 240.0 expert ids accounted, 18.69 MiB loaded a token; 0 the gate failed to switch off, 0 it could not gate
ds4:   one token, exclusive, same window: entry 0.00 + encode 0.62 + commit-to-done 71.64 + repair-load 2.90 + accounting 0.05 + tail 2.57 = 77.77 of a 80.68 ms wall, residual 2.91
ds4:   of the commit-to-done: GPU running 72.21 ms, GPU not running -0.57 ms
ds4:   990.7 gated dispatches a token, 0.5 of them behind an abort; 450.2 sent plain ahead of a buffer's first validate
ds4:   encode-ahead: 12.45 segments used, 1.81 dropped, 2.86 ms a token spent encoding under the GPU
ds4:   concurrent sections: 97.25 attempted, 97.25 opened a token
ds4:   speculation: 0.00 layers a token, 0.00 lanes computed, 0.00 matched, 0.00 GEMVs actually saved, 0.00 left to compute; compared 0.00 lanes, 0.00 floats differ, 0.00 by more than an ulp
ds4:   Metal 4: 7.50 command buffers sent, 661.9 dispatches a token; Metal 3: 8.31 sent, 0.00 empty ones not sent; 0 pieces of Metal 3 work inside a segment
ds4:   expert cache over the last 64 tokens: 240.00 hits, 1.97 misses, 1.97 evictions a token; 9648 of 9648 entries live (100.0%)
ds4:   of the address-table holes repaired a token: 0.00 already resident, 1.97 genuinely absent
ds4:   of the repair a token: readahead 1.51 ms, slot preparation 0.25 ms, reads 1.10 ms, install 0.01 ms, over 1.97 loads
ds4:   Engram rows written at step start in 576 steps; layer-13 drains 0
ds4:   residency a token: 0.00 adds, 0.00 removes, 0.00 commits
ds4:   decode path so far: 640 single-row steps (84.5 ms each inside the graph over the last 64), 0 K-row verification steps over 0 positions, 0 batch-fusion sites taken; candidate K none
ds4: gate over tokens 577-640: 15.53 command buffers, 2.27 aborts, 240.0 expert ids accounted, 22.40 MiB loaded a token; 0 the gate failed to switch off, 0 it could not gate
ds4:   one token, exclusive, same window: entry 0.00 + encode 0.53 + commit-to-done 75.26 + repair-load 2.85 + accounting 0.05 + tail 2.62 = 81.31 of a 83.66 ms wall, residual 2.35
ds4:   of the commit-to-done: GPU running 75.52 ms, GPU not running -0.26 ms
ds4:   997.5 gated dispatches a token, 3.4 of them behind an abort; 466.6 sent plain ahead of a buffer's first validate
ds4:   encode-ahead: 12.27 segments used, 2.14 dropped, 2.30 ms a token spent encoding under the GPU
ds4:   concurrent sections: 101.25 attempted, 101.25 opened a token
ds4:   speculation: 0.00 layers a token, 0.00 lanes computed, 0.00 matched, 0.00 GEMVs actually saved, 0.00 left to compute; compared 0.00 lanes, 0.00 floats differ, 0.00 by more than an ulp
ds4:   Metal 4: 7.50 command buffers sent, 661.9 dispatches a token; Metal 3: 8.53 sent, 0.00 empty ones not sent; 0 pieces of Metal 3 work inside a segment
ds4:   expert cache over the last 64 tokens: 240.00 hits, 2.36 misses, 2.36 evictions a token; 9648 of 9648 entries live (100.0%)
ds4:   of the address-table holes repaired a token: 0.00 already resident, 2.36 genuinely absent
ds4:   of the repair a token: readahead 1.25 ms, slot preparation 0.25 ms, reads 1.32 ms, install 0.01 ms, over 2.36 loads
ds4:   Engram rows written at step start in 640 steps; layer-13 drains 0
ds4:   residency a token: 0.00 adds, 0.00 removes, 0.00 commits
ds4:   decode path so far: 704 single-row steps (86.1 ms each inside the graph over the last 64), 0 K-row verification steps over 0 positions, 0 batch-fusion sites taken; candidate K none
ds4: gate over tokens 641-704: 15.08 command buffers, 1.55 aborts, 240.0 expert ids accounted, 15.57 MiB loaded a token; 0 the gate failed to switch off, 0 it could not gate
ds4:   one token, exclusive, same window: entry 0.00 + encode 0.45 + commit-to-done 76.79 + repair-load 2.26 + accounting 0.05 + tail 2.78 = 82.34 of a 84.66 ms wall, residual 2.32
ds4:   of the commit-to-done: GPU running 77.27 ms, GPU not running -0.48 ms
ds4:   985.0 gated dispatches a token, 1.0 of them behind an abort; 433.8 sent plain ahead of a buffer's first validate
ds4:   encode-ahead: 12.53 segments used, 1.48 dropped, 2.28 ms a token spent encoding under the GPU
ds4:   concurrent sections: 94.44 attempted, 94.44 opened a token
ds4:   speculation: 0.00 layers a token, 0.00 lanes computed, 0.00 matched, 0.00 GEMVs actually saved, 0.00 left to compute; compared 0.00 lanes, 0.00 floats differ, 0.00 by more than an ulp
ds4:   Metal 4: 7.50 command buffers sent, 661.9 dispatches a token; Metal 3: 8.08 sent, 0.00 empty ones not sent; 0 pieces of Metal 3 work inside a segment
ds4:   expert cache over the last 64 tokens: 240.00 hits, 1.64 misses, 1.64 evictions a token; 9648 of 9648 entries live (100.0%)
ds4:   of the address-table holes repaired a token: 0.00 already resident, 1.64 genuinely absent
ds4:   of the repair a token: readahead 0.73 ms, slot preparation 0.18 ms, reads 1.33 ms, install 0.01 ms, over 1.64 loads
ds4:   Engram rows written at step start in 704 steps; layer-13 drains 0
ds4:   residency a token: 0.00 adds, 0.00 removes, 0.00 commits
ds4:   decode path so far: 768 single-row steps (83.9 ms each inside the graph over the last 64), 0 K-row verification steps over 0 positions, 0 batch-fusion sites taken; candidate K none
ds4: gate over tokens 705-768: 15.41 command buffers, 2.09 aborts, 240.0 expert ids accounted, 20.62 MiB loaded a token; 0 the gate failed to switch off, 0 it could not gate
ds4:   one token, exclusive, same window: entry 0.00 + encode 0.46 + commit-to-done 75.07 + repair-load 2.55 + accounting 0.05 + tail 2.60 = 80.73 of a 82.90 ms wall, residual 2.17
ds4:   of the commit-to-done: GPU running 75.08 ms, GPU not running -0.02 ms
ds4:   990.7 gated dispatches a token, 1.9 of them behind an abort; 459.1 sent plain ahead of a buffer's first validate
ds4:   encode-ahead: 12.31 segments used, 2.02 dropped, 2.12 ms a token spent encoding under the GPU
ds4:   concurrent sections: 99.41 attempted, 99.41 opened a token
ds4:   speculation: 0.00 layers a token, 0.00 lanes computed, 0.00 matched, 0.00 GEMVs actually saved, 0.00 left to compute; compared 0.00 lanes, 0.00 floats differ, 0.00 by more than an ulp
ds4:   Metal 4: 7.50 command buffers sent, 661.3 dispatches a token; Metal 3: 8.41 sent, 0.00 empty ones not sent; 0 pieces of Metal 3 work inside a segment
ds4:   expert cache over the last 64 tokens: 240.00 hits, 2.17 misses, 2.17 evictions a token; 9648 of 9648 entries live (100.0%)
ds4:   of the address-table holes repaired a token: 0.00 already resident, 2.17 genuinely absent
ds4:   of the repair a token: readahead 1.08 ms, slot preparation 0.21 ms, reads 1.24 ms, install 0.01 ms, over 2.17 loads
ds4:   Engram rows written at step start in 768 steps; layer-13 drains 0
ds4:   residency a token: 0.00 adds, 0.00 removes, 0.00 commits
ds4:   decode path so far: 832 single-row steps (86.7 ms each inside the graph over the last 64), 0 K-row verification steps over 0 positions, 0 batch-fusion sites taken; candidate K none
ds4: gate over tokens 769-832: 14.86 command buffers, 1.41 aborts, 240.0 expert ids accounted, 13.94 MiB loaded a token; 0 the gate failed to switch off, 0 it could not gate
ds4:   one token, exclusive, same window: entry 0.00 + encode 0.64 + commit-to-done 76.89 + repair-load 2.17 + accounting 0.05 + tail 2.83 = 82.58 of a 85.59 ms wall, residual 3.01
ds4:   of the commit-to-done: GPU running 77.82 ms, GPU not running -0.93 ms
ds4:   981.2 gated dispatches a token, 1.5 of them behind an abort; 422.2 sent plain ahead of a buffer's first validate
ds4:   encode-ahead: 12.45 segments used, 1.36 dropped, 2.96 ms a token spent encoding under the GPU
ds4:   concurrent sections: 92.84 attempted, 92.84 opened a token
ds4:   speculation: 0.00 layers a token, 0.00 lanes computed, 0.00 matched, 0.00 GEMVs actually saved, 0.00 left to compute; compared 0.00 lanes, 0.00 floats differ, 0.00 by more than an ulp
ds4:   Metal 4: 7.52 command buffers sent, 663.8 dispatches a token; Metal 3: 7.84 sent, 0.00 empty ones not sent; 0 pieces of Metal 3 work inside a segment
ds4:   expert cache over the last 64 tokens: 239.98 hits, 1.47 misses, 1.47 evictions a token; 9648 of 9648 entries live (100.0%)
ds4:   of the address-table holes repaired a token: 0.00 already resident, 1.47 genuinely absent
ds4:   of the repair a token: readahead 0.89 ms, slot preparation 0.19 ms, reads 1.07 ms, install 0.01 ms, over 1.47 loads
ds4:   Engram rows written at step start in 832 steps; layer-13 drains 0
ds4:   residency a token: 0.00 adds, 0.00 removes, 0.00 commits
ds4:   decode path so far: 896 single-row steps (87.2 ms each inside the graph over the last 64), 0 K-row verification steps over 0 positions, 0 batch-fusion sites taken; candidate K none
ds4: gate over tokens 833-896: 15.27 command buffers, 1.98 aborts, 240.0 expert ids accounted, 21.95 MiB loaded a token; 0 the gate failed to switch off, 0 it could not gate
ds4:   one token, exclusive, same window: entry 0.00 + encode 0.58 + commit-to-done 76.40 + repair-load 3.29 + accounting 0.05 + tail 2.69 = 83.02 of a 85.82 ms wall, residual 2.81
ds4:   of the commit-to-done: GPU running 76.85 ms, GPU not running -0.45 ms
ds4:   984.6 gated dispatches a token, 1.5 of them behind an abort; 453.6 sent plain ahead of a buffer's first validate
ds4:   encode-ahead: 12.28 segments used, 1.91 dropped, 2.75 ms a token spent encoding under the GPU
ds4:   concurrent sections: 98.09 attempted, 98.09 opened a token
ds4:   speculation: 0.00 layers a token, 0.00 lanes computed, 0.00 matched, 0.00 GEMVs actually saved, 0.00 left to compute; compared 0.00 lanes, 0.00 floats differ, 0.00 by more than an ulp
ds4:   Metal 4: 7.50 command buffers sent, 661.9 dispatches a token; Metal 3: 8.27 sent, 0.00 empty ones not sent; 0 pieces of Metal 3 work inside a segment
ds4:   expert cache over the last 64 tokens: 240.00 hits, 2.31 misses, 2.31 evictions a token; 9648 of 9648 entries live (100.0%)
ds4:   of the address-table holes repaired a token: 0.00 already resident, 2.31 genuinely absent
ds4:   of the repair a token: readahead 1.35 ms, slot preparation 0.19 ms, reads 1.69 ms, install 0.01 ms, over 2.31 loads
ds4:   Engram rows written at step start in 896 steps; layer-13 drains 0
ds4:   residency a token: 0.00 adds, 0.00 removes, 0.00 commits
ds4:   decode path so far: 960 single-row steps (86.4 ms each inside the graph over the last 64), 0 K-row verification steps over 0 positions, 0 batch-fusion sites taken; candidate K none
ds4: gate over tokens 897-960: 15.86 command buffers, 2.73 aborts, 240.0 expert ids accounted, 28.62 MiB loaded a token; 0 the gate failed to switch off, 0 it could not gate
ds4:   one token, exclusive, same window: entry 0.00 + encode 0.60 + commit-to-done 75.38 + repair-load 4.21 + accounting 0.05 + tail 2.64 = 82.88 of a 85.37 ms wall, residual 2.48
ds4:   of the commit-to-done: GPU running 75.28 ms, GPU not running 0.10 ms
ds4:   1008.1 gated dispatches a token, 0.5 of them behind an abort; 487.8 sent plain ahead of a buffer's first validate
ds4:   encode-ahead: 12.12 segments used, 2.64 dropped, 2.43 ms a token spent encoding under the GPU
ds4:   concurrent sections: 105.97 attempted, 105.97 opened a token
ds4:   speculation: 0.00 layers a token, 0.00 lanes computed, 0.00 matched, 0.00 GEMVs actually saved, 0.00 left to compute; compared 0.00 lanes, 0.00 floats differ, 0.00 by more than an ulp
ds4:   Metal 4: 7.53 command buffers sent, 666.9 dispatches a token; Metal 3: 8.83 sent, 0.00 empty ones not sent; 0 pieces of Metal 3 work inside a segment
ds4:   expert cache over the last 64 tokens: 239.97 hits, 3.02 misses, 3.02 evictions a token; 9648 of 9648 entries live (100.0%)
ds4:   of the address-table holes repaired a token: 0.00 already resident, 3.02 genuinely absent
ds4:   of the repair a token: readahead 1.97 ms, slot preparation 0.26 ms, reads 1.92 ms, install 0.01 ms, over 3.02 loads
ds4:   Engram rows written at step start in 960 steps; layer-13 drains 0
ds4:   residency a token: 0.00 adds, 0.00 removes, 0.00 commits
ds4:   decode path so far: 1024 single-row steps (85.6 ms each inside the graph over the last 64), 0 K-row verification steps over 0 positions, 0 batch-fusion sites taken; candidate K none
ds4: gate over tokens 961-1024: 15.02 command buffers, 1.56 aborts, 240.0 expert ids accounted, 15.13 MiB loaded a token; 0 the gate failed to switch off, 0 it could not gate
ds4:   one token, exclusive, same window: entry 0.00 + encode 0.42 + commit-to-done 76.91 + repair-load 2.06 + accounting 0.05 + tail 2.71 = 82.14 of a 84.40 ms wall, residual 2.26
ds4:   of the commit-to-done: GPU running 77.15 ms, GPU not running -0.24 ms
ds4:   981.7 gated dispatches a token, 1.5 of them behind an abort; 430.6 sent plain ahead of a buffer's first validate
ds4:   encode-ahead: 12.45 segments used, 1.48 dropped, 2.21 ms a token spent encoding under the GPU
ds4:   concurrent sections: 93.97 attempted, 93.97 opened a token
ds4:   speculation: 0.00 layers a token, 0.00 lanes computed, 0.00 matched, 0.00 GEMVs actually saved, 0.00 left to compute; compared 0.00 lanes, 0.00 floats differ, 0.00 by more than an ulp
ds4:   Metal 4: 7.50 command buffers sent, 661.3 dispatches a token; Metal 3: 8.02 sent, 0.00 empty ones not sent; 0 pieces of Metal 3 work inside a segment
ds4:   expert cache over the last 64 tokens: 240.00 hits, 1.59 misses, 1.59 evictions a token; 9648 of 9648 entries live (100.0%)
ds4:   of the address-table holes repaired a token: 0.00 already resident, 1.59 genuinely absent
ds4:   of the repair a token: readahead 0.71 ms, slot preparation 0.18 ms, reads 1.15 ms, install 0.01 ms, over 1.59 loads
ds4:   Engram rows written at step start in 1024 steps; layer-13 drains 0
ds4:   residency a token: 0.00 adds, 0.00 removes, 0.00 commits
ds4:   decode path so far: 1088 single-row steps (85.7 ms each inside the graph over the last 64), 0 K-row verification steps over 0 positions, 0 batch-fusion sites taken; candidate K none
ds4: gate over tokens 1025-1088: 14.91 command buffers, 1.42 aborts, 240.0 expert ids accounted, 14.53 MiB loaded a token; 0 the gate failed to switch off, 0 it could not gate
ds4:   one token, exclusive, same window: entry 0.00 + encode 0.35 + commit-to-done 77.84 + repair-load 1.73 + accounting 0.05 + tail 2.68 = 82.66 of a 84.71 ms wall, residual 2.05
ds4:   of the commit-to-done: GPU running 78.05 ms, GPU not running -0.21 ms
ds4:   970.0 gated dispatches a token, 1.4 of them behind an abort; 417.2 sent plain ahead of a buffer's first validate
ds4:   encode-ahead: 12.48 segments used, 1.38 dropped, 2.01 ms a token spent encoding under the GPU
ds4:   concurrent sections: 93.00 attempted, 93.00 opened a token
ds4:   speculation: 0.00 layers a token, 0.00 lanes computed, 0.00 matched, 0.00 GEMVs actually saved, 0.00 left to compute; compared 0.00 lanes, 0.00 floats differ, 0.00 by more than an ulp
ds4:   Metal 4: 7.50 command buffers sent, 652.2 dispatches a token; Metal 3: 7.91 sent, 0.00 empty ones not sent; 0 pieces of Metal 3 work inside a segment
ds4:   expert cache over the last 64 tokens: 240.00 hits, 1.53 misses, 1.53 evictions a token; 9648 of 9648 entries live (100.0%)
ds4:   of the address-table holes repaired a token: 0.00 already resident, 1.53 genuinely absent
ds4:   of the repair a token: readahead 0.72 ms, slot preparation 0.13 ms, reads 0.85 ms, install 0.00 ms, over 1.53 loads
ds4:   Engram rows written at step start in 1088 steps; layer-13 drains 0
ds4:   residency a token: 0.00 adds, 0.00 removes, 0.00 commits
ds4:   decode path so far: 1152 single-row steps (85.0 ms each inside the graph over the last 64), 0 K-row verification steps over 0 positions, 0 batch-fusion sites taken; candidate K none
ds4: gate over tokens 1089-1152: 14.86 command buffers, 1.23 aborts, 240.0 expert ids accounted, 12.61 MiB loaded a token; 0 the gate failed to switch off, 0 it could not gate
ds4:   one token, exclusive, same window: entry 0.00 + encode 0.34 + commit-to-done 77.58 + repair-load 1.59 + accounting 0.05 + tail 2.73 = 82.29 of a 84.26 ms wall, residual 1.97
ds4:   of the commit-to-done: GPU running 77.75 ms, GPU not running -0.17 ms
ds4:   967.7 gated dispatches a token, 0.9 of them behind an abort; 408.9 sent plain ahead of a buffer's first validate
ds4:   encode-ahead: 12.62 segments used, 1.16 dropped, 1.93 ms a token spent encoding under the GPU
ds4:   concurrent sections: 91.25 attempted, 91.25 opened a token
ds4:   speculation: 0.00 layers a token, 0.00 lanes computed, 0.00 matched, 0.00 GEMVs actually saved, 0.00 left to compute; compared 0.00 lanes, 0.00 floats differ, 0.00 by more than an ulp
ds4:   Metal 4: 7.50 command buffers sent, 652.2 dispatches a token; Metal 3: 7.86 sent, 0.00 empty ones not sent; 0 pieces of Metal 3 work inside a segment
ds4:   expert cache over the last 64 tokens: 240.00 hits, 1.33 misses, 1.33 evictions a token; 9648 of 9648 entries live (100.0%)
ds4:   of the address-table holes repaired a token: 0.00 already resident, 1.33 genuinely absent
ds4:   of the repair a token: readahead 0.56 ms, slot preparation 0.13 ms, reads 0.87 ms, install 0.00 ms, over 1.33 loads
ds4:   Engram rows written at step start in 1152 steps; layer-13 drains 0
ds4:   residency a token: 0.00 adds, 0.00 removes, 0.00 commits
ds4:   decode path so far: 1216 single-row steps (87.2 ms each inside the graph over the last 64), 0 K-row verification steps over 0 positions, 0 batch-fusion sites taken; candidate K none
ds4: gate over tokens 1153-1216: 14.92 command buffers, 1.41 aborts, 240.0 expert ids accounted, 13.94 MiB loaded a token; 0 the gate failed to switch off, 0 it could not gate
ds4:   one token, exclusive, same window: entry 0.00 + encode 0.35 + commit-to-done 79.18 + repair-load 1.88 + accounting 0.05 + tail 2.80 = 84.26 of a 86.21 ms wall, residual 1.95
ds4:   of the commit-to-done: GPU running 79.43 ms, GPU not running -0.26 ms
ds4:   966.4 gated dispatches a token, 0.9 of them behind an abort; 413.3 sent plain ahead of a buffer's first validate
ds4:   encode-ahead: 12.52 segments used, 1.33 dropped, 1.91 ms a token spent encoding under the GPU
ds4:   concurrent sections: 92.56 attempted, 92.56 opened a token
ds4:   speculation: 0.00 layers a token, 0.00 lanes computed, 0.00 matched, 0.00 GEMVs actually saved, 0.00 left to compute; compared 0.00 lanes, 0.00 floats differ, 0.00 by more than an ulp
ds4:   Metal 4: 7.50 command buffers sent, 652.2 dispatches a token; Metal 3: 7.92 sent, 0.00 empty ones not sent; 0 pieces of Metal 3 work inside a segment
ds4:   expert cache over the last 64 tokens: 240.00 hits, 1.47 misses, 1.47 evictions a token; 9648 of 9648 entries live (100.0%)
ds4:   of the address-table holes repaired a token: 0.00 already resident, 1.47 genuinely absent
ds4:   of the repair a token: readahead 0.71 ms, slot preparation 0.14 ms, reads 1.01 ms, install 0.01 ms, over 1.47 loads
ds4:   Engram rows written at step start in 1216 steps; layer-13 drains 0
ds4:   residency a token: 0.00 adds, 0.00 removes, 0.00 commits
ds4:   decode path so far: 1280 single-row steps (87.3 ms each inside the graph over the last 64), 0 K-row verification steps over 0 positions, 0 batch-fusion sites taken; candidate K none
ds4: gate over tokens 1217-1280: 14.84 command buffers, 1.23 aborts, 240.0 expert ids accounted, 11.87 MiB loaded a token; 0 the gate failed to switch off, 0 it could not gate
ds4:   one token, exclusive, same window: entry 0.00 + encode 0.34 + commit-to-done 79.03 + repair-load 1.61 + accounting 0.05 + tail 2.81 = 83.83 of a 85.80 ms wall, residual 1.97
ds4:   of the commit-to-done: GPU running 79.33 ms, GPU not running -0.31 ms
ds4:   966.6 gated dispatches a token, 0.5 of them behind an abort; 409.6 sent plain ahead of a buffer's first validate
ds4:   encode-ahead: 12.61 segments used, 1.19 dropped, 1.93 ms a token spent encoding under the GPU
ds4:   concurrent sections: 91.50 attempted, 91.50 opened a token
ds4:   speculation: 0.00 layers a token, 0.00 lanes computed, 0.00 matched, 0.00 GEMVs actually saved, 0.00 left to compute; compared 0.00 lanes, 0.00 floats differ, 0.00 by more than an ulp
ds4:   Metal 4: 7.50 command buffers sent, 651.6 dispatches a token; Metal 3: 7.84 sent, 0.00 empty ones not sent; 0 pieces of Metal 3 work inside a segment
ds4:   expert cache over the last 64 tokens: 240.00 hits, 1.25 misses, 1.25 evictions a token; 9648 of 9648 entries live (100.0%)
ds4:   of the address-table holes repaired a token: 0.00 already resident, 1.25 genuinely absent
ds4:   of the repair a token: readahead 0.54 ms, slot preparation 0.13 ms, reads 0.93 ms, install 0.00 ms, over 1.25 loads
ds4:   Engram rows written at step start in 1280 steps; layer-13 drains 0
ds4:   residency a token: 0.00 adds, 0.00 removes, 0.00 commits
ds4:   decode path so far: 1344 single-row steps (87.3 ms each inside the graph over the last 64), 0 K-row verification steps over 0 positions, 0 batch-fusion sites taken; candidate K none
ds4: gate over tokens 1281-1344: 14.62 command buffers, 0.92 aborts, 240.0 expert ids accounted, 8.75 MiB loaded a token; 0 the gate failed to switch off, 0 it could not gate
ds4:   one token, exclusive, same window: entry 0.00 + encode 0.31 + commit-to-done 79.80 + repair-load 1.37 + accounting 0.05 + tail 2.76 = 84.29 of a 86.22 ms wall, residual 1.93
ds4:   of the commit-to-done: GPU running 80.02 ms, GPU not running -0.22 ms
ds4:   963.8 gated dispatches a token, 1.9 of them behind an abort; 393.9 sent plain ahead of a buffer's first validate
ds4:   encode-ahead: 12.70 segments used, 0.84 dropped, 1.89 ms a token spent encoding under the GPU
ds4:   concurrent sections: 88.38 attempted, 88.38 opened a token
ds4:   speculation: 0.00 layers a token, 0.00 lanes computed, 0.00 matched, 0.00 GEMVs actually saved, 0.00 left to compute; compared 0.00 lanes, 0.00 floats differ, 0.00 by more than an ulp
ds4:   Metal 4: 7.50 command buffers sent, 652.2 dispatches a token; Metal 3: 7.62 sent, 0.00 empty ones not sent; 0 pieces of Metal 3 work inside a segment
ds4:   expert cache over the last 64 tokens: 240.00 hits, 0.92 misses, 0.92 evictions a token; 9648 of 9648 entries live (100.0%)
ds4:   of the address-table holes repaired a token: 0.00 already resident, 0.92 genuinely absent
ds4:   of the repair a token: readahead 0.57 ms, slot preparation 0.11 ms, reads 0.68 ms, install 0.00 ms, over 0.92 loads
ds4:   Engram rows written at step start in 1344 steps; layer-13 drains 0
ds4:   residency a token: 0.00 adds, 0.00 removes, 0.00 commits
ds4:   decode path so far: 1408 single-row steps (91.1 ms each inside the graph over the last 64), 0 K-row verification steps over 0 positions, 0 batch-fusion sites taken; candidate K none
ds4: gate over tokens 1345-1408: 15.25 command buffers, 1.70 aborts, 240.0 expert ids accounted, 17.06 MiB loaded a token; 0 the gate failed to switch off, 0 it could not gate
ds4:   one token, exclusive, same window: entry 0.00 + encode 0.41 + commit-to-done 82.18 + repair-load 2.36 + accounting 0.04 + tail 2.86 = 87.86 of a 89.94 ms wall, residual 2.08
ds4:   of the commit-to-done: GPU running 82.52 ms, GPU not running -0.33 ms
ds4:   976.7 gated dispatches a token, 0.0 of them behind an abort; 430.3 sent plain ahead of a buffer's first validate
ds4:   encode-ahead: 12.55 segments used, 1.59 dropped, 2.03 ms a token spent encoding under the GPU
ds4:   concurrent sections: 96.03 attempted, 96.03 opened a token
ds4:   speculation: 0.00 layers a token, 0.00 lanes computed, 0.00 matched, 0.00 GEMVs actually saved, 0.00 left to compute; compared 0.00 lanes, 0.00 floats differ, 0.00 by more than an ulp
ds4:   Metal 4: 7.50 command buffers sent, 652.2 dispatches a token; Metal 3: 8.25 sent, 0.00 empty ones not sent; 0 pieces of Metal 3 work inside a segment
ds4:   expert cache over the last 64 tokens: 240.00 hits, 1.80 misses, 1.80 evictions a token; 9648 of 9648 entries live (100.0%)
ds4:   of the address-table holes repaired a token: 0.00 already resident, 1.80 genuinely absent
ds4:   of the repair a token: readahead 1.10 ms, slot preparation 0.20 ms, reads 1.03 ms, install 0.01 ms, over 1.80 loads
ds4:   Engram rows written at step start in 1408 steps; layer-13 drains 0
ds4:   residency a token: 0.00 adds, 0.00 removes, 0.00 commits
ds4:   decode path so far: 1472 single-row steps (91.5 ms each inside the graph over the last 64), 0 K-row verification steps over 0 positions, 0 batch-fusion sites taken; candidate K none
ds4: gate over tokens 1409-1472: 14.73 command buffers, 1.02 aborts, 240.0 expert ids accounted, 9.79 MiB loaded a token; 0 the gate failed to switch off, 0 it could not gate
ds4:   one token, exclusive, same window: entry 0.00 + encode 0.39 + commit-to-done 83.39 + repair-load 1.44 + accounting 0.05 + tail 2.83 = 88.10 of a 90.44 ms wall, residual 2.34
ds4:   of the commit-to-done: GPU running 83.77 ms, GPU not running -0.37 ms
ds4:   965.9 gated dispatches a token, 0.9 of them behind an abort; 400.5 sent plain ahead of a buffer's first validate
ds4:   encode-ahead: 12.72 segments used, 0.97 dropped, 2.26 ms a token spent encoding under the GPU
ds4:   concurrent sections: 89.69 attempted, 89.69 opened a token
ds4:   speculation: 0.00 layers a token, 0.00 lanes computed, 0.00 matched, 0.00 GEMVs actually saved, 0.00 left to compute; compared 0.00 lanes, 0.00 floats differ, 0.00 by more than an ulp
ds4:   Metal 4: 7.50 command buffers sent, 652.2 dispatches a token; Metal 3: 7.73 sent, 0.00 empty ones not sent; 0 pieces of Metal 3 work inside a segment
ds4:   expert cache over the last 64 tokens: 240.00 hits, 1.03 misses, 1.03 evictions a token; 9648 of 9648 entries live (100.0%)
ds4:   of the address-table holes repaired a token: 0.00 already resident, 1.03 genuinely absent
ds4:   of the repair a token: readahead 0.51 ms, slot preparation 0.14 ms, reads 0.78 ms, install 0.00 ms, over 1.03 loads
ds4:   Engram rows written at step start in 1472 steps; layer-13 drains 0
ds4:   residency a token: 0.00 adds, 0.00 removes, 0.00 commits
ds4:   decode path so far: 1536 single-row steps (88.8 ms each inside the graph over the last 64), 0 K-row verification steps over 0 positions, 0 batch-fusion sites taken; candidate K none
ds4: gate over tokens 1473-1536: 14.70 command buffers, 1.02 aborts, 240.0 expert ids accounted, 10.09 MiB loaded a token; 0 the gate failed to switch off, 0 it could not gate
ds4:   one token, exclusive, same window: entry 0.00 + encode 0.36 + commit-to-done 80.71 + repair-load 1.30 + accounting 0.05 + tail 2.82 = 85.25 of a 87.42 ms wall, residual 2.17
ds4:   of the commit-to-done: GPU running 81.29 ms, GPU not running -0.58 ms
ds4:   965.0 gated dispatches a token, 0.0 of them behind an abort; 401.4 sent plain ahead of a buffer's first validate
ds4:   encode-ahead: 12.69 segments used, 1.02 dropped, 2.13 ms a token spent encoding under the GPU
ds4:   concurrent sections: 90.03 attempted, 90.03 opened a token
ds4:   speculation: 0.00 layers a token, 0.00 lanes computed, 0.00 matched, 0.00 GEMVs actually saved, 0.00 left to compute; compared 0.00 lanes, 0.00 floats differ, 0.00 by more than an ulp
ds4:   Metal 4: 7.50 command buffers sent, 651.6 dispatches a token; Metal 3: 7.70 sent, 0.00 empty ones not sent; 0 pieces of Metal 3 work inside a segment
ds4:   expert cache over the last 64 tokens: 240.00 hits, 1.06 misses, 1.06 evictions a token; 9648 of 9648 entries live (100.0%)
ds4:   of the address-table holes repaired a token: 0.00 already resident, 1.06 genuinely absent
ds4:   of the repair a token: readahead 0.44 ms, slot preparation 0.13 ms, reads 0.72 ms, install 0.00 ms, over 1.06 loads
ds4:   Engram rows written at step start in 1536 steps; layer-13 drains 0
ds4:   residency a token: 0.00 adds, 0.00 removes, 0.00 commits
ds4:   decode path so far: 1600 single-row steps (86.6 ms each inside the graph over the last 64), 0 K-row verification steps over 0 positions, 0 batch-fusion sites taken; candidate K none
ds4: gate over tokens 1537-1600: 14.59 command buffers, 0.88 aborts, 240.0 expert ids accounted, 8.60 MiB loaded a token; 0 the gate failed to switch off, 0 it could not gate
ds4:   one token, exclusive, same window: entry 0.00 + encode 0.31 + commit-to-done 79.60 + repair-load 1.19 + accounting 0.05 + tail 2.70 = 83.85 of a 85.94 ms wall, residual 2.08
ds4:   of the commit-to-done: GPU running 79.94 ms, GPU not running -0.34 ms
ds4:   962.2 gated dispatches a token, 1.4 of them behind an abort; 393.9 sent plain ahead of a buffer's first validate
ds4:   encode-ahead: 12.72 segments used, 0.84 dropped, 2.05 ms a token spent encoding under the GPU
ds4:   concurrent sections: 88.25 attempted, 88.25 opened a token
ds4:   speculation: 0.00 layers a token, 0.00 lanes computed, 0.00 matched, 0.00 GEMVs actually saved, 0.00 left to compute; compared 0.00 lanes, 0.00 floats differ, 0.00 by more than an ulp
ds4:   Metal 4: 7.50 command buffers sent, 652.2 dispatches a token; Metal 3: 7.59 sent, 0.00 empty ones not sent; 0 pieces of Metal 3 work inside a segment
ds4:   expert cache over the last 64 tokens: 240.00 hits, 0.91 misses, 0.91 evictions a token; 9648 of 9648 entries live (100.0%)
ds4:   of the address-table holes repaired a token: 0.00 already resident, 0.91 genuinely absent
ds4:   of the repair a token: readahead 0.38 ms, slot preparation 0.10 ms, reads 0.69 ms, install 0.00 ms, over 0.91 loads
ds4:   Engram rows written at step start in 1600 steps; layer-13 drains 0
ds4:   residency a token: 0.00 adds, 0.00 removes, 0.00 commits
ds4:   decode path so far: 1664 single-row steps (86.4 ms each inside the graph over the last 64), 0 K-row verification steps over 0 positions, 0 batch-fusion sites taken; candidate K none
ds4: gate over tokens 1601-1664: 14.59 command buffers, 0.89 aborts, 240.0 expert ids accounted, 8.75 MiB loaded a token; 0 the gate failed to switch off, 0 it could not gate
ds4:   one token, exclusive, same window: entry 0.00 + encode 0.30 + commit-to-done 78.69 + repair-load 1.21 + accounting 0.05 + tail 2.68 = 82.93 of a 84.89 ms wall, residual 1.96
ds4:   of the commit-to-done: GPU running 78.86 ms, GPU not running -0.17 ms
ds4:   962.9 gated dispatches a token, 1.4 of them behind an abort; 392.8 sent plain ahead of a buffer's first validate
ds4:   encode-ahead: 12.70 segments used, 0.84 dropped, 1.93 ms a token spent encoding under the GPU
ds4:   concurrent sections: 88.34 attempted, 88.34 opened a token
ds4:   speculation: 0.00 layers a token, 0.00 lanes computed, 0.00 matched, 0.00 GEMVs actually saved, 0.00 left to compute; compared 0.00 lanes, 0.00 floats differ, 0.00 by more than an ulp
ds4:   Metal 4: 7.50 command buffers sent, 652.2 dispatches a token; Metal 3: 7.59 sent, 0.00 empty ones not sent; 0 pieces of Metal 3 work inside a segment
ds4:   expert cache over the last 64 tokens: 240.00 hits, 0.92 misses, 0.92 evictions a token; 9648 of 9648 entries live (100.0%)
ds4:   of the address-table holes repaired a token: 0.00 already resident, 0.92 genuinely absent
ds4:   of the repair a token: readahead 0.46 ms, slot preparation 0.10 ms, reads 0.63 ms, install 0.00 ms, over 0.92 loads
ds4:   Engram rows written at step start in 1664 steps; layer-13 drains 0
ds4:   residency a token: 0.00 adds, 0.00 removes, 0.00 commits
ds4:   decode path so far: 1728 single-row steps (92.6 ms each inside the graph over the last 64), 0 K-row verification steps over 0 positions, 0 batch-fusion sites taken; candidate K none
ds4: gate over tokens 1665-1728: 14.70 command buffers, 0.98 aborts, 240.0 expert ids accounted, 9.49 MiB loaded a token; 0 the gate failed to switch off, 0 it could not gate
ds4:   one token, exclusive, same window: entry 0.00 + encode 0.34 + commit-to-done 83.70 + repair-load 2.00 + accounting 0.05 + tail 2.88 = 88.97 of a 91.16 ms wall, residual 2.20
ds4:   of the commit-to-done: GPU running 84.12 ms, GPU not running -0.42 ms
ds4:   963.9 gated dispatches a token, 0.9 of them behind an abort; 397.8 sent plain ahead of a buffer's first validate
ds4:   encode-ahead: 12.72 segments used, 0.95 dropped, 2.15 ms a token spent encoding under the GPU
ds4:   concurrent sections: 89.38 attempted, 89.38 opened a token
ds4:   speculation: 0.00 layers a token, 0.00 lanes computed, 0.00 matched, 0.00 GEMVs actually saved, 0.00 left to compute; compared 0.00 lanes, 0.00 floats differ, 0.00 by more than an ulp
ds4:   Metal 4: 7.50 command buffers sent, 652.2 dispatches a token; Metal 3: 7.70 sent, 0.00 empty ones not sent; 0 pieces of Metal 3 work inside a segment
ds4:   expert cache over the last 64 tokens: 240.00 hits, 1.00 misses, 1.00 evictions a token; 9648 of 9648 entries live (100.0%)
ds4:   of the address-table holes repaired a token: 0.00 already resident, 1.00 genuinely absent
ds4:   of the repair a token: readahead 0.90 ms, slot preparation 0.12 ms, reads 0.96 ms, install 0.00 ms, over 1.00 loads
ds4:   Engram rows written at step start in 1728 steps; layer-13 drains 0
ds4:   residency a token: 0.00 adds, 0.00 removes, 0.00 commits
ds4:   decode path so far: 1792 single-row steps (86.7 ms each inside the graph over the last 64), 0 K-row verification steps over 0 positions, 0 batch-fusion sites taken; candidate K none
ds4: gate over tokens 1729-1792: 14.56 command buffers, 0.84 aborts, 240.0 expert ids accounted, 8.16 MiB loaded a token; 0 the gate failed to switch off, 0 it could not gate
ds4:   one token, exclusive, same window: entry 0.00 + encode 0.34 + commit-to-done 78.84 + repair-load 1.07 + accounting 0.05 + tail 2.70 = 83.00 of a 85.17 ms wall, residual 2.17
ds4:   of the commit-to-done: GPU running 79.25 ms, GPU not running -0.42 ms
ds4:   960.5 gated dispatches a token, 0.9 of them behind an abort; 389.1 sent plain ahead of a buffer's first validate
ds4:   encode-ahead: 12.72 segments used, 0.78 dropped, 2.13 ms a token spent encoding under the GPU
ds4:   concurrent sections: 87.75 attempted, 87.75 opened a token
ds4:   speculation: 0.00 layers a token, 0.00 lanes computed, 0.00 matched, 0.00 GEMVs actually saved, 0.00 left to compute; compared 0.00 lanes, 0.00 floats differ, 0.00 by more than an ulp
ds4:   Metal 4: 7.50 command buffers sent, 651.6 dispatches a token; Metal 3: 7.56 sent, 0.00 empty ones not sent; 0 pieces of Metal 3 work inside a segment
ds4:   expert cache over the last 64 tokens: 240.00 hits, 0.86 misses, 0.86 evictions a token; 9648 of 9648 entries live (100.0%)
ds4:   of the address-table holes repaired a token: 0.00 already resident, 0.86 genuinely absent
ds4:   of the repair a token: readahead 0.41 ms, slot preparation 0.11 ms, reads 0.54 ms, install 0.00 ms, over 0.86 loads
ds4:   Engram rows written at step start in 1792 steps; layer-13 drains 0
ds4:   residency a token: 0.00 adds, 0.00 removes, 0.00 commits
ds4:   decode path so far: 1856 single-row steps (86.7 ms each inside the graph over the last 64), 0 K-row verification steps over 0 positions, 0 batch-fusion sites taken; candidate K none
ds4: gate over tokens 1793-1856: 14.80 command buffers, 1.09 aborts, 240.0 expert ids accounted, 10.68 MiB loaded a token; 0 the gate failed to switch off, 0 it could not gate
ds4:   one token, exclusive, same window: entry 0.00 + encode 0.31 + commit-to-done 79.03 + repair-load 1.37 + accounting 0.05 + tail 2.78 = 83.54 of a 85.55 ms wall, residual 2.01
ds4:   of the commit-to-done: GPU running 79.42 ms, GPU not running -0.39 ms
ds4:   966.7 gated dispatches a token, 0.9 of them behind an abort; 400.6 sent plain ahead of a buffer's first validate
ds4:   encode-ahead: 12.70 segments used, 1.00 dropped, 1.97 ms a token spent encoding under the GPU
ds4:   concurrent sections: 89.84 attempted, 89.84 opened a token
ds4:   speculation: 0.00 layers a token, 0.00 lanes computed, 0.00 matched, 0.00 GEMVs actually saved, 0.00 left to compute; compared 0.00 lanes, 0.00 floats differ, 0.00 by more than an ulp
ds4:   Metal 4: 7.50 command buffers sent, 652.2 dispatches a token; Metal 3: 7.80 sent, 0.00 empty ones not sent; 0 pieces of Metal 3 work inside a segment
ds4:   expert cache over the last 64 tokens: 240.00 hits, 1.12 misses, 1.12 evictions a token; 9648 of 9648 entries live (100.0%)
ds4:   of the address-table holes repaired a token: 0.00 already resident, 1.12 genuinely absent
ds4:   of the repair a token: readahead 0.51 ms, slot preparation 0.11 ms, reads 0.74 ms, install 0.00 ms, over 1.12 loads
ds4:   Engram rows written at step start in 1856 steps; layer-13 drains 0
ds4:   residency a token: 0.00 adds, 0.00 removes, 0.00 commits
ds4:   decode path so far: 1920 single-row steps (89.3 ms each inside the graph over the last 64), 0 K-row verification steps over 0 positions, 0 batch-fusion sites taken; candidate K none
ds4: gate over tokens 1857-1920: 14.80 command buffers, 1.23 aborts, 240.0 expert ids accounted, 12.46 MiB loaded a token; 0 the gate failed to switch off, 0 it could not gate
ds4:   one token, exclusive, same window: entry 0.00 + encode 0.36 + commit-to-done 81.00 + repair-load 1.95 + accounting 0.05 + tail 2.81 = 86.16 of a 88.17 ms wall, residual 2.00
ds4:   of the commit-to-done: GPU running 81.24 ms, GPU not running -0.23 ms
ds4:   966.2 gated dispatches a token, 0.5 of them behind an abort; 408.0 sent plain ahead of a buffer's first validate
ds4:   encode-ahead: 12.56 segments used, 1.19 dropped, 1.96 ms a token spent encoding under the GPU
ds4:   concurrent sections: 91.25 attempted, 91.25 opened a token
ds4:   speculation: 0.00 layers a token, 0.00 lanes computed, 0.00 matched, 0.00 GEMVs actually saved, 0.00 left to compute; compared 0.00 lanes, 0.00 floats differ, 0.00 by more than an ulp
ds4:   Metal 4: 7.50 command buffers sent, 652.2 dispatches a token; Metal 3: 7.80 sent, 0.00 empty ones not sent; 0 pieces of Metal 3 work inside a segment
ds4:   expert cache over the last 64 tokens: 240.00 hits, 1.31 misses, 1.31 evictions a token; 9648 of 9648 entries live (100.0%)
ds4:   of the address-table holes repaired a token: 0.00 already resident, 1.31 genuinely absent
ds4:   of the repair a token: readahead 0.78 ms, slot preparation 0.14 ms, reads 1.00 ms, install 0.01 ms, over 1.31 loads
ds4:   Engram rows written at step start in 1920 steps; layer-13 drains 0
ds4:   residency a token: 0.00 adds, 0.00 removes, 0.00 commits
ds4:   decode path so far: 1984 single-row steps (88.5 ms each inside the graph over the last 64), 0 K-row verification steps over 0 positions, 0 batch-fusion sites taken; candidate K none
ds4: gate over tokens 1921-1984: 14.50 command buffers, 0.84 aborts, 240.0 expert ids accounted, 8.01 MiB loaded a token; 0 the gate failed to switch off, 0 it could not gate
ds4:   one token, exclusive, same window: entry 0.00 + encode 0.29 + commit-to-done 81.65 + repair-load 1.05 + accounting 0.05 + tail 2.75 = 85.80 of a 87.74 ms wall, residual 1.94
ds4:   of the commit-to-done: GPU running 81.92 ms, GPU not running -0.28 ms
ds4:   959.1 gated dispatches a token, 0.5 of them behind an abort; 389.7 sent plain ahead of a buffer's first validate
ds4:   encode-ahead: 12.66 segments used, 0.81 dropped, 1.91 ms a token spent encoding under the GPU
ds4:   concurrent sections: 87.66 attempted, 87.66 opened a token
ds4:   speculation: 0.00 layers a token, 0.00 lanes computed, 0.00 matched, 0.00 GEMVs actually saved, 0.00 left to compute; compared 0.00 lanes, 0.00 floats differ, 0.00 by more than an ulp
ds4:   Metal 4: 7.50 command buffers sent, 652.2 dispatches a token; Metal 3: 7.50 sent, 0.00 empty ones not sent; 0 pieces of Metal 3 work inside a segment
ds4:   expert cache over the last 64 tokens: 240.00 hits, 0.84 misses, 0.84 evictions a token; 9648 of 9648 entries live (100.0%)
ds4:   of the address-table holes repaired a token: 0.00 already resident, 0.84 genuinely absent
ds4:   of the repair a token: readahead 0.36 ms, slot preparation 0.11 ms, reads 0.58 ms, install 0.00 ms, over 0.84 loads
ds4:   Engram rows written at step start in 1984 steps; layer-13 drains 0
ds4:   residency a token: 0.00 adds, 0.00 removes, 0.00 commits
ds4:   decode path so far: 2048 single-row steps (85.5 ms each inside the graph over the last 64), 0 K-row verification steps over 0 positions, 0 batch-fusion sites taken; candidate K none
ds4: gate over tokens 1985-2048: 14.62 command buffers, 0.88 aborts, 240.0 expert ids accounted, 8.45 MiB loaded a token; 0 the gate failed to switch off, 0 it could not gate
ds4:   one token, exclusive, same window: entry 0.00 + encode 0.28 + commit-to-done 78.30 + repair-load 1.07 + accounting 0.05 + tail 2.60 = 82.29 of a 84.22 ms wall, residual 1.93
ds4:   of the commit-to-done: GPU running 78.43 ms, GPU not running -0.13 ms
ds4:   963.7 gated dispatches a token, 0.9 of them behind an abort; 393.8 sent plain ahead of a buffer's first validate
ds4:   encode-ahead: 12.75 segments used, 0.84 dropped, 1.89 ms a token spent encoding under the GPU
ds4:   concurrent sections: 88.44 attempted, 88.44 opened a token
ds4:   speculation: 0.00 layers a token, 0.00 lanes computed, 0.00 matched, 0.00 GEMVs actually saved, 0.00 left to compute; compared 0.00 lanes, 0.00 floats differ, 0.00 by more than an ulp
ds4:   Metal 4: 7.50 command buffers sent, 651.6 dispatches a token; Metal 3: 7.62 sent, 0.00 empty ones not sent; 0 pieces of Metal 3 work inside a segment
ds4:   expert cache over the last 64 tokens: 240.00 hits, 0.89 misses, 0.89 evictions a token; 9648 of 9648 entries live (100.0%)
ds4:   of the address-table holes repaired a token: 0.00 already resident, 0.89 genuinely absent
ds4:   of the repair a token: readahead 0.41 ms, slot preparation 0.10 ms, reads 0.56 ms, install 0.00 ms, over 0.89 loads
ds4:   Engram rows written at step start in 2048 steps; layer-13 drains 0
ds4:   residency a token: 0.00 adds, 0.00 removes, 0.00 commits
ds4:   decode path so far: 2112 single-row steps (97.2 ms each inside the graph over the last 64), 0 K-row verification steps over 0 positions, 0 batch-fusion sites taken; candidate K none
ds4: gate over tokens 2049-2112: 14.95 command buffers, 1.36 aborts, 240.0 expert ids accounted, 13.79 MiB loaded a token; 0 the gate failed to switch off, 0 it could not gate
ds4:   one token, exclusive, same window: entry 0.00 + encode 0.40 + commit-to-done 88.20 + repair-load 2.34 + accounting 0.05 + tail 2.99 = 93.97 of a 96.26 ms wall, residual 2.29
ds4:   of the commit-to-done: GPU running 88.34 ms, GPU not running -0.14 ms
ds4:   959.6 gated dispatches a token, 0.9 of them behind an abort; 411.3 sent plain ahead of a buffer's first validate
ds4:   encode-ahead: 12.59 segments used, 1.30 dropped, 2.25 ms a token spent encoding under the GPU
ds4:   concurrent sections: 92.41 attempted, 92.41 opened a token
ds4:   speculation: 0.00 layers a token, 0.00 lanes computed, 0.00 matched, 0.00 GEMVs actually saved, 0.00 left to compute; compared 0.00 lanes, 0.00 floats differ, 0.00 by more than an ulp
ds4:   Metal 4: 7.50 command buffers sent, 646.0 dispatches a token; Metal 3: 7.95 sent, 0.00 empty ones not sent; 0 pieces of Metal 3 work inside a segment
ds4:   expert cache over the last 64 tokens: 240.00 hits, 1.45 misses, 1.45 evictions a token; 9648 of 9648 entries live (100.0%)
ds4:   of the address-table holes repaired a token: 0.00 already resident, 1.45 genuinely absent
ds4:   of the repair a token: readahead 0.96 ms, slot preparation 0.15 ms, reads 1.21 ms, install 0.01 ms, over 1.45 loads
ds4:   Engram rows written at step start in 2112 steps; layer-13 drains 0
ds4:   residency a token: 0.00 adds, 0.00 removes, 0.00 commits
ds4:   decode path so far: 2176 single-row steps (107.5 ms each inside the graph over the last 64), 0 K-row verification steps over 0 positions, 0 batch-fusion sites taken; candidate K none
ds4: gate over tokens 2113-2176: 14.66 command buffers, 0.88 aborts, 240.0 expert ids accounted, 8.60 MiB loaded a token; 0 the gate failed to switch off, 0 it could not gate
ds4:   one token, exclusive, same window: entry 0.00 + encode 0.44 + commit-to-done 97.97 + repair-load 1.50 + accounting 0.05 + tail 3.52 = 103.48 of a 106.23 ms wall, residual 2.75
ds4:   of the commit-to-done: GPU running 98.78 ms, GPU not running -0.81 ms
ds4:   956.3 gated dispatches a token, 0.9 of them behind an abort; 389.9 sent plain ahead of a buffer's first validate
ds4:   encode-ahead: 12.78 segments used, 0.84 dropped, 2.70 ms a token spent encoding under the GPU
ds4:   concurrent sections: 88.53 attempted, 88.53 opened a token
ds4:   speculation: 0.00 layers a token, 0.00 lanes computed, 0.00 matched, 0.00 GEMVs actually saved, 0.00 left to compute; compared 0.00 lanes, 0.00 floats differ, 0.00 by more than an ulp
ds4:   Metal 4: 7.50 command buffers sent, 646.0 dispatches a token; Metal 3: 7.66 sent, 0.00 empty ones not sent; 0 pieces of Metal 3 work inside a segment
ds4:   expert cache over the last 64 tokens: 240.00 hits, 0.91 misses, 0.91 evictions a token; 9648 of 9648 entries live (100.0%)
ds4:   of the address-table holes repaired a token: 0.00 already resident, 0.91 genuinely absent
ds4:   of the repair a token: readahead 0.52 ms, slot preparation 0.13 ms, reads 0.83 ms, install 0.00 ms, over 0.91 loads
ds4:   Engram rows written at step start in 2176 steps; layer-13 drains 0
ds4:   residency a token: 0.00 adds, 0.00 removes, 0.00 commits
ds4:   decode path so far: 2240 single-row steps (84.5 ms each inside the graph over the last 64), 0 K-row verification steps over 0 positions, 0 batch-fusion sites taken; candidate K none
ds4: gate over tokens 2177-2240: 14.53 command buffers, 0.77 aborts, 240.0 expert ids accounted, 7.42 MiB loaded a token; 0 the gate failed to switch off, 0 it could not gate
ds4:   one token, exclusive, same window: entry 0.00 + encode 0.34 + commit-to-done 77.28 + repair-load 1.07 + accounting 0.05 + tail 2.61 = 81.35 of a 83.64 ms wall, residual 2.29
ds4:   of the commit-to-done: GPU running 77.71 ms, GPU not running -0.42 ms
ds4:   951.6 gated dispatches a token, 1.9 of them behind an abort; 382.8 sent plain ahead of a buffer's first validate
ds4:   encode-ahead: 12.77 segments used, 0.70 dropped, 2.25 ms a token spent encoding under the GPU
ds4:   concurrent sections: 87.12 attempted, 87.12 opened a token
ds4:   speculation: 0.00 layers a token, 0.00 lanes computed, 0.00 matched, 0.00 GEMVs actually saved, 0.00 left to compute; compared 0.00 lanes, 0.00 floats differ, 0.00 by more than an ulp
ds4:   Metal 4: 7.50 command buffers sent, 646.0 dispatches a token; Metal 3: 7.53 sent, 0.00 empty ones not sent; 0 pieces of Metal 3 work inside a segment
ds4:   expert cache over the last 64 tokens: 240.00 hits, 0.78 misses, 0.78 evictions a token; 9648 of 9648 entries live (100.0%)
ds4:   of the address-table holes repaired a token: 0.00 already resident, 0.78 genuinely absent
ds4:   of the repair a token: readahead 0.34 ms, slot preparation 0.10 ms, reads 0.62 ms, install 0.00 ms, over 0.78 loads
ds4:   Engram rows written at step start in 2240 steps; layer-13 drains 0
ds4:   residency a token: 0.00 adds, 0.00 removes, 0.00 commits
ds4:   decode path so far: 2304 single-row steps (86.4 ms each inside the graph over the last 64), 0 K-row verification steps over 0 positions, 0 batch-fusion sites taken; candidate K none
ds4: gate over tokens 2241-2304: 14.75 command buffers, 0.92 aborts, 240.0 expert ids accounted, 9.20 MiB loaded a token; 0 the gate failed to switch off, 0 it could not gate
ds4:   one token, exclusive, same window: entry 0.00 + encode 0.35 + commit-to-done 78.96 + repair-load 1.36 + accounting 0.05 + tail 2.64 = 83.37 of a 85.64 ms wall, residual 2.27
ds4:   of the commit-to-done: GPU running 79.29 ms, GPU not running -0.32 ms
ds4:   955.3 gated dispatches a token, 0.9 of them behind an abort; 390.8 sent plain ahead of a buffer's first validate
ds4:   encode-ahead: 12.83 segments used, 0.84 dropped, 2.23 ms a token spent encoding under the GPU
ds4:   concurrent sections: 88.72 attempted, 88.72 opened a token
ds4:   speculation: 0.00 layers a token, 0.00 lanes computed, 0.00 matched, 0.00 GEMVs actually saved, 0.00 left to compute; compared 0.00 lanes, 0.00 floats differ, 0.00 by more than an ulp
ds4:   Metal 4: 7.50 command buffers sent, 645.4 dispatches a token; Metal 3: 7.75 sent, 0.00 empty ones not sent; 0 pieces of Metal 3 work inside a segment
ds4:   expert cache over the last 64 tokens: 240.00 hits, 0.97 misses, 0.97 evictions a token; 9648 of 9648 entries live (100.0%)
ds4:   of the address-table holes repaired a token: 0.00 already resident, 0.97 genuinely absent
ds4:   of the repair a token: readahead 0.47 ms, slot preparation 0.12 ms, reads 0.76 ms, install 0.00 ms, over 0.97 loads
ds4:   Engram rows written at step start in 2304 steps; layer-13 drains 0
ds4:   residency a token: 0.00 adds, 0.00 removes, 0.00 commits
ds4:   decode path so far: 2368 single-row steps (89.8 ms each inside the graph over the last 64), 0 K-row verification steps over 0 positions, 0 batch-fusion sites taken; candidate K none
ds4: gate over tokens 2305-2368: 14.28 command buffers, 0.45 aborts, 240.0 expert ids accounted, 4.45 MiB loaded a token; 0 the gate failed to switch off, 0 it could not gate
ds4:   one token, exclusive, same window: entry 0.00 + encode 0.27 + commit-to-done 82.00 + repair-load 0.84 + accounting 0.05 + tail 2.86 = 86.02 of a 88.12 ms wall, residual 2.10
ds4:   of the commit-to-done: GPU running 82.33 ms, GPU not running -0.34 ms
ds4:   946.4 gated dispatches a token, 0.5 of them behind an abort; 368.2 sent plain ahead of a buffer's first validate
ds4:   encode-ahead: 12.83 segments used, 0.44 dropped, 2.06 ms a token spent encoding under the GPU
ds4:   concurrent sections: 84.25 attempted, 84.25 opened a token
ds4:   speculation: 0.00 layers a token, 0.00 lanes computed, 0.00 matched, 0.00 GEMVs actually saved, 0.00 left to compute; compared 0.00 lanes, 0.00 floats differ, 0.00 by more than an ulp
ds4:   Metal 4: 7.50 command buffers sent, 646.0 dispatches a token; Metal 3: 7.28 sent, 0.00 empty ones not sent; 0 pieces of Metal 3 work inside a segment
ds4:   expert cache over the last 64 tokens: 240.00 hits, 0.47 misses, 0.47 evictions a token; 9648 of 9648 entries live (100.0%)
ds4:   of the address-table holes repaired a token: 0.00 already resident, 0.47 genuinely absent
ds4:   of the repair a token: readahead 0.28 ms, slot preparation 0.06 ms, reads 0.49 ms, install 0.00 ms, over 0.47 loads
ds4:   Engram rows written at step start in 2368 steps; layer-13 drains 0
ds4:   residency a token: 0.00 adds, 0.00 removes, 0.00 commits
ds4:   decode path so far: 2432 single-row steps (86.8 ms each inside the graph over the last 64), 0 K-row verification steps over 0 positions, 0 batch-fusion sites taken; candidate K none
ds4: gate over tokens 2369-2432: 14.69 command buffers, 1.02 aborts, 240.0 expert ids accounted, 10.09 MiB loaded a token; 0 the gate failed to switch off, 0 it could not gate
ds4:   one token, exclusive, same window: entry 0.00 + encode 0.32 + commit-to-done 78.51 + repair-load 1.79 + accounting 0.05 + tail 2.65 = 83.32 of a 85.33 ms wall, residual 2.01
ds4:   of the commit-to-done: GPU running 78.57 ms, GPU not running -0.06 ms
ds4:   954.9 gated dispatches a token, 0.9 of them behind an abort; 391.7 sent plain ahead of a buffer's first validate
ds4:   encode-ahead: 12.67 segments used, 0.94 dropped, 1.98 ms a token spent encoding under the GPU
ds4:   concurrent sections: 89.06 attempted, 89.06 opened a token
ds4:   speculation: 0.00 layers a token, 0.00 lanes computed, 0.00 matched, 0.00 GEMVs actually saved, 0.00 left to compute; compared 0.00 lanes, 0.00 floats differ, 0.00 by more than an ulp
ds4:   Metal 4: 7.50 command buffers sent, 646.0 dispatches a token; Metal 3: 7.69 sent, 0.00 empty ones not sent; 0 pieces of Metal 3 work inside a segment
ds4:   expert cache over the last 64 tokens: 240.00 hits, 1.06 misses, 1.06 evictions a token; 9648 of 9648 entries live (100.0%)
ds4:   of the address-table holes repaired a token: 0.00 already resident, 1.06 genuinely absent
ds4:   of the repair a token: readahead 0.47 ms, slot preparation 0.11 ms, reads 1.20 ms, install 0.00 ms, over 1.06 loads
ds4:   Engram rows written at step start in 2432 steps; layer-13 drains 0
ds4:   residency a token: 0.00 adds, 0.00 removes, 0.00 commits
ds4:   decode path so far: 2496 single-row steps (87.1 ms each inside the graph over the last 64), 0 K-row verification steps over 0 positions, 0 batch-fusion sites taken; candidate K none
ds4: gate over tokens 2433-2496: 14.48 command buffers, 0.69 aborts, 240.0 expert ids accounted, 6.53 MiB loaded a token; 0 the gate failed to switch off, 0 it could not gate
ds4:   one token, exclusive, same window: entry 0.00 + encode 0.28 + commit-to-done 79.32 + repair-load 1.14 + accounting 0.05 + tail 2.74 = 83.54 of a 85.53 ms wall, residual 2.00
ds4:   of the commit-to-done: GPU running 79.53 ms, GPU not running -0.21 ms
ds4:   951.4 gated dispatches a token, 0.9 of them behind an abort; 378.3 sent plain ahead of a buffer's first validate
ds4:   encode-ahead: 12.80 segments used, 0.62 dropped, 1.96 ms a token spent encoding under the GPU
ds4:   concurrent sections: 86.31 attempted, 86.31 opened a token
ds4:   speculation: 0.00 layers a token, 0.00 lanes computed, 0.00 matched, 0.00 GEMVs actually saved, 0.00 left to compute; compared 0.00 lanes, 0.00 floats differ, 0.00 by more than an ulp
ds4:   Metal 4: 7.50 command buffers sent, 646.0 dispatches a token; Metal 3: 7.48 sent, 0.00 empty ones not sent; 0 pieces of Metal 3 work inside a segment
ds4:   expert cache over the last 64 tokens: 240.00 hits, 0.69 misses, 0.69 evictions a token; 9648 of 9648 entries live (100.0%)
ds4:   of the address-table holes repaired a token: 0.00 already resident, 0.69 genuinely absent
ds4:   of the repair a token: readahead 0.31 ms, slot preparation 0.09 ms, reads 0.74 ms, install 0.00 ms, over 0.69 loads
ds4:   Engram rows written at step start in 2496 steps; layer-13 drains 0
ds4:   residency a token: 0.00 adds, 0.00 removes, 0.00 commits
ds4:   decode path so far: 2560 single-row steps (86.9 ms each inside the graph over the last 64), 0 K-row verification steps over 0 positions, 0 batch-fusion sites taken; candidate K none
ds4: gate over tokens 2497-2560: 14.44 command buffers, 0.67 aborts, 240.0 expert ids accounted, 6.53 MiB loaded a token; 0 the gate failed to switch off, 0 it could not gate
ds4:   one token, exclusive, same window: entry 0.00 + encode 0.26 + commit-to-done 80.76 + repair-load 0.95 + accounting 0.05 + tail 2.76 = 84.78 of a 86.75 ms wall, residual 1.97
ds4:   of the commit-to-done: GPU running 80.95 ms, GPU not running -0.19 ms
ds4:   951.4 gated dispatches a token, 0.0 of them behind an abort; 379.0 sent plain ahead of a buffer's first validate
ds4:   encode-ahead: 12.77 segments used, 0.66 dropped, 1.93 ms a token spent encoding under the GPU
ds4:   concurrent sections: 86.34 attempted, 86.34 opened a token
ds4:   speculation: 0.00 layers a token, 0.00 lanes computed, 0.00 matched, 0.00 GEMVs actually saved, 0.00 left to compute; compared 0.00 lanes, 0.00 floats differ, 0.00 by more than an ulp
ds4:   Metal 4: 7.50 command buffers sent, 645.4 dispatches a token; Metal 3: 7.44 sent, 0.00 empty ones not sent; 0 pieces of Metal 3 work inside a segment
ds4:   expert cache over the last 64 tokens: 240.00 hits, 0.69 misses, 0.69 evictions a token; 9648 of 9648 entries live (100.0%)
ds4:   of the address-table holes repaired a token: 0.00 already resident, 0.69 genuinely absent
ds4:   of the repair a token: readahead 0.24 ms, slot preparation 0.08 ms, reads 0.62 ms, install 0.00 ms, over 0.69 loads
ds4:   Engram rows written at step start in 2560 steps; layer-13 drains 0
ds4:   residency a token: 0.00 adds, 0.00 removes, 0.00 commits
ds4:   decode path so far: 2624 single-row steps (94.5 ms each inside the graph over the last 64), 0 K-row verification steps over 0 positions, 0 batch-fusion sites taken; candidate K none
ds4: gate over tokens 2561-2624: 14.50 command buffers, 0.73 aborts, 240.0 expert ids accounted, 7.42 MiB loaded a token; 0 the gate failed to switch off, 0 it could not gate
ds4:   one token, exclusive, same window: entry 0.00 + encode 0.33 + commit-to-done 85.88 + repair-load 1.20 + accounting 0.05 + tail 2.92 = 90.39 of a 92.55 ms wall, residual 2.16
ds4:   of the commit-to-done: GPU running 86.28 ms, GPU not running -0.40 ms
ds4:   951.5 gated dispatches a token, 0.5 of them behind an abort; 380.7 sent plain ahead of a buffer's first validate
ds4:   encode-ahead: 12.77 segments used, 0.69 dropped, 2.12 ms a token spent encoding under the GPU
ds4:   concurrent sections: 86.56 attempted, 86.56 opened a token
ds4:   speculation: 0.00 layers a token, 0.00 lanes computed, 0.00 matched, 0.00 GEMVs actually saved, 0.00 left to compute; compared 0.00 lanes, 0.00 floats differ, 0.00 by more than an ulp
ds4:   Metal 4: 7.50 command buffers sent, 646.0 dispatches a token; Metal 3: 7.50 sent, 0.00 empty ones not sent; 0 pieces of Metal 3 work inside a segment
ds4:   expert cache over the last 64 tokens: 240.00 hits, 0.78 misses, 0.78 evictions a token; 9648 of 9648 entries live (100.0%)
ds4:   of the address-table holes repaired a token: 0.00 already resident, 0.78 genuinely absent
ds4:   of the repair a token: readahead 0.39 ms, slot preparation 0.09 ms, reads 0.72 ms, install 0.00 ms, over 0.78 loads
ds4:   Engram rows written at step start in 2624 steps; layer-13 drains 0
ds4:   residency a token: 0.00 adds, 0.00 removes, 0.00 commits
ds4:   decode path so far: 2688 single-row steps (85.6 ms each inside the graph over the last 64), 0 K-row verification steps over 0 positions, 0 batch-fusion sites taken; candidate K none
ds4: gate over tokens 2625-2688: 14.58 command buffers, 0.84 aborts, 240.0 expert ids accounted, 8.01 MiB loaded a token; 0 the gate failed to switch off, 0 it could not gate
ds4:   one token, exclusive, same window: entry 0.00 + encode 0.31 + commit-to-done 77.90 + repair-load 1.52 + accounting 0.05 + tail 2.70 = 82.48 of a 84.48 ms wall, residual 2.00
ds4:   of the commit-to-done: GPU running 78.12 ms, GPU not running -0.22 ms
ds4:   951.9 gated dispatches a token, 0.5 of them behind an abort; 387.1 sent plain ahead of a buffer's first validate
ds4:   encode-ahead: 12.73 segments used, 0.80 dropped, 1.96 ms a token spent encoding under the GPU
ds4:   concurrent sections: 87.81 attempted, 87.81 opened a token
ds4:   speculation: 0.00 layers a token, 0.00 lanes computed, 0.00 matched, 0.00 GEMVs actually saved, 0.00 left to compute; compared 0.00 lanes, 0.00 floats differ, 0.00 by more than an ulp
ds4:   Metal 4: 7.50 command buffers sent, 646.0 dispatches a token; Metal 3: 7.58 sent, 0.00 empty ones not sent; 0 pieces of Metal 3 work inside a segment
ds4:   expert cache over the last 64 tokens: 240.00 hits, 0.84 misses, 0.84 evictions a token; 9648 of 9648 entries live (100.0%)
ds4:   of the address-table holes repaired a token: 0.00 already resident, 0.84 genuinely absent
ds4:   of the repair a token: readahead 0.52 ms, slot preparation 0.10 ms, reads 0.89 ms, install 0.00 ms, over 0.84 loads
ds4:   Engram rows written at step start in 2688 steps; layer-13 drains 0
ds4:   residency a token: 0.00 adds, 0.00 removes, 0.00 commits
ds4:   decode path so far: 2752 single-row steps (93.8 ms each inside the graph over the last 64), 0 K-row verification steps over 0 positions, 0 batch-fusion sites taken; candidate K none
ds4: gate over tokens 2689-2752: 14.47 command buffers, 0.62 aborts, 240.0 expert ids accounted, 5.93 MiB loaded a token; 0 the gate failed to switch off, 0 it could not gate
ds4:   one token, exclusive, same window: entry 0.00 + encode 0.28 + commit-to-done 86.47 + repair-load 0.90 + accounting 0.05 + tail 2.98 = 90.68 of a 92.71 ms wall, residual 2.03
ds4:   of the commit-to-done: GPU running 86.92 ms, GPU not running -0.46 ms
ds4:   950.1 gated dispatches a token, 0.5 of them behind an abort; 376.7 sent plain ahead of a buffer's first validate
ds4:   encode-ahead: 12.84 segments used, 0.58 dropped, 1.99 ms a token spent encoding under the GPU
ds4:   concurrent sections: 85.91 attempted, 85.91 opened a token
ds4:   speculation: 0.00 layers a token, 0.00 lanes computed, 0.00 matched, 0.00 GEMVs actually saved, 0.00 left to compute; compared 0.00 lanes, 0.00 floats differ, 0.00 by more than an ulp
ds4:   Metal 4: 7.50 command buffers sent, 646.0 dispatches a token; Metal 3: 7.47 sent, 0.00 empty ones not sent; 0 pieces of Metal 3 work inside a segment
ds4:   expert cache over the last 64 tokens: 240.00 hits, 0.62 misses, 0.62 evictions a token; 9648 of 9648 entries live (100.0%)
ds4:   of the address-table holes repaired a token: 0.00 already resident, 0.62 genuinely absent
ds4:   of the repair a token: readahead 0.41 ms, slot preparation 0.08 ms, reads 0.40 ms, install 0.00 ms, over 0.62 loads
ds4:   Engram rows written at step start in 2752 steps; layer-13 drains 0
ds4:   residency a token: 0.00 adds, 0.00 removes, 0.00 commits
ds4:   decode path so far: 2816 single-row steps (99.5 ms each inside the graph over the last 64), 0 K-row verification steps over 0 positions, 0 batch-fusion sites taken; candidate K none
ds4: gate over tokens 2753-2816: 14.41 command buffers, 0.59 aborts, 240.0 expert ids accounted, 5.64 MiB loaded a token; 0 the gate failed to switch off, 0 it could not gate
ds4:   one token, exclusive, same window: entry 0.00 + encode 0.31 + commit-to-done 91.68 + repair-load 0.92 + accounting 0.05 + tail 3.11 = 96.07 of a 98.32 ms wall, residual 2.25
ds4:   of the commit-to-done: GPU running 92.21 ms, GPU not running -0.53 ms
ds4:   947.8 gated dispatches a token, 0.5 of them behind an abort; 373.7 sent plain ahead of a buffer's first validate
ds4:   encode-ahead: 12.81 segments used, 0.56 dropped, 2.21 ms a token spent encoding under the GPU
ds4:   concurrent sections: 85.50 attempted, 85.50 opened a token
ds4:   speculation: 0.00 layers a token, 0.00 lanes computed, 0.00 matched, 0.00 GEMVs actually saved, 0.00 left to compute; compared 0.00 lanes, 0.00 floats differ, 0.00 by more than an ulp
ds4:   Metal 4: 7.50 command buffers sent, 645.4 dispatches a token; Metal 3: 7.41 sent, 0.00 empty ones not sent; 0 pieces of Metal 3 work inside a segment
ds4:   expert cache over the last 64 tokens: 240.00 hits, 0.59 misses, 0.59 evictions a token; 9648 of 9648 entries live (100.0%)
ds4:   of the address-table holes repaired a token: 0.00 already resident, 0.59 genuinely absent
ds4:   of the repair a token: readahead 0.29 ms, slot preparation 0.07 ms, reads 0.55 ms, install 0.00 ms, over 0.59 loads
ds4:   Engram rows written at step start in 2816 steps; layer-13 drains 0
ds4:   residency a token: 0.00 adds, 0.00 removes, 0.00 commits
ds4:   decode path so far: 2880 single-row steps (90.1 ms each inside the graph over the last 64), 0 K-row verification steps over 0 positions, 0 batch-fusion sites taken; candidate K none
ds4: gate over tokens 2817-2880: 14.62 command buffers, 0.86 aborts, 240.0 expert ids accounted, 8.75 MiB loaded a token; 0 the gate failed to switch off, 0 it could not gate
ds4:   one token, exclusive, same window: entry 0.00 + encode 0.37 + commit-to-done 82.10 + repair-load 1.23 + accounting 0.05 + tail 2.80 = 86.54 of a 88.91 ms wall, residual 2.37
ds4:   of the commit-to-done: GPU running 82.37 ms, GPU not running -0.27 ms
ds4:   954.2 gated dispatches a token, 0.5 of them behind an abort; 388.7 sent plain ahead of a buffer's first validate
ds4:   encode-ahead: 12.77 segments used, 0.83 dropped, 2.33 ms a token spent encoding under the GPU
ds4:   concurrent sections: 88.16 attempted, 88.16 opened a token
ds4:   speculation: 0.00 layers a token, 0.00 lanes computed, 0.00 matched, 0.00 GEMVs actually saved, 0.00 left to compute; compared 0.00 lanes, 0.00 floats differ, 0.00 by more than an ulp
ds4:   Metal 4: 7.50 command buffers sent, 646.0 dispatches a token; Metal 3: 7.62 sent, 0.00 empty ones not sent; 0 pieces of Metal 3 work inside a segment
ds4:   expert cache over the last 64 tokens: 240.00 hits, 0.92 misses, 0.92 evictions a token; 9648 of 9648 entries live (100.0%)
ds4:   of the address-table holes repaired a token: 0.00 already resident, 0.92 genuinely absent
ds4:   of the repair a token: readahead 0.43 ms, slot preparation 0.11 ms, reads 0.68 ms, install 0.00 ms, over 0.92 loads
ds4:   Engram rows written at step start in 2880 steps; layer-13 drains 0
ds4:   residency a token: 0.00 adds, 0.00 removes, 0.00 commits
ds4:   decode path so far: 2944 single-row steps (93.5 ms each inside the graph over the last 64), 0 K-row verification steps over 0 positions, 0 batch-fusion sites taken; candidate K none
ds4: gate over tokens 2881-2944: 14.42 command buffers, 0.62 aborts, 240.0 expert ids accounted, 5.93 MiB loaded a token; 0 the gate failed to switch off, 0 it could not gate
ds4:   one token, exclusive, same window: entry 0.00 + encode 0.32 + commit-to-done 85.74 + repair-load 0.91 + accounting 0.05 + tail 3.08 = 90.10 of a 92.33 ms wall, residual 2.24
ds4:   of the commit-to-done: GPU running 86.12 ms, GPU not running -0.38 ms
ds4:   950.0 gated dispatches a token, 1.9 of them behind an abort; 376.9 sent plain ahead of a buffer's first validate
ds4:   encode-ahead: 12.80 segments used, 0.59 dropped, 2.20 ms a token spent encoding under the GPU
ds4:   concurrent sections: 85.81 attempted, 85.81 opened a token
ds4:   speculation: 0.00 layers a token, 0.00 lanes computed, 0.00 matched, 0.00 GEMVs actually saved, 0.00 left to compute; compared 0.00 lanes, 0.00 floats differ, 0.00 by more than an ulp
ds4:   Metal 4: 7.50 command buffers sent, 646.0 dispatches a token; Metal 3: 7.42 sent, 0.00 empty ones not sent; 0 pieces of Metal 3 work inside a segment
ds4:   expert cache over the last 64 tokens: 240.00 hits, 0.62 misses, 0.62 evictions a token; 9648 of 9648 entries live (100.0%)
ds4:   of the address-table holes repaired a token: 0.00 already resident, 0.62 genuinely absent
ds4:   of the repair a token: readahead 0.40 ms, slot preparation 0.08 ms, reads 0.43 ms, install 0.00 ms, over 0.62 loads
ds4:   Engram rows written at step start in 2944 steps; layer-13 drains 0
ds4:   residency a token: 0.00 adds, 0.00 removes, 0.00 commits
ds4:   decode path so far: 3008 single-row steps (86.4 ms each inside the graph over the last 64), 0 K-row verification steps over 0 positions, 0 batch-fusion sites taken; candidate K none
ds4: gate over tokens 2945-3008: 14.50 command buffers, 0.75 aborts, 240.0 expert ids accounted, 7.12 MiB loaded a token; 0 the gate failed to switch off, 0 it could not gate
ds4:   one token, exclusive, same window: entry 0.00 + encode 0.31 + commit-to-done 79.16 + repair-load 1.14 + accounting 0.05 + tail 2.81 = 83.47 of a 85.59 ms wall, residual 2.12
ds4:   of the commit-to-done: GPU running 79.60 ms, GPU not running -0.44 ms
ds4:   950.6 gated dispatches a token, 0.5 of them behind an abort; 380.6 sent plain ahead of a buffer's first validate
ds4:   encode-ahead: 12.75 segments used, 0.70 dropped, 2.09 ms a token spent encoding under the GPU
ds4:   concurrent sections: 86.78 attempted, 86.78 opened a token
ds4:   speculation: 0.00 layers a token, 0.00 lanes computed, 0.00 matched, 0.00 GEMVs actually saved, 0.00 left to compute; compared 0.00 lanes, 0.00 floats differ, 0.00 by more than an ulp
ds4:   Metal 4: 7.50 command buffers sent, 646.0 dispatches a token; Metal 3: 7.50 sent, 0.00 empty ones not sent; 0 pieces of Metal 3 work inside a segment
ds4:   expert cache over the last 64 tokens: 240.00 hits, 0.75 misses, 0.75 evictions a token; 9648 of 9648 entries live (100.0%)
ds4:   of the address-table holes repaired a token: 0.00 already resident, 0.75 genuinely absent
ds4:   of the repair a token: readahead 0.36 ms, slot preparation 0.10 ms, reads 0.68 ms, install 0.00 ms, over 0.75 loads
ds4:   Engram rows written at step start in 3008 steps; layer-13 drains 0
ds4:   residency a token: 0.00 adds, 0.00 removes, 0.00 commits
ds4:   decode path so far: 3072 single-row steps (95.6 ms each inside the graph over the last 64), 0 K-row verification steps over 0 positions, 0 batch-fusion sites taken; candidate K none
ds4: gate over tokens 3009-3072: 14.36 command buffers, 0.64 aborts, 240.0 expert ids accounted, 6.23 MiB loaded a token; 0 the gate failed to switch off, 0 it could not gate
ds4:   one token, exclusive, same window: entry 0.00 + encode 0.31 + commit-to-done 87.31 + repair-load 1.05 + accounting 0.05 + tail 3.01 = 91.73 of a 93.92 ms wall, residual 2.20
ds4:   of the commit-to-done: GPU running 88.04 ms, GPU not running -0.73 ms
ds4:   948.6 gated dispatches a token, 0.0 of them behind an abort; 375.2 sent plain ahead of a buffer's first validate
ds4:   encode-ahead: 12.72 segments used, 0.64 dropped, 2.15 ms a token spent encoding under the GPU
ds4:   concurrent sections: 85.94 attempted, 85.94 opened a token
ds4:   speculation: 0.00 layers a token, 0.00 lanes computed, 0.00 matched, 0.00 GEMVs actually saved, 0.00 left to compute; compared 0.00 lanes, 0.00 floats differ, 0.00 by more than an ulp
ds4:   Metal 4: 7.50 command buffers sent, 645.4 dispatches a token; Metal 3: 7.36 sent, 0.00 empty ones not sent; 0 pieces of Metal 3 work inside a segment
ds4:   expert cache over the last 64 tokens: 240.00 hits, 0.66 misses, 0.66 evictions a token; 9648 of 9648 entries live (100.0%)
ds4:   of the address-table holes repaired a token: 0.00 already resident, 0.66 genuinely absent
ds4:   of the repair a token: readahead 0.31 ms, slot preparation 0.08 ms, reads 0.65 ms, install 0.00 ms, over 0.66 loads
ds4:   Engram rows written at step start in 3072 steps; layer-13 drains 0
ds4:   residency a token: 0.00 adds, 0.00 removes, 0.00 commits
ds4:   decode path so far: 3136 single-row steps (93.4 ms each inside the graph over the last 64), 0 K-row verification steps over 0 positions, 0 batch-fusion sites taken; candidate K none
ds4: gate over tokens 3073-3136: 14.33 command buffers, 0.55 aborts, 240.0 expert ids accounted, 5.19 MiB loaded a token; 0 the gate failed to switch off, 0 it could not gate
ds4:   one token, exclusive, same window: entry 0.00 + encode 0.31 + commit-to-done 85.80 + repair-load 0.91 + accounting 0.05 + tail 2.96 = 90.02 of a 92.07 ms wall, residual 2.05
ds4:   of the commit-to-done: GPU running 86.34 ms, GPU not running -0.54 ms
ds4:   946.0 gated dispatches a token, 0.5 of them behind an abort; 369.2 sent plain ahead of a buffer's first validate
ds4:   encode-ahead: 12.78 segments used, 0.50 dropped, 2.01 ms a token spent encoding under the GPU
ds4:   concurrent sections: 84.59 attempted, 84.59 opened a token
ds4:   speculation: 0.00 layers a token, 0.00 lanes computed, 0.00 matched, 0.00 GEMVs actually saved, 0.00 left to compute; compared 0.00 lanes, 0.00 floats differ, 0.00 by more than an ulp
ds4:   Metal 4: 7.50 command buffers sent, 646.0 dispatches a token; Metal 3: 7.33 sent, 0.00 empty ones not sent; 0 pieces of Metal 3 work inside a segment
ds4:   expert cache over the last 64 tokens: 240.00 hits, 0.55 misses, 0.55 evictions a token; 9648 of 9648 entries live (100.0%)
ds4:   of the address-table holes repaired a token: 0.00 already resident, 0.55 genuinely absent
ds4:   of the repair a token: readahead 0.27 ms, slot preparation 0.07 ms, reads 0.56 ms, install 0.00 ms, over 0.55 loads
ds4:   Engram rows written at step start in 3136 steps; layer-13 drains 0
ds4:   residency a token: 0.00 adds, 0.00 removes, 0.00 commits
ds4:   decode path so far: 3200 single-row steps (86.6 ms each inside the graph over the last 64), 0 K-row verification steps over 0 positions, 0 batch-fusion sites taken; candidate K none
ds4: gate over tokens 3137-3200: 14.78 command buffers, 1.11 aborts, 240.0 expert ids accounted, 11.12 MiB loaded a token; 0 the gate failed to switch off, 0 it could not gate
ds4:   one token, exclusive, same window: entry 0.00 + encode 0.32 + commit-to-done 79.15 + repair-load 1.56 + accounting 0.05 + tail 2.72 = 83.80 of a 85.76 ms wall, residual 1.96
ds4:   of the commit-to-done: GPU running 79.21 ms, GPU not running -0.06 ms
ds4:   956.3 gated dispatches a token, 0.5 of them behind an abort; 401.2 sent plain ahead of a buffer's first validate
ds4:   encode-ahead: 12.67 segments used, 1.06 dropped, 1.91 ms a token spent encoding under the GPU
ds4:   concurrent sections: 90.47 attempted, 90.47 opened a token
ds4:   speculation: 0.00 layers a token, 0.00 lanes computed, 0.00 matched, 0.00 GEMVs actually saved, 0.00 left to compute; compared 0.00 lanes, 0.00 floats differ, 0.00 by more than an ulp
ds4:   Metal 4: 7.50 command buffers sent, 646.0 dispatches a token; Metal 3: 7.78 sent, 0.00 empty ones not sent; 0 pieces of Metal 3 work inside a segment
ds4:   expert cache over the last 64 tokens: 240.00 hits, 1.17 misses, 1.17 evictions a token; 9648 of 9648 entries live (100.0%)
ds4:   of the address-table holes repaired a token: 0.00 already resident, 1.17 genuinely absent
ds4:   of the repair a token: readahead 0.52 ms, slot preparation 0.11 ms, reads 0.91 ms, install 0.00 ms, over 1.17 loads
ds4:   Engram rows written at step start in 3200 steps; layer-13 drains 0
ds4:   residency a token: 0.00 adds, 0.00 removes, 0.00 commits
ds4:   decode path so far: 3264 single-row steps (90.5 ms each inside the graph over the last 64), 0 K-row verification steps over 0 positions, 0 batch-fusion sites taken; candidate K none
ds4: gate over tokens 3201-3264: 14.53 command buffers, 0.91 aborts, 240.0 expert ids accounted, 8.90 MiB loaded a token; 0 the gate failed to switch off, 0 it could not gate
ds4:   one token, exclusive, same window: entry 0.00 + encode 0.32 + commit-to-done 82.83 + repair-load 1.53 + accounting 0.05 + tail 2.93 = 87.65 of a 89.61 ms wall, residual 1.96
ds4:   of the commit-to-done: GPU running 83.11 ms, GPU not running -0.28 ms
ds4:   953.7 gated dispatches a token, 0.9 of them behind an abort; 386.5 sent plain ahead of a buffer's first validate
ds4:   encode-ahead: 12.62 segments used, 0.88 dropped, 1.92 ms a token spent encoding under the GPU
ds4:   concurrent sections: 88.31 attempted, 88.31 opened a token
ds4:   speculation: 0.00 layers a token, 0.00 lanes computed, 0.00 matched, 0.00 GEMVs actually saved, 0.00 left to compute; compared 0.00 lanes, 0.00 floats differ, 0.00 by more than an ulp
ds4:   Metal 4: 7.50 command buffers sent, 646.0 dispatches a token; Metal 3: 7.53 sent, 0.00 empty ones not sent; 0 pieces of Metal 3 work inside a segment
ds4:   expert cache over the last 64 tokens: 240.00 hits, 0.94 misses, 0.94 evictions a token; 9648 of 9648 entries live (100.0%)
ds4:   of the address-table holes repaired a token: 0.00 already resident, 0.94 genuinely absent
ds4:   of the repair a token: readahead 0.53 ms, slot preparation 0.10 ms, reads 0.88 ms, install 0.00 ms, over 0.94 loads
ds4:   Engram rows written at step start in 3264 steps; layer-13 drains 0
ds4:   residency a token: 0.00 adds, 0.00 removes, 0.00 commits
ds4:   decode path so far: 3328 single-row steps (92.0 ms each inside the graph over the last 64), 0 K-row verification steps over 0 positions, 0 batch-fusion sites taken; candidate K none
ds4: gate over tokens 3265-3328: 14.48 command buffers, 0.75 aborts, 240.0 expert ids accounted, 7.27 MiB loaded a token; 0 the gate failed to switch off, 0 it could not gate
ds4:   one token, exclusive, same window: entry 0.00 + encode 0.30 + commit-to-done 84.29 + repair-load 1.07 + accounting 0.04 + tail 2.85 = 88.55 of a 90.54 ms wall, residual 2.00
ds4:   of the commit-to-done: GPU running 84.58 ms, GPU not running -0.29 ms
ds4:   950.9 gated dispatches a token, 0.0 of them behind an abort; 381.3 sent plain ahead of a buffer's first validate
ds4:   encode-ahead: 12.73 segments used, 0.73 dropped, 1.95 ms a token spent encoding under the GPU
ds4:   concurrent sections: 86.81 attempted, 86.81 opened a token
ds4:   speculation: 0.00 layers a token, 0.00 lanes computed, 0.00 matched, 0.00 GEMVs actually saved, 0.00 left to compute; compared 0.00 lanes, 0.00 floats differ, 0.00 by more than an ulp
ds4:   Metal 4: 7.50 command buffers sent, 645.4 dispatches a token; Metal 3: 7.48 sent, 0.00 empty ones not sent; 0 pieces of Metal 3 work inside a segment
ds4:   expert cache over the last 64 tokens: 240.00 hits, 0.77 misses, 0.77 evictions a token; 9648 of 9648 entries live (100.0%)
ds4:   of the address-table holes repaired a token: 0.00 already resident, 0.77 genuinely absent
ds4:   of the repair a token: readahead 0.38 ms, slot preparation 0.08 ms, reads 0.60 ms, install 0.00 ms, over 0.77 loads
ds4:   Engram rows written at step start in 3328 steps; layer-13 drains 0
ds4:   residency a token: 0.00 adds, 0.00 removes, 0.00 commits
ds4:   decode path so far: 3392 single-row steps (93.6 ms each inside the graph over the last 64), 0 K-row verification steps over 0 positions, 0 batch-fusion sites taken; candidate K none
ds4: gate over tokens 3329-3392: 14.41 command buffers, 0.64 aborts, 240.0 expert ids accounted, 6.38 MiB loaded a token; 0 the gate failed to switch off, 0 it could not gate
ds4:   one token, exclusive, same window: entry 0.00 + encode 0.29 + commit-to-done 86.38 + repair-load 0.80 + accounting 0.04 + tail 3.06 = 90.58 of a 92.52 ms wall, residual 1.94
ds4:   of the commit-to-done: GPU running 87.01 ms, GPU not running -0.62 ms
ds4:   946.8 gated dispatches a token, 0.0 of them behind an abort; 376.1 sent plain ahead of a buffer's first validate
ds4:   encode-ahead: 12.77 segments used, 0.61 dropped, 1.90 ms a token spent encoding under the GPU
ds4:   concurrent sections: 85.75 attempted, 85.75 opened a token
ds4:   speculation: 0.00 layers a token, 0.00 lanes computed, 0.00 matched, 0.00 GEMVs actually saved, 0.00 left to compute; compared 0.00 lanes, 0.00 floats differ, 0.00 by more than an ulp
ds4:   Metal 4: 7.50 command buffers sent, 646.0 dispatches a token; Metal 3: 7.41 sent, 0.00 empty ones not sent; 0 pieces of Metal 3 work inside a segment
ds4:   expert cache over the last 64 tokens: 240.00 hits, 0.67 misses, 0.67 evictions a token; 9648 of 9648 entries live (100.0%)
ds4:   of the address-table holes repaired a token: 0.00 already resident, 0.67 genuinely absent
ds4:   of the repair a token: readahead 0.33 ms, slot preparation 0.07 ms, reads 0.40 ms, install 0.00 ms, over 0.67 loads
ds4:   Engram rows written at step start in 3392 steps; layer-13 drains 0
ds4:   residency a token: 0.00 adds, 0.00 removes, 0.00 commits
ds4:   decode path so far: 3456 single-row steps (89.0 ms each inside the graph over the last 64), 0 K-row verification steps over 0 positions, 0 batch-fusion sites taken; candidate K none
ds4: gate over tokens 3393-3456: 15.58 command buffers, 2.27 aborts, 240.0 expert ids accounted, 35.89 MiB loaded a token; 0 the gate failed to switch off, 0 it could not gate
ds4:   one token, exclusive, same window: entry 0.00 + encode 0.43 + commit-to-done 78.27 + repair-load 4.34 + accounting 0.05 + tail 2.68 = 85.77 of a 87.79 ms wall, residual 2.02
ds4:   of the commit-to-done: GPU running 77.63 ms, GPU not running 0.64 ms
ds4:   977.0 gated dispatches a token, 1.4 of them behind an abort; 453.2 sent plain ahead of a buffer's first validate
ds4:   encode-ahead: 12.31 segments used, 2.17 dropped, 1.97 ms a token spent encoding under the GPU
ds4:   concurrent sections: 101.25 attempted, 101.25 opened a token
ds4:   speculation: 0.00 layers a token, 0.00 lanes computed, 0.00 matched, 0.00 GEMVs actually saved, 0.00 left to compute; compared 0.00 lanes, 0.00 floats differ, 0.00 by more than an ulp
ds4:   Metal 4: 7.52 command buffers sent, 651.0 dispatches a token; Metal 3: 8.56 sent, 0.00 empty ones not sent; 0 pieces of Metal 3 work inside a segment
ds4:   expert cache over the last 64 tokens: 239.95 hits, 3.78 misses, 3.78 evictions a token; 9648 of 9648 entries live (100.0%)
ds4:   of the address-table holes repaired a token: 0.00 already resident, 3.78 genuinely absent
ds4:   of the repair a token: readahead 2.20 ms, slot preparation 0.14 ms, reads 1.86 ms, install 0.01 ms, over 3.78 loads
ds4:   Engram rows written at step start in 3456 steps; layer-13 drains 0
ds4:   residency a token: 0.00 adds, 0.00 removes, 0.00 commits
ds4:   decode path so far: 3520 single-row steps (90.6 ms each inside the graph over the last 64), 0 K-row verification steps over 0 positions, 0 batch-fusion sites taken; candidate K none
ds4: gate over tokens 3457-3520: 17.55 command buffers, 5.39 aborts, 240.0 expert ids accounted, 63.18 MiB loaded a token; 0 the gate failed to switch off, 0 it could not gate
ds4:   one token, exclusive, same window: entry 0.00 + encode 0.80 + commit-to-done 76.06 + repair-load 8.43 + accounting 0.05 + tail 2.55 = 87.89 of a 90.31 ms wall, residual 2.42
ds4:   of the commit-to-done: GPU running 74.82 ms, GPU not running 1.24 ms
ds4:   1017.2 gated dispatches a token, 5.6 of them behind an abort; 589.7 sent plain ahead of a buffer's first validate
ds4:   encode-ahead: 11.16 segments used, 5.17 dropped, 2.34 ms a token spent encoding under the GPU
ds4:   concurrent sections: 129.84 attempted, 129.84 opened a token
ds4:   speculation: 0.00 layers a token, 0.00 lanes computed, 0.00 matched, 0.00 GEMVs actually saved, 0.00 left to compute; compared 0.00 lanes, 0.00 floats differ, 0.00 by more than an ulp
ds4:   Metal 4: 7.52 command buffers sent, 648.2 dispatches a token; Metal 3: 10.53 sent, 0.00 empty ones not sent; 0 pieces of Metal 3 work inside a segment
ds4:   expert cache over the last 64 tokens: 239.98 hits, 6.66 misses, 6.66 evictions a token; 9648 of 9648 entries live (100.0%)
ds4:   of the address-table holes repaired a token: 0.00 already resident, 6.66 genuinely absent
ds4:   of the repair a token: readahead 4.07 ms, slot preparation 0.41 ms, reads 3.77 ms, install 0.02 ms, over 6.66 loads
ds4:   Engram rows written at step start in 3520 steps; layer-13 drains 0
ds4:   residency a token: 0.00 adds, 0.00 removes, 0.00 commits
ds4:   decode path so far: 3584 single-row steps (92.0 ms each inside the graph over the last 64), 0 K-row verification steps over 0 positions, 0 batch-fusion sites taken; candidate K none
ds4: gate over tokens 3521-3584: 16.00 command buffers, 2.92 aborts, 240.0 expert ids accounted, 30.11 MiB loaded a token; 0 the gate failed to switch off, 0 it could not gate
ds4:   one token, exclusive, same window: entry 0.00 + encode 0.66 + commit-to-done 80.03 + repair-load 4.66 + accounting 0.05 + tail 2.77 = 88.16 of a 90.67 ms wall, residual 2.51
ds4:   of the commit-to-done: GPU running 80.02 ms, GPU not running 0.01 ms
ds4:   978.6 gated dispatches a token, 2.8 of them behind an abort; 481.0 sent plain ahead of a buffer's first validate
ds4:   encode-ahead: 12.08 segments used, 2.80 dropped, 2.44 ms a token spent encoding under the GPU
ds4:   concurrent sections: 107.25 attempted, 107.25 opened a token
ds4:   speculation: 0.00 layers a token, 0.00 lanes computed, 0.00 matched, 0.00 GEMVs actually saved, 0.00 left to compute; compared 0.00 lanes, 0.00 floats differ, 0.00 by more than an ulp
ds4:   Metal 4: 7.50 command buffers sent, 645.4 dispatches a token; Metal 3: 9.00 sent, 0.00 empty ones not sent; 0 pieces of Metal 3 work inside a segment
ds4:   expert cache over the last 64 tokens: 240.00 hits, 3.17 misses, 3.17 evictions a token; 9648 of 9648 entries live (100.0%)
ds4:   of the address-table holes repaired a token: 0.00 already resident, 3.17 genuinely absent
ds4:   of the repair a token: readahead 2.32 ms, slot preparation 0.34 ms, reads 1.94 ms, install 0.01 ms, over 3.17 loads
ds4:   Engram rows written at step start in 3584 steps; layer-13 drains 0
ds4:   residency a token: 0.00 adds, 0.00 removes, 0.00 commits
ds4:   decode path so far: 3648 single-row steps (88.7 ms each inside the graph over the last 64), 0 K-row verification steps over 0 positions, 0 batch-fusion sites taken; candidate K none
ds4: gate over tokens 3585-3648: 15.39 command buffers, 1.97 aborts, 240.0 expert ids accounted, 19.58 MiB loaded a token; 0 the gate failed to switch off, 0 it could not gate
ds4:   one token, exclusive, same window: entry 0.00 + encode 0.49 + commit-to-done 79.31 + repair-load 3.17 + accounting 0.05 + tail 2.78 = 85.80 of a 88.13 ms wall, residual 2.33
ds4:   of the commit-to-done: GPU running 79.54 ms, GPU not running -0.24 ms
ds4:   978.3 gated dispatches a token, 1.4 of them behind an abort; 442.6 sent plain ahead of a buffer's first validate
ds4:   encode-ahead: 12.42 segments used, 1.89 dropped, 2.28 ms a token spent encoding under the GPU
ds4:   concurrent sections: 98.84 attempted, 98.84 opened a token
ds4:   speculation: 0.00 layers a token, 0.00 lanes computed, 0.00 matched, 0.00 GEMVs actually saved, 0.00 left to compute; compared 0.00 lanes, 0.00 floats differ, 0.00 by more than an ulp
ds4:   Metal 4: 7.50 command buffers sent, 646.0 dispatches a token; Metal 3: 8.39 sent, 0.00 empty ones not sent; 0 pieces of Metal 3 work inside a segment
ds4:   expert cache over the last 64 tokens: 240.00 hits, 2.06 misses, 2.06 evictions a token; 9648 of 9648 entries live (100.0%)
ds4:   of the address-table holes repaired a token: 0.00 already resident, 2.06 genuinely absent
ds4:   of the repair a token: readahead 1.43 ms, slot preparation 0.22 ms, reads 1.49 ms, install 0.01 ms, over 2.06 loads
ds4:   Engram rows written at step start in 3648 steps; layer-13 drains 0
ds4:   residency a token: 0.00 adds, 0.00 removes, 0.00 commits
ds4:   decode path so far: 3712 single-row steps (92.5 ms each inside the graph over the last 64), 0 K-row verification steps over 0 positions, 0 batch-fusion sites taken; candidate K none
ds4: gate over tokens 3649-3712: 15.27 command buffers, 1.73 aborts, 240.0 expert ids accounted, 17.95 MiB loaded a token; 0 the gate failed to switch off, 0 it could not gate
ds4:   one token, exclusive, same window: entry 0.00 + encode 0.52 + commit-to-done 80.94 + repair-load 3.53 + accounting 0.05 + tail 2.77 = 87.81 of a 90.34 ms wall, residual 2.53
ds4:   of the commit-to-done: GPU running 81.18 ms, GPU not running -0.23 ms
ds4:   970.0 gated dispatches a token, 1.9 of them behind an abort; 427.8 sent plain ahead of a buffer's first validate
ds4:   encode-ahead: 12.53 segments used, 1.62 dropped, 2.47 ms a token spent encoding under the GPU
ds4:   concurrent sections: 96.41 attempted, 96.41 opened a token
ds4:   speculation: 0.00 layers a token, 0.00 lanes computed, 0.00 matched, 0.00 GEMVs actually saved, 0.00 left to compute; compared 0.00 lanes, 0.00 floats differ, 0.00 by more than an ulp
ds4:   Metal 4: 7.50 command buffers sent, 646.0 dispatches a token; Metal 3: 8.27 sent, 0.00 empty ones not sent; 0 pieces of Metal 3 work inside a segment
ds4:   expert cache over the last 64 tokens: 240.00 hits, 1.89 misses, 1.89 evictions a token; 9648 of 9648 entries live (100.0%)
ds4:   of the address-table holes repaired a token: 0.00 already resident, 1.89 genuinely absent
ds4:   of the repair a token: readahead 1.17 ms, slot preparation 0.20 ms, reads 2.12 ms, install 0.01 ms, over 1.89 loads
ds4:   Engram rows written at step start in 3712 steps; layer-13 drains 0
ds4:   residency a token: 0.00 adds, 0.00 removes, 0.00 commits
ds4:   decode path so far: 3776 single-row steps (85.0 ms each inside the graph over the last 64), 0 K-row verification steps over 0 positions, 0 batch-fusion sites taken; candidate K none
ds4: gate over tokens 3713-3776: 15.38 command buffers, 2.14 aborts, 240.0 expert ids accounted, 22.25 MiB loaded a token; 0 the gate failed to switch off, 0 it could not gate
ds4:   one token, exclusive, same window: entry 0.00 + encode 0.51 + commit-to-done 75.59 + repair-load 2.98 + accounting 0.05 + tail 2.58 = 81.71 of a 84.09 ms wall, residual 2.38
ds4:   of the commit-to-done: GPU running 75.38 ms, GPU not running 0.21 ms
ds4:   971.7 gated dispatches a token, 0.9 of them behind an abort; 447.0 sent plain ahead of a buffer's first validate
ds4:   encode-ahead: 12.23 segments used, 2.06 dropped, 2.33 ms a token spent encoding under the GPU
ds4:   concurrent sections: 100.16 attempted, 100.16 opened a token
ds4:   speculation: 0.00 layers a token, 0.00 lanes computed, 0.00 matched, 0.00 GEMVs actually saved, 0.00 left to compute; compared 0.00 lanes, 0.00 floats differ, 0.00 by more than an ulp
ds4:   Metal 4: 7.50 command buffers sent, 646.0 dispatches a token; Metal 3: 8.38 sent, 0.00 empty ones not sent; 0 pieces of Metal 3 work inside a segment
ds4:   expert cache over the last 64 tokens: 240.00 hits, 2.34 misses, 2.34 evictions a token; 9648 of 9648 entries live (100.0%)
ds4:   of the address-table holes repaired a token: 0.00 already resident, 2.34 genuinely absent
ds4:   of the repair a token: readahead 1.29 ms, slot preparation 0.23 ms, reads 1.41 ms, install 0.01 ms, over 2.34 loads
ds4:   Engram rows written at step start in 3776 steps; layer-13 drains 0
ds4:   residency a token: 0.00 adds, 0.00 removes, 0.00 commits
ds4:   decode path so far: 3840 single-row steps (86.9 ms each inside the graph over the last 64), 0 K-row verification steps over 0 positions, 0 batch-fusion sites taken; candidate K none
ds4: gate over tokens 3777-3840: 15.38 command buffers, 2.14 aborts, 240.0 expert ids accounted, 22.54 MiB loaded a token; 0 the gate failed to switch off, 0 it could not gate
ds4:   one token, exclusive, same window: entry 0.00 + encode 0.55 + commit-to-done 76.70 + repair-load 3.07 + accounting 0.05 + tail 2.69 = 83.05 of a 85.55 ms wall, residual 2.49
ds4:   of the commit-to-done: GPU running 76.80 ms, GPU not running -0.10 ms
ds4:   970.7 gated dispatches a token, 2.3 of them behind an abort; 445.5 sent plain ahead of a buffer's first validate
ds4:   encode-ahead: 12.23 segments used, 2.05 dropped, 2.44 ms a token spent encoding under the GPU
ds4:   concurrent sections: 99.91 attempted, 99.91 opened a token
ds4:   speculation: 0.00 layers a token, 0.00 lanes computed, 0.00 matched, 0.00 GEMVs actually saved, 0.00 left to compute; compared 0.00 lanes, 0.00 floats differ, 0.00 by more than an ulp
ds4:   Metal 4: 7.50 command buffers sent, 645.4 dispatches a token; Metal 3: 8.38 sent, 0.00 empty ones not sent; 0 pieces of Metal 3 work inside a segment
ds4:   expert cache over the last 64 tokens: 240.00 hits, 2.38 misses, 2.38 evictions a token; 9648 of 9648 entries live (100.0%)
ds4:   of the address-table holes repaired a token: 0.00 already resident, 2.38 genuinely absent
ds4:   of the repair a token: readahead 1.48 ms, slot preparation 0.24 ms, reads 1.30 ms, install 0.01 ms, over 2.38 loads
ds4:   Engram rows written at step start in 3840 steps; layer-13 drains 0
ds4:   residency a token: 0.00 adds, 0.00 removes, 0.00 commits
ds4:   decode path so far: 3904 single-row steps (91.1 ms each inside the graph over the last 64), 0 K-row verification steps over 0 positions, 0 batch-fusion sites taken; candidate K none
ds4: gate over tokens 3841-3904: 15.50 command buffers, 2.39 aborts, 240.0 expert ids accounted, 24.18 MiB loaded a token; 0 the gate failed to switch off, 0 it could not gate
ds4:   one token, exclusive, same window: entry 0.00 + encode 0.58 + commit-to-done 80.18 + repair-load 3.98 + accounting 0.05 + tail 2.73 = 87.52 of a 90.00 ms wall, residual 2.49
ds4:   of the commit-to-done: GPU running 78.83 ms, GPU not running 1.35 ms
ds4:   969.0 gated dispatches a token, 1.9 of them behind an abort; 455.2 sent plain ahead of a buffer's first validate
ds4:   encode-ahead: 12.11 segments used, 2.30 dropped, 2.43 ms a token spent encoding under the GPU
ds4:   concurrent sections: 101.88 attempted, 101.88 opened a token
ds4:   speculation: 0.00 layers a token, 0.00 lanes computed, 0.00 matched, 0.00 GEMVs actually saved, 0.00 left to compute; compared 0.00 lanes, 0.00 floats differ, 0.00 by more than an ulp
ds4:   Metal 4: 7.50 command buffers sent, 646.0 dispatches a token; Metal 3: 8.50 sent, 0.00 empty ones not sent; 0 pieces of Metal 3 work inside a segment
ds4:   expert cache over the last 64 tokens: 240.00 hits, 2.55 misses, 2.55 evictions a token; 9648 of 9648 entries live (100.0%)
ds4:   of the address-table holes repaired a token: 0.00 already resident, 2.55 genuinely absent
ds4:   of the repair a token: readahead 1.82 ms, slot preparation 0.27 ms, reads 1.85 ms, install 0.01 ms, over 2.55 loads
ds4:   Engram rows written at step start in 3904 steps; layer-13 drains 0
ds4:   residency a token: 0.00 adds, 0.00 removes, 0.00 commits
ds4:   decode path so far: 3968 single-row steps (84.7 ms each inside the graph over the last 64), 0 K-row verification steps over 0 positions, 0 batch-fusion sites taken; candidate K none
ds4: gate over tokens 3905-3968: 15.66 command buffers, 2.48 aborts, 240.0 expert ids accounted, 25.21 MiB loaded a token; 0 the gate failed to switch off, 0 it could not gate
ds4:   one token, exclusive, same window: entry 0.00 + encode 0.57 + commit-to-done 74.20 + repair-load 3.94 + accounting 0.05 + tail 2.58 = 81.34 of a 83.76 ms wall, residual 2.43
ds4:   of the commit-to-done: GPU running 73.97 ms, GPU not running 0.23 ms
ds4:   975.4 gated dispatches a token, 1.4 of them behind an abort; 459.5 sent plain ahead of a buffer's first validate
ds4:   encode-ahead: 12.17 segments used, 2.30 dropped, 2.38 ms a token spent encoding under the GPU
ds4:   concurrent sections: 102.53 attempted, 102.53 opened a token
ds4:   speculation: 0.00 layers a token, 0.00 lanes computed, 0.00 matched, 0.00 GEMVs actually saved, 0.00 left to compute; compared 0.00 lanes, 0.00 floats differ, 0.00 by more than an ulp
ds4:   Metal 4: 7.50 command buffers sent, 646.0 dispatches a token; Metal 3: 8.66 sent, 0.00 empty ones not sent; 0 pieces of Metal 3 work inside a segment
ds4:   expert cache over the last 64 tokens: 240.00 hits, 2.66 misses, 2.66 evictions a token; 9648 of 9648 entries live (100.0%)
ds4:   of the address-table holes repaired a token: 0.00 already resident, 2.66 genuinely absent
ds4:   of the repair a token: readahead 1.57 ms, slot preparation 0.27 ms, reads 2.05 ms, install 0.01 ms, over 2.66 loads
ds4:   Engram rows written at step start in 3968 steps; layer-13 drains 0
ds4:   residency a token: 0.00 adds, 0.00 removes, 0.00 commits
ds4:   decode path so far: 4032 single-row steps (82.6 ms each inside the graph over the last 64), 0 K-row verification steps over 0 positions, 0 batch-fusion sites taken; candidate K none
ds4: gate over tokens 3969-4032: 15.47 command buffers, 2.20 aborts, 240.0 expert ids accounted, 22.40 MiB loaded a token; 0 the gate failed to switch off, 0 it could not gate
ds4:   one token, exclusive, same window: entry 0.00 + encode 0.50 + commit-to-done 73.20 + repair-load 3.12 + accounting 0.05 + tail 2.44 = 79.31 of a 81.64 ms wall, residual 2.33
ds4:   of the commit-to-done: GPU running 72.77 ms, GPU not running 0.43 ms
ds4:   970.0 gated dispatches a token, 2.3 of them behind an abort; 446.3 sent plain ahead of a buffer's first validate
ds4:   encode-ahead: 12.27 segments used, 2.08 dropped, 2.28 ms a token spent encoding under the GPU
ds4:   concurrent sections: 100.16 attempted, 100.16 opened a token
ds4:   speculation: 0.00 layers a token, 0.00 lanes computed, 0.00 matched, 0.00 GEMVs actually saved, 0.00 left to compute; compared 0.00 lanes, 0.00 floats differ, 0.00 by more than an ulp
ds4:   Metal 4: 7.50 command buffers sent, 646.0 dispatches a token; Metal 3: 8.47 sent, 0.00 empty ones not sent; 0 pieces of Metal 3 work inside a segment
ds4:   expert cache over the last 64 tokens: 240.00 hits, 2.36 misses, 2.36 evictions a token; 9648 of 9648 entries live (100.0%)
ds4:   of the address-table holes repaired a token: 0.00 already resident, 2.36 genuinely absent
ds4:   of the repair a token: readahead 1.44 ms, slot preparation 0.23 ms, reads 1.41 ms, install 0.01 ms, over 2.36 loads
ds4:   Engram rows written at step start in 4032 steps; layer-13 drains 0
ds4:   residency a token: 0.00 adds, 0.00 removes, 0.00 commits
ds4:   decode path so far: 4096 single-row steps (83.9 ms each inside the graph over the last 64), 0 K-row verification steps over 0 positions, 0 batch-fusion sites taken; candidate K none
ds4: gate over tokens 4033-4096: 15.55 command buffers, 2.09 aborts, 240.0 expert ids accounted, 21.51 MiB loaded a token; 0 the gate failed to switch off, 0 it could not gate
ds4:   one token, exclusive, same window: entry 0.00 + encode 0.45 + commit-to-done 74.68 + repair-load 2.94 + accounting 0.05 + tail 2.53 = 80.65 of a 82.80 ms wall, residual 2.15
ds4:   of the commit-to-done: GPU running 74.31 ms, GPU not running 0.37 ms
ds4:   974.3 gated dispatches a token, 2.8 of them behind an abort; 445.1 sent plain ahead of a buffer's first validate
ds4:   encode-ahead: 12.45 segments used, 1.95 dropped, 2.10 ms a token spent encoding under the GPU
ds4:   concurrent sections: 99.44 attempted, 99.44 opened a token
ds4:   speculation: 0.00 layers a token, 0.00 lanes computed, 0.00 matched, 0.00 GEMVs actually saved, 0.00 left to compute; compared 0.00 lanes, 0.00 floats differ, 0.00 by more than an ulp
ds4:   Metal 4: 7.50 command buffers sent, 645.4 dispatches a token; Metal 3: 8.55 sent, 0.00 empty ones not sent; 0 pieces of Metal 3 work inside a segment
ds4:   expert cache over the last 64 tokens: 240.00 hits, 2.27 misses, 2.27 evictions a token; 9648 of 9648 entries live (100.0%)
ds4:   of the address-table holes repaired a token: 0.00 already resident, 2.27 genuinely absent
ds4:   of the repair a token: readahead 1.46 ms, slot preparation 0.19 ms, reads 1.24 ms, install 0.01 ms, over 2.27 loads
ds4:   Engram rows written at step start in 4096 steps; layer-13 drains 0
ds4:   residency a token: 0.00 adds, 0.00 removes, 0.00 commits
ds4: V4.1 static context buffers 3435.75 MiB (ctx=8192), Engram disk-only
ds4: V4.1 static context buffers 3435.75 MiB (ctx=8192), Engram disk-only
ds4:   decode path so far: 4160 single-row steps (88.8 ms each inside the graph over the last 64), 0 K-row verification steps over 0 positions, 0 batch-fusion sites taken; candidate K none
ds4: gate over tokens 4097-4160: 18.05 command buffers, 6.03 aborts, 240.0 expert ids accounted, 83.80 MiB loaded a token; 0 the gate failed to switch off, 0 it could not gate
ds4:   one token, exclusive, same window: entry 0.00 + encode 0.78 + commit-to-done 72.49 + repair-load 9.98 + accounting 0.47 + tail 2.08 = 85.80 of a 88.02 ms wall, residual 2.23
ds4:   of the commit-to-done: GPU running 69.94 ms, GPU not running 2.55 ms
ds4:   1031.5 gated dispatches a token, 3.8 of them behind an abort; 620.1 sent plain ahead of a buffer's first validate
ds4:   encode-ahead: 11.02 segments used, 5.72 dropped, 2.14 ms a token spent encoding under the GPU
ds4:   concurrent sections: 135.25 attempted, 135.25 opened a token
ds4:   speculation: 0.00 layers a token, 0.00 lanes computed, 0.00 matched, 0.00 GEMVs actually saved, 0.00 left to compute; compared 0.00 lanes, 0.00 floats differ, 0.00 by more than an ulp
ds4:   Metal 4: 6.09 command buffers sent, 528.1 dispatches a token; Metal 3: 12.36 sent, 0.00 empty ones not sent; 0 pieces of Metal 3 work inside a segment
ds4:   expert cache over the last 64 tokens: 239.75 hits, 8.83 misses, 20.83 evictions a token; 8880 of 8880 entries live (100.0%)
ds4:   of the address-table holes repaired a token: 0.00 already resident, 8.83 genuinely absent
ds4:   of the repair a token: readahead 5.23 ms, slot preparation 0.34 ms, reads 4.11 ms, install 0.02 ms, over 8.83 loads
ds4:   Engram rows written at step start in 4160 steps; layer-13 drains 0
ds4:   residency a token: 0.00 adds, 0.00 removes, 0.00 commits
ds4: expert cache lent the prefill headroom for decode: 8880 -> 9648 experts
ds4: expert cache lent the prefill headroom for decode: 8880 -> 9648 experts
ds4:   decode path so far: 4224 single-row steps (82.8 ms each inside the graph over the last 64), 0 K-row verification steps over 0 positions, 0 batch-fusion sites taken; candidate K none
ds4: gate over tokens 4161-4224: 16.47 command buffers, 3.72 aborts, 240.0 expert ids accounted, 40.34 MiB loaded a token; 0 the gate failed to switch off, 0 it could not gate
ds4:   one token, exclusive, same window: entry 0.00 + encode 0.64 + commit-to-done 71.39 + repair-load 5.80 + accounting 0.05 + tail 1.25 = 79.14 of a 81.48 ms wall, residual 2.34
ds4:   of the commit-to-done: GPU running 69.46 ms, GPU not running 1.92 ms
ds4:   985.1 gated dispatches a token, 2.3 of them behind an abort; 514.5 sent plain ahead of a buffer's first validate
ds4:   encode-ahead: 11.75 segments used, 3.53 dropped, 2.29 ms a token spent encoding under the GPU
ds4:   concurrent sections: 114.38 attempted, 114.38 opened a token
ds4:   speculation: 0.00 layers a token, 0.00 lanes computed, 0.00 matched, 0.00 GEMVs actually saved, 0.00 left to compute; compared 0.00 lanes, 0.00 floats differ, 0.00 by more than an ulp
ds4:   Metal 4: 8.69 command buffers sent, 778.8 dispatches a token; Metal 3: 8.06 sent, 0.00 empty ones not sent; 0 pieces of Metal 3 work inside a segment
ds4:   expert cache over the last 64 tokens: 239.98 hits, 4.25 misses, 2.36 evictions a token; 9001 of 9648 entries live (93.3%)
ds4:   of the address-table holes repaired a token: 0.00 already resident, 4.25 genuinely absent
ds4:   of the repair a token: readahead 2.91 ms, slot preparation 0.17 ms, reads 2.66 ms, install 0.01 ms, over 4.25 loads
ds4:   Engram rows written at step start in 4224 steps; layer-13 drains 0
ds4:   residency a token: 0.00 adds, 0.00 removes, 0.00 commits
ds4:   decode path so far: 4288 single-row steps (83.8 ms each inside the graph over the last 64), 0 K-row verification steps over 0 positions, 0 batch-fusion sites taken; candidate K none
ds4: gate over tokens 4225-4288: 17.34 command buffers, 5.09 aborts, 240.0 expert ids accounted, 55.91 MiB loaded a token; 0 the gate failed to switch off, 0 it could not gate
ds4:   one token, exclusive, same window: entry 0.00 + encode 0.74 + commit-to-done 70.06 + repair-load 7.31 + accounting 0.05 + tail 2.42 = 80.59 of a 82.90 ms wall, residual 2.31
ds4:   of the commit-to-done: GPU running 68.98 ms, GPU not running 1.09 ms
ds4:   1008.8 gated dispatches a token, 4.2 of them behind an abort; 577.6 sent plain ahead of a buffer's first validate
ds4:   encode-ahead: 11.25 segments used, 4.94 dropped, 2.23 ms a token spent encoding under the GPU
ds4:   concurrent sections: 127.34 attempted, 127.34 opened a token
ds4:   speculation: 0.00 layers a token, 0.00 lanes computed, 0.00 matched, 0.00 GEMVs actually saved, 0.00 left to compute; compared 0.00 lanes, 0.00 floats differ, 0.00 by more than an ulp
ds4:   Metal 4: 7.50 command buffers sent, 642.3 dispatches a token; Metal 3: 10.34 sent, 0.00 empty ones not sent; 0 pieces of Metal 3 work inside a segment
ds4:   expert cache over the last 64 tokens: 240.00 hits, 5.89 misses, 0.00 evictions a token; 9378 of 9648 entries live (97.2%)
ds4:   of the address-table holes repaired a token: 0.00 already resident, 5.89 genuinely absent
ds4:   of the repair a token: readahead 4.24 ms, slot preparation 0.01 ms, reads 3.03 ms, install 0.01 ms, over 5.89 loads
ds4:   Engram rows written at step start in 4288 steps; layer-13 drains 0
ds4:   residency a token: 0.00 adds, 0.00 removes, 0.00 commits
ds4:   decode path so far: 4352 single-row steps (82.7 ms each inside the graph over the last 64), 0 K-row verification steps over 0 positions, 0 batch-fusion sites taken; candidate K none
ds4: gate over tokens 4289-4352: 16.25 command buffers, 3.48 aborts, 240.0 expert ids accounted, 36.04 MiB loaded a token; 0 the gate failed to switch off, 0 it could not gate
ds4:   one token, exclusive, same window: entry 0.00 + encode 0.58 + commit-to-done 71.66 + repair-load 4.55 + accounting 0.05 + tail 2.50 = 79.34 of a 81.53 ms wall, residual 2.19
ds4:   of the commit-to-done: GPU running 71.11 ms, GPU not running 0.54 ms
ds4:   984.8 gated dispatches a token, 0.0 of them behind an abort; 503.1 sent plain ahead of a buffer's first validate
ds4:   encode-ahead: 11.77 segments used, 3.36 dropped, 2.13 ms a token spent encoding under the GPU
ds4:   concurrent sections: 111.84 attempted, 111.84 opened a token
ds4:   speculation: 0.00 layers a token, 0.00 lanes computed, 0.00 matched, 0.00 GEMVs actually saved, 0.00 left to compute; compared 0.00 lanes, 0.00 floats differ, 0.00 by more than an ulp
ds4:   Metal 4: 7.50 command buffers sent, 642.8 dispatches a token; Metal 3: 9.25 sent, 0.00 empty ones not sent; 0 pieces of Metal 3 work inside a segment
ds4:   expert cache over the last 64 tokens: 240.00 hits, 3.80 misses, 0.00 evictions a token; 9621 of 9648 entries live (99.7%)
ds4:   of the address-table holes repaired a token: 0.00 already resident, 3.80 genuinely absent
ds4:   of the repair a token: readahead 2.41 ms, slot preparation 0.01 ms, reads 2.12 ms, install 0.01 ms, over 3.80 loads
ds4:   Engram rows written at step start in 4352 steps; layer-13 drains 0
ds4:   residency a token: 0.00 adds, 0.00 removes, 0.00 commits
ds4:   decode path so far: 4416 single-row steps (84.1 ms each inside the graph over the last 64), 0 K-row verification steps over 0 positions, 0 batch-fusion sites taken; candidate K none
ds4: gate over tokens 4353-4416: 16.80 command buffers, 4.09 aborts, 240.0 expert ids accounted, 50.72 MiB loaded a token; 0 the gate failed to switch off, 0 it could not gate
ds4:   one token, exclusive, same window: entry 0.00 + encode 0.66 + commit-to-done 71.18 + repair-load 6.65 + accounting 0.05 + tail 2.47 = 81.01 of a 83.19 ms wall, residual 2.18
ds4:   of the commit-to-done: GPU running 70.03 ms, GPU not running 1.15 ms
ds4:   1006.2 gated dispatches a token, 1.4 of them behind an abort; 539.1 sent plain ahead of a buffer's first validate
ds4:   encode-ahead: 11.70 segments used, 3.95 dropped, 2.12 ms a token spent encoding under the GPU
ds4:   concurrent sections: 118.25 attempted, 118.25 opened a token
ds4:   speculation: 0.00 layers a token, 0.00 lanes computed, 0.00 matched, 0.00 GEMVs actually saved, 0.00 left to compute; compared 0.00 lanes, 0.00 floats differ, 0.00 by more than an ulp
ds4:   Metal 4: 7.50 command buffers sent, 645.6 dispatches a token; Metal 3: 9.80 sent, 0.00 empty ones not sent; 0 pieces of Metal 3 work inside a segment
ds4:   expert cache over the last 64 tokens: 240.00 hits, 5.34 misses, 4.92 evictions a token; 9648 of 9648 entries live (100.0%)
ds4:   of the address-table holes repaired a token: 0.00 already resident, 5.34 genuinely absent
ds4:   of the repair a token: readahead 3.60 ms, slot preparation 0.28 ms, reads 2.63 ms, install 0.01 ms, over 5.34 loads
ds4:   Engram rows written at step start in 4416 steps; layer-13 drains 0
ds4:   residency a token: 0.00 adds, 0.00 removes, 0.00 commits
ds4:   decode path so far: 4480 single-row steps (82.6 ms each inside the graph over the last 64), 0 K-row verification steps over 0 positions, 0 batch-fusion sites taken; candidate K none
ds4: gate over tokens 4417-4480: 15.89 command buffers, 2.70 aborts, 240.0 expert ids accounted, 27.88 MiB loaded a token; 0 the gate failed to switch off, 0 it could not gate
ds4:   one token, exclusive, same window: entry 0.00 + encode 0.52 + commit-to-done 72.40 + repair-load 3.83 + accounting 0.05 + tail 2.56 = 79.36 of a 81.52 ms wall, residual 2.16
ds4:   of the commit-to-done: GPU running 71.92 ms, GPU not running 0.48 ms
ds4:   998.7 gated dispatches a token, 3.9 of them behind an abort; 490.7 sent plain ahead of a buffer's first validate
ds4:   encode-ahead: 12.19 segments used, 2.56 dropped, 2.11 ms a token spent encoding under the GPU
ds4:   concurrent sections: 105.16 attempted, 105.16 opened a token
ds4:   speculation: 0.00 layers a token, 0.00 lanes computed, 0.00 matched, 0.00 GEMVs actually saved, 0.00 left to compute; compared 0.00 lanes, 0.00 floats differ, 0.00 by more than an ulp
ds4:   Metal 4: 7.50 command buffers sent, 662.2 dispatches a token; Metal 3: 8.89 sent, 0.00 empty ones not sent; 0 pieces of Metal 3 work inside a segment
ds4:   expert cache over the last 64 tokens: 240.00 hits, 2.94 misses, 2.94 evictions a token; 9648 of 9648 entries live (100.0%)
ds4:   of the address-table holes repaired a token: 0.00 already resident, 2.94 genuinely absent
ds4:   of the repair a token: readahead 1.95 ms, slot preparation 0.24 ms, reads 1.60 ms, install 0.01 ms, over 2.94 loads
ds4:   Engram rows written at step start in 4480 steps; layer-13 drains 0
ds4:   residency a token: 0.00 adds, 0.00 removes, 0.00 commits
ds4:   decode path so far: 4544 single-row steps (81.5 ms each inside the graph over the last 64), 0 K-row verification steps over 0 positions, 0 batch-fusion sites taken; candidate K none
ds4: gate over tokens 4481-4544: 15.62 command buffers, 2.56 aborts, 240.0 expert ids accounted, 26.10 MiB loaded a token; 0 the gate failed to switch off, 0 it could not gate
ds4:   one token, exclusive, same window: entry 0.00 + encode 0.47 + commit-to-done 71.63 + repair-load 3.77 + accounting 0.05 + tail 2.50 = 78.42 of a 80.48 ms wall, residual 2.06
ds4:   of the commit-to-done: GPU running 71.16 ms, GPU not running 0.48 ms
ds4:   998.5 gated dispatches a token, 2.9 of them behind an abort; 476.2 sent plain ahead of a buffer's first validate
ds4:   encode-ahead: 12.06 segments used, 2.44 dropped, 2.00 ms a token spent encoding under the GPU
ds4:   concurrent sections: 103.28 attempted, 103.28 opened a token
ds4:   speculation: 0.00 layers a token, 0.00 lanes computed, 0.00 matched, 0.00 GEMVs actually saved, 0.00 left to compute; compared 0.00 lanes, 0.00 floats differ, 0.00 by more than an ulp
ds4:   Metal 4: 7.50 command buffers sent, 663.5 dispatches a token; Metal 3: 8.62 sent, 0.00 empty ones not sent; 0 pieces of Metal 3 work inside a segment
ds4:   expert cache over the last 64 tokens: 239.98 hits, 2.75 misses, 2.75 evictions a token; 9648 of 9648 entries live (100.0%)
ds4:   of the address-table holes repaired a token: 0.00 already resident, 2.75 genuinely absent
ds4:   of the repair a token: readahead 1.67 ms, slot preparation 0.23 ms, reads 1.83 ms, install 0.01 ms, over 2.75 loads
ds4:   Engram rows written at step start in 4544 steps; layer-13 drains 0
ds4:   residency a token: 0.00 adds, 0.00 removes, 0.00 commits
ds4:   decode path so far: 4608 single-row steps (80.9 ms each inside the graph over the last 64), 0 K-row verification steps over 0 positions, 0 batch-fusion sites taken; candidate K none
ds4: gate over tokens 4545-4608: 15.09 command buffers, 1.58 aborts, 240.0 expert ids accounted, 15.72 MiB loaded a token; 0 the gate failed to switch off, 0 it could not gate
ds4:   one token, exclusive, same window: entry 0.00 + encode 0.35 + commit-to-done 72.59 + repair-load 2.19 + accounting 0.05 + tail 2.54 = 77.72 of a 79.68 ms wall, residual 1.95
ds4:   of the commit-to-done: GPU running 72.36 ms, GPU not running 0.23 ms
ds4:   983.1 gated dispatches a token, 0.0 of them behind an abort; 431.5 sent plain ahead of a buffer's first validate
ds4:   encode-ahead: 12.52 segments used, 1.48 dropped, 1.91 ms a token spent encoding under the GPU
ds4:   concurrent sections: 94.41 attempted, 94.41 opened a token
ds4:   speculation: 0.00 layers a token, 0.00 lanes computed, 0.00 matched, 0.00 GEMVs actually saved, 0.00 left to compute; compared 0.00 lanes, 0.00 floats differ, 0.00 by more than an ulp
ds4:   Metal 4: 7.50 command buffers sent, 662.2 dispatches a token; Metal 3: 8.09 sent, 0.00 empty ones not sent; 0 pieces of Metal 3 work inside a segment
ds4:   expert cache over the last 64 tokens: 240.00 hits, 1.66 misses, 1.66 evictions a token; 9648 of 9648 entries live (100.0%)
ds4:   of the address-table holes repaired a token: 0.00 already resident, 1.66 genuinely absent
ds4:   of the repair a token: readahead 1.07 ms, slot preparation 0.14 ms, reads 0.96 ms, install 0.01 ms, over 1.66 loads
ds4:   Engram rows written at step start in 4608 steps; layer-13 drains 0
ds4:   residency a token: 0.00 adds, 0.00 removes, 0.00 commits
ds4:   decode path so far: 4672 single-row steps (83.3 ms each inside the graph over the last 64), 0 K-row verification steps over 0 positions, 0 batch-fusion sites taken; candidate K none
ds4: gate over tokens 4609-4672: 15.94 command buffers, 3.08 aborts, 240.0 expert ids accounted, 33.37 MiB loaded a token; 0 the gate failed to switch off, 0 it could not gate
ds4:   one token, exclusive, same window: entry 0.00 + encode 0.50 + commit-to-done 72.58 + repair-load 4.55 + accounting 0.05 + tail 2.51 = 80.19 of a 82.17 ms wall, residual 1.98
ds4:   of the commit-to-done: GPU running 71.94 ms, GPU not running 0.65 ms
ds4:   998.2 gated dispatches a token, 4.8 of them behind an abort; 498.3 sent plain ahead of a buffer's first validate
ds4:   encode-ahead: 11.86 segments used, 2.88 dropped, 1.93 ms a token spent encoding under the GPU
ds4:   concurrent sections: 107.62 attempted, 107.62 opened a token
ds4:   speculation: 0.00 layers a token, 0.00 lanes computed, 0.00 matched, 0.00 GEMVs actually saved, 0.00 left to compute; compared 0.00 lanes, 0.00 floats differ, 0.00 by more than an ulp
ds4:   Metal 4: 7.50 command buffers sent, 661.0 dispatches a token; Metal 3: 8.94 sent, 0.00 empty ones not sent; 0 pieces of Metal 3 work inside a segment
ds4:   expert cache over the last 64 tokens: 240.00 hits, 3.52 misses, 3.52 evictions a token; 9648 of 9648 entries live (100.0%)
ds4:   of the address-table holes repaired a token: 0.00 already resident, 3.52 genuinely absent
ds4:   of the repair a token: readahead 2.28 ms, slot preparation 0.24 ms, reads 1.96 ms, install 0.01 ms, over 3.52 loads
ds4:   Engram rows written at step start in 4672 steps; layer-13 drains 0
ds4:   residency a token: 0.00 adds, 0.00 removes, 0.00 commits
ds4: V4.1 static context buffers 3435.75 MiB (ctx=8192), Engram disk-only
ds4: V4.1 static context buffers 3435.75 MiB (ctx=8192), Engram disk-only
ds4:   decode path so far: 4736 single-row steps (107.9 ms each inside the graph over the last 64), 0 K-row verification steps over 0 positions, 0 batch-fusion sites taken; candidate K none
ds4: gate over tokens 4673-4736: 15.62 command buffers, 2.30 aborts, 240.0 expert ids accounted, 23.43 MiB loaded a token; 0 the gate failed to switch off, 0 it could not gate
ds4:   one token, exclusive, same window: entry 0.00 + encode 0.42 + commit-to-done 100.14 + repair-load 3.23 + accounting 0.05 + tail 1.23 = 105.06 of a 106.87 ms wall, residual 1.82
ds4:   of the commit-to-done: GPU running 1210.57 ms, GPU not running -1110.43 ms
ds4:   989.9 gated dispatches a token, 2.8 of them behind an abort; 464.0 sent plain ahead of a buffer's first validate
ds4:   encode-ahead: 12.33 segments used, 2.12 dropped, 1.76 ms a token spent encoding under the GPU
ds4:   concurrent sections: 100.72 attempted, 100.72 opened a token
ds4:   speculation: 0.00 layers a token, 0.00 lanes computed, 0.00 matched, 0.00 GEMVs actually saved, 0.00 left to compute; compared 0.00 lanes, 0.00 floats differ, 0.00 by more than an ulp
ds4:   Metal 4: 3.52 command buffers sent, 310.4 dispatches a token; Metal 3: 12.34 sent, 0.00 empty ones not sent; 0 pieces of Metal 3 work inside a segment
ds4:   expert cache over the last 64 tokens: 304.20 hits, 76.08 misses, 88.08 evictions a token; 8880 of 8880 entries live (100.0%)
ds4:   of the address-table holes repaired a token: 0.00 already resident, 2.47 genuinely absent
ds4:   of the repair a token: readahead 1.35 ms, slot preparation 0.39 ms, reads 1.67 ms, install 0.08 ms, over 76.08 loads
ds4:   Engram rows written at step start in 4736 steps; layer-13 drains 0
ds4:   residency a token: 0.00 adds, 0.00 removes, 0.00 commits
ds4:   decode path so far: 4800 single-row steps (98.3 ms each inside the graph over the last 64), 0 K-row verification steps over 0 positions, 0 batch-fusion sites taken; candidate K none
ds4: gate over tokens 4737-4800: 15.81 command buffers, 2.67 aborts, 240.0 expert ids accounted, 26.25 MiB loaded a token; 0 the gate failed to switch off, 0 it could not gate
ds4:   one token, exclusive, same window: entry 0.00 + encode 0.63 + commit-to-done 89.58 + repair-load 3.89 + accounting 0.04 + tail 0.00 = 94.15 of a 96.35 ms wall, residual 2.20
ds4:   of the commit-to-done: GPU running 85.86 ms, GPU not running 3.72 ms
ds4:   992.8 gated dispatches a token, 2.8 of them behind an abort; 479.4 sent plain ahead of a buffer's first validate
ds4:   encode-ahead: 12.14 segments used, 2.48 dropped, 2.12 ms a token spent encoding under the GPU
ds4:   concurrent sections: 104.62 attempted, 104.62 opened a token
ds4:   speculation: 0.00 layers a token, 0.00 lanes computed, 0.00 matched, 0.00 GEMVs actually saved, 0.00 left to compute; compared 0.00 lanes, 0.00 floats differ, 0.00 by more than an ulp
ds4:   Metal 4: 0.00 command buffers sent, 0.0 dispatches a token; Metal 3: 15.81 sent, 0.00 empty ones not sent; 0 pieces of Metal 3 work inside a segment
ds4:   expert cache over the last 64 tokens: 240.00 hits, 2.77 misses, 2.77 evictions a token; 8880 of 8880 entries live (100.0%)
ds4:   of the address-table holes repaired a token: 0.00 already resident, 2.77 genuinely absent
ds4:   of the repair a token: readahead 1.64 ms, slot preparation 0.32 ms, reads 1.89 ms, install 0.01 ms, over 2.77 loads
ds4:   Engram rows written at step start in 4800 steps; layer-13 drains 0
ds4:   residency a token: 0.00 adds, 0.00 removes, 0.00 commits
ds4:   decode path so far: 4864 single-row steps (87.4 ms each inside the graph over the last 64), 0 K-row verification steps over 0 positions, 0 batch-fusion sites taken; candidate K none
ds4: gate over tokens 4801-4864: 16.27 command buffers, 3.09 aborts, 240.0 expert ids accounted, 33.52 MiB loaded a token; 0 the gate failed to switch off, 0 it could not gate
ds4:   one token, exclusive, same window: entry 0.00 + encode 0.69 + commit-to-done 78.37 + repair-load 4.89 + accounting 0.05 + tail 0.00 = 84.00 of a 86.23 ms wall, residual 2.23
ds4:   of the commit-to-done: GPU running 75.16 ms, GPU not running 3.20 ms
ds4:   1007.7 gated dispatches a token, 5.2 of them behind an abort; 503.5 sent plain ahead of a buffer's first validate
ds4:   encode-ahead: 12.17 segments used, 2.86 dropped, 2.15 ms a token spent encoding under the GPU
ds4:   concurrent sections: 109.16 attempted, 109.16 opened a token
ds4:   speculation: 0.00 layers a token, 0.00 lanes computed, 0.00 matched, 0.00 GEMVs actually saved, 0.00 left to compute; compared 0.00 lanes, 0.00 floats differ, 0.00 by more than an ulp
ds4:   Metal 4: 0.00 command buffers sent, 0.0 dispatches a token; Metal 3: 16.27 sent, 0.00 empty ones not sent; 0 pieces of Metal 3 work inside a segment
ds4:   expert cache over the last 64 tokens: 239.98 hits, 3.53 misses, 3.53 evictions a token; 8880 of 8880 entries live (100.0%)
ds4:   of the address-table holes repaired a token: 0.00 already resident, 3.53 genuinely absent
ds4:   of the repair a token: readahead 2.17 ms, slot preparation 0.34 ms, reads 2.30 ms, install 0.01 ms, over 3.53 loads
ds4:   Engram rows written at step start in 4864 steps; layer-13 drains 0
ds4:   residency a token: 0.00 adds, 0.00 removes, 0.00 commits
ds4:   decode path so far: 4928 single-row steps (77.6 ms each inside the graph over the last 64), 0 K-row verification steps over 0 positions, 0 batch-fusion sites taken; candidate K none
ds4: gate over tokens 4865-4928: 16.05 command buffers, 3.09 aborts, 240.0 expert ids accounted, 32.04 MiB loaded a token; 0 the gate failed to switch off, 0 it could not gate
ds4:   one token, exclusive, same window: entry 0.00 + encode 0.61 + commit-to-done 70.00 + repair-load 4.41 + accounting 0.05 + tail 0.00 = 75.08 of a 77.14 ms wall, residual 2.06
ds4:   of the commit-to-done: GPU running 66.76 ms, GPU not running 3.25 ms
ds4:   993.9 gated dispatches a token, 2.3 of them behind an abort; 499.3 sent plain ahead of a buffer's first validate
ds4:   encode-ahead: 11.95 segments used, 2.94 dropped, 1.99 ms a token spent encoding under the GPU
ds4:   concurrent sections: 108.28 attempted, 108.28 opened a token
ds4:   speculation: 0.00 layers a token, 0.00 lanes computed, 0.00 matched, 0.00 GEMVs actually saved, 0.00 left to compute; compared 0.00 lanes, 0.00 floats differ, 0.00 by more than an ulp
ds4:   Metal 4: 0.00 command buffers sent, 0.0 dispatches a token; Metal 3: 16.05 sent, 0.00 empty ones not sent; 0 pieces of Metal 3 work inside a segment
ds4:   expert cache over the last 64 tokens: 240.00 hits, 3.38 misses, 3.38 evictions a token; 8880 of 8880 entries live (100.0%)
ds4:   of the address-table holes repaired a token: 0.00 already resident, 3.38 genuinely absent
ds4:   of the repair a token: readahead 1.95 ms, slot preparation 0.30 ms, reads 2.10 ms, install 0.01 ms, over 3.38 loads
ds4:   Engram rows written at step start in 4928 steps; layer-13 drains 0
ds4:   residency a token: 0.00 adds, 0.00 removes, 0.00 commits
ds4:   decode path so far: 4992 single-row steps (79.3 ms each inside the graph over the last 64), 0 K-row verification steps over 0 positions, 0 batch-fusion sites taken; candidate K none
ds4: gate over tokens 4929-4992: 16.06 command buffers, 2.92 aborts, 240.0 expert ids accounted, 28.62 MiB loaded a token; 0 the gate failed to switch off, 0 it could not gate
ds4:   one token, exclusive, same window: entry 0.00 + encode 0.56 + commit-to-done 69.45 + repair-load 5.79 + accounting 0.05 + tail 0.00 = 75.85 of a 77.85 ms wall, residual 2.00
ds4:   of the commit-to-done: GPU running 66.37 ms, GPU not running 3.09 ms
ds4:   999.2 gated dispatches a token, 1.4 of them behind an abort; 496.1 sent plain ahead of a buffer's first validate
ds4:   encode-ahead: 12.14 segments used, 2.83 dropped, 1.93 ms a token spent encoding under the GPU
ds4:   concurrent sections: 107.72 attempted, 107.72 opened a token
ds4:   speculation: 0.00 layers a token, 0.00 lanes computed, 0.00 matched, 0.00 GEMVs actually saved, 0.00 left to compute; compared 0.00 lanes, 0.00 floats differ, 0.00 by more than an ulp
ds4:   Metal 4: 0.00 command buffers sent, 0.0 dispatches a token; Metal 3: 16.06 sent, 0.00 empty ones not sent; 0 pieces of Metal 3 work inside a segment
ds4:   expert cache over the last 64 tokens: 240.00 hits, 3.02 misses, 3.02 evictions a token; 8880 of 8880 entries live (100.0%)
ds4:   of the address-table holes repaired a token: 0.00 already resident, 3.02 genuinely absent
ds4:   of the repair a token: readahead 3.52 ms, slot preparation 0.29 ms, reads 1.96 ms, install 0.01 ms, over 3.02 loads
ds4:   Engram rows written at step start in 4992 steps; layer-13 drains 0
ds4:   residency a token: 0.00 adds, 0.00 removes, 0.00 commits
ds4:   decode path so far: 5056 single-row steps (79.8 ms each inside the graph over the last 64), 0 K-row verification steps over 0 positions, 0 batch-fusion sites taken; candidate K none
ds4: gate over tokens 4993-5056: 16.48 command buffers, 3.53 aborts, 240.0 expert ids accounted, 36.78 MiB loaded a token; 0 the gate failed to switch off, 0 it could not gate
ds4:   one token, exclusive, same window: entry 0.00 + encode 0.60 + commit-to-done 69.48 + repair-load 5.82 + accounting 0.05 + tail 0.00 = 75.95 of a 77.89 ms wall, residual 1.94
ds4:   of the commit-to-done: GPU running 65.53 ms, GPU not running 3.95 ms
ds4:   1005.2 gated dispatches a token, 1.9 of them behind an abort; 525.5 sent plain ahead of a buffer's first validate
ds4:   encode-ahead: 11.95 segments used, 3.38 dropped, 1.87 ms a token spent encoding under the GPU
ds4:   concurrent sections: 112.88 attempted, 112.88 opened a token
ds4:   speculation: 0.00 layers a token, 0.00 lanes computed, 0.00 matched, 0.00 GEMVs actually saved, 0.00 left to compute; compared 0.00 lanes, 0.00 floats differ, 0.00 by more than an ulp
ds4:   Metal 4: 0.00 command buffers sent, 0.0 dispatches a token; Metal 3: 16.48 sent, 0.00 empty ones not sent; 0 pieces of Metal 3 work inside a segment
ds4:   expert cache over the last 64 tokens: 240.00 hits, 3.88 misses, 3.88 evictions a token; 8880 of 8880 entries live (100.0%)
ds4:   of the address-table holes repaired a token: 0.00 already resident, 3.88 genuinely absent
ds4:   of the repair a token: readahead 2.36 ms, slot preparation 0.30 ms, reads 3.09 ms, install 0.01 ms, over 3.88 loads
ds4:   Engram rows written at step start in 5056 steps; layer-13 drains 0
ds4:   residency a token: 0.00 adds, 0.00 removes, 0.00 commits
ds4:   decode path so far: 5120 single-row steps (80.7 ms each inside the graph over the last 64), 0 K-row verification steps over 0 positions, 0 batch-fusion sites taken; candidate K none
ds4: gate over tokens 5057-5120: 16.52 command buffers, 3.72 aborts, 240.0 expert ids accounted, 38.41 MiB loaded a token; 0 the gate failed to switch off, 0 it could not gate
ds4:   one token, exclusive, same window: entry 0.00 + encode 0.60 + commit-to-done 70.05 + repair-load 5.92 + accounting 0.05 + tail 0.00 = 76.62 of a 78.53 ms wall, residual 1.91
ds4:   of the commit-to-done: GPU running 66.29 ms, GPU not running 3.76 ms
ds4:   1002.4 gated dispatches a token, 2.8 of them behind an abort; 529.9 sent plain ahead of a buffer's first validate
ds4:   encode-ahead: 11.80 segments used, 3.56 dropped, 1.84 ms a token spent encoding under the GPU
ds4:   concurrent sections: 114.28 attempted, 114.28 opened a token
ds4:   speculation: 0.00 layers a token, 0.00 lanes computed, 0.00 matched, 0.00 GEMVs actually saved, 0.00 left to compute; compared 0.00 lanes, 0.00 floats differ, 0.00 by more than an ulp
ds4:   Metal 4: 0.00 command buffers sent, 0.0 dispatches a token; Metal 3: 16.52 sent, 0.00 empty ones not sent; 0 pieces of Metal 3 work inside a segment
ds4:   expert cache over the last 64 tokens: 240.00 hits, 4.05 misses, 4.05 evictions a token; 8880 of 8880 entries live (100.0%)
ds4:   of the address-table holes repaired a token: 0.00 already resident, 4.05 genuinely absent
ds4:   of the repair a token: readahead 2.32 ms, slot preparation 0.30 ms, reads 3.23 ms, install 0.01 ms, over 4.05 loads
ds4:   Engram rows written at step start in 5120 steps; layer-13 drains 0
ds4:   residency a token: 0.00 adds, 0.00 removes, 0.00 commits
ds4:   decode path so far: 5184 single-row steps (79.9 ms each inside the graph over the last 64), 0 K-row verification steps over 0 positions, 0 batch-fusion sites taken; candidate K none
ds4: gate over tokens 5121-5184: 15.94 command buffers, 2.84 aborts, 240.0 expert ids accounted, 28.92 MiB loaded a token; 0 the gate failed to switch off, 0 it could not gate
ds4:   one token, exclusive, same window: entry 0.00 + encode 0.47 + commit-to-done 71.03 + repair-load 5.63 + accounting 0.05 + tail 0.00 = 77.18 of a 79.04 ms wall, residual 1.86
ds4:   of the commit-to-done: GPU running 67.71 ms, GPU not running 3.32 ms
ds4:   983.8 gated dispatches a token, 0.9 of them behind an abort; 489.0 sent plain ahead of a buffer's first validate
ds4:   encode-ahead: 12.09 segments used, 2.73 dropped, 1.79 ms a token spent encoding under the GPU
ds4:   concurrent sections: 106.22 attempted, 106.22 opened a token
ds4:   speculation: 0.00 layers a token, 0.00 lanes computed, 0.00 matched, 0.00 GEMVs actually saved, 0.00 left to compute; compared 0.00 lanes, 0.00 floats differ, 0.00 by more than an ulp
ds4:   Metal 4: 0.00 command buffers sent, 0.0 dispatches a token; Metal 3: 15.94 sent, 0.00 empty ones not sent; 0 pieces of Metal 3 work inside a segment
ds4:   expert cache over the last 64 tokens: 240.00 hits, 3.05 misses, 3.05 evictions a token; 8880 of 8880 entries live (100.0%)
ds4:   of the address-table holes repaired a token: 0.00 already resident, 3.05 genuinely absent
ds4:   of the repair a token: readahead 3.64 ms, slot preparation 0.26 ms, reads 1.68 ms, install 0.01 ms, over 3.05 loads
ds4:   Engram rows written at step start in 5184 steps; layer-13 drains 0
ds4:   residency a token: 0.00 adds, 0.00 removes, 0.00 commits
ds4:   decode path so far: 5248 single-row steps (78.6 ms each inside the graph over the last 64), 0 K-row verification steps over 0 positions, 0 batch-fusion sites taken; candidate K none
ds4: gate over tokens 5185-5248: 15.81 command buffers, 2.58 aborts, 240.0 expert ids accounted, 25.07 MiB loaded a token; 0 the gate failed to switch off, 0 it could not gate
ds4:   one token, exclusive, same window: entry 0.00 + encode 0.43 + commit-to-done 72.07 + repair-load 3.36 + accounting 0.05 + tail 0.00 = 75.92 of a 77.68 ms wall, residual 1.76
ds4:   of the commit-to-done: GPU running 68.81 ms, GPU not running 3.26 ms
ds4:   990.6 gated dispatches a token, 0.5 of them behind an abort; 480.0 sent plain ahead of a buffer's first validate
ds4:   encode-ahead: 12.23 segments used, 2.50 dropped, 1.70 ms a token spent encoding under the GPU
ds4:   concurrent sections: 104.25 attempted, 104.25 opened a token
ds4:   speculation: 0.00 layers a token, 0.00 lanes computed, 0.00 matched, 0.00 GEMVs actually saved, 0.00 left to compute; compared 0.00 lanes, 0.00 floats differ, 0.00 by more than an ulp
ds4:   Metal 4: 0.00 command buffers sent, 0.0 dispatches a token; Metal 3: 15.81 sent, 0.00 empty ones not sent; 0 pieces of Metal 3 work inside a segment
ds4:   expert cache over the last 64 tokens: 240.00 hits, 2.64 misses, 2.64 evictions a token; 8880 of 8880 entries live (100.0%)
ds4:   of the address-table holes repaired a token: 0.00 already resident, 2.64 genuinely absent
ds4:   of the repair a token: readahead 1.65 ms, slot preparation 0.23 ms, reads 1.46 ms, install 0.01 ms, over 2.64 loads
ds4:   Engram rows written at step start in 5248 steps; layer-13 drains 0
ds4:   residency a token: 0.00 adds, 0.00 removes, 0.00 commits
ds4:   decode path so far: 5312 single-row steps (79.2 ms each inside the graph over the last 64), 0 K-row verification steps over 0 positions, 0 batch-fusion sites taken; candidate K none
ds4: gate over tokens 5249-5312: 16.16 command buffers, 3.31 aborts, 240.0 expert ids accounted, 32.93 MiB loaded a token; 0 the gate failed to switch off, 0 it could not gate
ds4:   one token, exclusive, same window: entry 0.00 + encode 0.47 + commit-to-done 71.95 + repair-load 4.24 + accounting 0.05 + tail 0.00 = 76.71 of a 78.47 ms wall, residual 1.75
ds4:   of the commit-to-done: GPU running 68.70 ms, GPU not running 3.25 ms
ds4:   991.1 gated dispatches a token, 2.3 of them behind an abort; 508.0 sent plain ahead of a buffer's first validate
ds4:   encode-ahead: 11.84 segments used, 3.16 dropped, 1.69 ms a token spent encoding under the GPU
ds4:   concurrent sections: 110.00 attempted, 110.00 opened a token
ds4:   speculation: 0.00 layers a token, 0.00 lanes computed, 0.00 matched, 0.00 GEMVs actually saved, 0.00 left to compute; compared 0.00 lanes, 0.00 floats differ, 0.00 by more than an ulp
ds4:   Metal 4: 0.00 command buffers sent, 0.0 dispatches a token; Metal 3: 16.16 sent, 0.00 empty ones not sent; 0 pieces of Metal 3 work inside a segment
ds4:   expert cache over the last 64 tokens: 240.00 hits, 3.47 misses, 3.47 evictions a token; 8880 of 8880 entries live (100.0%)
ds4:   of the address-table holes repaired a token: 0.00 already resident, 3.47 genuinely absent
ds4:   of the repair a token: readahead 2.17 ms, slot preparation 0.27 ms, reads 1.77 ms, install 0.01 ms, over 3.47 loads
ds4:   Engram rows written at step start in 5312 steps; layer-13 drains 0
ds4:   residency a token: 0.00 adds, 0.00 removes, 0.00 commits
ds4:   decode path so far: 5376 single-row steps (82.1 ms each inside the graph over the last 64), 0 K-row verification steps over 0 positions, 0 batch-fusion sites taken; candidate K none
ds4: gate over tokens 5313-5376: 16.97 command buffers, 4.39 aborts, 240.0 expert ids accounted, 45.98 MiB loaded a token; 0 the gate failed to switch off, 0 it could not gate
ds4:   one token, exclusive, same window: entry 0.00 + encode 0.59 + commit-to-done 71.28 + repair-load 7.36 + accounting 0.05 + tail 0.00 = 79.29 of a 81.15 ms wall, residual 1.87
ds4:   of the commit-to-done: GPU running 67.35 ms, GPU not running 3.93 ms
ds4:   1014.6 gated dispatches a token, 2.8 of them behind an abort; 560.5 sent plain ahead of a buffer's first validate
ds4:   encode-ahead: 11.58 segments used, 4.20 dropped, 1.79 ms a token spent encoding under the GPU
ds4:   concurrent sections: 120.84 attempted, 120.84 opened a token
ds4:   speculation: 0.00 layers a token, 0.00 lanes computed, 0.00 matched, 0.00 GEMVs actually saved, 0.00 left to compute; compared 0.00 lanes, 0.00 floats differ, 0.00 by more than an ulp
ds4:   Metal 4: 0.00 command buffers sent, 0.0 dispatches a token; Metal 3: 16.97 sent, 0.00 empty ones not sent; 0 pieces of Metal 3 work inside a segment
ds4:   expert cache over the last 64 tokens: 240.00 hits, 4.84 misses, 4.84 evictions a token; 8880 of 8880 entries live (100.0%)
ds4:   of the address-table holes repaired a token: 0.00 already resident, 4.84 genuinely absent
ds4:   of the repair a token: readahead 4.52 ms, slot preparation 0.33 ms, reads 2.42 ms, install 0.01 ms, over 4.84 loads
ds4:   Engram rows written at step start in 5376 steps; layer-13 drains 0
ds4:   residency a token: 0.00 adds, 0.00 removes, 0.00 commits
ds4: expert cache lent the prefill headroom for decode: 8880 -> 9648 experts
ds4:   decode path so far: 5440 single-row steps (107.4 ms each inside the graph over the last 64), 0 K-row verification steps over 0 positions, 0 batch-fusion sites taken; candidate K none
ds4: gate over tokens 5377-5440: 17.88 command buffers, 5.64 aborts, 240.0 expert ids accounted, 64.52 MiB loaded a token; 0 the gate failed to switch off, 0 it could not gate
ds4:   one token, exclusive, same window: entry 0.00 + encode 0.75 + commit-to-done 94.98 + repair-load 7.88 + accounting 0.05 + tail 0.00 = 103.66 of a 105.79 ms wall, residual 2.13
ds4:   of the commit-to-done: GPU running 872.66 ms, GPU not running -777.67 ms
ds4:   1035.1 gated dispatches a token, 5.2 of them behind an abort; 619.4 sent plain ahead of a buffer's first validate
ds4:   encode-ahead: 11.23 segments used, 5.41 dropped, 2.06 ms a token spent encoding under the GPU
ds4:   concurrent sections: 132.50 attempted, 132.50 opened a token
ds4:   speculation: 0.00 layers a token, 0.00 lanes computed, 0.00 matched, 0.00 GEMVs actually saved, 0.00 left to compute; compared 0.00 lanes, 0.00 floats differ, 0.00 by more than an ulp
ds4:   Metal 4: 12.83 command buffers sent, 3261.9 dispatches a token; Metal 3: 8.19 sent, 0.00 empty ones not sent; 0 pieces of Metal 3 work inside a segment
ds4:   expert cache over the last 64 tokens: 341.84 hits, 43.03 misses, 43.03 evictions a token; 8880 of 8880 entries live (100.0%)
ds4:   of the address-table holes repaired a token: 0.00 already resident, 6.80 genuinely absent
ds4:   of the repair a token: readahead 4.01 ms, slot preparation 0.54 ms, reads 3.35 ms, install 0.05 ms, over 43.03 loads
ds4:   Engram rows written at step start in 5440 steps; layer-13 drains 0
ds4:   residency a token: 0.00 adds, 0.00 removes, 0.00 commits
ds4:   decode path so far: 5504 single-row steps (85.7 ms each inside the graph over the last 64), 0 K-row verification steps over 0 positions, 0 batch-fusion sites taken; candidate K none
ds4: gate over tokens 5441-5504: 16.03 command buffers, 2.86 aborts, 240.0 expert ids accounted, 28.92 MiB loaded a token; 0 the gate failed to switch off, 0 it could not gate
ds4:   one token, exclusive, same window: entry 0.00 + encode 0.61 + commit-to-done 78.08 + repair-load 3.75 + accounting 0.05 + tail 0.00 = 82.49 of a 84.70 ms wall, residual 2.21
ds4:   of the commit-to-done: GPU running 75.47 ms, GPU not running 2.62 ms
ds4:   1003.0 gated dispatches a token, 2.8 of them behind an abort; 490.2 sent plain ahead of a buffer's first validate
ds4:   encode-ahead: 12.17 segments used, 2.66 dropped, 2.16 ms a token spent encoding under the GPU
ds4:   concurrent sections: 106.72 attempted, 106.72 opened a token
ds4:   speculation: 0.00 layers a token, 0.00 lanes computed, 0.00 matched, 0.00 GEMVs actually saved, 0.00 left to compute; compared 0.00 lanes, 0.00 floats differ, 0.00 by more than an ulp
ds4:   Metal 4: 16.03 command buffers sent, 1671.8 dispatches a token; Metal 3: 0.00 sent, 0.00 empty ones not sent; 0 pieces of Metal 3 work inside a segment
ds4:   expert cache over the last 64 tokens: 240.00 hits, 3.05 misses, 3.05 evictions a token; 8880 of 8880 entries live (100.0%)
ds4:   of the address-table holes repaired a token: 0.00 already resident, 3.05 genuinely absent
ds4:   of the repair a token: readahead 1.77 ms, slot preparation 0.24 ms, reads 1.70 ms, install 0.01 ms, over 3.05 loads
ds4:   Engram rows written at step start in 5504 steps; layer-13 drains 0
ds4:   residency a token: 0.00 adds, 0.00 removes, 0.00 commits
ds4:   decode path so far: 5568 single-row steps (79.8 ms each inside the graph over the last 64), 0 K-row verification steps over 0 positions, 0 batch-fusion sites taken; candidate K none
ds4: gate over tokens 5505-5568: 16.33 command buffers, 3.34 aborts, 240.0 expert ids accounted, 37.08 MiB loaded a token; 0 the gate failed to switch off, 0 it could not gate
ds4:   one token, exclusive, same window: entry 0.00 + encode 0.67 + commit-to-done 71.11 + repair-load 4.71 + accounting 0.05 + tail 0.00 = 76.54 of a 78.83 ms wall, residual 2.29
ds4:   of the commit-to-done: GPU running 68.63 ms, GPU not running 2.49 ms
ds4:   1009.5 gated dispatches a token, 2.8 of them behind an abort; 519.0 sent plain ahead of a buffer's first validate
ds4:   encode-ahead: 11.98 segments used, 3.22 dropped, 2.23 ms a token spent encoding under the GPU
ds4:   concurrent sections: 112.28 attempted, 112.28 opened a token
ds4:   speculation: 0.00 layers a token, 0.00 lanes computed, 0.00 matched, 0.00 GEMVs actually saved, 0.00 left to compute; compared 0.00 lanes, 0.00 floats differ, 0.00 by more than an ulp
ds4:   Metal 4: 16.33 command buffers sent, 1747.8 dispatches a token; Metal 3: 0.00 sent, 0.00 empty ones not sent; 0 pieces of Metal 3 work inside a segment
ds4:   expert cache over the last 64 tokens: 240.00 hits, 3.91 misses, 3.91 evictions a token; 8880 of 8880 entries live (100.0%)
ds4:   of the address-table holes repaired a token: 0.00 already resident, 3.91 genuinely absent
ds4:   of the repair a token: readahead 2.36 ms, slot preparation 0.24 ms, reads 2.04 ms, install 0.01 ms, over 3.91 loads
ds4:   Engram rows written at step start in 5568 steps; layer-13 drains 0
ds4:   residency a token: 0.00 adds, 0.00 removes, 0.00 commits
ds4:   decode path so far: 5632 single-row steps (80.3 ms each inside the graph over the last 64), 0 K-row verification steps over 0 positions, 0 batch-fusion sites taken; candidate K none
ds4: gate over tokens 5569-5632: 16.17 command buffers, 3.39 aborts, 240.0 expert ids accounted, 35.15 MiB loaded a token; 0 the gate failed to switch off, 0 it could not gate
ds4:   one token, exclusive, same window: entry 0.00 + encode 0.69 + commit-to-done 71.01 + repair-load 5.80 + accounting 0.05 + tail 0.00 = 77.56 of a 79.88 ms wall, residual 2.32
ds4:   of the commit-to-done: GPU running 68.47 ms, GPU not running 2.54 ms
ds4:   998.0 gated dispatches a token, 2.8 of them behind an abort; 512.9 sent plain ahead of a buffer's first validate
ds4:   encode-ahead: 11.78 segments used, 3.23 dropped, 2.27 ms a token spent encoding under the GPU
ds4:   concurrent sections: 111.22 attempted, 111.22 opened a token
ds4:   speculation: 0.00 layers a token, 0.00 lanes computed, 0.00 matched, 0.00 GEMVs actually saved, 0.00 left to compute; compared 0.00 lanes, 0.00 floats differ, 0.00 by more than an ulp
ds4:   Metal 4: 16.17 command buffers sent, 1729.7 dispatches a token; Metal 3: 0.00 sent, 0.00 empty ones not sent; 0 pieces of Metal 3 work inside a segment
ds4:   expert cache over the last 64 tokens: 239.98 hits, 3.70 misses, 3.70 evictions a token; 8880 of 8880 entries live (100.0%)
ds4:   of the address-table holes repaired a token: 0.00 already resident, 3.70 genuinely absent
ds4:   of the repair a token: readahead 3.29 ms, slot preparation 0.27 ms, reads 2.19 ms, install 0.01 ms, over 3.70 loads
ds4:   Engram rows written at step start in 5632 steps; layer-13 drains 0
ds4:   residency a token: 0.00 adds, 0.00 removes, 0.00 commits
ds4:   decode path so far: 5696 single-row steps (78.7 ms each inside the graph over the last 64), 0 K-row verification steps over 0 positions, 0 batch-fusion sites taken; candidate K none
ds4: gate over tokens 5633-5696: 16.22 command buffers, 3.14 aborts, 240.0 expert ids accounted, 30.85 MiB loaded a token; 0 the gate failed to switch off, 0 it could not gate
ds4:   one token, exclusive, same window: entry 0.00 + encode 0.65 + commit-to-done 70.24 + repair-load 3.97 + accounting 0.05 + tail 0.00 = 74.90 of a 77.21 ms wall, residual 2.31
ds4:   of the commit-to-done: GPU running 67.91 ms, GPU not running 2.33 ms
ds4:   1003.6 gated dispatches a token, 1.4 of them behind an abort; 507.3 sent plain ahead of a buffer's first validate
ds4:   encode-ahead: 12.08 segments used, 3.06 dropped, 2.25 ms a token spent encoding under the GPU
ds4:   concurrent sections: 109.56 attempted, 109.56 opened a token
ds4:   speculation: 0.00 layers a token, 0.00 lanes computed, 0.00 matched, 0.00 GEMVs actually saved, 0.00 left to compute; compared 0.00 lanes, 0.00 floats differ, 0.00 by more than an ulp
ds4:   Metal 4: 16.22 command buffers sent, 1704.6 dispatches a token; Metal 3: 0.00 sent, 0.00 empty ones not sent; 0 pieces of Metal 3 work inside a segment
ds4:   expert cache over the last 64 tokens: 240.00 hits, 3.25 misses, 3.25 evictions a token; 8880 of 8880 entries live (100.0%)
ds4:   of the address-table holes repaired a token: 0.00 already resident, 3.25 genuinely absent
ds4:   of the repair a token: readahead 1.65 ms, slot preparation 0.26 ms, reads 2.04 ms, install 0.01 ms, over 3.25 loads
ds4:   Engram rows written at step start in 5696 steps; layer-13 drains 0
ds4:   residency a token: 0.00 adds, 0.00 removes, 0.00 commits
ds4:   decode path so far: 5760 single-row steps (82.7 ms each inside the graph over the last 64), 0 K-row verification steps over 0 positions, 0 batch-fusion sites taken; candidate K none
ds4: gate over tokens 5697-5760: 16.66 command buffers, 3.77 aborts, 240.0 expert ids accounted, 39.16 MiB loaded a token; 0 the gate failed to switch off, 0 it could not gate
ds4:   one token, exclusive, same window: entry 0.00 + encode 0.73 + commit-to-done 73.60 + repair-load 5.15 + accounting 0.05 + tail 0.00 = 79.53 of a 82.01 ms wall, residual 2.48
ds4:   of the commit-to-done: GPU running 71.04 ms, GPU not running 2.56 ms
ds4:   1008.7 gated dispatches a token, 1.9 of them behind an abort; 534.2 sent plain ahead of a buffer's first validate
ds4:   encode-ahead: 11.89 segments used, 3.61 dropped, 2.42 ms a token spent encoding under the GPU
ds4:   concurrent sections: 115.12 attempted, 115.12 opened a token
ds4:   speculation: 0.00 layers a token, 0.00 lanes computed, 0.00 matched, 0.00 GEMVs actually saved, 0.00 left to compute; compared 0.00 lanes, 0.00 floats differ, 0.00 by more than an ulp
ds4:   Metal 4: 16.66 command buffers sent, 1781.4 dispatches a token; Metal 3: 0.00 sent, 0.00 empty ones not sent; 0 pieces of Metal 3 work inside a segment
ds4:   expert cache over the last 64 tokens: 240.00 hits, 4.12 misses, 4.12 evictions a token; 8880 of 8880 entries live (100.0%)
ds4:   of the address-table holes repaired a token: 0.00 already resident, 4.12 genuinely absent
ds4:   of the repair a token: readahead 2.44 ms, slot preparation 0.32 ms, reads 2.33 ms, install 0.01 ms, over 4.12 loads
ds4:   Engram rows written at step start in 5760 steps; layer-13 drains 0
ds4:   residency a token: 0.00 adds, 0.00 removes, 0.00 commits
ds4:   decode path so far: 5824 single-row steps (88.5 ms each inside the graph over the last 64), 0 K-row verification steps over 0 positions, 0 batch-fusion sites taken; candidate K none
ds4: gate over tokens 5761-5824: 16.45 command buffers, 3.70 aborts, 240.0 expert ids accounted, 38.56 MiB loaded a token; 0 the gate failed to switch off, 0 it could not gate
ds4:   one token, exclusive, same window: entry 0.00 + encode 0.85 + commit-to-done 76.70 + repair-load 7.14 + accounting 0.05 + tail 0.00 = 84.74 of a 87.65 ms wall, residual 2.91
ds4:   of the commit-to-done: GPU running 74.25 ms, GPU not running 2.45 ms
ds4:   999.8 gated dispatches a token, 3.8 of them behind an abort; 528.8 sent plain ahead of a buffer's first validate
ds4:   encode-ahead: 11.75 segments used, 3.53 dropped, 2.84 ms a token spent encoding under the GPU
ds4:   concurrent sections: 113.75 attempted, 113.75 opened a token
ds4:   speculation: 0.00 layers a token, 0.00 lanes computed, 0.00 matched, 0.00 GEMVs actually saved, 0.00 left to compute; compared 0.00 lanes, 0.00 floats differ, 0.00 by more than an ulp
ds4:   Metal 4: 16.45 command buffers sent, 1765.0 dispatches a token; Metal 3: 0.00 sent, 0.00 empty ones not sent; 0 pieces of Metal 3 work inside a segment
ds4:   expert cache over the last 64 tokens: 240.00 hits, 4.06 misses, 4.06 evictions a token; 8880 of 8880 entries live (100.0%)
ds4:   of the address-table holes repaired a token: 0.00 already resident, 4.06 genuinely absent
ds4:   of the repair a token: readahead 4.56 ms, slot preparation 0.35 ms, reads 2.17 ms, install 0.01 ms, over 4.06 loads
ds4:   Engram rows written at step start in 5824 steps; layer-13 drains 0
ds4:   residency a token: 0.00 adds, 0.00 removes, 0.00 commits
ds4:   decode path so far: 5888 single-row steps (81.4 ms each inside the graph over the last 64), 0 K-row verification steps over 0 positions, 0 batch-fusion sites taken; candidate K none
ds4: gate over tokens 5825-5888: 15.88 command buffers, 2.70 aborts, 240.0 expert ids accounted, 27.14 MiB loaded a token; 0 the gate failed to switch off, 0 it could not gate
ds4:   one token, exclusive, same window: entry 0.00 + encode 0.74 + commit-to-done 73.13 + repair-load 3.79 + accounting 0.05 + tail 0.00 = 77.71 of a 80.68 ms wall, residual 2.97
ds4:   of the commit-to-done: GPU running 71.26 ms, GPU not running 1.87 ms
ds4:   984.0 gated dispatches a token, 0.0 of them behind an abort; 481.7 sent plain ahead of a buffer's first validate
ds4:   encode-ahead: 12.17 segments used, 2.59 dropped, 2.92 ms a token spent encoding under the GPU
ds4:   concurrent sections: 105.03 attempted, 105.03 opened a token
ds4:   speculation: 0.00 layers a token, 0.00 lanes computed, 0.00 matched, 0.00 GEMVs actually saved, 0.00 left to compute; compared 0.00 lanes, 0.00 floats differ, 0.00 by more than an ulp
ds4:   Metal 4: 15.88 command buffers sent, 1645.1 dispatches a token; Metal 3: 0.00 sent, 0.00 empty ones not sent; 0 pieces of Metal 3 work inside a segment
ds4:   expert cache over the last 64 tokens: 240.00 hits, 2.86 misses, 2.86 evictions a token; 8880 of 8880 entries live (100.0%)
ds4:   of the address-table holes repaired a token: 0.00 already resident, 2.86 genuinely absent
ds4:   of the repair a token: readahead 1.76 ms, slot preparation 0.30 ms, reads 1.68 ms, install 0.01 ms, over 2.86 loads
ds4:   Engram rows written at step start in 5888 steps; layer-13 drains 0
ds4:   residency a token: 0.00 adds, 0.00 removes, 0.00 commits
ds4:   decode path so far: 5952 single-row steps (82.3 ms each inside the graph over the last 64), 0 K-row verification steps over 0 positions, 0 batch-fusion sites taken; candidate K none
ds4: gate over tokens 5889-5952: 15.72 command buffers, 2.48 aborts, 240.0 expert ids accounted, 24.18 MiB loaded a token; 0 the gate failed to switch off, 0 it could not gate
ds4:   one token, exclusive, same window: entry 0.00 + encode 0.77 + commit-to-done 72.48 + repair-load 5.02 + accounting 0.04 + tail 0.00 = 78.31 of a 81.24 ms wall, residual 2.93
ds4:   of the commit-to-done: GPU running 70.59 ms, GPU not running 1.89 ms
ds4:   988.3 gated dispatches a token, 0.5 of them behind an abort; 475.1 sent plain ahead of a buffer's first validate
ds4:   encode-ahead: 12.23 segments used, 2.42 dropped, 2.88 ms a token spent encoding under the GPU
ds4:   concurrent sections: 103.34 attempted, 103.34 opened a token
ds4:   speculation: 0.00 layers a token, 0.00 lanes computed, 0.00 matched, 0.00 GEMVs actually saved, 0.00 left to compute; compared 0.00 lanes, 0.00 floats differ, 0.00 by more than an ulp
ds4:   Metal 4: 15.72 command buffers sent, 1624.3 dispatches a token; Metal 3: 0.00 sent, 0.00 empty ones not sent; 0 pieces of Metal 3 work inside a segment
ds4:   expert cache over the last 64 tokens: 240.00 hits, 2.55 misses, 2.55 evictions a token; 8880 of 8880 entries live (100.0%)
ds4:   of the address-table holes repaired a token: 0.00 already resident, 2.55 genuinely absent
ds4:   of the repair a token: readahead 3.13 ms, slot preparation 0.30 ms, reads 1.56 ms, install 0.01 ms, over 2.55 loads
ds4:   Engram rows written at step start in 5952 steps; layer-13 drains 0
ds4:   residency a token: 0.00 adds, 0.00 removes, 0.00 commits
ds4:   decode path so far: 6016 single-row steps (79.5 ms each inside the graph over the last 64), 0 K-row verification steps over 0 positions, 0 batch-fusion sites taken; candidate K none
ds4: gate over tokens 5953-6016: 16.16 command buffers, 3.30 aborts, 240.0 expert ids accounted, 32.93 MiB loaded a token; 0 the gate failed to switch off, 0 it could not gate
ds4:   one token, exclusive, same window: entry 0.00 + encode 0.80 + commit-to-done 70.03 + repair-load 4.71 + accounting 0.05 + tail 0.00 = 75.58 of a 78.39 ms wall, residual 2.81
ds4:   of the commit-to-done: GPU running 67.89 ms, GPU not running 2.14 ms
ds4:   990.9 gated dispatches a token, 2.3 of them behind an abort; 508.4 sent plain ahead of a buffer's first validate
ds4:   encode-ahead: 11.86 segments used, 3.14 dropped, 2.75 ms a token spent encoding under the GPU
ds4:   concurrent sections: 109.97 attempted, 109.97 opened a token
ds4:   speculation: 0.00 layers a token, 0.00 lanes computed, 0.00 matched, 0.00 GEMVs actually saved, 0.00 left to compute; compared 0.00 lanes, 0.00 floats differ, 0.00 by more than an ulp
ds4:   Metal 4: 16.16 command buffers sent, 1708.8 dispatches a token; Metal 3: 0.00 sent, 0.00 empty ones not sent; 0 pieces of Metal 3 work inside a segment
ds4:   expert cache over the last 64 tokens: 240.00 hits, 3.47 misses, 3.47 evictions a token; 8880 of 8880 entries live (100.0%)
ds4:   of the address-table holes repaired a token: 0.00 already resident, 3.47 genuinely absent
ds4:   of the repair a token: readahead 2.10 ms, slot preparation 0.31 ms, reads 2.25 ms, install 0.01 ms, over 3.47 loads
ds4:   Engram rows written at step start in 6016 steps; layer-13 drains 0
ds4:   residency a token: 0.00 adds, 0.00 removes, 0.00 commits
ds4:   decode path so far: 6080 single-row steps (84.0 ms each inside the graph over the last 64), 0 K-row verification steps over 0 positions, 0 batch-fusion sites taken; candidate K none
ds4: gate over tokens 6017-6080: 17.16 command buffers, 4.72 aborts, 240.0 expert ids accounted, 49.54 MiB loaded a token; 0 the gate failed to switch off, 0 it could not gate
ds4:   one token, exclusive, same window: entry 0.00 + encode 1.07 + commit-to-done 69.93 + repair-load 8.77 + accounting 0.04 + tail 0.00 = 79.81 of a 82.89 ms wall, residual 3.08
ds4:   of the commit-to-done: GPU running 67.14 ms, GPU not running 2.78 ms
ds4:   1017.8 gated dispatches a token, 3.3 of them behind an abort; 573.1 sent plain ahead of a buffer's first validate
ds4:   encode-ahead: 11.44 segments used, 4.50 dropped, 3.00 ms a token spent encoding under the GPU
ds4:   concurrent sections: 123.59 attempted, 123.59 opened a token
ds4:   speculation: 0.00 layers a token, 0.00 lanes computed, 0.00 matched, 0.00 GEMVs actually saved, 0.00 left to compute; compared 0.00 lanes, 0.00 floats differ, 0.00 by more than an ulp
ds4:   Metal 4: 17.16 command buffers sent, 1897.2 dispatches a token; Metal 3: 0.00 sent, 0.00 empty ones not sent; 0 pieces of Metal 3 work inside a segment
ds4:   expert cache over the last 64 tokens: 240.00 hits, 5.22 misses, 5.22 evictions a token; 8880 of 8880 entries live (100.0%)
ds4:   of the address-table holes repaired a token: 0.00 already resident, 5.22 genuinely absent
ds4:   of the repair a token: readahead 4.88 ms, slot preparation 0.45 ms, reads 3.34 ms, install 0.02 ms, over 5.22 loads
ds4:   Engram rows written at step start in 6080 steps; layer-13 drains 0
ds4:   residency a token: 0.00 adds, 0.00 removes, 0.00 commits
ds4: expert cache lent the prefill headroom for decode: 8880 -> 9648 experts
ds4:   decode path so far: 6144 single-row steps (93.6 ms each inside the graph over the last 64), 0 K-row verification steps over 0 positions, 0 batch-fusion sites taken; candidate K none
ds4: gate over tokens 6081-6144: 20.31 command buffers, 9.33 aborts, 240.0 expert ids accounted, 122.51 MiB loaded a token; 0 the gate failed to switch off, 0 it could not gate
ds4:   one token, exclusive, same window: entry 0.00 + encode 1.62 + commit-to-done 69.30 + repair-load 16.99 + accounting 0.05 + tail 1.60 = 89.56 of a 92.87 ms wall, residual 3.31
ds4:   of the commit-to-done: GPU running 66.37 ms, GPU not running 2.93 ms
ds4:   1095.0 gated dispatches a token, 5.6 of them behind an abort; 794.8 sent plain ahead of a buffer's first validate
ds4:   encode-ahead: 9.98 segments used, 9.08 dropped, 3.18 ms a token spent encoding under the GPU
ds4:   concurrent sections: 168.31 attempted, 168.31 opened a token
ds4:   speculation: 0.00 layers a token, 0.00 lanes computed, 0.00 matched, 0.00 GEMVs actually saved, 0.00 left to compute; compared 0.00 lanes, 0.00 floats differ, 0.00 by more than an ulp
ds4:   Metal 4: 11.95 command buffers sent, 1316.0 dispatches a token; Metal 3: 8.72 sent, 0.00 empty ones not sent; 0 pieces of Metal 3 work inside a segment
ds4:   expert cache over the last 64 tokens: 240.00 hits, 12.91 misses, 4.53 evictions a token; 9416 of 9648 entries live (97.6%)
ds4:   of the address-table holes repaired a token: 0.00 already resident, 12.91 genuinely absent
ds4:   of the repair a token: readahead 10.05 ms, slot preparation 0.29 ms, reads 6.47 ms, install 0.04 ms, over 12.91 loads
ds4:   Engram rows written at step start in 6144 steps; layer-13 drains 0
ds4:   residency a token: 0.00 adds, 0.00 removes, 0.00 commits
ds4:   decode path so far: 6208 single-row steps (85.2 ms each inside the graph over the last 64), 0 K-row verification steps over 0 positions, 0 batch-fusion sites taken; candidate K none
ds4: gate over tokens 6145-6208: 17.09 command buffers, 4.61 aborts, 240.0 expert ids accounted, 52.36 MiB loaded a token; 0 the gate failed to switch off, 0 it could not gate
ds4:   one token, exclusive, same window: entry 0.00 + encode 0.83 + commit-to-done 69.03 + repair-load 9.07 + accounting 0.05 + tail 2.29 = 81.28 of a 83.85 ms wall, residual 2.57
ds4:   of the commit-to-done: GPU running 67.64 ms, GPU not running 1.39 ms
ds4:   1021.0 gated dispatches a token, 1.9 of them behind an abort; 572.2 sent plain ahead of a buffer's first validate
ds4:   encode-ahead: 11.48 segments used, 4.48 dropped, 2.50 ms a token spent encoding under the GPU
ds4:   concurrent sections: 123.88 attempted, 123.88 opened a token
ds4:   speculation: 0.00 layers a token, 0.00 lanes computed, 0.00 matched, 0.00 GEMVs actually saved, 0.00 left to compute; compared 0.00 lanes, 0.00 floats differ, 0.00 by more than an ulp
ds4:   Metal 4: 7.50 command buffers sent, 654.0 dispatches a token; Metal 3: 10.09 sent, 0.00 empty ones not sent; 0 pieces of Metal 3 work inside a segment
ds4:   expert cache over the last 64 tokens: 240.00 hits, 5.52 misses, 1.89 evictions a token; 9648 of 9648 entries live (100.0%)
ds4:   of the address-table holes repaired a token: 0.00 already resident, 5.52 genuinely absent
ds4:   of the repair a token: readahead 5.88 ms, slot preparation 0.18 ms, reads 2.96 ms, install 0.02 ms, over 5.52 loads
ds4:   Engram rows written at step start in 6208 steps; layer-13 drains 0
ds4:   residency a token: 0.00 adds, 0.00 removes, 0.00 commits
ds4:   decode path so far: 6272 single-row steps (83.7 ms each inside the graph over the last 64), 0 K-row verification steps over 0 positions, 0 batch-fusion sites taken; candidate K none
ds4: gate over tokens 6209-6272: 15.89 command buffers, 2.77 aborts, 240.0 expert ids accounted, 28.48 MiB loaded a token; 0 the gate failed to switch off, 0 it could not gate
ds4:   one token, exclusive, same window: entry 0.00 + encode 0.62 + commit-to-done 73.15 + repair-load 4.02 + accounting 0.05 + tail 2.48 = 80.33 of a 82.75 ms wall, residual 2.42
ds4:   of the commit-to-done: GPU running 72.74 ms, GPU not running 0.41 ms
ds4:   992.9 gated dispatches a token, 2.3 of them behind an abort; 482.1 sent plain ahead of a buffer's first validate
ds4:   encode-ahead: 12.12 segments used, 2.66 dropped, 2.37 ms a token spent encoding under the GPU
ds4:   concurrent sections: 106.03 attempted, 106.03 opened a token
ds4:   speculation: 0.00 layers a token, 0.00 lanes computed, 0.00 matched, 0.00 GEMVs actually saved, 0.00 left to compute; compared 0.00 lanes, 0.00 floats differ, 0.00 by more than an ulp
ds4:   Metal 4: 7.50 command buffers sent, 653.4 dispatches a token; Metal 3: 8.89 sent, 0.00 empty ones not sent; 0 pieces of Metal 3 work inside a segment
ds4:   expert cache over the last 64 tokens: 240.00 hits, 3.00 misses, 3.00 evictions a token; 9648 of 9648 entries live (100.0%)
ds4:   of the address-table holes repaired a token: 0.00 already resident, 3.00 genuinely absent
ds4:   of the repair a token: readahead 1.96 ms, slot preparation 0.29 ms, reads 1.73 ms, install 0.01 ms, over 3.00 loads
ds4:   Engram rows written at step start in 6272 steps; layer-13 drains 0
ds4:   residency a token: 0.00 adds, 0.00 removes, 0.00 commits
ds4:   decode path so far: 6336 single-row steps (96.7 ms each inside the graph over the last 64), 0 K-row verification steps over 0 positions, 0 batch-fusion sites taken; candidate K none
ds4: gate over tokens 6273-6336: 15.66 command buffers, 2.38 aborts, 240.0 expert ids accounted, 23.58 MiB loaded a token; 0 the gate failed to switch off, 0 it could not gate
ds4:   one token, exclusive, same window: entry 0.00 + encode 0.74 + commit-to-done 82.37 + repair-load 6.62 + accounting 0.04 + tail 2.84 = 92.62 of a 95.57 ms wall, residual 2.95
ds4:   of the commit-to-done: GPU running 82.93 ms, GPU not running -0.57 ms
ds4:   987.4 gated dispatches a token, 4.7 of them behind an abort; 464.1 sent plain ahead of a buffer's first validate
ds4:   encode-ahead: 12.28 segments used, 2.20 dropped, 2.89 ms a token spent encoding under the GPU
ds4:   concurrent sections: 102.09 attempted, 102.09 opened a token
ds4:   speculation: 0.00 layers a token, 0.00 lanes computed, 0.00 matched, 0.00 GEMVs actually saved, 0.00 left to compute; compared 0.00 lanes, 0.00 floats differ, 0.00 by more than an ulp
ds4:   Metal 4: 7.50 command buffers sent, 654.0 dispatches a token; Metal 3: 8.66 sent, 0.00 empty ones not sent; 0 pieces of Metal 3 work inside a segment
ds4:   expert cache over the last 64 tokens: 240.00 hits, 2.48 misses, 2.48 evictions a token; 9648 of 9648 entries live (100.0%)
ds4:   of the address-table holes repaired a token: 0.00 already resident, 2.48 genuinely absent
ds4:   of the repair a token: readahead 4.15 ms, slot preparation 0.33 ms, reads 2.10 ms, install 0.01 ms, over 2.48 loads
ds4:   Engram rows written at step start in 6336 steps; layer-13 drains 0
ds4:   residency a token: 0.00 adds, 0.00 removes, 0.00 commits
ds4:   decode path so far: 6400 single-row steps (88.4 ms each inside the graph over the last 64), 0 K-row verification steps over 0 positions, 0 batch-fusion sites taken; candidate K none
ds4: gate over tokens 6337-6400: 16.45 command buffers, 3.69 aborts, 240.0 expert ids accounted, 39.75 MiB loaded a token; 0 the gate failed to switch off, 0 it could not gate
ds4:   one token, exclusive, same window: entry 0.00 + encode 1.22 + commit-to-done 71.05 + repair-load 7.92 + accounting 0.05 + tail 2.55 = 82.78 of a 87.07 ms wall, residual 4.29
ds4:   of the commit-to-done: GPU running 70.69 ms, GPU not running 0.35 ms
ds4:   997.7 gated dispatches a token, 3.8 of them behind an abort; 522.8 sent plain ahead of a buffer's first validate
ds4:   encode-ahead: 11.77 segments used, 3.45 dropped, 4.21 ms a token spent encoding under the GPU
ds4:   concurrent sections: 113.25 attempted, 113.25 opened a token
ds4:   speculation: 0.00 layers a token, 0.00 lanes computed, 0.00 matched, 0.00 GEMVs actually saved, 0.00 left to compute; compared 0.00 lanes, 0.00 floats differ, 0.00 by more than an ulp
ds4:   Metal 4: 7.52 command buffers sent, 655.8 dispatches a token; Metal 3: 9.44 sent, 0.00 empty ones not sent; 0 pieces of Metal 3 work inside a segment
ds4:   expert cache over the last 64 tokens: 239.98 hits, 4.19 misses, 4.19 evictions a token; 9648 of 9648 entries live (100.0%)
ds4:   of the address-table holes repaired a token: 0.00 already resident, 4.19 genuinely absent
ds4:   of the repair a token: readahead 4.03 ms, slot preparation 0.64 ms, reads 3.13 ms, install 0.02 ms, over 4.19 loads
ds4:   Engram rows written at step start in 6400 steps; layer-13 drains 0
ds4:   residency a token: 0.00 adds, 0.00 removes, 0.00 commits
ds4:   decode path so far: 6464 single-row steps (86.3 ms each inside the graph over the last 64), 0 K-row verification steps over 0 positions, 0 batch-fusion sites taken; candidate K none
ds4: gate over tokens 6401-6464: 15.59 command buffers, 2.33 aborts, 240.0 expert ids accounted, 23.29 MiB loaded a token; 0 the gate failed to switch off, 0 it could not gate
ds4:   one token, exclusive, same window: entry 0.00 + encode 1.08 + commit-to-done 69.59 + repair-load 7.01 + accounting 0.06 + tail 2.58 = 80.32 of a 84.81 ms wall, residual 4.49
ds4:   of the commit-to-done: GPU running 70.08 ms, GPU not running -0.49 ms
ds4:   988.9 gated dispatches a token, 0.9 of them behind an abort; 462.2 sent plain ahead of a buffer's first validate
ds4:   encode-ahead: 12.27 segments used, 2.28 dropped, 4.41 ms a token spent encoding under the GPU
ds4:   concurrent sections: 102.12 attempted, 102.12 opened a token
ds4:   speculation: 0.00 layers a token, 0.00 lanes computed, 0.00 matched, 0.00 GEMVs actually saved, 0.00 left to compute; compared 0.00 lanes, 0.00 floats differ, 0.00 by more than an ulp
ds4:   Metal 4: 7.52 command buffers sent, 656.8 dispatches a token; Metal 3: 8.58 sent, 0.00 empty ones not sent; 0 pieces of Metal 3 work inside a segment
ds4:   expert cache over the last 64 tokens: 239.98 hits, 2.45 misses, 2.45 evictions a token; 9648 of 9648 entries live (100.0%)
ds4:   of the address-table holes repaired a token: 0.00 already resident, 2.45 genuinely absent
ds4:   of the repair a token: readahead 4.12 ms, slot preparation 0.42 ms, reads 2.41 ms, install 0.02 ms, over 2.45 loads
ds4:   Engram rows written at step start in 6464 steps; layer-13 drains 0
ds4:   residency a token: 0.00 adds, 0.00 removes, 0.00 commits
ds4:   decode path so far: 6528 single-row steps (87.5 ms each inside the graph over the last 64), 0 K-row verification steps over 0 positions, 0 batch-fusion sites taken; candidate K none
ds4: gate over tokens 6465-6528: 17.55 command buffers, 5.05 aborts, 240.0 expert ids accounted, 65.11 MiB loaded a token; 0 the gate failed to switch off, 0 it could not gate
ds4:   one token, exclusive, same window: entry 0.00 + encode 1.23 + commit-to-done 66.27 + repair-load 12.97 + accounting 0.05 + tail 2.27 = 82.79 of a 86.10 ms wall, residual 3.31
ds4:   of the commit-to-done: GPU running 65.28 ms, GPU not running 0.99 ms
ds4:   1037.5 gated dispatches a token, 5.2 of them behind an abort; 589.0 sent plain ahead of a buffer's first validate
ds4:   encode-ahead: 11.50 segments used, 4.75 dropped, 3.23 ms a token spent encoding under the GPU
ds4:   concurrent sections: 127.12 attempted, 127.12 opened a token
ds4:   speculation: 0.00 layers a token, 0.00 lanes computed, 0.00 matched, 0.00 GEMVs actually saved, 0.00 left to compute; compared 0.00 lanes, 0.00 floats differ, 0.00 by more than an ulp
ds4:   Metal 4: 7.50 command buffers sent, 656.8 dispatches a token; Metal 3: 10.55 sent, 0.00 empty ones not sent; 0 pieces of Metal 3 work inside a segment
ds4:   expert cache over the last 64 tokens: 239.97 hits, 6.86 misses, 6.86 evictions a token; 9648 of 9648 entries live (100.0%)
ds4:   of the address-table holes repaired a token: 0.00 already resident, 6.86 genuinely absent
ds4:   of the repair a token: readahead 6.90 ms, slot preparation 0.49 ms, reads 5.27 ms, install 0.03 ms, over 6.86 loads
ds4:   Engram rows written at step start in 6528 steps; layer-13 drains 0
ds4:   residency a token: 0.00 adds, 0.00 removes, 0.00 commits
ds4:   decode path so far: 6592 single-row steps (81.7 ms each inside the graph over the last 64), 0 K-row verification steps over 0 positions, 0 batch-fusion sites taken; candidate K none
ds4: gate over tokens 6529-6592: 15.67 command buffers, 2.67 aborts, 240.0 expert ids accounted, 26.55 MiB loaded a token; 0 the gate failed to switch off, 0 it could not gate
ds4:   one token, exclusive, same window: entry 0.00 + encode 0.64 + commit-to-done 70.52 + repair-load 4.63 + accounting 0.05 + tail 2.41 = 78.25 of a 80.86 ms wall, residual 2.61
ds4:   of the commit-to-done: GPU running 70.55 ms, GPU not running -0.03 ms
ds4:   980.7 gated dispatches a token, 1.4 of them behind an abort; 471.2 sent plain ahead of a buffer's first validate
ds4:   encode-ahead: 12.00 segments used, 2.52 dropped, 2.56 ms a token spent encoding under the GPU
ds4:   concurrent sections: 103.56 attempted, 103.56 opened a token
ds4:   speculation: 0.00 layers a token, 0.00 lanes computed, 0.00 matched, 0.00 GEMVs actually saved, 0.00 left to compute; compared 0.00 lanes, 0.00 floats differ, 0.00 by more than an ulp
ds4:   Metal 4: 7.52 command buffers sent, 655.5 dispatches a token; Metal 3: 8.66 sent, 0.00 empty ones not sent; 0 pieces of Metal 3 work inside a segment
ds4:   expert cache over the last 64 tokens: 239.98 hits, 2.80 misses, 2.80 evictions a token; 9648 of 9648 entries live (100.0%)
ds4:   of the address-table holes repaired a token: 0.00 already resident, 2.80 genuinely absent
ds4:   of the repair a token: readahead 2.41 ms, slot preparation 0.30 ms, reads 1.88 ms, install 0.01 ms, over 2.80 loads
ds4:   Engram rows written at step start in 6592 steps; layer-13 drains 0
ds4:   residency a token: 0.00 adds, 0.00 removes, 0.00 commits
ds4: V4.1 static context buffers 3435.75 MiB (ctx=8192), Engram disk-only
ds4: expert cache lent the prefill headroom for decode: 8880 -> 9648 experts
ds4: Metal 4 command buffer 51553 failed: Error Domain=ds4.injected Code=1 "injected failure" UserInfo={NSLocalizedDescription=injected failure}
ds4: V4.1 static context buffers 3435.75 MiB (ctx=8192), Engram disk-only
ds4: Metal 4 command buffer 51555 failed: Error Domain=ds4.injected Code=1 "injected failure" UserInfo={NSLocalizedDescription=injected failure}
ds4: V4.1 static context buffers 3435.75 MiB (ctx=8192), Engram disk-only
ds4:   decode path so far: 6658 single-row steps (83.5 ms each inside the graph over the last 66), 0 K-row verification steps over 0 positions, 0 batch-fusion sites taken; candidate K none
ds4: gate over tokens 6593-6656: 19.95 command buffers, 8.81 aborts, 240.0 expert ids accounted, 111.24 MiB loaded a token; 0 the gate failed to switch off, 0 it could not gate
ds4:   one token, exclusive, same window: entry 0.00 + encode 1.76 + commit-to-done 61.48 + repair-load 15.64 + accounting 0.65 + tail 1.04 = 80.57 of a 84.42 ms wall, residual 3.85
ds4:   of the commit-to-done: GPU running 58.88 ms, GPU not running 2.60 ms
ds4:   1077.6 gated dispatches a token, 10.3 of them behind an abort; 748.2 sent plain ahead of a buffer's first validate
ds4:   encode-ahead: 10.14 segments used, 8.30 dropped, 3.53 ms a token spent encoding under the GPU
ds4:   concurrent sections: 161.59 attempted, 161.59 opened a token
ds4:   speculation: 0.00 layers a token, 0.00 lanes computed, 0.00 matched, 0.00 GEMVs actually saved, 0.00 left to compute; compared 0.00 lanes, 0.00 floats differ, 0.00 by more than an ulp
ds4:   Metal 4: 17.28 command buffers sent, 2015.2 dispatches a token; Metal 3: 3.03 sent, 0.00 empty ones not sent; 0 pieces of Metal 3 work inside a segment
ds4:   expert cache over the last 64 tokens: 239.73 hits, 11.72 misses, 23.72 evictions a token; 8880 of 8880 entries live (100.0%)
ds4:   of the address-table holes repaired a token: 0.00 already resident, 11.72 genuinely absent
ds4:   of the repair a token: readahead 7.93 ms, slot preparation 0.58 ms, reads 6.77 ms, install 0.03 ms, over 11.72 loads
ds4:   Engram rows written at step start in 6658 steps; layer-13 drains 0
ds4:   residency a token: 0.00 adds, 0.00 removes, 0.00 commits
ds4: expert cache lent the prefill headroom for decode: 8880 -> 9648 experts
ds4:   decode path so far: 6722 single-row steps (84.2 ms each inside the graph over the last 64), 0 K-row verification steps over 0 positions, 0 batch-fusion sites taken; candidate K none
ds4: gate over tokens 6657-6720: 18.36 command buffers, 6.62 aborts, 240.0 expert ids accounted, 76.09 MiB loaded a token; 0 the gate failed to switch off, 0 it could not gate
ds4:   one token, exclusive, same window: entry 0.00 + encode 1.45 + commit-to-done 66.95 + repair-load 9.49 + accounting 0.04 + tail 1.77 = 79.71 of a 83.34 ms wall, residual 3.63
ds4:   of the commit-to-done: GPU running 66.22 ms, GPU not running 0.73 ms
ds4:   1029.8 gated dispatches a token, 5.2 of them behind an abort; 646.6 sent plain ahead of a buffer's first validate
ds4:   encode-ahead: 10.73 segments used, 6.33 dropped, 3.54 ms a token spent encoding under the GPU
ds4:   concurrent sections: 140.22 attempted, 140.22 opened a token
ds4:   speculation: 0.00 layers a token, 0.00 lanes computed, 0.00 matched, 0.00 GEMVs actually saved, 0.00 left to compute; compared 0.00 lanes, 0.00 floats differ, 0.00 by more than an ulp
ds4:   Metal 4: 19.12 command buffers sent, 2083.3 dispatches a token; Metal 3: 0.00 sent, 0.00 empty ones not sent; 0 pieces of Metal 3 work inside a segment
ds4:   expert cache over the last 64 tokens: 240.00 hits, 8.02 misses, 0.00 evictions a token; 9393 of 9648 entries live (97.4%)
ds4:   of the address-table holes repaired a token: 0.00 already resident, 8.02 genuinely absent
ds4:   of the repair a token: readahead 5.10 ms, slot preparation 0.01 ms, reads 4.34 ms, install 0.02 ms, over 8.02 loads
ds4:   Engram rows written at step start in 6722 steps; layer-13 drains 0
ds4:   residency a token: 0.00 adds, 0.00 removes, 0.00 commits
ds4:   decode path so far: 6786 single-row steps (86.8 ms each inside the graph over the last 64), 0 K-row verification steps over 0 positions, 0 batch-fusion sites taken; candidate K none
ds4: gate over tokens 6721-6784: 18.34 command buffers, 6.72 aborts, 240.0 expert ids accounted, 72.53 MiB loaded a token; 0 the gate failed to switch off, 0 it could not gate
ds4:   one token, exclusive, same window: entry 0.00 + encode 1.59 + commit-to-done 65.83 + repair-load 11.98 + accounting 0.04 + tail 2.40 = 81.84 of a 85.68 ms wall, residual 3.84
ds4:   of the commit-to-done: GPU running 65.40 ms, GPU not running 0.43 ms
ds4:   1033.8 gated dispatches a token, 4.7 of them behind an abort; 661.5 sent plain ahead of a buffer's first validate
ds4:   encode-ahead: 10.62 segments used, 6.48 dropped, 3.74 ms a token spent encoding under the GPU
ds4:   concurrent sections: 142.16 attempted, 142.16 opened a token
ds4:   speculation: 0.00 layers a token, 0.00 lanes computed, 0.00 matched, 0.00 GEMVs actually saved, 0.00 left to compute; compared 0.00 lanes, 0.00 floats differ, 0.00 by more than an ulp
ds4:   Metal 4: 19.34 command buffers sent, 2127.3 dispatches a token; Metal 3: 0.00 sent, 0.00 empty ones not sent; 0 pieces of Metal 3 work inside a segment
ds4:   expert cache over the last 64 tokens: 240.00 hits, 7.64 misses, 3.66 evictions a token; 9648 of 9648 entries live (100.0%)
ds4:   of the address-table holes repaired a token: 0.00 already resident, 7.64 genuinely absent
ds4:   of the repair a token: readahead 7.28 ms, slot preparation 0.35 ms, reads 4.26 ms, install 0.03 ms, over 7.64 loads
ds4:   Engram rows written at step start in 6786 steps; layer-13 drains 0
ds4:   residency a token: 0.00 adds, 0.00 removes, 0.00 commits
ds4: backend test Metal 3 encoder batch                  encoder=6514122
ds4: backend test Metal 3 tensor_copy                    blit=52190
ds4: backend test Metal 3 flush                          commit=55314
ds4: backend test Metal 3 command batch                  commit=2764 wait=58078
ds4: backend test Metal 3 command batch (empty)          commit=3306 wait=3306
ds4: backend test Metal 3 tensor_read                    readback=2563
ds4: backend test Metal 3 expert_cache_fill              blit=1403
ds4: backend test Metal 4 encoder batch                  encoder=5501217
ds4: backend test Metal 4 tensor_copy                    blit=47602
ds4: backend test Metal 4 segment                        commit=54474
ds4: backend test Metal 4 wait                           wait=54474
ds4: backend test Metal 4 tensor_read                    readback=2701
ds4: backend test Metal 4 expert_cache_fill              blit=2319
ds4: backend test totals over 0 tokens (selected Metal 4): M3 commit=61384 wait=61384 signal=0 evwait=0 blit=53593 encoder=6514122 readback=2563 M4 commit=54474 wait=54474 signal=0 evwait=0 blit=49921 encoder=5501217 readback=2701; Metal 3 fallback 0; site table overflow 0
ds4: backend test Metal 4 feedback after completion: 54408 waits, 942.400 ms
ds4: backend test background: keepalive M3 350 M4 362, pacer 0 (cumulative)
short      prompt    26 tokens,  2048 steps: logits differ at 0 of 2049 evaluations (first -1), tokens first differ at -1, ids 13607d993a447227 / 13607d993a447227
haiku      prompt    21 tokens,   256 steps: logits differ at 0 of 257 evaluations (first -1), tokens first differ at -1, ids 8f561a8abb7bba25 / 8f561a8abb7bba25
long       prompt  4795 tokens,   256 steps: logits differ at 0 of 257 evaluations (first -1), tokens first differ at -1, ids e197891559449b7b / e197891559449b7b
injected   decode failure: eval returned 1 (V4.1 decode failed at position 34)
injected   prefill failure: sync returned 1 (V4.1 prefill failed at position 0)
after      a fresh Metal 4 session matches the Metal 3 reference for 128 of 128 tokens
fallback   Metal 3 work noted under the Metal 4 backend: 0
health     Metal 4: 54474 commits, 54474 feedback, 2 errors (the injected ones), residency held 0 entries 0.0 MiB, peak 95336.9 MiB, 5020925 adds, 5020925 releases
PASS
