ds4: abort gate on for the first 40 layers
ds4: Metal device Apple M5 Max, 128.00 GiB RAM
ds4: Metal 4 tensor API enabled for Tensor kernels
ds4: drift-patch flags hc_stable=on norm_unify=on kv_raw_f32=off rope_exp2_log2=off math_safe=off tensor_matmul=on
ds4: V4.1 SSD cache fitted from 10268 to 9648 experts for context/runtime headroom
ds4: Metal backend: Metal 4
ds4: Metal SSD streaming mode enabled; full model residency and warmup are skipped
ds4: metal SSD streaming cache target 89.43 GiB; effective 89.43 GiB = 7.12 GiB prefill headroom + 82.32 GiB dynamic cache (8880 experts, 9.49 MiB each)
ds4: Metal SSD static weights remain pageable to preserve runtime headroom
ds4: SSD streaming initial metal model map (569 spans, 9.37 GiB tensor span)
ds4: metal backend initialized for graph diagnostics
ds4: expert cache prewarmed from the built-in V4.1 hotlist: 8192 experts (0 failed), 75.94 GiB in 9.22 s
ds4: memory: KV 0.06 GiB (raw 0.01 + compressed 0.05) + buffers 3.30 GiB + resident model 9.37 GiB + expert cache 82.32 GiB + prefill expert reserve 7.12 GiB = 102.16 GiB planned
ds4: memory detail: ctx=8192 prefill_cap=4096 raw_kv_rows=128 compressed_kv_rows=8193 backend=metal
ds4: V4.1 executor ABI 3, arena align 256, rev 6c71ed9f2df6, built Sep 30 2026 12:23:14
ds4: V4.1 static context buffers 3435.75 MiB (ctx=8192), Engram disk-only
ds4: V4.1 static context buffers 3435.75 MiB (ctx=8192), Engram disk-only
ds4: shared/routed FFN overlap ran, mode 1
ds4: expert cache lent the prefill headroom for decode: 8880 -> 9648 experts
ds4: expert cache lent the prefill headroom for decode: 8880 -> 9648 experts
ds4:   decode path so far: 64 single-row steps (153.9 ms each inside the graph over the last 64), 0 K-row verification steps over 0 positions, 0 batch-fusion sites taken; candidate K none
ds4: gate over tokens 1-64: 19.08 command buffers, 7.73 aborts, 240.0 expert ids accounted, 106.64 MiB loaded a token; 0 the gate failed to switch off, 0 it could not gate
ds4:   one token, exclusive, same window: entry 0.00 + encode 1.10 + commit-to-done 101.84 + repair-load 18.71 + accounting 0.05 + tail 0.44 = 122.14 of a 154.20 ms wall, residual 32.05
ds4:   GPU busy 90.70 ms of the token's wall (the union of its buffers' spans), idle 63.49 ms
ds4:   1300.4 gated dispatches a token, 5.6 of them behind an abort; 256.8 sent plain ahead of a buffer's first validate
ds4:   encode-ahead: 10.34 segments used, 7.39 dropped, 29.40 ms a token spent encoding under the GPU
ds4:   concurrent sections: 151.12 attempted, 151.12 opened a token
ds4:   speculation: 0.00 layers a token, 0.00 lanes computed, 0.00 matched, 0.00 GEMVs actually saved, 0.00 left to compute; compared 0.00 lanes, 0.00 floats differ, 0.00 by more than an ulp
ds4:   Metal 4: 26.69 command buffers sent, 2243.1 dispatches a token; 0 pieces of Metal 3 work so far
ds4:   Metal 4 a token: encoders 170.1 serial + 151.1 concurrent; barriers 1865.3 after a dispatch, 27.4 at copies, 85.6 from the engine, 26.7 opening and 26.7 ending an encoder; 321.2 table clears, 9337.8 setBuffer, 2588.7 setBytes (236691 B); 2243.1 dispatches, 13.7 copies; 26.69 blocking waits, 103.18 ms; 294.5 section barriers
ds4:   expert cache over the last 64 tokens: 240.00 hits, 139.23 misses, 0.00 evictions a token; 8911 of 9648 entries live (92.4%)
ds4:   of the address-table holes repaired a token: 0.00 already resident, 139.23 genuinely absent
ds4:   of the repair a token: readahead 51.12 ms, slot preparation 82.21 ms, reads 29.18 ms, install 0.23 ms, over 139.23 loads
ds4:   Engram rows written at step start in 64 steps; layer-13 drains 0
ds4:   residency a token: 0.00 adds, 0.00 removes, 0.00 commits
ds4:   decode path so far: 128 single-row steps (114.2 ms each inside the graph over the last 64), 0 K-row verification steps over 0 positions, 0 batch-fusion sites taken; candidate K none
ds4: gate over tokens 65-128: 18.14 command buffers, 6.23 aborts, 240.0 expert ids accounted, 70.60 MiB loaded a token; 0 the gate failed to switch off, 0 it could not gate
ds4:   one token, exclusive, same window: entry 0.00 + encode 1.15 + commit-to-done 86.41 + repair-load 18.94 + accounting 0.06 + tail 3.14 = 109.71 of a 113.48 ms wall, residual 3.78
ds4:   GPU busy 89.40 ms of the token's wall (the union of its buffers' spans), idle 24.08 ms
ds4:   1299.5 gated dispatches a token, 6.1 of them behind an abort; 209.8 sent plain ahead of a buffer's first validate
ds4:   encode-ahead: 10.91 segments used, 5.91 dropped, 3.16 ms a token spent encoding under the GPU
ds4:   concurrent sections: 137.31 attempted, 137.31 opened a token
ds4:   speculation: 0.00 layers a token, 0.00 lanes computed, 0.00 matched, 0.00 GEMVs actually saved, 0.00 left to compute; compared 0.00 lanes, 0.00 floats differ, 0.00 by more than an ulp
ds4:   Metal 4: 25.05 command buffers sent, 2063.5 dispatches a token; 0 pieces of Metal 3 work so far
ds4:   Metal 4 a token: encoders 156.1 serial + 137.3 concurrent; barriers 1720.2 after a dispatch, 26.2 at copies, 79.2 from the engine, 25.0 opening and 25.0 ending an encoder; 293.4 table clears, 8574.5 setBuffer, 2378.5 setBytes (217443 B); 2063.5 dispatches, 13.1 copies; 25.05 blocking waits, 89.11 ms; 268.4 section barriers
ds4:   expert cache over the last 64 tokens: 240.00 hits, 7.44 misses, 0.00 evictions a token; 9387 of 9648 entries live (97.3%)
ds4:   of the address-table holes repaired a token: 0.00 already resident, 7.44 genuinely absent
ds4:   of the repair a token: readahead 6.21 ms, slot preparation 9.16 ms, reads 3.52 ms, install 0.02 ms, over 7.44 loads
ds4:   Engram rows written at step start in 128 steps; layer-13 drains 0
ds4:   residency a token: 0.00 adds, 0.00 removes, 0.00 commits
ds4:   decode path so far: 192 single-row steps (110.3 ms each inside the graph over the last 64), 0 K-row verification steps over 0 positions, 0 batch-fusion sites taken; candidate K none
ds4: gate over tokens 129-192: 16.33 command buffers, 3.44 aborts, 240.0 expert ids accounted, 37.08 MiB loaded a token; 0 the gate failed to switch off, 0 it could not gate
ds4:   one token, exclusive, same window: entry 0.00 + encode 0.79 + commit-to-done 94.31 + repair-load 7.07 + accounting 0.05 + tail 3.23 = 105.45 of a 108.85 ms wall, residual 3.40
ds4:   GPU busy 98.14 ms of the token's wall (the union of its buffers' spans), idle 10.71 ms
ds4:   1287.8 gated dispatches a token, 3.3 of them behind an abort; 127.7 sent plain ahead of a buffer's first validate
ds4:   encode-ahead: 11.89 segments used, 3.28 dropped, 3.02 ms a token spent encoding under the GPU
ds4:   concurrent sections: 111.75 attempted, 111.75 opened a token
ds4:   speculation: 0.00 layers a token, 0.00 lanes computed, 0.00 matched, 0.00 GEMVs actually saved, 0.00 left to compute; compared 0.00 lanes, 0.00 floats differ, 0.00 by more than an ulp
ds4:   Metal 4: 20.61 command buffers sent, 1725.0 dispatches a token; 0 pieces of Metal 3 work so far
ds4:   Metal 4 a token: encoders 128.9 serial + 111.8 concurrent; barriers 1445.6 after a dispatch, 23.4 at copies, 67.6 from the engine, 20.6 opening and 20.6 ending an encoder; 240.7 table clears, 7155.3 setBuffer, 1983.3 setBytes (181505 B); 1725.0 dispatches, 11.7 copies; 20.61 blocking waits, 97.01 ms; 220.1 section barriers
ds4:   expert cache over the last 64 tokens: 240.00 hits, 3.91 misses, 0.00 evictions a token; 9637 of 9648 entries live (99.9%)
ds4:   of the address-table holes repaired a token: 0.00 already resident, 3.91 genuinely absent
ds4:   of the repair a token: readahead 3.16 ms, slot preparation 1.82 ms, reads 2.06 ms, install 0.01 ms, over 3.91 loads
ds4:   Engram rows written at step start in 192 steps; layer-13 drains 0
ds4:   residency a token: 0.00 adds, 0.00 removes, 0.00 commits
ds4:   decode path so far: 256 single-row steps (107.4 ms each inside the graph over the last 64), 0 K-row verification steps over 0 positions, 0 batch-fusion sites taken; candidate K none
ds4: gate over tokens 193-256: 16.05 command buffers, 3.03 aborts, 240.0 expert ids accounted, 32.04 MiB loaded a token; 0 the gate failed to switch off, 0 it could not gate
ds4:   one token, exclusive, same window: entry 0.00 + encode 0.75 + commit-to-done 92.82 + repair-load 6.09 + accounting 0.05 + tail 3.41 = 103.12 of a 106.57 ms wall, residual 3.45
ds4:   GPU busy 97.06 ms of the token's wall (the union of its buffers' spans), idle 9.51 ms
ds4:   1278.0 gated dispatches a token, 2.8 of them behind an abort; 114.3 sent plain ahead of a buffer's first validate
ds4:   encode-ahead: 12.02 segments used, 2.89 dropped, 3.12 ms a token spent encoding under the GPU
ds4:   concurrent sections: 107.94 attempted, 107.94 opened a token
ds4:   speculation: 0.00 layers a token, 0.00 lanes computed, 0.00 matched, 0.00 GEMVs actually saved, 0.00 left to compute; compared 0.00 lanes, 0.00 floats differ, 0.00 by more than an ulp
ds4:   Metal 4: 19.94 command buffers sent, 1673.0 dispatches a token; 0 pieces of Metal 3 work so far
ds4:   Metal 4 a token: encoders 124.8 serial + 107.9 concurrent; barriers 1403.1 after a dispatch, 22.7 at copies, 65.8 from the engine, 19.9 opening and 19.9 ending an encoder; 232.8 table clears, 6936.9 setBuffer, 1922.8 setBytes (175968 B); 1673.0 dispatches, 11.4 copies; 19.94 blocking waits, 95.60 ms; 212.8 section barriers
ds4:   expert cache over the last 64 tokens: 240.00 hits, 3.38 misses, 3.20 evictions a token; 9648 of 9648 entries live (100.0%)
ds4:   of the address-table holes repaired a token: 0.00 already resident, 3.38 genuinely absent
ds4:   of the repair a token: readahead 2.47 ms, slot preparation 0.40 ms, reads 3.14 ms, install 0.01 ms, over 3.38 loads
ds4:   Engram rows written at step start in 256 steps; layer-13 drains 0
ds4:   residency a token: 0.00 adds, 0.00 removes, 0.00 commits
ds4:   decode path so far: 320 single-row steps (115.8 ms each inside the graph over the last 64), 0 K-row verification steps over 0 positions, 0 batch-fusion sites taken; candidate K none
ds4: gate over tokens 257-320: 16.00 command buffers, 3.02 aborts, 240.0 expert ids accounted, 31.15 MiB loaded a token; 0 the gate failed to switch off, 0 it could not gate
ds4:   one token, exclusive, same window: entry 0.00 + encode 0.77 + commit-to-done 100.70 + repair-load 5.40 + accounting 0.05 + tail 3.64 = 110.56 of a 114.21 ms wall, residual 3.65
ds4:   GPU busy 105.17 ms of the token's wall (the union of its buffers' spans), idle 9.04 ms
ds4:   1315.8 gated dispatches a token, 1.5 of them behind an abort; 111.8 sent plain ahead of a buffer's first validate
ds4:   encode-ahead: 11.98 segments used, 2.86 dropped, 3.26 ms a token spent encoding under the GPU
ds4:   concurrent sections: 107.62 attempted, 107.62 opened a token
ds4:   speculation: 0.00 layers a token, 0.00 lanes computed, 0.00 matched, 0.00 GEMVs actually saved, 0.00 left to compute; compared 0.00 lanes, 0.00 floats differ, 0.00 by more than an ulp
ds4:   Metal 4: 19.86 command buffers sent, 1718.0 dispatches a token; 0 pieces of Metal 3 work so far
ds4:   Metal 4 a token: encoders 124.5 serial + 107.6 concurrent; barriers 1448.9 after a dispatch, 22.3 at copies, 65.6 from the engine, 19.9 opening and 19.9 ending an encoder; 232.1 table clears, 7015.7 setBuffer, 1967.2 setBytes (175562 B); 1718.0 dispatches, 11.2 copies; 19.86 blocking waits, 103.71 ms; 212.2 section barriers
ds4:   expert cache over the last 64 tokens: 240.00 hits, 3.28 misses, 3.28 evictions a token; 9648 of 9648 entries live (100.0%)
ds4:   of the address-table holes repaired a token: 0.00 already resident, 3.28 genuinely absent
ds4:   of the repair a token: readahead 2.76 ms, slot preparation 0.35 ms, reads 2.22 ms, install 0.01 ms, over 3.28 loads
ds4:   Engram rows written at step start in 320 steps; layer-13 drains 0
ds4:   residency a token: 0.00 adds, 0.00 removes, 0.00 commits
ds4:   decode path so far: 384 single-row steps (100.8 ms each inside the graph over the last 64), 0 K-row verification steps over 0 positions, 0 batch-fusion sites taken; candidate K none
ds4: gate over tokens 321-384: 15.56 command buffers, 2.31 aborts, 240.0 expert ids accounted, 23.29 MiB loaded a token; 0 the gate failed to switch off, 0 it could not gate
ds4:   one token, exclusive, same window: entry 0.00 + encode 0.60 + commit-to-done 88.13 + repair-load 3.73 + accounting 0.05 + tail 3.14 = 95.66 of a 98.81 ms wall, residual 3.15
ds4:   GPU busy 92.36 ms of the token's wall (the union of its buffers' spans), idle 6.45 ms
ds4:   1312.4 gated dispatches a token, 3.4 of them behind an abort; 93.4 sent plain ahead of a buffer's first validate
ds4:   encode-ahead: 12.25 segments used, 2.16 dropped, 2.89 ms a token spent encoding under the GPU
ds4:   concurrent sections: 101.34 attempted, 101.34 opened a token
ds4:   speculation: 0.00 layers a token, 0.00 lanes computed, 0.00 matched, 0.00 GEMVs actually saved, 0.00 left to compute; compared 0.00 lanes, 0.00 floats differ, 0.00 by more than an ulp
ds4:   Metal 4: 18.72 command buffers sent, 1629.9 dispatches a token; 0 pieces of Metal 3 work so far
ds4:   Metal 4 a token: encoders 117.8 serial + 101.3 concurrent; barriers 1376.6 after a dispatch, 21.1 at copies, 62.8 from the engine, 18.7 opening and 18.7 ending an encoder; 219.1 table clears, 6655.4 setBuffer, 1865.2 setBytes (166499 B); 1629.9 dispatches, 10.6 copies; 18.72 blocking waits, 90.69 ms; 200.4 section barriers
ds4:   expert cache over the last 64 tokens: 240.00 hits, 2.45 misses, 2.45 evictions a token; 9648 of 9648 entries live (100.0%)
ds4:   of the address-table holes repaired a token: 0.00 already resident, 2.45 genuinely absent
ds4:   of the repair a token: readahead 1.53 ms, slot preparation 0.25 ms, reads 1.91 ms, install 0.01 ms, over 2.45 loads
ds4:   Engram rows written at step start in 384 steps; layer-13 drains 0
ds4:   residency a token: 0.00 adds, 0.00 removes, 0.00 commits
ds4:   decode path so far: 448 single-row steps (109.7 ms each inside the graph over the last 64), 0 K-row verification steps over 0 positions, 0 batch-fusion sites taken; candidate K none
ds4: gate over tokens 385-448: 15.86 command buffers, 2.83 aborts, 240.0 expert ids accounted, 28.92 MiB loaded a token; 0 the gate failed to switch off, 0 it could not gate
ds4:   one token, exclusive, same window: entry 0.00 + encode 0.70 + commit-to-done 95.42 + repair-load 6.00 + accounting 0.05 + tail 3.22 = 105.39 of a 108.74 ms wall, residual 3.35
ds4:   GPU busy 99.32 ms of the token's wall (the union of its buffers' spans), idle 9.42 ms
ds4:   1315.3 gated dispatches a token, 3.4 of them behind an abort; 111.5 sent plain ahead of a buffer's first validate
ds4:   encode-ahead: 12.03 segments used, 2.67 dropped, 3.03 ms a token spent encoding under the GPU
ds4:   concurrent sections: 105.91 attempted, 105.91 opened a token
ds4:   speculation: 0.00 layers a token, 0.00 lanes computed, 0.00 matched, 0.00 GEMVs actually saved, 0.00 left to compute; compared 0.00 lanes, 0.00 floats differ, 0.00 by more than an ulp
ds4:   Metal 4: 19.53 command buffers sent, 1695.8 dispatches a token; 0 pieces of Metal 3 work so far
ds4:   Metal 4 a token: encoders 122.6 serial + 105.9 concurrent; barriers 1431.0 after a dispatch, 22.0 at copies, 64.8 from the engine, 19.5 opening and 19.5 ending an encoder; 228.5 table clears, 6921.9 setBuffer, 1941.2 setBytes (173256 B); 1695.8 dispatches, 11.0 copies; 19.53 blocking waits, 98.03 ms; 209.0 section barriers
ds4:   expert cache over the last 64 tokens: 240.00 hits, 3.05 misses, 3.05 evictions a token; 9648 of 9648 entries live (100.0%)
ds4:   of the address-table holes repaired a token: 0.00 already resident, 3.05 genuinely absent
ds4:   of the repair a token: readahead 3.52 ms, slot preparation 0.31 ms, reads 2.12 ms, install 0.01 ms, over 3.05 loads
ds4:   Engram rows written at step start in 448 steps; layer-13 drains 0
ds4:   residency a token: 0.00 adds, 0.00 removes, 0.00 commits
ds4:   decode path so far: 512 single-row steps (108.0 ms each inside the graph over the last 64), 0 K-row verification steps over 0 positions, 0 batch-fusion sites taken; candidate K none
ds4: gate over tokens 449-512: 15.56 command buffers, 2.34 aborts, 240.0 expert ids accounted, 24.18 MiB loaded a token; 0 the gate failed to switch off, 0 it could not gate
ds4:   one token, exclusive, same window: entry 0.00 + encode 0.59 + commit-to-done 93.82 + repair-load 3.93 + accounting 0.05 + tail 3.16 = 101.55 of a 104.73 ms wall, residual 3.18
ds4:   GPU busy 98.05 ms of the token's wall (the union of its buffers' spans), idle 6.68 ms
ds4:   1308.7 gated dispatches a token, 2.9 of them behind an abort; 93.8 sent plain ahead of a buffer's first validate
ds4:   encode-ahead: 12.22 segments used, 2.20 dropped, 2.90 ms a token spent encoding under the GPU
ds4:   concurrent sections: 101.25 attempted, 101.25 opened a token
ds4:   speculation: 0.00 layers a token, 0.00 lanes computed, 0.00 matched, 0.00 GEMVs actually saved, 0.00 left to compute; compared 0.00 lanes, 0.00 floats differ, 0.00 by more than an ulp
ds4:   Metal 4: 18.77 command buffers sent, 1629.1 dispatches a token; 0 pieces of Metal 3 work so far
ds4:   Metal 4 a token: encoders 117.7 serial + 101.2 concurrent; barriers 1376.0 after a dispatch, 21.8 at copies, 62.7 from the engine, 18.8 opening and 18.8 ending an encoder; 218.9 table clears, 6650.7 setBuffer, 1864.2 setBytes (166552 B); 1629.1 dispatches, 10.9 copies; 18.77 blocking waits, 96.40 ms; 200.2 section barriers
ds4:   expert cache over the last 64 tokens: 240.00 hits, 2.55 misses, 2.55 evictions a token; 9648 of 9648 entries live (100.0%)
ds4:   of the address-table holes repaired a token: 0.00 already resident, 2.55 genuinely absent
ds4:   of the repair a token: readahead 1.90 ms, slot preparation 0.24 ms, reads 1.75 ms, install 0.01 ms, over 2.55 loads
ds4:   Engram rows written at step start in 512 steps; layer-13 drains 0
ds4:   residency a token: 0.00 adds, 0.00 removes, 0.00 commits
ds4:   decode path so far: 576 single-row steps (108.1 ms each inside the graph over the last 64), 0 K-row verification steps over 0 positions, 0 batch-fusion sites taken; candidate K none
ds4: gate over tokens 513-576: 15.31 command buffers, 1.86 aborts, 240.0 expert ids accounted, 18.69 MiB loaded a token; 0 the gate failed to switch off, 0 it could not gate
ds4:   one token, exclusive, same window: entry 0.00 + encode 0.52 + commit-to-done 96.20 + repair-load 3.08 + accounting 0.05 + tail 3.30 = 103.16 of a 106.22 ms wall, residual 3.07
ds4:   GPU busy 100.55 ms of the token's wall (the union of its buffers' spans), idle 5.68 ms
ds4:   1315.2 gated dispatches a token, 0.5 of them behind an abort; 78.9 sent plain ahead of a buffer's first validate
ds4:   encode-ahead: 12.45 segments used, 1.81 dropped, 2.86 ms a token spent encoding under the GPU
ds4:   concurrent sections: 97.25 attempted, 97.25 opened a token
ds4:   speculation: 0.00 layers a token, 0.00 lanes computed, 0.00 matched, 0.00 GEMVs actually saved, 0.00 left to compute; compared 0.00 lanes, 0.00 floats differ, 0.00 by more than an ulp
ds4:   Metal 4: 18.12 command buffers sent, 1574.6 dispatches a token; 0 pieces of Metal 3 work so far
ds4:   Metal 4 a token: encoders 113.5 serial + 97.2 concurrent; barriers 1331.5 after a dispatch, 20.5 at copies, 61.0 from the engine, 18.1 opening and 18.1 ending an encoder; 210.8 table clears, 6426.3 setBuffer, 1800.7 setBytes (160754 B); 1574.6 dispatches, 10.2 copies; 18.12 blocking waits, 98.88 ms; 192.6 section barriers
ds4:   expert cache over the last 64 tokens: 240.00 hits, 1.97 misses, 1.97 evictions a token; 9648 of 9648 entries live (100.0%)
ds4:   of the address-table holes repaired a token: 0.00 already resident, 1.97 genuinely absent
ds4:   of the repair a token: readahead 1.40 ms, slot preparation 0.21 ms, reads 1.45 ms, install 0.01 ms, over 1.97 loads
ds4:   Engram rows written at step start in 576 steps; layer-13 drains 0
ds4:   residency a token: 0.00 adds, 0.00 removes, 0.00 commits
ds4:   decode path so far: 640 single-row steps (111.4 ms each inside the graph over the last 64), 0 K-row verification steps over 0 positions, 0 batch-fusion sites taken; candidate K none
ds4: gate over tokens 577-640: 15.53 command buffers, 2.27 aborts, 240.0 expert ids accounted, 22.40 MiB loaded a token; 0 the gate failed to switch off, 0 it could not gate
ds4:   one token, exclusive, same window: entry 0.00 + encode 0.66 + commit-to-done 99.21 + repair-load 3.76 + accounting 0.05 + tail 3.63 = 107.30 of a 110.76 ms wall, residual 3.46
ds4:   GPU busy 104.09 ms of the token's wall (the union of its buffers' spans), idle 6.67 ms
ds4:   1316.0 gated dispatches a token, 3.4 of them behind an abort; 91.8 sent plain ahead of a buffer's first validate
ds4:   encode-ahead: 12.27 segments used, 2.14 dropped, 3.17 ms a token spent encoding under the GPU
ds4:   concurrent sections: 101.25 attempted, 101.25 opened a token
ds4:   speculation: 0.00 layers a token, 0.00 lanes computed, 0.00 matched, 0.00 GEMVs actually saved, 0.00 left to compute; compared 0.00 lanes, 0.00 floats differ, 0.00 by more than an ulp
ds4:   Metal 4: 18.67 command buffers sent, 1631.5 dispatches a token; 0 pieces of Metal 3 work so far
ds4:   Metal 4 a token: encoders 117.7 serial + 101.2 concurrent; barriers 1378.4 after a dispatch, 21.4 at copies, 62.8 from the engine, 18.7 opening and 18.7 ending an encoder; 218.9 table clears, 6658.8 setBuffer, 1866.7 setBytes (166622 B); 1631.5 dispatches, 10.7 copies; 18.67 blocking waits, 102.16 ms; 200.2 section barriers
ds4:   expert cache over the last 64 tokens: 240.00 hits, 2.36 misses, 2.36 evictions a token; 9648 of 9648 entries live (100.0%)
ds4:   of the address-table holes repaired a token: 0.00 already resident, 2.36 genuinely absent
ds4:   of the repair a token: readahead 1.86 ms, slot preparation 0.28 ms, reads 1.59 ms, install 0.01 ms, over 2.36 loads
ds4:   Engram rows written at step start in 640 steps; layer-13 drains 0
ds4:   residency a token: 0.00 adds, 0.00 removes, 0.00 commits
ds4:   decode path so far: 704 single-row steps (124.4 ms each inside the graph over the last 64), 0 K-row verification steps over 0 positions, 0 batch-fusion sites taken; candidate K none
ds4: gate over tokens 641-704: 15.08 command buffers, 1.55 aborts, 240.0 expert ids accounted, 15.57 MiB loaded a token; 0 the gate failed to switch off, 0 it could not gate
ds4:   one token, exclusive, same window: entry 0.00 + encode 0.53 + commit-to-done 111.08 + repair-load 2.86 + accounting 0.05 + tail 3.83 = 118.34 of a 121.77 ms wall, residual 3.43
ds4:   GPU busy 116.31 ms of the token's wall (the union of its buffers' spans), idle 5.46 ms
ds4:   1309.6 gated dispatches a token, 1.0 of them behind an abort; 69.0 sent plain ahead of a buffer's first validate
ds4:   encode-ahead: 12.53 segments used, 1.48 dropped, 3.17 ms a token spent encoding under the GPU
ds4:   concurrent sections: 94.44 attempted, 94.44 opened a token
ds4:   speculation: 0.00 layers a token, 0.00 lanes computed, 0.00 matched, 0.00 GEMVs actually saved, 0.00 left to compute; compared 0.00 lanes, 0.00 floats differ, 0.00 by more than an ulp
ds4:   Metal 4: 17.56 command buffers sent, 1538.7 dispatches a token; 0 pieces of Metal 3 work so far
ds4:   Metal 4 a token: encoders 110.5 serial + 94.4 concurrent; barriers 1302.6 after a dispatch, 21.0 at copies, 59.7 from the engine, 17.6 opening and 17.6 ending an encoder; 204.9 table clears, 6273.5 setBuffer, 1758.7 setBytes (157027 B); 1538.7 dispatches, 10.5 copies; 17.56 blocking waits, 114.20 ms; 187.3 section barriers
ds4:   expert cache over the last 64 tokens: 240.00 hits, 1.64 misses, 1.64 evictions a token; 9648 of 9648 entries live (100.0%)
ds4:   of the address-table holes repaired a token: 0.00 already resident, 1.64 genuinely absent
ds4:   of the repair a token: readahead 1.19 ms, slot preparation 0.18 ms, reads 1.46 ms, install 0.01 ms, over 1.64 loads
ds4:   Engram rows written at step start in 704 steps; layer-13 drains 0
ds4:   residency a token: 0.00 adds, 0.00 removes, 0.00 commits
ds4:   decode path so far: 768 single-row steps (118.9 ms each inside the graph over the last 64), 0 K-row verification steps over 0 positions, 0 batch-fusion sites taken; candidate K none
ds4: gate over tokens 705-768: 15.41 command buffers, 2.09 aborts, 240.0 expert ids accounted, 20.62 MiB loaded a token; 0 the gate failed to switch off, 0 it could not gate
ds4:   one token, exclusive, same window: entry 0.00 + encode 0.70 + commit-to-done 103.98 + repair-load 3.57 + accounting 0.05 + tail 3.78 = 112.07 of a 115.86 ms wall, residual 3.79
ds4:   GPU busy 109.33 ms of the token's wall (the union of its buffers' spans), idle 6.53 ms
ds4:   1310.4 gated dispatches a token, 1.9 of them behind an abort; 86.3 sent plain ahead of a buffer's first validate
ds4:   encode-ahead: 12.31 segments used, 2.02 dropped, 3.46 ms a token spent encoding under the GPU
ds4:   concurrent sections: 99.41 attempted, 99.41 opened a token
ds4:   speculation: 0.00 layers a token, 0.00 lanes computed, 0.00 matched, 0.00 GEMVs actually saved, 0.00 left to compute; compared 0.00 lanes, 0.00 floats differ, 0.00 by more than an ulp
ds4:   Metal 4: 18.42 command buffers sent, 1603.8 dispatches a token; 0 pieces of Metal 3 work so far
ds4:   Metal 4 a token: encoders 115.7 serial + 99.4 concurrent; barriers 1355.3 after a dispatch, 21.0 at copies, 61.9 from the engine, 18.4 opening and 18.4 ending an encoder; 215.1 table clears, 6548.2 setBuffer, 1834.8 setBytes (163920 B); 1603.8 dispatches, 10.5 copies; 18.42 blocking waits, 107.07 ms; 196.7 section barriers
ds4:   expert cache over the last 64 tokens: 240.00 hits, 2.17 misses, 2.17 evictions a token; 9648 of 9648 entries live (100.0%)
ds4:   of the address-table holes repaired a token: 0.00 already resident, 2.17 genuinely absent
ds4:   of the repair a token: readahead 1.73 ms, slot preparation 0.28 ms, reads 1.52 ms, install 0.01 ms, over 2.17 loads
ds4:   Engram rows written at step start in 768 steps; layer-13 drains 0
ds4:   residency a token: 0.00 adds, 0.00 removes, 0.00 commits
ds4:   decode path so far: 832 single-row steps (110.2 ms each inside the graph over the last 64), 0 K-row verification steps over 0 positions, 0 batch-fusion sites taken; candidate K none
ds4: gate over tokens 769-832: 14.86 command buffers, 1.41 aborts, 240.0 expert ids accounted, 13.94 MiB loaded a token; 0 the gate failed to switch off, 0 it could not gate
ds4:   one token, exclusive, same window: entry 0.00 + encode 0.53 + commit-to-done 98.28 + repair-load 2.64 + accounting 0.05 + tail 3.43 = 104.94 of a 108.27 ms wall, residual 3.33
ds4:   GPU busy 103.39 ms of the token's wall (the union of its buffers' spans), idle 4.88 ms
ds4:   1305.6 gated dispatches a token, 1.5 of them behind an abort; 64.2 sent plain ahead of a buffer's first validate
ds4:   encode-ahead: 12.45 segments used, 1.36 dropped, 3.15 ms a token spent encoding under the GPU
ds4:   concurrent sections: 92.84 attempted, 92.84 opened a token
ds4:   speculation: 0.00 layers a token, 0.00 lanes computed, 0.00 matched, 0.00 GEMVs actually saved, 0.00 left to compute; compared 0.00 lanes, 0.00 floats differ, 0.00 by more than an ulp
ds4:   Metal 4: 17.22 command buffers sent, 1513.3 dispatches a token; 0 pieces of Metal 3 work so far
ds4:   Metal 4 a token: encoders 108.7 serial + 92.8 concurrent; barriers 1281.2 after a dispatch, 19.5 at copies, 58.8 from the engine, 17.2 opening and 17.2 ending an encoder; 201.5 table clears, 6173.7 setBuffer, 1729.8 setBytes (154431 B); 1513.3 dispatches, 9.8 copies; 17.22 blocking waits, 100.97 ms; 184.3 section barriers
ds4:   expert cache over the last 64 tokens: 239.98 hits, 1.47 misses, 1.47 evictions a token; 9648 of 9648 entries live (100.0%)
ds4:   of the address-table holes repaired a token: 0.00 already resident, 1.47 genuinely absent
ds4:   of the repair a token: readahead 1.06 ms, slot preparation 0.18 ms, reads 1.38 ms, install 0.01 ms, over 1.47 loads
ds4:   Engram rows written at step start in 832 steps; layer-13 drains 0
ds4:   residency a token: 0.00 adds, 0.00 removes, 0.00 commits
ds4:   decode path so far: 896 single-row steps (118.3 ms each inside the graph over the last 64), 0 K-row verification steps over 0 positions, 0 batch-fusion sites taken; candidate K none
ds4: gate over tokens 833-896: 15.27 command buffers, 1.98 aborts, 240.0 expert ids accounted, 21.95 MiB loaded a token; 0 the gate failed to switch off, 0 it could not gate
ds4:   one token, exclusive, same window: entry 0.00 + encode 0.63 + commit-to-done 104.77 + repair-load 4.52 + accounting 0.05 + tail 3.51 = 113.48 of a 116.93 ms wall, residual 3.45
ds4:   GPU busy 109.20 ms of the token's wall (the union of its buffers' spans), idle 7.72 ms
ds4:   1305.0 gated dispatches a token, 1.5 of them behind an abort; 84.6 sent plain ahead of a buffer's first validate
ds4:   encode-ahead: 12.28 segments used, 1.91 dropped, 3.15 ms a token spent encoding under the GPU
ds4:   concurrent sections: 98.09 attempted, 98.09 opened a token
ds4:   speculation: 0.00 layers a token, 0.00 lanes computed, 0.00 matched, 0.00 GEMVs actually saved, 0.00 left to compute; compared 0.00 lanes, 0.00 floats differ, 0.00 by more than an ulp
ds4:   Metal 4: 18.17 command buffers sent, 1585.3 dispatches a token; 0 pieces of Metal 3 work so far
ds4:   Metal 4 a token: encoders 114.3 serial + 98.1 concurrent; barriers 1340.1 after a dispatch, 20.8 at copies, 61.2 from the engine, 18.2 opening and 18.2 ending an encoder; 212.4 table clears, 6469.3 setBuffer, 1813.4 setBytes (161871 B); 1585.3 dispatches, 10.4 copies; 18.17 blocking waits, 107.60 ms; 194.2 section barriers
ds4:   expert cache over the last 64 tokens: 240.00 hits, 2.31 misses, 2.31 evictions a token; 9648 of 9648 entries live (100.0%)
ds4:   of the address-table holes repaired a token: 0.00 already resident, 2.31 genuinely absent
ds4:   of the repair a token: readahead 2.68 ms, slot preparation 0.22 ms, reads 1.56 ms, install 0.01 ms, over 2.31 loads
ds4:   Engram rows written at step start in 896 steps; layer-13 drains 0
ds4:   residency a token: 0.00 adds, 0.00 removes, 0.00 commits
ds4:   decode path so far: 960 single-row steps (120.0 ms each inside the graph over the last 64), 0 K-row verification steps over 0 positions, 0 batch-fusion sites taken; candidate K none
ds4: gate over tokens 897-960: 15.86 command buffers, 2.73 aborts, 240.0 expert ids accounted, 28.62 MiB loaded a token; 0 the gate failed to switch off, 0 it could not gate
ds4:   one token, exclusive, same window: entry 0.00 + encode 0.83 + commit-to-done 103.39 + repair-load 5.26 + accounting 0.05 + tail 3.78 = 113.30 of a 117.28 ms wall, residual 3.98
ds4:   GPU busy 108.31 ms of the token's wall (the union of its buffers' spans), idle 8.97 ms
ds4:   1323.9 gated dispatches a token, 0.5 of them behind an abort; 106.4 sent plain ahead of a buffer's first validate
ds4:   encode-ahead: 12.12 segments used, 2.64 dropped, 3.52 ms a token spent encoding under the GPU
ds4:   concurrent sections: 105.97 attempted, 105.97 opened a token
ds4:   speculation: 0.00 layers a token, 0.00 lanes computed, 0.00 matched, 0.00 GEMVs actually saved, 0.00 left to compute; compared 0.00 lanes, 0.00 floats differ, 0.00 by more than an ulp
ds4:   Metal 4: 19.50 command buffers sent, 1696.7 dispatches a token; 0 pieces of Metal 3 work so far
ds4:   Metal 4 a token: encoders 122.7 serial + 106.0 concurrent; barriers 1431.8 after a dispatch, 21.6 at copies, 65.0 from the engine, 19.5 opening and 19.5 ending an encoder; 228.7 table clears, 6929.1 setBuffer, 1942.4 setBytes (173356 B); 1696.7 dispatches, 10.8 copies; 19.50 blocking waits, 106.56 ms; 209.2 section barriers
ds4:   expert cache over the last 64 tokens: 239.97 hits, 3.02 misses, 3.02 evictions a token; 9648 of 9648 entries live (100.0%)
ds4:   of the address-table holes repaired a token: 0.00 already resident, 3.02 genuinely absent
ds4:   of the repair a token: readahead 2.32 ms, slot preparation 0.33 ms, reads 2.54 ms, install 0.01 ms, over 3.02 loads
ds4:   Engram rows written at step start in 960 steps; layer-13 drains 0
ds4:   residency a token: 0.00 adds, 0.00 removes, 0.00 commits
ds4:   decode path so far: 1024 single-row steps (101.8 ms each inside the graph over the last 64), 0 K-row verification steps over 0 positions, 0 batch-fusion sites taken; candidate K none
ds4: gate over tokens 961-1024: 15.02 command buffers, 1.56 aborts, 240.0 expert ids accounted, 15.13 MiB loaded a token; 0 the gate failed to switch off, 0 it could not gate
ds4:   one token, exclusive, same window: entry 0.00 + encode 0.49 + commit-to-done 90.41 + repair-load 3.03 + accounting 0.05 + tail 3.07 = 97.06 of a 100.14 ms wall, residual 3.09
ds4:   GPU busy 94.73 ms of the token's wall (the union of its buffers' spans), idle 5.41 ms
ds4:   1304.8 gated dispatches a token, 1.5 of them behind an abort; 68.2 sent plain ahead of a buffer's first validate
ds4:   encode-ahead: 12.45 segments used, 1.48 dropped, 2.92 ms a token spent encoding under the GPU
ds4:   concurrent sections: 93.97 attempted, 93.97 opened a token
ds4:   speculation: 0.00 layers a token, 0.00 lanes computed, 0.00 matched, 0.00 GEMVs actually saved, 0.00 left to compute; compared 0.00 lanes, 0.00 floats differ, 0.00 by more than an ulp
ds4:   Metal 4: 17.50 command buffers sent, 1527.1 dispatches a token; 0 pieces of Metal 3 work so far
ds4:   Metal 4 a token: encoders 109.9 serial + 94.0 concurrent; barriers 1292.1 after a dispatch, 20.2 at copies, 59.4 from the engine, 17.5 opening and 17.5 ending an encoder; 203.9 table clears, 6232.2 setBuffer, 1745.9 setBytes (156001 B); 1527.1 dispatches, 10.1 copies; 17.50 blocking waits, 92.87 ms; 186.4 section barriers
ds4:   expert cache over the last 64 tokens: 240.00 hits, 1.59 misses, 1.59 evictions a token; 9648 of 9648 entries live (100.0%)
ds4:   of the address-table holes repaired a token: 0.00 already resident, 1.59 genuinely absent
ds4:   of the repair a token: readahead 1.19 ms, slot preparation 0.17 ms, reads 1.65 ms, install 0.01 ms, over 1.59 loads
ds4:   Engram rows written at step start in 1024 steps; layer-13 drains 0
ds4:   residency a token: 0.00 adds, 0.00 removes, 0.00 commits
ds4:   decode path so far: 1088 single-row steps (100.3 ms each inside the graph over the last 64), 0 K-row verification steps over 0 positions, 0 batch-fusion sites taken; candidate K none
ds4: gate over tokens 1025-1088: 14.91 command buffers, 1.42 aborts, 240.0 expert ids accounted, 14.53 MiB loaded a token; 0 the gate failed to switch off, 0 it could not gate
ds4:   one token, exclusive, same window: entry 0.00 + encode 0.43 + commit-to-done 89.64 + repair-load 2.40 + accounting 0.05 + tail 2.98 = 95.50 of a 98.29 ms wall, residual 2.79
ds4:   GPU busy 93.69 ms of the token's wall (the union of its buffers' spans), idle 4.59 ms
ds4:   1288.2 gated dispatches a token, 1.4 of them behind an abort; 63.9 sent plain ahead of a buffer's first validate
ds4:   encode-ahead: 12.48 segments used, 1.38 dropped, 2.62 ms a token spent encoding under the GPU
ds4:   concurrent sections: 93.00 attempted, 93.00 opened a token
ds4:   speculation: 0.00 layers a token, 0.00 lanes computed, 0.00 matched, 0.00 GEMVs actually saved, 0.00 left to compute; compared 0.00 lanes, 0.00 floats differ, 0.00 by more than an ulp
ds4:   Metal 4: 17.28 command buffers sent, 1494.0 dispatches a token; 0 pieces of Metal 3 work so far
ds4:   Metal 4 a token: encoders 108.9 serial + 93.0 concurrent; barriers 1261.5 after a dispatch, 19.9 at copies, 58.9 from the engine, 17.3 opening and 17.3 ending an encoder; 201.9 table clears, 6095.7 setBuffer, 1710.8 setBytes (152416 B); 1494.0 dispatches, 10.0 copies; 17.28 blocking waits, 92.06 ms; 184.6 section barriers
ds4:   expert cache over the last 64 tokens: 240.00 hits, 1.53 misses, 1.53 evictions a token; 9648 of 9648 entries live (100.0%)
ds4:   of the address-table holes repaired a token: 0.00 already resident, 1.53 genuinely absent
ds4:   of the repair a token: readahead 1.00 ms, slot preparation 0.15 ms, reads 1.22 ms, install 0.01 ms, over 1.53 loads
ds4:   Engram rows written at step start in 1088 steps; layer-13 drains 0
ds4:   residency a token: 0.00 adds, 0.00 removes, 0.00 commits
ds4:   decode path so far: 1152 single-row steps (98.5 ms each inside the graph over the last 64), 0 K-row verification steps over 0 positions, 0 batch-fusion sites taken; candidate K none
ds4: gate over tokens 1089-1152: 14.86 command buffers, 1.23 aborts, 240.0 expert ids accounted, 12.61 MiB loaded a token; 0 the gate failed to switch off, 0 it could not gate
ds4:   one token, exclusive, same window: entry 0.00 + encode 0.38 + commit-to-done 88.27 + repair-load 1.99 + accounting 0.05 + tail 2.96 = 93.66 of a 96.37 ms wall, residual 2.71
ds4:   GPU busy 92.34 ms of the token's wall (the union of its buffers' spans), idle 4.02 ms
ds4:   1288.0 gated dispatches a token, 0.9 of them behind an abort; 58.2 sent plain ahead of a buffer's first validate
ds4:   encode-ahead: 12.62 segments used, 1.16 dropped, 2.56 ms a token spent encoding under the GPU
ds4:   concurrent sections: 91.25 attempted, 91.25 opened a token
ds4:   speculation: 0.00 layers a token, 0.00 lanes computed, 0.00 matched, 0.00 GEMVs actually saved, 0.00 left to compute; compared 0.00 lanes, 0.00 floats differ, 0.00 by more than an ulp
ds4:   Metal 4: 17.02 command buffers sent, 1471.3 dispatches a token; 0 pieces of Metal 3 work so far
ds4:   Metal 4 a token: encoders 107.0 serial + 91.2 concurrent; barriers 1243.1 after a dispatch, 20.0 at copies, 58.2 from the engine, 17.0 opening and 17.0 ending an encoder; 198.3 table clears, 5999.8 setBuffer, 1684.1 setBytes (150047 B); 1471.3 dispatches, 10.0 copies; 17.02 blocking waits, 90.68 ms; 181.3 section barriers
ds4:   expert cache over the last 64 tokens: 240.00 hits, 1.33 misses, 1.33 evictions a token; 9648 of 9648 entries live (100.0%)
ds4:   of the address-table holes repaired a token: 0.00 already resident, 1.33 genuinely absent
ds4:   of the repair a token: readahead 0.87 ms, slot preparation 0.13 ms, reads 0.98 ms, install 0.00 ms, over 1.33 loads
ds4:   Engram rows written at step start in 1152 steps; layer-13 drains 0
ds4:   residency a token: 0.00 adds, 0.00 removes, 0.00 commits
ds4:   decode path so far: 1216 single-row steps (100.7 ms each inside the graph over the last 64), 0 K-row verification steps over 0 positions, 0 batch-fusion sites taken; candidate K none
ds4: gate over tokens 1153-1216: 14.92 command buffers, 1.41 aborts, 240.0 expert ids accounted, 13.94 MiB loaded a token; 0 the gate failed to switch off, 0 it could not gate
ds4:   one token, exclusive, same window: entry 0.00 + encode 0.37 + commit-to-done 90.32 + repair-load 2.28 + accounting 0.05 + tail 3.04 = 96.06 of a 98.56 ms wall, residual 2.50
ds4:   GPU busy 94.25 ms of the token's wall (the union of its buffers' spans), idle 4.31 ms
ds4:   1284.2 gated dispatches a token, 0.9 of them behind an abort; 62.4 sent plain ahead of a buffer's first validate
ds4:   encode-ahead: 12.52 segments used, 1.33 dropped, 2.34 ms a token spent encoding under the GPU
ds4:   concurrent sections: 92.56 attempted, 92.56 opened a token
ds4:   speculation: 0.00 layers a token, 0.00 lanes computed, 0.00 matched, 0.00 GEMVs actually saved, 0.00 left to compute; compared 0.00 lanes, 0.00 floats differ, 0.00 by more than an ulp
ds4:   Metal 4: 17.25 command buffers sent, 1486.2 dispatches a token; 0 pieces of Metal 3 work so far
ds4:   Metal 4 a token: encoders 108.4 serial + 92.6 concurrent; barriers 1254.8 after a dispatch, 19.7 at copies, 58.7 from the engine, 17.2 opening and 17.2 ending an encoder; 201.0 table clears, 6065.4 setBuffer, 1701.9 setBytes (151627 B); 1486.2 dispatches, 9.8 copies; 17.25 blocking waits, 92.80 ms; 183.7 section barriers
ds4:   expert cache over the last 64 tokens: 240.00 hits, 1.47 misses, 1.47 evictions a token; 9648 of 9648 entries live (100.0%)
ds4:   of the address-table holes repaired a token: 0.00 already resident, 1.47 genuinely absent
ds4:   of the repair a token: readahead 1.03 ms, slot preparation 0.14 ms, reads 1.10 ms, install 0.01 ms, over 1.47 loads
ds4:   Engram rows written at step start in 1216 steps; layer-13 drains 0
ds4:   residency a token: 0.00 adds, 0.00 removes, 0.00 commits
ds4:   decode path so far: 1280 single-row steps (99.9 ms each inside the graph over the last 64), 0 K-row verification steps over 0 positions, 0 batch-fusion sites taken; candidate K none
ds4: gate over tokens 1217-1280: 14.84 command buffers, 1.23 aborts, 240.0 expert ids accounted, 11.87 MiB loaded a token; 0 the gate failed to switch off, 0 it could not gate
ds4:   one token, exclusive, same window: entry 0.00 + encode 0.33 + commit-to-done 90.37 + repair-load 1.78 + accounting 0.05 + tail 2.96 = 95.49 of a 97.88 ms wall, residual 2.39
ds4:   GPU busy 94.25 ms of the token's wall (the union of its buffers' spans), idle 3.62 ms
ds4:   1286.9 gated dispatches a token, 0.5 of them behind an abort; 59.0 sent plain ahead of a buffer's first validate
ds4:   encode-ahead: 12.61 segments used, 1.19 dropped, 2.25 ms a token spent encoding under the GPU
ds4:   concurrent sections: 91.50 attempted, 91.50 opened a token
ds4:   speculation: 0.00 layers a token, 0.00 lanes computed, 0.00 matched, 0.00 GEMVs actually saved, 0.00 left to compute; compared 0.00 lanes, 0.00 floats differ, 0.00 by more than an ulp
ds4:   Metal 4: 17.03 command buffers sent, 1473.2 dispatches a token; 0 pieces of Metal 3 work so far
ds4:   Metal 4 a token: encoders 107.3 serial + 91.5 concurrent; barriers 1244.5 after a dispatch, 19.9 at copies, 58.3 from the engine, 17.0 opening and 17.0 ending an encoder; 198.8 table clears, 6012.7 setBuffer, 1686.7 setBytes (150400 B); 1473.2 dispatches, 10.0 copies; 17.03 blocking waits, 92.76 ms; 181.8 section barriers
ds4:   expert cache over the last 64 tokens: 240.00 hits, 1.25 misses, 1.25 evictions a token; 9648 of 9648 entries live (100.0%)
ds4:   of the address-table holes repaired a token: 0.00 already resident, 1.25 genuinely absent
ds4:   of the repair a token: readahead 0.73 ms, slot preparation 0.12 ms, reads 0.92 ms, install 0.00 ms, over 1.25 loads
ds4:   Engram rows written at step start in 1280 steps; layer-13 drains 0
ds4:   residency a token: 0.00 adds, 0.00 removes, 0.00 commits
ds4:   decode path so far: 1344 single-row steps (99.3 ms each inside the graph over the last 64), 0 K-row verification steps over 0 positions, 0 batch-fusion sites taken; candidate K none
ds4: gate over tokens 1281-1344: 14.62 command buffers, 0.92 aborts, 240.0 expert ids accounted, 8.75 MiB loaded a token; 0 the gate failed to switch off, 0 it could not gate
ds4:   one token, exclusive, same window: entry 0.00 + encode 0.26 + commit-to-done 89.83 + repair-load 1.39 + accounting 0.05 + tail 3.04 = 94.58 of a 96.79 ms wall, residual 2.21
ds4:   GPU busy 93.73 ms of the token's wall (the union of its buffers' spans), idle 3.06 ms
ds4:   1286.0 gated dispatches a token, 1.9 of them behind an abort; 49.5 sent plain ahead of a buffer's first validate
ds4:   encode-ahead: 12.70 segments used, 0.84 dropped, 2.11 ms a token spent encoding under the GPU
ds4:   concurrent sections: 88.38 attempted, 88.38 opened a token
ds4:   speculation: 0.00 layers a token, 0.00 lanes computed, 0.00 matched, 0.00 GEMVs actually saved, 0.00 left to compute; compared 0.00 lanes, 0.00 floats differ, 0.00 by more than an ulp
ds4:   Metal 4: 16.47 command buffers sent, 1432.2 dispatches a token; 0 pieces of Metal 3 work so far
ds4:   Metal 4 a token: encoders 103.9 serial + 88.4 concurrent; barriers 1211.2 after a dispatch, 19.6 at copies, 56.8 from the engine, 16.5 opening and 16.5 ending an encoder; 192.3 table clears, 5838.6 setBuffer, 1638.7 setBytes (146026 B); 1432.2 dispatches, 9.8 copies; 16.47 blocking waits, 92.33 ms; 175.8 section barriers
ds4:   expert cache over the last 64 tokens: 240.00 hits, 0.92 misses, 0.92 evictions a token; 9648 of 9648 entries live (100.0%)
ds4:   of the address-table holes repaired a token: 0.00 already resident, 0.92 genuinely absent
ds4:   of the repair a token: readahead 0.48 ms, slot preparation 0.09 ms, reads 0.81 ms, install 0.00 ms, over 0.92 loads
ds4:   Engram rows written at step start in 1344 steps; layer-13 drains 0
ds4:   residency a token: 0.00 adds, 0.00 removes, 0.00 commits
ds4:   decode path so far: 1408 single-row steps (103.0 ms each inside the graph over the last 64), 0 K-row verification steps over 0 positions, 0 batch-fusion sites taken; candidate K none
ds4: gate over tokens 1345-1408: 15.25 command buffers, 1.70 aborts, 240.0 expert ids accounted, 17.06 MiB loaded a token; 0 the gate failed to switch off, 0 it could not gate
ds4:   one token, exclusive, same window: entry 0.00 + encode 0.33 + commit-to-done 92.71 + repair-load 2.48 + accounting 0.05 + tail 3.11 = 98.68 of a 101.02 ms wall, residual 2.34
ds4:   GPU busy 96.60 ms of the token's wall (the union of its buffers' spans), idle 4.41 ms
ds4:   1296.8 gated dispatches a token, 0.0 of them behind an abort; 70.0 sent plain ahead of a buffer's first validate
ds4:   encode-ahead: 12.55 segments used, 1.59 dropped, 2.15 ms a token spent encoding under the GPU
ds4:   concurrent sections: 96.03 attempted, 96.03 opened a token
ds4:   speculation: 0.00 layers a token, 0.00 lanes computed, 0.00 matched, 0.00 GEMVs actually saved, 0.00 left to compute; compared 0.00 lanes, 0.00 floats differ, 0.00 by more than an ulp
ds4:   Metal 4: 17.84 command buffers sent, 1535.3 dispatches a token; 0 pieces of Metal 3 work so far
ds4:   Metal 4 a token: encoders 112.2 serial + 96.0 concurrent; barriers 1295.2 after a dispatch, 20.2 at copies, 60.5 from the engine, 17.8 opening and 17.8 ending an encoder; 208.2 table clears, 6267.6 setBuffer, 1758.9 setBytes (156681 B); 1535.3 dispatches, 10.1 copies; 17.84 blocking waits, 95.32 ms; 190.4 section barriers
ds4:   expert cache over the last 64 tokens: 240.00 hits, 1.80 misses, 1.80 evictions a token; 9648 of 9648 entries live (100.0%)
ds4:   of the address-table holes repaired a token: 0.00 already resident, 1.80 genuinely absent
ds4:   of the repair a token: readahead 1.13 ms, slot preparation 0.14 ms, reads 1.19 ms, install 0.01 ms, over 1.80 loads
ds4:   Engram rows written at step start in 1408 steps; layer-13 drains 0
ds4:   residency a token: 0.00 adds, 0.00 removes, 0.00 commits
ds4:   decode path so far: 1472 single-row steps (99.3 ms each inside the graph over the last 64), 0 K-row verification steps over 0 positions, 0 batch-fusion sites taken; candidate K none
ds4: gate over tokens 1409-1472: 14.73 command buffers, 1.02 aborts, 240.0 expert ids accounted, 9.79 MiB loaded a token; 0 the gate failed to switch off, 0 it could not gate
ds4:   one token, exclusive, same window: entry 0.00 + encode 0.27 + commit-to-done 90.21 + repair-load 1.60 + accounting 0.05 + tail 3.06 = 95.20 of a 97.42 ms wall, residual 2.22
ds4:   GPU busy 94.18 ms of the token's wall (the union of its buffers' spans), idle 3.24 ms
ds4:   1289.0 gated dispatches a token, 0.9 of them behind an abort; 53.1 sent plain ahead of a buffer's first validate
ds4:   encode-ahead: 12.72 segments used, 0.97 dropped, 2.11 ms a token spent encoding under the GPU
ds4:   concurrent sections: 89.69 attempted, 89.69 opened a token
ds4:   speculation: 0.00 layers a token, 0.00 lanes computed, 0.00 matched, 0.00 GEMVs actually saved, 0.00 left to compute; compared 0.00 lanes, 0.00 floats differ, 0.00 by more than an ulp
ds4:   Metal 4: 16.70 command buffers sent, 1450.2 dispatches a token; 0 pieces of Metal 3 work so far
ds4:   Metal 4 a token: encoders 105.4 serial + 89.7 concurrent; barriers 1226.0 after a dispatch, 19.3 at copies, 57.5 from the engine, 16.7 opening and 16.7 ending an encoder; 195.1 table clears, 5914.1 setBuffer, 1659.7 setBytes (147871 B); 1450.2 dispatches, 9.7 copies; 16.70 blocking waits, 92.74 ms; 178.4 section barriers
ds4:   expert cache over the last 64 tokens: 240.00 hits, 1.03 misses, 1.03 evictions a token; 9648 of 9648 entries live (100.0%)
ds4:   of the address-table holes repaired a token: 0.00 already resident, 1.03 genuinely absent
ds4:   of the repair a token: readahead 0.55 ms, slot preparation 0.09 ms, reads 0.95 ms, install 0.00 ms, over 1.03 loads
ds4:   Engram rows written at step start in 1472 steps; layer-13 drains 0
ds4:   residency a token: 0.00 adds, 0.00 removes, 0.00 commits
ds4:   decode path so far: 1536 single-row steps (100.4 ms each inside the graph over the last 64), 0 K-row verification steps over 0 positions, 0 batch-fusion sites taken; candidate K none
ds4: gate over tokens 1473-1536: 14.70 command buffers, 1.02 aborts, 240.0 expert ids accounted, 10.09 MiB loaded a token; 0 the gate failed to switch off, 0 it could not gate
ds4:   one token, exclusive, same window: entry 0.00 + encode 0.27 + commit-to-done 90.03 + repair-load 2.36 + accounting 0.05 + tail 2.89 = 95.60 of a 97.81 ms wall, residual 2.21
ds4:   GPU busy 93.68 ms of the token's wall (the union of its buffers' spans), idle 4.13 ms
ds4:   1287.7 gated dispatches a token, 0.0 of them behind an abort; 52.4 sent plain ahead of a buffer's first validate
ds4:   encode-ahead: 12.69 segments used, 1.02 dropped, 2.08 ms a token spent encoding under the GPU
ds4:   concurrent sections: 90.03 attempted, 90.03 opened a token
ds4:   speculation: 0.00 layers a token, 0.00 lanes computed, 0.00 matched, 0.00 GEMVs actually saved, 0.00 left to compute; compared 0.00 lanes, 0.00 floats differ, 0.00 by more than an ulp
ds4:   Metal 4: 16.72 command buffers sent, 1454.5 dispatches a token; 0 pieces of Metal 3 work so far
ds4:   Metal 4 a token: encoders 105.7 serial + 90.0 concurrent; barriers 1229.4 after a dispatch, 19.7 at copies, 57.7 from the engine, 16.7 opening and 16.7 ending an encoder; 195.8 table clears, 5934.6 setBuffer, 1664.8 setBytes (148457 B); 1454.5 dispatches, 9.8 copies; 16.72 blocking waits, 92.39 ms; 179.0 section barriers
ds4:   expert cache over the last 64 tokens: 240.00 hits, 1.06 misses, 1.06 evictions a token; 9648 of 9648 entries live (100.0%)
ds4:   of the address-table holes repaired a token: 0.00 already resident, 1.06 genuinely absent
ds4:   of the repair a token: readahead 1.51 ms, slot preparation 0.10 ms, reads 0.74 ms, install 0.00 ms, over 1.06 loads
ds4:   Engram rows written at step start in 1536 steps; layer-13 drains 0
ds4:   residency a token: 0.00 adds, 0.00 removes, 0.00 commits
ds4:   decode path so far: 1600 single-row steps (102.0 ms each inside the graph over the last 64), 0 K-row verification steps over 0 positions, 0 batch-fusion sites taken; candidate K none
ds4: gate over tokens 1537-1600: 14.59 command buffers, 0.88 aborts, 240.0 expert ids accounted, 8.60 MiB loaded a token; 0 the gate failed to switch off, 0 it could not gate
ds4:   one token, exclusive, same window: entry 0.00 + encode 0.27 + commit-to-done 92.73 + repair-load 1.49 + accounting 0.05 + tail 3.07 = 97.61 of a 99.97 ms wall, residual 2.36
ds4:   GPU busy 96.76 ms of the token's wall (the union of its buffers' spans), idle 3.22 ms
ds4:   1286.1 gated dispatches a token, 1.4 of them behind an abort; 48.3 sent plain ahead of a buffer's first validate
ds4:   encode-ahead: 12.72 segments used, 0.84 dropped, 2.25 ms a token spent encoding under the GPU
ds4:   concurrent sections: 88.25 attempted, 88.25 opened a token
ds4:   speculation: 0.00 layers a token, 0.00 lanes computed, 0.00 matched, 0.00 GEMVs actually saved, 0.00 left to compute; compared 0.00 lanes, 0.00 floats differ, 0.00 by more than an ulp
ds4:   Metal 4: 16.44 command buffers sent, 1431.9 dispatches a token; 0 pieces of Metal 3 work so far
ds4:   Metal 4 a token: encoders 103.8 serial + 88.2 concurrent; barriers 1211.2 after a dispatch, 19.4 at copies, 56.8 from the engine, 16.4 opening and 16.4 ending an encoder; 192.1 table clears, 5837.2 setBuffer, 1638.2 setBytes (145978 B); 1431.9 dispatches, 9.7 copies; 16.44 blocking waits, 95.22 ms; 175.6 section barriers
ds4:   expert cache over the last 64 tokens: 240.00 hits, 0.91 misses, 0.91 evictions a token; 9648 of 9648 entries live (100.0%)
ds4:   of the address-table holes repaired a token: 0.00 already resident, 0.91 genuinely absent
ds4:   of the repair a token: readahead 0.49 ms, slot preparation 0.09 ms, reads 0.90 ms, install 0.00 ms, over 0.91 loads
ds4:   Engram rows written at step start in 1600 steps; layer-13 drains 0
ds4:   residency a token: 0.00 adds, 0.00 removes, 0.00 commits
ds4:   decode path so far: 1664 single-row steps (96.9 ms each inside the graph over the last 64), 0 K-row verification steps over 0 positions, 0 batch-fusion sites taken; candidate K none
ds4: gate over tokens 1601-1664: 14.59 command buffers, 0.89 aborts, 240.0 expert ids accounted, 8.75 MiB loaded a token; 0 the gate failed to switch off, 0 it could not gate
ds4:   one token, exclusive, same window: entry 0.00 + encode 0.25 + commit-to-done 87.72 + repair-load 1.48 + accounting 0.05 + tail 2.93 = 92.44 of a 94.66 ms wall, residual 2.23
ds4:   GPU busy 91.58 ms of the token's wall (the union of its buffers' spans), idle 3.09 ms
ds4:   1287.2 gated dispatches a token, 1.4 of them behind an abort; 47.3 sent plain ahead of a buffer's first validate
ds4:   encode-ahead: 12.70 segments used, 0.84 dropped, 2.12 ms a token spent encoding under the GPU
ds4:   concurrent sections: 88.34 attempted, 88.34 opened a token
ds4:   speculation: 0.00 layers a token, 0.00 lanes computed, 0.00 matched, 0.00 GEMVs actually saved, 0.00 left to compute; compared 0.00 lanes, 0.00 floats differ, 0.00 by more than an ulp
ds4:   Metal 4: 16.44 command buffers sent, 1430.5 dispatches a token; 0 pieces of Metal 3 work so far
ds4:   Metal 4 a token: encoders 103.9 serial + 88.3 concurrent; barriers 1209.7 after a dispatch, 18.9 at copies, 56.8 from the engine, 16.4 opening and 16.4 ending an encoder; 192.2 table clears, 5835.1 setBuffer, 1637.1 setBytes (145860 B); 1430.5 dispatches, 9.5 copies; 16.44 blocking waits, 90.10 ms; 175.8 section barriers
ds4:   expert cache over the last 64 tokens: 240.00 hits, 0.92 misses, 0.92 evictions a token; 9648 of 9648 entries live (100.0%)
ds4:   of the address-table holes repaired a token: 0.00 already resident, 0.92 genuinely absent
ds4:   of the repair a token: readahead 0.49 ms, slot preparation 0.08 ms, reads 0.90 ms, install 0.00 ms, over 0.92 loads
ds4:   Engram rows written at step start in 1664 steps; layer-13 drains 0
ds4:   residency a token: 0.00 adds, 0.00 removes, 0.00 commits
ds4:   decode path so far: 1728 single-row steps (100.3 ms each inside the graph over the last 64), 0 K-row verification steps over 0 positions, 0 batch-fusion sites taken; candidate K none
ds4: gate over tokens 1665-1728: 14.70 command buffers, 0.98 aborts, 240.0 expert ids accounted, 9.49 MiB loaded a token; 0 the gate failed to switch off, 0 it could not gate
ds4:   one token, exclusive, same window: entry 0.00 + encode 0.27 + commit-to-done 91.10 + repair-load 1.59 + accounting 0.05 + tail 2.92 = 95.94 of a 98.22 ms wall, residual 2.27
ds4:   GPU busy 94.89 ms of the token's wall (the union of its buffers' spans), idle 3.33 ms
ds4:   1288.3 gated dispatches a token, 0.9 of them behind an abort; 50.4 sent plain ahead of a buffer's first validate
ds4:   encode-ahead: 12.72 segments used, 0.95 dropped, 2.16 ms a token spent encoding under the GPU
ds4:   concurrent sections: 89.38 attempted, 89.38 opened a token
ds4:   speculation: 0.00 layers a token, 0.00 lanes computed, 0.00 matched, 0.00 GEMVs actually saved, 0.00 left to compute; compared 0.00 lanes, 0.00 floats differ, 0.00 by more than an ulp
ds4:   Metal 4: 16.66 command buffers sent, 1445.0 dispatches a token; 0 pieces of Metal 3 work so far
ds4:   Metal 4 a token: encoders 105.0 serial + 89.4 concurrent; barriers 1221.6 after a dispatch, 19.0 at copies, 57.4 from the engine, 16.7 opening and 16.7 ending an encoder; 194.4 table clears, 5895.1 setBuffer, 1653.8 setBytes (147351 B); 1445.0 dispatches, 9.5 copies; 16.66 blocking waits, 93.47 ms; 177.8 section barriers
ds4:   expert cache over the last 64 tokens: 240.00 hits, 1.00 misses, 1.00 evictions a token; 9648 of 9648 entries live (100.0%)
ds4:   of the address-table holes repaired a token: 0.00 already resident, 1.00 genuinely absent
ds4:   of the repair a token: readahead 0.67 ms, slot preparation 0.09 ms, reads 0.83 ms, install 0.00 ms, over 1.00 loads
ds4:   Engram rows written at step start in 1728 steps; layer-13 drains 0
ds4:   residency a token: 0.00 adds, 0.00 removes, 0.00 commits
ds4:   decode path so far: 1792 single-row steps (96.9 ms each inside the graph over the last 64), 0 K-row verification steps over 0 positions, 0 batch-fusion sites taken; candidate K none
ds4: gate over tokens 1729-1792: 14.56 command buffers, 0.84 aborts, 240.0 expert ids accounted, 8.16 MiB loaded a token; 0 the gate failed to switch off, 0 it could not gate
ds4:   one token, exclusive, same window: entry 0.00 + encode 0.25 + commit-to-done 87.50 + repair-load 1.45 + accounting 0.05 + tail 3.11 = 92.37 of a 94.52 ms wall, residual 2.15
ds4:   GPU busy 91.44 ms of the token's wall (the union of its buffers' spans), idle 3.08 ms
ds4:   1283.3 gated dispatches a token, 0.9 of them behind an abort; 46.5 sent plain ahead of a buffer's first validate
ds4:   encode-ahead: 12.72 segments used, 0.78 dropped, 2.06 ms a token spent encoding under the GPU
ds4:   concurrent sections: 87.75 attempted, 87.75 opened a token
ds4:   speculation: 0.00 layers a token, 0.00 lanes computed, 0.00 matched, 0.00 GEMVs actually saved, 0.00 left to compute; compared 0.00 lanes, 0.00 floats differ, 0.00 by more than an ulp
ds4:   Metal 4: 16.34 command buffers sent, 1422.4 dispatches a token; 0 pieces of Metal 3 work so far
ds4:   Metal 4 a token: encoders 103.2 serial + 87.8 concurrent; barriers 1203.1 after a dispatch, 19.6 at copies, 56.5 from the engine, 16.3 opening and 16.3 ending an encoder; 191.0 table clears, 5801.9 setBuffer, 1627.6 setBytes (145152 B); 1422.4 dispatches, 9.8 copies; 16.34 blocking waits, 90.08 ms; 174.7 section barriers
ds4:   expert cache over the last 64 tokens: 240.00 hits, 0.86 misses, 0.86 evictions a token; 9648 of 9648 entries live (100.0%)
ds4:   of the address-table holes repaired a token: 0.00 already resident, 0.86 genuinely absent
ds4:   of the repair a token: readahead 0.42 ms, slot preparation 0.08 ms, reads 0.95 ms, install 0.00 ms, over 0.86 loads
ds4:   Engram rows written at step start in 1792 steps; layer-13 drains 0
ds4:   residency a token: 0.00 adds, 0.00 removes, 0.00 commits
ds4:   decode path so far: 1856 single-row steps (97.2 ms each inside the graph over the last 64), 0 K-row verification steps over 0 positions, 0 batch-fusion sites taken; candidate K none
ds4: gate over tokens 1793-1856: 14.80 command buffers, 1.09 aborts, 240.0 expert ids accounted, 10.68 MiB loaded a token; 0 the gate failed to switch off, 0 it could not gate
ds4:   one token, exclusive, same window: entry 0.00 + encode 0.27 + commit-to-done 87.77 + repair-load 1.62 + accounting 0.05 + tail 3.03 = 92.74 of a 94.95 ms wall, residual 2.21
ds4:   GPU busy 91.64 ms of the token's wall (the union of its buffers' spans), idle 3.31 ms
ds4:   1289.8 gated dispatches a token, 0.9 of them behind an abort; 52.1 sent plain ahead of a buffer's first validate
ds4:   encode-ahead: 12.70 segments used, 1.00 dropped, 2.08 ms a token spent encoding under the GPU
ds4:   concurrent sections: 89.84 attempted, 89.84 opened a token
ds4:   speculation: 0.00 layers a token, 0.00 lanes computed, 0.00 matched, 0.00 GEMVs actually saved, 0.00 left to compute; compared 0.00 lanes, 0.00 floats differ, 0.00 by more than an ulp
ds4:   Metal 4: 16.80 command buffers sent, 1450.2 dispatches a token; 0 pieces of Metal 3 work so far
ds4:   Metal 4 a token: encoders 105.5 serial + 89.8 concurrent; barriers 1225.6 after a dispatch, 19.5 at copies, 57.5 from the engine, 16.8 opening and 16.8 ending an encoder; 195.4 table clears, 5916.2 setBuffer, 1660.0 setBytes (147905 B); 1450.2 dispatches, 9.7 copies; 16.80 blocking waits, 90.27 ms; 178.6 section barriers
ds4:   expert cache over the last 64 tokens: 240.00 hits, 1.12 misses, 1.12 evictions a token; 9648 of 9648 entries live (100.0%)
ds4:   of the address-table holes repaired a token: 0.00 already resident, 1.12 genuinely absent
ds4:   of the repair a token: readahead 0.65 ms, slot preparation 0.10 ms, reads 0.86 ms, install 0.00 ms, over 1.12 loads
ds4:   Engram rows written at step start in 1856 steps; layer-13 drains 0
ds4:   residency a token: 0.00 adds, 0.00 removes, 0.00 commits
ds4:   decode path so far: 1920 single-row steps (96.6 ms each inside the graph over the last 64), 0 K-row verification steps over 0 positions, 0 batch-fusion sites taken; candidate K none
ds4: gate over tokens 1857-1920: 14.80 command buffers, 1.23 aborts, 240.0 expert ids accounted, 12.46 MiB loaded a token; 0 the gate failed to switch off, 0 it could not gate
ds4:   one token, exclusive, same window: entry 0.00 + encode 0.31 + commit-to-done 86.73 + repair-load 1.84 + accounting 0.05 + tail 2.93 = 91.86 of a 94.15 ms wall, residual 2.29
ds4:   GPU busy 90.52 ms of the token's wall (the union of its buffers' spans), idle 3.63 ms
ds4:   1286.6 gated dispatches a token, 0.5 of them behind an abort; 58.6 sent plain ahead of a buffer's first validate
ds4:   encode-ahead: 12.56 segments used, 1.19 dropped, 2.16 ms a token spent encoding under the GPU
ds4:   concurrent sections: 91.25 attempted, 91.25 opened a token
ds4:   speculation: 0.00 layers a token, 0.00 lanes computed, 0.00 matched, 0.00 GEMVs actually saved, 0.00 left to compute; compared 0.00 lanes, 0.00 floats differ, 0.00 by more than an ulp
ds4:   Metal 4: 16.98 command buffers sent, 1468.7 dispatches a token; 0 pieces of Metal 3 work so far
ds4:   Metal 4 a token: encoders 107.0 serial + 91.2 concurrent; barriers 1240.6 after a dispatch, 19.3 at copies, 58.1 from the engine, 17.0 opening and 17.0 ending an encoder; 198.2 table clears, 5994.6 setBuffer, 1681.6 setBytes (149841 B); 1468.7 dispatches, 9.7 copies; 16.98 blocking waits, 89.12 ms; 181.3 section barriers
ds4:   expert cache over the last 64 tokens: 240.00 hits, 1.31 misses, 1.31 evictions a token; 9648 of 9648 entries live (100.0%)
ds4:   of the address-table holes repaired a token: 0.00 already resident, 1.31 genuinely absent
ds4:   of the repair a token: readahead 0.76 ms, slot preparation 0.10 ms, reads 0.96 ms, install 0.00 ms, over 1.31 loads
ds4:   Engram rows written at step start in 1920 steps; layer-13 drains 0
ds4:   residency a token: 0.00 adds, 0.00 removes, 0.00 commits
ds4:   decode path so far: 1984 single-row steps (94.7 ms each inside the graph over the last 64), 0 K-row verification steps over 0 positions, 0 batch-fusion sites taken; candidate K none
ds4: gate over tokens 1921-1984: 14.50 command buffers, 0.84 aborts, 240.0 expert ids accounted, 8.01 MiB loaded a token; 0 the gate failed to switch off, 0 it could not gate
ds4:   one token, exclusive, same window: entry 0.00 + encode 0.25 + commit-to-done 85.47 + repair-load 1.34 + accounting 0.05 + tail 2.85 = 89.96 of a 92.18 ms wall, residual 2.22
ds4:   GPU busy 89.23 ms of the token's wall (the union of its buffers' spans), idle 2.96 ms
ds4:   1282.7 gated dispatches a token, 0.5 of them behind an abort; 45.8 sent plain ahead of a buffer's first validate
ds4:   encode-ahead: 12.66 segments used, 0.81 dropped, 2.12 ms a token spent encoding under the GPU
ds4:   concurrent sections: 87.66 attempted, 87.66 opened a token
ds4:   speculation: 0.00 layers a token, 0.00 lanes computed, 0.00 matched, 0.00 GEMVs actually saved, 0.00 left to compute; compared 0.00 lanes, 0.00 floats differ, 0.00 by more than an ulp
ds4:   Metal 4: 16.31 command buffers sent, 1421.1 dispatches a token; 0 pieces of Metal 3 work so far
ds4:   Metal 4 a token: encoders 103.1 serial + 87.7 concurrent; barriers 1202.0 after a dispatch, 19.1 at copies, 56.5 from the engine, 16.3 opening and 16.3 ending an encoder; 190.8 table clears, 5795.9 setBuffer, 1626.1 setBytes (144904 B); 1421.1 dispatches, 9.5 copies; 16.31 blocking waits, 87.78 ms; 174.5 section barriers
ds4:   expert cache over the last 64 tokens: 240.00 hits, 0.84 misses, 0.84 evictions a token; 9648 of 9648 entries live (100.0%)
ds4:   of the address-table holes repaired a token: 0.00 already resident, 0.84 genuinely absent
ds4:   of the repair a token: readahead 0.46 ms, slot preparation 0.08 ms, reads 0.79 ms, install 0.00 ms, over 0.84 loads
ds4:   Engram rows written at step start in 1984 steps; layer-13 drains 0
ds4:   residency a token: 0.00 adds, 0.00 removes, 0.00 commits
ds4:   decode path so far: 2048 single-row steps (97.5 ms each inside the graph over the last 64), 0 K-row verification steps over 0 positions, 0 batch-fusion sites taken; candidate K none
ds4: gate over tokens 1985-2048: 14.62 command buffers, 0.88 aborts, 240.0 expert ids accounted, 8.45 MiB loaded a token; 0 the gate failed to switch off, 0 it could not gate
ds4:   one token, exclusive, same window: entry 0.00 + encode 0.24 + commit-to-done 88.59 + repair-load 1.26 + accounting 0.05 + tail 3.15 = 93.30 of a 95.44 ms wall, residual 2.14
ds4:   GPU busy 92.58 ms of the token's wall (the union of its buffers' spans), idle 2.86 ms
ds4:   1288.5 gated dispatches a token, 0.9 of them behind an abort; 47.5 sent plain ahead of a buffer's first validate
ds4:   encode-ahead: 12.75 segments used, 0.84 dropped, 2.04 ms a token spent encoding under the GPU
ds4:   concurrent sections: 88.44 attempted, 88.44 opened a token
ds4:   speculation: 0.00 layers a token, 0.00 lanes computed, 0.00 matched, 0.00 GEMVs actually saved, 0.00 left to compute; compared 0.00 lanes, 0.00 floats differ, 0.00 by more than an ulp
ds4:   Metal 4: 16.47 command buffers sent, 1432.6 dispatches a token; 0 pieces of Metal 3 work so far
ds4:   Metal 4 a token: encoders 104.0 serial + 88.4 concurrent; barriers 1211.5 after a dispatch, 19.7 at copies, 56.9 from the engine, 16.5 opening and 16.5 ending an encoder; 192.5 table clears, 5845.2 setBuffer, 1639.4 setBytes (146230 B); 1432.6 dispatches, 9.8 copies; 16.47 blocking waits, 91.21 ms; 176.0 section barriers
ds4:   expert cache over the last 64 tokens: 240.00 hits, 0.89 misses, 0.89 evictions a token; 9648 of 9648 entries live (100.0%)
ds4:   of the address-table holes repaired a token: 0.00 already resident, 0.89 genuinely absent
ds4:   of the repair a token: readahead 0.52 ms, slot preparation 0.08 ms, reads 0.66 ms, install 0.00 ms, over 0.89 loads
ds4:   Engram rows written at step start in 2048 steps; layer-13 drains 0
ds4:   residency a token: 0.00 adds, 0.00 removes, 0.00 commits
ds4:   decode path so far: 2112 single-row steps (98.8 ms each inside the graph over the last 64), 0 K-row verification steps over 0 positions, 0 batch-fusion sites taken; candidate K none
ds4: gate over tokens 2049-2112: 14.95 command buffers, 1.36 aborts, 240.0 expert ids accounted, 13.79 MiB loaded a token; 0 the gate failed to switch off, 0 it could not gate
ds4:   one token, exclusive, same window: entry 0.00 + encode 0.28 + commit-to-done 88.98 + repair-load 2.02 + accounting 0.05 + tail 3.08 = 94.41 of a 96.61 ms wall, residual 2.20
ds4:   GPU busy 92.83 ms of the token's wall (the union of its buffers' spans), idle 3.78 ms
ds4:   1276.3 gated dispatches a token, 0.9 of them behind an abort; 60.6 sent plain ahead of a buffer's first validate
ds4:   encode-ahead: 12.59 segments used, 1.30 dropped, 2.05 ms a token spent encoding under the GPU
ds4:   concurrent sections: 92.41 attempted, 92.41 opened a token
ds4:   speculation: 0.00 layers a token, 0.00 lanes computed, 0.00 matched, 0.00 GEMVs actually saved, 0.00 left to compute; compared 0.00 lanes, 0.00 floats differ, 0.00 by more than an ulp
ds4:   Metal 4: 17.25 command buffers sent, 1472.2 dispatches a token; 0 pieces of Metal 3 work so far
ds4:   Metal 4 a token: encoders 108.3 serial + 92.4 concurrent; barriers 1241.2 after a dispatch, 19.9 at copies, 58.7 from the engine, 17.2 opening and 17.2 ending an encoder; 200.7 table clears, 6001.4 setBuffer, 1687.6 setBytes (150181 B); 1472.2 dispatches, 10.0 copies; 17.25 blocking waits, 91.54 ms; 183.5 section barriers
ds4:   expert cache over the last 64 tokens: 240.00 hits, 1.45 misses, 1.45 evictions a token; 9648 of 9648 entries live (100.0%)
ds4:   of the address-table holes repaired a token: 0.00 already resident, 1.45 genuinely absent
ds4:   of the repair a token: readahead 0.80 ms, slot preparation 0.10 ms, reads 1.11 ms, install 0.00 ms, over 1.45 loads
ds4:   Engram rows written at step start in 2112 steps; layer-13 drains 0
ds4:   residency a token: 0.00 adds, 0.00 removes, 0.00 commits
ds4:   decode path so far: 2176 single-row steps (95.9 ms each inside the graph over the last 64), 0 K-row verification steps over 0 positions, 0 batch-fusion sites taken; candidate K none
ds4: gate over tokens 2113-2176: 14.66 command buffers, 0.88 aborts, 240.0 expert ids accounted, 8.60 MiB loaded a token; 0 the gate failed to switch off, 0 it could not gate
ds4:   one token, exclusive, same window: entry 0.00 + encode 0.24 + commit-to-done 86.86 + repair-load 1.27 + accounting 0.05 + tail 2.97 = 91.40 of a 93.57 ms wall, residual 2.17
ds4:   GPU busy 90.74 ms of the token's wall (the union of its buffers' spans), idle 2.82 ms
ds4:   1278.5 gated dispatches a token, 0.9 of them behind an abort; 47.5 sent plain ahead of a buffer's first validate
ds4:   encode-ahead: 12.78 segments used, 0.84 dropped, 2.07 ms a token spent encoding under the GPU
ds4:   concurrent sections: 88.53 attempted, 88.53 opened a token
ds4:   speculation: 0.00 layers a token, 0.00 lanes computed, 0.00 matched, 0.00 GEMVs actually saved, 0.00 left to compute; compared 0.00 lanes, 0.00 floats differ, 0.00 by more than an ulp
ds4:   Metal 4: 16.50 command buffers sent, 1421.0 dispatches a token; 0 pieces of Metal 3 work so far
ds4:   Metal 4 a token: encoders 104.2 serial + 88.5 concurrent; barriers 1199.7 after a dispatch, 19.3 at copies, 57.0 from the engine, 16.5 opening and 16.5 ending an encoder; 192.7 table clears, 5791.1 setBuffer, 1628.0 setBytes (144912 B); 1421.0 dispatches, 9.6 copies; 16.50 blocking waits, 89.29 ms; 176.2 section barriers
ds4:   expert cache over the last 64 tokens: 240.00 hits, 0.91 misses, 0.91 evictions a token; 9648 of 9648 entries live (100.0%)
ds4:   of the address-table holes repaired a token: 0.00 already resident, 0.91 genuinely absent
ds4:   of the repair a token: readahead 0.51 ms, slot preparation 0.08 ms, reads 0.67 ms, install 0.00 ms, over 0.91 loads
ds4:   Engram rows written at step start in 2176 steps; layer-13 drains 0
ds4:   residency a token: 0.00 adds, 0.00 removes, 0.00 commits
ds4:   decode path so far: 2240 single-row steps (95.4 ms each inside the graph over the last 64), 0 K-row verification steps over 0 positions, 0 batch-fusion sites taken; candidate K none
ds4: gate over tokens 2177-2240: 14.53 command buffers, 0.77 aborts, 240.0 expert ids accounted, 7.42 MiB loaded a token; 0 the gate failed to switch off, 0 it could not gate
ds4:   one token, exclusive, same window: entry 0.00 + encode 0.23 + commit-to-done 86.39 + repair-load 1.25 + accounting 0.05 + tail 2.85 = 90.78 of a 92.89 ms wall, residual 2.11
ds4:   GPU busy 89.95 ms of the token's wall (the union of its buffers' spans), idle 2.94 ms
ds4:   1273.2 gated dispatches a token, 1.9 of them behind an abort; 44.2 sent plain ahead of a buffer's first validate
ds4:   encode-ahead: 12.77 segments used, 0.70 dropped, 2.03 ms a token spent encoding under the GPU
ds4:   concurrent sections: 87.12 attempted, 87.12 opened a token
ds4:   speculation: 0.00 layers a token, 0.00 lanes computed, 0.00 matched, 0.00 GEMVs actually saved, 0.00 left to compute; compared 0.00 lanes, 0.00 floats differ, 0.00 by more than an ulp
ds4:   Metal 4: 16.23 command buffers sent, 1401.4 dispatches a token; 0 pieces of Metal 3 work so far
ds4:   Metal 4 a token: encoders 102.6 serial + 87.1 concurrent; barriers 1183.6 after a dispatch, 19.1 at copies, 56.3 from the engine, 16.2 opening and 16.2 ending an encoder; 189.7 table clears, 5709.8 setBuffer, 1605.2 setBytes (142882 B); 1401.4 dispatches, 9.5 copies; 16.23 blocking waits, 88.70 ms; 173.5 section barriers
ds4:   expert cache over the last 64 tokens: 240.00 hits, 0.78 misses, 0.78 evictions a token; 9648 of 9648 entries live (100.0%)
ds4:   of the address-table holes repaired a token: 0.00 already resident, 0.78 genuinely absent
ds4:   of the repair a token: readahead 0.44 ms, slot preparation 0.07 ms, reads 0.74 ms, install 0.00 ms, over 0.78 loads
ds4:   Engram rows written at step start in 2240 steps; layer-13 drains 0
ds4:   residency a token: 0.00 adds, 0.00 removes, 0.00 commits
ds4:   decode path so far: 2304 single-row steps (93.9 ms each inside the graph over the last 64), 0 K-row verification steps over 0 positions, 0 batch-fusion sites taken; candidate K none
ds4: gate over tokens 2241-2304: 14.75 command buffers, 0.92 aborts, 240.0 expert ids accounted, 9.20 MiB loaded a token; 0 the gate failed to switch off, 0 it could not gate
ds4:   one token, exclusive, same window: entry 0.00 + encode 0.26 + commit-to-done 84.81 + repair-load 1.62 + accounting 0.05 + tail 2.87 = 89.60 of a 91.81 ms wall, residual 2.21
ds4:   GPU busy 88.60 ms of the token's wall (the union of its buffers' spans), idle 3.21 ms
ds4:   1278.4 gated dispatches a token, 0.9 of them behind an abort; 47.5 sent plain ahead of a buffer's first validate
ds4:   encode-ahead: 12.83 segments used, 0.84 dropped, 2.11 ms a token spent encoding under the GPU
ds4:   concurrent sections: 88.72 attempted, 88.72 opened a token
ds4:   speculation: 0.00 layers a token, 0.00 lanes computed, 0.00 matched, 0.00 GEMVs actually saved, 0.00 left to compute; compared 0.00 lanes, 0.00 floats differ, 0.00 by more than an ulp
ds4:   Metal 4: 16.59 command buffers sent, 1421.5 dispatches a token; 0 pieces of Metal 3 work so far
ds4:   Metal 4 a token: encoders 104.4 serial + 88.7 concurrent; barriers 1199.7 after a dispatch, 19.2 at copies, 57.1 from the engine, 16.6 opening and 16.6 ending an encoder; 193.1 table clears, 5796.4 setBuffer, 1628.8 setBytes (145100 B); 1421.5 dispatches, 9.6 copies; 16.59 blocking waits, 87.13 ms; 176.5 section barriers
ds4:   expert cache over the last 64 tokens: 240.00 hits, 0.97 misses, 0.97 evictions a token; 9648 of 9648 entries live (100.0%)
ds4:   of the address-table holes repaired a token: 0.00 already resident, 0.97 genuinely absent
ds4:   of the repair a token: readahead 0.52 ms, slot preparation 0.08 ms, reads 1.00 ms, install 0.00 ms, over 0.97 loads
ds4:   Engram rows written at step start in 2304 steps; layer-13 drains 0
ds4:   residency a token: 0.00 adds, 0.00 removes, 0.00 commits
ds4:   decode path so far: 2368 single-row steps (93.7 ms each inside the graph over the last 64), 0 K-row verification steps over 0 positions, 0 batch-fusion sites taken; candidate K none
ds4: gate over tokens 2305-2368: 14.28 command buffers, 0.45 aborts, 240.0 expert ids accounted, 4.45 MiB loaded a token; 0 the gate failed to switch off, 0 it could not gate
ds4:   one token, exclusive, same window: entry 0.00 + encode 0.19 + commit-to-done 86.17 + repair-load 0.81 + accounting 0.05 + tail 2.85 = 90.07 of a 92.14 ms wall, residual 2.07
ds4:   GPU busy 89.95 ms of the token's wall (the union of its buffers' spans), idle 2.19 ms
ds4:   1269.3 gated dispatches a token, 0.5 of them behind an abort; 34.5 sent plain ahead of a buffer's first validate
ds4:   encode-ahead: 12.83 segments used, 0.44 dropped, 2.01 ms a token spent encoding under the GPU
ds4:   concurrent sections: 84.25 attempted, 84.25 opened a token
ds4:   speculation: 0.00 layers a token, 0.00 lanes computed, 0.00 matched, 0.00 GEMVs actually saved, 0.00 left to compute; compared 0.00 lanes, 0.00 floats differ, 0.00 by more than an ulp
ds4:   Metal 4: 15.72 command buffers sent, 1362.6 dispatches a token; 0 pieces of Metal 3 work so far
ds4:   Metal 4 a token: encoders 99.5 serial + 84.2 concurrent; barriers 1152.0 after a dispatch, 18.5 at copies, 54.9 from the engine, 15.7 opening and 15.7 ending an encoder; 183.8 table clears, 5550.0 setBuffer, 1560.0 setBytes (138876 B); 1362.6 dispatches, 9.3 copies; 15.72 blocking waits, 88.47 ms; 168.0 section barriers
ds4:   expert cache over the last 64 tokens: 240.00 hits, 0.47 misses, 0.47 evictions a token; 9648 of 9648 entries live (100.0%)
ds4:   of the address-table holes repaired a token: 0.00 already resident, 0.47 genuinely absent
ds4:   of the repair a token: readahead 0.29 ms, slot preparation 0.04 ms, reads 0.47 ms, install 0.00 ms, over 0.47 loads
ds4:   Engram rows written at step start in 2368 steps; layer-13 drains 0
ds4:   residency a token: 0.00 adds, 0.00 removes, 0.00 commits
ds4:   decode path so far: 2432 single-row steps (94.2 ms each inside the graph over the last 64), 0 K-row verification steps over 0 positions, 0 batch-fusion sites taken; candidate K none
ds4: gate over tokens 2369-2432: 14.69 command buffers, 1.02 aborts, 240.0 expert ids accounted, 10.09 MiB loaded a token; 0 the gate failed to switch off, 0 it could not gate
ds4:   one token, exclusive, same window: entry 0.00 + encode 0.24 + commit-to-done 84.61 + repair-load 1.46 + accounting 0.05 + tail 2.85 = 89.20 of a 91.31 ms wall, residual 2.11
ds4:   GPU busy 88.24 ms of the token's wall (the union of its buffers' spans), idle 3.06 ms
ds4:   1273.7 gated dispatches a token, 0.9 of them behind an abort; 50.2 sent plain ahead of a buffer's first validate
ds4:   encode-ahead: 12.67 segments used, 0.94 dropped, 2.01 ms a token spent encoding under the GPU
ds4:   concurrent sections: 89.06 attempted, 89.06 opened a token
ds4:   speculation: 0.00 layers a token, 0.00 lanes computed, 0.00 matched, 0.00 GEMVs actually saved, 0.00 left to compute; compared 0.00 lanes, 0.00 floats differ, 0.00 by more than an ulp
ds4:   Metal 4: 16.62 command buffers sent, 1425.8 dispatches a token; 0 pieces of Metal 3 work so far
ds4:   Metal 4 a token: encoders 104.7 serial + 89.1 concurrent; barriers 1203.1 after a dispatch, 19.4 at copies, 57.1 from the engine, 16.6 opening and 16.6 ending an encoder; 193.7 table clears, 5811.6 setBuffer, 1633.8 setBytes (145424 B); 1425.8 dispatches, 9.7 copies; 16.62 blocking waits, 86.93 ms; 177.1 section barriers
ds4:   expert cache over the last 64 tokens: 240.00 hits, 1.06 misses, 1.06 evictions a token; 9648 of 9648 entries live (100.0%)
ds4:   of the address-table holes repaired a token: 0.00 already resident, 1.06 genuinely absent
ds4:   of the repair a token: readahead 0.55 ms, slot preparation 0.08 ms, reads 0.82 ms, install 0.00 ms, over 1.06 loads
ds4:   Engram rows written at step start in 2432 steps; layer-13 drains 0
ds4:   residency a token: 0.00 adds, 0.00 removes, 0.00 commits
ds4:   decode path so far: 2496 single-row steps (94.0 ms each inside the graph over the last 64), 0 K-row verification steps over 0 positions, 0 batch-fusion sites taken; candidate K none
ds4: gate over tokens 2433-2496: 14.48 command buffers, 0.69 aborts, 240.0 expert ids accounted, 6.53 MiB loaded a token; 0 the gate failed to switch off, 0 it could not gate
ds4:   one token, exclusive, same window: entry 0.00 + encode 0.21 + commit-to-done 85.34 + repair-load 1.12 + accounting 0.05 + tail 2.85 = 89.58 of a 91.68 ms wall, residual 2.10
ds4:   GPU busy 89.03 ms of the token's wall (the union of its buffers' spans), idle 2.65 ms
ds4:   1273.3 gated dispatches a token, 0.9 of them behind an abort; 40.7 sent plain ahead of a buffer's first validate
ds4:   encode-ahead: 12.80 segments used, 0.62 dropped, 2.02 ms a token spent encoding under the GPU
ds4:   concurrent sections: 86.31 attempted, 86.31 opened a token
ds4:   speculation: 0.00 layers a token, 0.00 lanes computed, 0.00 matched, 0.00 GEMVs actually saved, 0.00 left to compute; compared 0.00 lanes, 0.00 floats differ, 0.00 by more than an ulp
ds4:   Metal 4: 16.11 command buffers sent, 1389.3 dispatches a token; 0 pieces of Metal 3 work so far
ds4:   Metal 4 a token: encoders 101.7 serial + 86.3 concurrent; barriers 1173.5 after a dispatch, 18.7 at copies, 55.9 from the engine, 16.1 opening and 16.1 ending an encoder; 188.0 table clears, 5661.7 setBuffer, 1591.3 setBytes (141644 B); 1389.3 dispatches, 9.3 copies; 16.11 blocking waits, 87.65 ms; 171.9 section barriers
ds4:   expert cache over the last 64 tokens: 240.00 hits, 0.69 misses, 0.69 evictions a token; 9648 of 9648 entries live (100.0%)
ds4:   of the address-table holes repaired a token: 0.00 already resident, 0.69 genuinely absent
ds4:   of the repair a token: readahead 0.42 ms, slot preparation 0.06 ms, reads 0.64 ms, install 0.00 ms, over 0.69 loads
ds4:   Engram rows written at step start in 2496 steps; layer-13 drains 0
ds4:   residency a token: 0.00 adds, 0.00 removes, 0.00 commits
ds4:   decode path so far: 2560 single-row steps (94.2 ms each inside the graph over the last 64), 0 K-row verification steps over 0 positions, 0 batch-fusion sites taken; candidate K none
ds4: gate over tokens 2497-2560: 14.44 command buffers, 0.67 aborts, 240.0 expert ids accounted, 6.53 MiB loaded a token; 0 the gate failed to switch off, 0 it could not gate
ds4:   one token, exclusive, same window: entry 0.00 + encode 0.21 + commit-to-done 85.77 + repair-load 1.09 + accounting 0.05 + tail 2.91 = 90.03 of a 92.13 ms wall, residual 2.11
ds4:   GPU busy 89.55 ms of the token's wall (the union of its buffers' spans), idle 2.58 ms
ds4:   1271.5 gated dispatches a token, 0.0 of them behind an abort; 41.9 sent plain ahead of a buffer's first validate
ds4:   encode-ahead: 12.77 segments used, 0.66 dropped, 2.02 ms a token spent encoding under the GPU
ds4:   concurrent sections: 86.34 attempted, 86.34 opened a token
ds4:   speculation: 0.00 layers a token, 0.00 lanes computed, 0.00 matched, 0.00 GEMVs actually saved, 0.00 left to compute; compared 0.00 lanes, 0.00 floats differ, 0.00 by more than an ulp
ds4:   Metal 4: 16.09 command buffers sent, 1390.7 dispatches a token; 0 pieces of Metal 3 work so far
ds4:   Metal 4 a token: encoders 101.8 serial + 86.3 concurrent; barriers 1174.9 after a dispatch, 19.4 at copies, 55.9 from the engine, 16.1 opening and 16.1 ending an encoder; 188.1 table clears, 5666.9 setBuffer, 1592.8 setBytes (141904 B); 1390.7 dispatches, 9.7 copies; 16.09 blocking waits, 88.14 ms; 172.0 section barriers
ds4:   expert cache over the last 64 tokens: 240.00 hits, 0.69 misses, 0.69 evictions a token; 9648 of 9648 entries live (100.0%)
ds4:   of the address-table holes repaired a token: 0.00 already resident, 0.69 genuinely absent
ds4:   of the repair a token: readahead 0.43 ms, slot preparation 0.06 ms, reads 0.59 ms, install 0.00 ms, over 0.69 loads
ds4:   Engram rows written at step start in 2560 steps; layer-13 drains 0
ds4:   residency a token: 0.00 adds, 0.00 removes, 0.00 commits
ds4:   decode path so far: 2624 single-row steps (95.5 ms each inside the graph over the last 64), 0 K-row verification steps over 0 positions, 0 batch-fusion sites taken; candidate K none
ds4: gate over tokens 2561-2624: 14.50 command buffers, 0.73 aborts, 240.0 expert ids accounted, 7.42 MiB loaded a token; 0 the gate failed to switch off, 0 it could not gate
ds4:   one token, exclusive, same window: entry 0.00 + encode 0.22 + commit-to-done 85.58 + repair-load 1.88 + accounting 0.05 + tail 2.84 = 90.58 of a 92.66 ms wall, residual 2.08
ds4:   GPU busy 89.28 ms of the token's wall (the union of its buffers' spans), idle 3.38 ms
ds4:   1273.0 gated dispatches a token, 0.5 of them behind an abort; 42.5 sent plain ahead of a buffer's first validate
ds4:   encode-ahead: 12.77 segments used, 0.69 dropped, 2.01 ms a token spent encoding under the GPU
ds4:   concurrent sections: 86.56 attempted, 86.56 opened a token
ds4:   speculation: 0.00 layers a token, 0.00 lanes computed, 0.00 matched, 0.00 GEMVs actually saved, 0.00 left to compute; compared 0.00 lanes, 0.00 floats differ, 0.00 by more than an ulp
ds4:   Metal 4: 16.19 command buffers sent, 1392.4 dispatches a token; 0 pieces of Metal 3 work so far
ds4:   Metal 4 a token: encoders 102.0 serial + 86.6 concurrent; barriers 1176.0 after a dispatch, 19.0 at copies, 56.0 from the engine, 16.2 opening and 16.2 ending an encoder; 188.6 table clears, 5674.0 setBuffer, 1594.9 setBytes (141980 B); 1392.4 dispatches, 9.5 copies; 16.19 blocking waits, 87.88 ms; 172.4 section barriers
ds4:   expert cache over the last 64 tokens: 240.00 hits, 0.78 misses, 0.78 evictions a token; 9648 of 9648 entries live (100.0%)
ds4:   of the address-table holes repaired a token: 0.00 already resident, 0.78 genuinely absent
ds4:   of the repair a token: readahead 1.14 ms, slot preparation 0.06 ms, reads 0.67 ms, install 0.00 ms, over 0.78 loads
ds4:   Engram rows written at step start in 2624 steps; layer-13 drains 0
ds4:   residency a token: 0.00 adds, 0.00 removes, 0.00 commits
ds4:   decode path so far: 2688 single-row steps (94.1 ms each inside the graph over the last 64), 0 K-row verification steps over 0 positions, 0 batch-fusion sites taken; candidate K none
ds4: gate over tokens 2625-2688: 14.58 command buffers, 0.84 aborts, 240.0 expert ids accounted, 8.01 MiB loaded a token; 0 the gate failed to switch off, 0 it could not gate
ds4:   one token, exclusive, same window: entry 0.00 + encode 0.24 + commit-to-done 85.22 + repair-load 1.42 + accounting 0.05 + tail 2.92 = 89.86 of a 92.04 ms wall, residual 2.18
ds4:   GPU busy 89.02 ms of the token's wall (the union of its buffers' spans), idle 3.01 ms
ds4:   1272.5 gated dispatches a token, 0.5 of them behind an abort; 45.9 sent plain ahead of a buffer's first validate
ds4:   encode-ahead: 12.73 segments used, 0.80 dropped, 2.08 ms a token spent encoding under the GPU
ds4:   concurrent sections: 87.81 attempted, 87.81 opened a token
ds4:   speculation: 0.00 layers a token, 0.00 lanes computed, 0.00 matched, 0.00 GEMVs actually saved, 0.00 left to compute; compared 0.00 lanes, 0.00 floats differ, 0.00 by more than an ulp
ds4:   Metal 4: 16.38 command buffers sent, 1411.2 dispatches a token; 0 pieces of Metal 3 work so far
ds4:   Metal 4 a token: encoders 103.3 serial + 87.8 concurrent; barriers 1191.6 after a dispatch, 19.1 at copies, 56.6 from the engine, 16.4 opening and 16.4 ending an encoder; 191.2 table clears, 5749.3 setBuffer, 1616.5 setBytes (143880 B); 1411.2 dispatches, 9.5 copies; 16.38 blocking waits, 87.60 ms; 174.8 section barriers
ds4:   expert cache over the last 64 tokens: 240.00 hits, 0.84 misses, 0.84 evictions a token; 9648 of 9648 entries live (100.0%)
ds4:   of the address-table holes repaired a token: 0.00 already resident, 0.84 genuinely absent
ds4:   of the repair a token: readahead 0.47 ms, slot preparation 0.08 ms, reads 0.87 ms, install 0.00 ms, over 0.84 loads
ds4:   Engram rows written at step start in 2688 steps; layer-13 drains 0
ds4:   residency a token: 0.00 adds, 0.00 removes, 0.00 commits
ds4:   decode path so far: 2752 single-row steps (92.7 ms each inside the graph over the last 64), 0 K-row verification steps over 0 positions, 0 batch-fusion sites taken; candidate K none
ds4: gate over tokens 2689-2752: 14.47 command buffers, 0.62 aborts, 240.0 expert ids accounted, 5.93 MiB loaded a token; 0 the gate failed to switch off, 0 it could not gate
ds4:   one token, exclusive, same window: entry 0.00 + encode 0.20 + commit-to-done 84.01 + repair-load 0.99 + accounting 0.05 + tail 2.95 = 88.21 of a 90.29 ms wall, residual 2.09
ds4:   GPU busy 87.77 ms of the token's wall (the union of its buffers' spans), idle 2.52 ms
ds4:   1274.0 gated dispatches a token, 0.5 of them behind an abort; 38.8 sent plain ahead of a buffer's first validate
ds4:   encode-ahead: 12.84 segments used, 0.58 dropped, 2.01 ms a token spent encoding under the GPU
ds4:   concurrent sections: 85.91 attempted, 85.91 opened a token
ds4:   speculation: 0.00 layers a token, 0.00 lanes computed, 0.00 matched, 0.00 GEMVs actually saved, 0.00 left to compute; compared 0.00 lanes, 0.00 floats differ, 0.00 by more than an ulp
ds4:   Metal 4: 16.05 command buffers sent, 1385.1 dispatches a token; 0 pieces of Metal 3 work so far
ds4:   Metal 4 a token: encoders 101.3 serial + 85.9 concurrent; barriers 1170.4 after a dispatch, 19.0 at copies, 55.8 from the engine, 16.0 opening and 16.0 ending an encoder; 187.2 table clears, 5642.9 setBuffer, 1586.2 setBytes (141208 B); 1385.1 dispatches, 9.5 copies; 16.05 blocking waits, 86.42 ms; 171.2 section barriers
ds4:   expert cache over the last 64 tokens: 240.00 hits, 0.62 misses, 0.62 evictions a token; 9648 of 9648 entries live (100.0%)
ds4:   of the address-table holes repaired a token: 0.00 already resident, 0.62 genuinely absent
ds4:   of the repair a token: readahead 0.32 ms, slot preparation 0.06 ms, reads 0.61 ms, install 0.00 ms, over 0.62 loads
ds4:   Engram rows written at step start in 2752 steps; layer-13 drains 0
ds4:   residency a token: 0.00 adds, 0.00 removes, 0.00 commits
ds4:   decode path so far: 2816 single-row steps (92.1 ms each inside the graph over the last 64), 0 K-row verification steps over 0 positions, 0 batch-fusion sites taken; candidate K none
ds4: gate over tokens 2753-2816: 14.41 command buffers, 0.59 aborts, 240.0 expert ids accounted, 5.64 MiB loaded a token; 0 the gate failed to switch off, 0 it could not gate
ds4:   one token, exclusive, same window: entry 0.00 + encode 0.20 + commit-to-done 83.57 + repair-load 0.93 + accounting 0.05 + tail 2.93 = 87.69 of a 89.85 ms wall, residual 2.16
ds4:   GPU busy 87.50 ms of the token's wall (the union of its buffers' spans), idle 2.35 ms
ds4:   1270.2 gated dispatches a token, 0.5 of them behind an abort; 37.3 sent plain ahead of a buffer's first validate
ds4:   encode-ahead: 12.81 segments used, 0.56 dropped, 2.09 ms a token spent encoding under the GPU
ds4:   concurrent sections: 85.50 attempted, 85.50 opened a token
ds4:   speculation: 0.00 layers a token, 0.00 lanes computed, 0.00 matched, 0.00 GEMVs actually saved, 0.00 left to compute; compared 0.00 lanes, 0.00 floats differ, 0.00 by more than an ulp
ds4:   Metal 4: 15.97 command buffers sent, 1378.0 dispatches a token; 0 pieces of Metal 3 work so far
ds4:   Metal 4 a token: encoders 100.9 serial + 85.5 concurrent; barriers 1164.2 after a dispatch, 18.8 at copies, 55.5 from the engine, 16.0 opening and 16.0 ending an encoder; 186.4 table clears, 5616.4 setBuffer, 1578.2 setBytes (140594 B); 1378.0 dispatches, 9.4 copies; 15.97 blocking waits, 85.95 ms; 170.4 section barriers
ds4:   expert cache over the last 64 tokens: 240.00 hits, 0.59 misses, 0.59 evictions a token; 9648 of 9648 entries live (100.0%)
ds4:   of the address-table holes repaired a token: 0.00 already resident, 0.59 genuinely absent
ds4:   of the repair a token: readahead 0.30 ms, slot preparation 0.05 ms, reads 0.58 ms, install 0.00 ms, over 0.59 loads
ds4:   Engram rows written at step start in 2816 steps; layer-13 drains 0
ds4:   residency a token: 0.00 adds, 0.00 removes, 0.00 commits
ds4:   decode path so far: 2880 single-row steps (92.0 ms each inside the graph over the last 64), 0 K-row verification steps over 0 positions, 0 batch-fusion sites taken; candidate K none
ds4: gate over tokens 2817-2880: 14.62 command buffers, 0.86 aborts, 240.0 expert ids accounted, 8.75 MiB loaded a token; 0 the gate failed to switch off, 0 it could not gate
ds4:   one token, exclusive, same window: entry 0.00 + encode 0.23 + commit-to-done 83.17 + repair-load 1.35 + accounting 0.05 + tail 2.84 = 87.65 of a 89.77 ms wall, residual 2.12
ds4:   GPU busy 86.90 ms of the token's wall (the union of its buffers' spans), idle 2.88 ms
ds4:   1275.0 gated dispatches a token, 0.5 of them behind an abort; 47.5 sent plain ahead of a buffer's first validate
ds4:   encode-ahead: 12.77 segments used, 0.83 dropped, 2.03 ms a token spent encoding under the GPU
ds4:   concurrent sections: 88.16 attempted, 88.16 opened a token
ds4:   speculation: 0.00 layers a token, 0.00 lanes computed, 0.00 matched, 0.00 GEMVs actually saved, 0.00 left to compute; compared 0.00 lanes, 0.00 floats differ, 0.00 by more than an ulp
ds4:   Metal 4: 16.45 command buffers sent, 1415.5 dispatches a token; 0 pieces of Metal 3 work so far
ds4:   Metal 4 a token: encoders 103.8 serial + 88.2 concurrent; barriers 1195.1 after a dispatch, 19.0 at copies, 56.8 from the engine, 16.5 opening and 16.5 ending an encoder; 191.9 table clears, 5768.4 setBuffer, 1621.6 setBytes (144332 B); 1415.5 dispatches, 9.5 copies; 16.45 blocking waits, 85.48 ms; 175.5 section barriers
ds4:   expert cache over the last 64 tokens: 240.00 hits, 0.92 misses, 0.92 evictions a token; 9648 of 9648 entries live (100.0%)
ds4:   of the address-table holes repaired a token: 0.00 already resident, 0.92 genuinely absent
ds4:   of the repair a token: readahead 0.53 ms, slot preparation 0.07 ms, reads 0.75 ms, install 0.00 ms, over 0.92 loads
ds4:   Engram rows written at step start in 2880 steps; layer-13 drains 0
ds4:   residency a token: 0.00 adds, 0.00 removes, 0.00 commits
ds4:   decode path so far: 2944 single-row steps (91.5 ms each inside the graph over the last 64), 0 K-row verification steps over 0 positions, 0 batch-fusion sites taken; candidate K none
ds4: gate over tokens 2881-2944: 14.42 command buffers, 0.62 aborts, 240.0 expert ids accounted, 5.93 MiB loaded a token; 0 the gate failed to switch off, 0 it could not gate
ds4:   one token, exclusive, same window: entry 0.00 + encode 0.20 + commit-to-done 82.64 + repair-load 0.96 + accounting 0.05 + tail 2.77 = 86.63 of a 88.70 ms wall, residual 2.07
ds4:   GPU busy 86.25 ms of the token's wall (the union of its buffers' spans), idle 2.45 ms
ds4:   1272.5 gated dispatches a token, 1.9 of them behind an abort; 39.7 sent plain ahead of a buffer's first validate
ds4:   encode-ahead: 12.80 segments used, 0.59 dropped, 2.00 ms a token spent encoding under the GPU
ds4:   concurrent sections: 85.81 attempted, 85.81 opened a token
ds4:   speculation: 0.00 layers a token, 0.00 lanes computed, 0.00 matched, 0.00 GEMVs actually saved, 0.00 left to compute; compared 0.00 lanes, 0.00 floats differ, 0.00 by more than an ulp
ds4:   Metal 4: 16.02 command buffers sent, 1383.5 dispatches a token; 0 pieces of Metal 3 work so far
ds4:   Metal 4 a token: encoders 101.2 serial + 85.8 concurrent; barriers 1169.0 after a dispatch, 19.0 at copies, 55.7 from the engine, 16.0 opening and 16.0 ending an encoder; 187.0 table clears, 5636.4 setBuffer, 1584.4 setBytes (141044 B); 1383.5 dispatches, 9.5 copies; 16.02 blocking waits, 84.89 ms; 171.0 section barriers
ds4:   expert cache over the last 64 tokens: 240.00 hits, 0.62 misses, 0.62 evictions a token; 9648 of 9648 entries live (100.0%)
ds4:   of the address-table holes repaired a token: 0.00 already resident, 0.62 genuinely absent
ds4:   of the repair a token: readahead 0.29 ms, slot preparation 0.06 ms, reads 0.61 ms, install 0.00 ms, over 0.62 loads
ds4:   Engram rows written at step start in 2944 steps; layer-13 drains 0
ds4:   residency a token: 0.00 adds, 0.00 removes, 0.00 commits
ds4:   decode path so far: 3008 single-row steps (92.3 ms each inside the graph over the last 64), 0 K-row verification steps over 0 positions, 0 batch-fusion sites taken; candidate K none
ds4: gate over tokens 2945-3008: 14.50 command buffers, 0.75 aborts, 240.0 expert ids accounted, 7.12 MiB loaded a token; 0 the gate failed to switch off, 0 it could not gate
ds4:   one token, exclusive, same window: entry 0.00 + encode 0.22 + commit-to-done 83.59 + repair-load 1.09 + accounting 0.05 + tail 2.82 = 87.77 of a 89.89 ms wall, residual 2.12
ds4:   GPU busy 87.25 ms of the token's wall (the union of its buffers' spans), idle 2.64 ms
ds4:   1271.6 gated dispatches a token, 0.5 of them behind an abort; 42.6 sent plain ahead of a buffer's first validate
ds4:   encode-ahead: 12.75 segments used, 0.70 dropped, 2.04 ms a token spent encoding under the GPU
ds4:   concurrent sections: 86.78 attempted, 86.78 opened a token
ds4:   speculation: 0.00 layers a token, 0.00 lanes computed, 0.00 matched, 0.00 GEMVs actually saved, 0.00 left to compute; compared 0.00 lanes, 0.00 floats differ, 0.00 by more than an ulp
ds4:   Metal 4: 16.20 command buffers sent, 1394.8 dispatches a token; 0 pieces of Metal 3 work so far
ds4:   Metal 4 a token: encoders 102.2 serial + 86.8 concurrent; barriers 1177.9 after a dispatch, 18.9 at copies, 56.1 from the engine, 16.2 opening and 16.2 ending an encoder; 189.0 table clears, 5685.1 setBuffer, 1597.8 setBytes (142232 B); 1394.8 dispatches, 9.5 copies; 16.20 blocking waits, 85.86 ms; 172.8 section barriers
ds4:   expert cache over the last 64 tokens: 240.00 hits, 0.75 misses, 0.75 evictions a token; 9648 of 9648 entries live (100.0%)
ds4:   of the address-table holes repaired a token: 0.00 already resident, 0.75 genuinely absent
ds4:   of the repair a token: readahead 0.40 ms, slot preparation 0.07 ms, reads 0.62 ms, install 0.00 ms, over 0.75 loads
ds4:   Engram rows written at step start in 3008 steps; layer-13 drains 0
ds4:   residency a token: 0.00 adds, 0.00 removes, 0.00 commits
ds4:   decode path so far: 3072 single-row steps (91.3 ms each inside the graph over the last 64), 0 K-row verification steps over 0 positions, 0 batch-fusion sites taken; candidate K none
ds4: gate over tokens 3009-3072: 14.36 command buffers, 0.64 aborts, 240.0 expert ids accounted, 6.23 MiB loaded a token; 0 the gate failed to switch off, 0 it could not gate
ds4:   one token, exclusive, same window: entry 0.00 + encode 0.21 + commit-to-done 83.31 + repair-load 1.07 + accounting 0.05 + tail 2.75 = 87.40 of a 89.48 ms wall, residual 2.08
ds4:   GPU busy 87.00 ms of the token's wall (the union of its buffers' spans), idle 2.48 ms
ds4:   1268.3 gated dispatches a token, 0.0 of them behind an abort; 39.5 sent plain ahead of a buffer's first validate
ds4:   encode-ahead: 12.72 segments used, 0.64 dropped, 2.00 ms a token spent encoding under the GPU
ds4:   concurrent sections: 85.94 attempted, 85.94 opened a token
ds4:   speculation: 0.00 layers a token, 0.00 lanes computed, 0.00 matched, 0.00 GEMVs actually saved, 0.00 left to compute; compared 0.00 lanes, 0.00 floats differ, 0.00 by more than an ulp
ds4:   Metal 4: 16.00 command buffers sent, 1383.3 dispatches a token; 0 pieces of Metal 3 work so far
ds4:   Metal 4 a token: encoders 101.3 serial + 85.9 concurrent; barriers 1168.4 after a dispatch, 18.9 at copies, 55.7 from the engine, 16.0 opening and 16.0 ending an encoder; 187.2 table clears, 5639.2 setBuffer, 1584.5 setBytes (141169 B); 1383.3 dispatches, 9.5 copies; 16.00 blocking waits, 85.54 ms; 171.2 section barriers
ds4:   expert cache over the last 64 tokens: 240.00 hits, 0.66 misses, 0.66 evictions a token; 9648 of 9648 entries live (100.0%)
ds4:   of the address-table holes repaired a token: 0.00 already resident, 0.66 genuinely absent
ds4:   of the repair a token: readahead 0.36 ms, slot preparation 0.06 ms, reads 0.64 ms, install 0.00 ms, over 0.66 loads
ds4:   Engram rows written at step start in 3072 steps; layer-13 drains 0
ds4:   residency a token: 0.00 adds, 0.00 removes, 0.00 commits
ds4:   decode path so far: 3136 single-row steps (90.2 ms each inside the graph over the last 64), 0 K-row verification steps over 0 positions, 0 batch-fusion sites taken; candidate K none
ds4: gate over tokens 3073-3136: 14.33 command buffers, 0.55 aborts, 240.0 expert ids accounted, 5.19 MiB loaded a token; 0 the gate failed to switch off, 0 it could not gate
ds4:   one token, exclusive, same window: entry 0.00 + encode 0.21 + commit-to-done 81.62 + repair-load 1.06 + accounting 0.05 + tail 2.75 = 85.69 of a 87.81 ms wall, residual 2.12
ds4:   GPU busy 85.27 ms of the token's wall (the union of its buffers' spans), idle 2.54 ms
ds4:   1268.3 gated dispatches a token, 0.5 of them behind an abort; 35.4 sent plain ahead of a buffer's first validate
ds4:   encode-ahead: 12.78 segments used, 0.50 dropped, 2.06 ms a token spent encoding under the GPU
ds4:   concurrent sections: 84.59 attempted, 84.59 opened a token
ds4:   speculation: 0.00 layers a token, 0.00 lanes computed, 0.00 matched, 0.00 GEMVs actually saved, 0.00 left to compute; compared 0.00 lanes, 0.00 floats differ, 0.00 by more than an ulp
ds4:   Metal 4: 15.83 command buffers sent, 1364.8 dispatches a token; 0 pieces of Metal 3 work so far
ds4:   Metal 4 a token: encoders 99.9 serial + 84.6 concurrent; barriers 1153.4 after a dispatch, 18.5 at copies, 55.0 from the engine, 15.8 opening and 15.8 ending an encoder; 184.5 table clears, 5561.5 setBuffer, 1563.0 setBytes (139138 B); 1364.8 dispatches, 9.2 copies; 15.83 blocking waits, 83.82 ms; 168.6 section barriers
ds4:   expert cache over the last 64 tokens: 240.00 hits, 0.55 misses, 0.55 evictions a token; 9648 of 9648 entries live (100.0%)
ds4:   of the address-table holes repaired a token: 0.00 already resident, 0.55 genuinely absent
ds4:   of the repair a token: readahead 0.34 ms, slot preparation 0.05 ms, reads 0.66 ms, install 0.00 ms, over 0.55 loads
ds4:   Engram rows written at step start in 3136 steps; layer-13 drains 0
ds4:   residency a token: 0.00 adds, 0.00 removes, 0.00 commits
ds4:   decode path so far: 3200 single-row steps (90.8 ms each inside the graph over the last 64), 0 K-row verification steps over 0 positions, 0 batch-fusion sites taken; candidate K none
ds4: gate over tokens 3137-3200: 14.78 command buffers, 1.11 aborts, 240.0 expert ids accounted, 11.12 MiB loaded a token; 0 the gate failed to switch off, 0 it could not gate
ds4:   one token, exclusive, same window: entry 0.00 + encode 0.29 + commit-to-done 81.68 + repair-load 1.51 + accounting 0.05 + tail 2.77 = 86.30 of a 88.58 ms wall, residual 2.29
ds4:   GPU busy 85.46 ms of the token's wall (the union of its buffers' spans), idle 3.12 ms
ds4:   1275.3 gated dispatches a token, 0.5 of them behind an abort; 54.5 sent plain ahead of a buffer's first validate
ds4:   encode-ahead: 12.67 segments used, 1.06 dropped, 2.17 ms a token spent encoding under the GPU
ds4:   concurrent sections: 90.47 attempted, 90.47 opened a token
ds4:   speculation: 0.00 layers a token, 0.00 lanes computed, 0.00 matched, 0.00 GEMVs actually saved, 0.00 left to compute; compared 0.00 lanes, 0.00 floats differ, 0.00 by more than an ulp
ds4:   Metal 4: 16.84 command buffers sent, 1447.8 dispatches a token; 0 pieces of Metal 3 work so far
ds4:   Metal 4 a token: encoders 106.2 serial + 90.5 concurrent; barriers 1221.7 after a dispatch, 19.8 at copies, 57.9 from the engine, 16.8 opening and 16.8 ending an encoder; 196.7 table clears, 5899.4 setBuffer, 1659.0 setBytes (147657 B); 1447.8 dispatches, 9.9 copies; 16.84 blocking waits, 83.92 ms; 179.8 section barriers
ds4:   expert cache over the last 64 tokens: 240.00 hits, 1.17 misses, 1.17 evictions a token; 9648 of 9648 entries live (100.0%)
ds4:   of the address-table holes repaired a token: 0.00 already resident, 1.17 genuinely absent
ds4:   of the repair a token: readahead 0.65 ms, slot preparation 0.09 ms, reads 0.75 ms, install 0.00 ms, over 1.17 loads
ds4:   Engram rows written at step start in 3200 steps; layer-13 drains 0
ds4:   residency a token: 0.00 adds, 0.00 removes, 0.00 commits
ds4:   decode path so far: 3264 single-row steps (90.6 ms each inside the graph over the last 64), 0 K-row verification steps over 0 positions, 0 batch-fusion sites taken; candidate K none
ds4: gate over tokens 3201-3264: 14.53 command buffers, 0.91 aborts, 240.0 expert ids accounted, 8.90 MiB loaded a token; 0 the gate failed to switch off, 0 it could not gate
ds4:   one token, exclusive, same window: entry 0.00 + encode 0.24 + commit-to-done 81.60 + repair-load 1.13 + accounting 0.05 + tail 2.76 = 85.78 of a 87.92 ms wall, residual 2.13
ds4:   GPU busy 85.21 ms of the token's wall (the union of its buffers' spans), idle 2.70 ms
ds4:   1271.0 gated dispatches a token, 0.9 of them behind an abort; 48.2 sent plain ahead of a buffer's first validate
ds4:   encode-ahead: 12.62 segments used, 0.88 dropped, 2.04 ms a token spent encoding under the GPU
ds4:   concurrent sections: 88.31 attempted, 88.31 opened a token
ds4:   speculation: 0.00 layers a token, 0.00 lanes computed, 0.00 matched, 0.00 GEMVs actually saved, 0.00 left to compute; compared 0.00 lanes, 0.00 floats differ, 0.00 by more than an ulp
ds4:   Metal 4: 16.41 command buffers sent, 1416.7 dispatches a token; 0 pieces of Metal 3 work so far
ds4:   Metal 4 a token: encoders 103.8 serial + 88.3 concurrent; barriers 1195.9 after a dispatch, 19.1 at copies, 56.8 from the engine, 16.4 opening and 16.4 ending an encoder; 192.1 table clears, 5773.6 setBuffer, 1623.1 setBytes (144470 B); 1416.7 dispatches, 9.5 copies; 16.41 blocking waits, 83.82 ms; 175.7 section barriers
ds4:   expert cache over the last 64 tokens: 240.00 hits, 0.94 misses, 0.94 evictions a token; 9648 of 9648 entries live (100.0%)
ds4:   of the address-table holes repaired a token: 0.00 already resident, 0.94 genuinely absent
ds4:   of the repair a token: readahead 0.48 ms, slot preparation 0.07 ms, reads 0.57 ms, install 0.00 ms, over 0.94 loads
ds4:   Engram rows written at step start in 3264 steps; layer-13 drains 0
ds4:   residency a token: 0.00 adds, 0.00 removes, 0.00 commits
ds4:   decode path so far: 3328 single-row steps (91.4 ms each inside the graph over the last 64), 0 K-row verification steps over 0 positions, 0 batch-fusion sites taken; candidate K none
ds4: gate over tokens 3265-3328: 14.48 command buffers, 0.75 aborts, 240.0 expert ids accounted, 7.27 MiB loaded a token; 0 the gate failed to switch off, 0 it could not gate
ds4:   one token, exclusive, same window: entry 0.00 + encode 0.22 + commit-to-done 82.80 + repair-load 1.18 + accounting 0.05 + tail 2.82 = 87.07 of a 89.15 ms wall, residual 2.08
ds4:   GPU busy 86.48 ms of the token's wall (the union of its buffers' spans), idle 2.68 ms
ds4:   1271.0 gated dispatches a token, 0.0 of them behind an abort; 43.7 sent plain ahead of a buffer's first validate
ds4:   encode-ahead: 12.73 segments used, 0.73 dropped, 2.00 ms a token spent encoding under the GPU
ds4:   concurrent sections: 86.81 attempted, 86.81 opened a token
ds4:   speculation: 0.00 layers a token, 0.00 lanes computed, 0.00 matched, 0.00 GEMVs actually saved, 0.00 left to compute; compared 0.00 lanes, 0.00 floats differ, 0.00 by more than an ulp
ds4:   Metal 4: 16.22 command buffers sent, 1394.4 dispatches a token; 0 pieces of Metal 3 work so far
ds4:   Metal 4 a token: encoders 102.3 serial + 86.8 concurrent; barriers 1177.4 after a dispatch, 18.8 at copies, 56.1 from the engine, 16.2 opening and 16.2 ending an encoder; 189.1 table clears, 5685.6 setBuffer, 1597.5 setBytes (142303 B); 1394.4 dispatches, 9.4 copies; 16.22 blocking waits, 85.08 ms; 172.9 section barriers
ds4:   expert cache over the last 64 tokens: 240.00 hits, 0.77 misses, 0.77 evictions a token; 9648 of 9648 entries live (100.0%)
ds4:   of the address-table holes repaired a token: 0.00 already resident, 0.77 genuinely absent
ds4:   of the repair a token: readahead 0.43 ms, slot preparation 0.07 ms, reads 0.68 ms, install 0.00 ms, over 0.77 loads
ds4:   Engram rows written at step start in 3328 steps; layer-13 drains 0
ds4:   residency a token: 0.00 adds, 0.00 removes, 0.00 commits
ds4:   decode path so far: 3392 single-row steps (91.2 ms each inside the graph over the last 64), 0 K-row verification steps over 0 positions, 0 batch-fusion sites taken; candidate K none
ds4: gate over tokens 3329-3392: 14.41 command buffers, 0.64 aborts, 240.0 expert ids accounted, 6.38 MiB loaded a token; 0 the gate failed to switch off, 0 it could not gate
ds4:   one token, exclusive, same window: entry 0.00 + encode 0.21 + commit-to-done 82.67 + repair-load 0.92 + accounting 0.05 + tail 2.80 = 86.66 of a 88.76 ms wall, residual 2.10
ds4:   GPU busy 86.30 ms of the token's wall (the union of its buffers' spans), idle 2.46 ms
ds4:   1268.2 gated dispatches a token, 0.0 of them behind an abort; 39.5 sent plain ahead of a buffer's first validate
ds4:   encode-ahead: 12.77 segments used, 0.61 dropped, 2.03 ms a token spent encoding under the GPU
ds4:   concurrent sections: 85.75 attempted, 85.75 opened a token
ds4:   speculation: 0.00 layers a token, 0.00 lanes computed, 0.00 matched, 0.00 GEMVs actually saved, 0.00 left to compute; compared 0.00 lanes, 0.00 floats differ, 0.00 by more than an ulp
ds4:   Metal 4: 16.02 command buffers sent, 1382.7 dispatches a token; 0 pieces of Metal 3 work so far
ds4:   Metal 4 a token: encoders 101.1 serial + 85.8 concurrent; barriers 1168.3 after a dispatch, 19.2 at copies, 55.6 from the engine, 16.0 opening and 16.0 ending an encoder; 186.9 table clears, 5632.1 setBuffer, 1583.4 setBytes (140965 B); 1382.7 dispatches, 9.6 copies; 16.02 blocking waits, 84.93 ms; 170.9 section barriers
ds4:   expert cache over the last 64 tokens: 240.00 hits, 0.67 misses, 0.67 evictions a token; 9648 of 9648 entries live (100.0%)
ds4:   of the address-table holes repaired a token: 0.00 already resident, 0.67 genuinely absent
ds4:   of the repair a token: readahead 0.37 ms, slot preparation 0.06 ms, reads 0.48 ms, install 0.00 ms, over 0.67 loads
ds4:   Engram rows written at step start in 3392 steps; layer-13 drains 0
ds4:   residency a token: 0.00 adds, 0.00 removes, 0.00 commits
ds4:   decode path so far: 3456 single-row steps (92.9 ms each inside the graph over the last 64), 0 K-row verification steps over 0 positions, 0 batch-fusion sites taken; candidate K none
ds4: gate over tokens 3393-3456: 15.58 command buffers, 2.27 aborts, 240.0 expert ids accounted, 35.89 MiB loaded a token; 0 the gate failed to switch off, 0 it could not gate
ds4:   one token, exclusive, same window: entry 0.00 + encode 0.36 + commit-to-done 81.33 + repair-load 3.93 + accounting 0.05 + tail 2.64 = 88.31 of a 90.61 ms wall, residual 2.30
ds4:   GPU busy 84.54 ms of the token's wall (the union of its buffers' spans), idle 6.06 ms
ds4:   1287.4 gated dispatches a token, 1.4 of them behind an abort; 88.9 sent plain ahead of a buffer's first validate
ds4:   encode-ahead: 12.31 segments used, 2.17 dropped, 2.11 ms a token spent encoding under the GPU
ds4:   concurrent sections: 101.25 attempted, 101.25 opened a token
ds4:   speculation: 0.00 layers a token, 0.00 lanes computed, 0.00 matched, 0.00 GEMVs actually saved, 0.00 left to compute; compared 0.00 lanes, 0.00 floats differ, 0.00 by more than an ulp
ds4:   Metal 4: 18.75 command buffers sent, 1593.8 dispatches a token; 0 pieces of Metal 3 work so far
ds4:   Metal 4 a token: encoders 117.7 serial + 101.2 concurrent; barriers 1340.7 after a dispatch, 21.1 at copies, 62.8 from the engine, 18.8 opening and 18.8 ending an encoder; 219.0 table clears, 6500.3 setBuffer, 1828.9 setBytes (162715 B); 1593.8 dispatches, 10.5 copies; 18.75 blocking waits, 83.46 ms; 200.2 section barriers
ds4:   expert cache over the last 64 tokens: 239.95 hits, 3.78 misses, 3.78 evictions a token; 9648 of 9648 entries live (100.0%)
ds4:   of the address-table holes repaired a token: 0.00 already resident, 3.78 genuinely absent
ds4:   of the repair a token: readahead 1.98 ms, slot preparation 0.10 ms, reads 1.74 ms, install 0.01 ms, over 3.78 loads
ds4:   Engram rows written at step start in 3456 steps; layer-13 drains 0
ds4:   residency a token: 0.00 adds, 0.00 removes, 0.00 commits
ds4:   decode path so far: 3520 single-row steps (99.5 ms each inside the graph over the last 64), 0 K-row verification steps over 0 positions, 0 batch-fusion sites taken; candidate K none
ds4: gate over tokens 3457-3520: 17.55 command buffers, 5.39 aborts, 240.0 expert ids accounted, 63.18 MiB loaded a token; 0 the gate failed to switch off, 0 it could not gate
ds4:   one token, exclusive, same window: entry 0.00 + encode 0.80 + commit-to-done 82.45 + repair-load 8.70 + accounting 0.05 + tail 2.78 = 94.78 of a 97.87 ms wall, residual 3.09
ds4:   GPU busy 85.34 ms of the token's wall (the union of its buffers' spans), idle 12.52 ms
ds4:   1297.6 gated dispatches a token, 5.6 of them behind an abort; 182.6 sent plain ahead of a buffer's first validate
ds4:   encode-ahead: 11.16 segments used, 5.17 dropped, 2.60 ms a token spent encoding under the GPU
ds4:   concurrent sections: 129.84 attempted, 129.84 opened a token
ds4:   speculation: 0.00 layers a token, 0.00 lanes computed, 0.00 matched, 0.00 GEMVs actually saved, 0.00 left to compute; compared 0.00 lanes, 0.00 floats differ, 0.00 by more than an ulp
ds4:   Metal 4: 23.72 command buffers sent, 1977.3 dispatches a token; 0 pieces of Metal 3 work so far
ds4:   Metal 4 a token: encoders 148.2 serial + 129.8 concurrent; barriers 1652.7 after a dispatch, 26.2 at copies, 75.9 from the engine, 23.7 opening and 23.7 ending an encoder; 278.0 table clears, 8082.1 setBuffer, 2275.8 setBytes (202364 B); 1977.3 dispatches, 13.1 copies; 23.72 blocking waits, 84.78 ms; 254.3 section barriers
ds4:   expert cache over the last 64 tokens: 239.98 hits, 6.66 misses, 6.66 evictions a token; 9648 of 9648 entries live (100.0%)
ds4:   of the address-table holes repaired a token: 0.00 already resident, 6.66 genuinely absent
ds4:   of the repair a token: readahead 5.16 ms, slot preparation 0.35 ms, reads 3.06 ms, install 0.02 ms, over 6.66 loads
ds4:   Engram rows written at step start in 3520 steps; layer-13 drains 0
ds4:   residency a token: 0.00 adds, 0.00 removes, 0.00 commits
ds4:   decode path so far: 3584 single-row steps (90.9 ms each inside the graph over the last 64), 0 K-row verification steps over 0 positions, 0 batch-fusion sites taken; candidate K none
ds4: gate over tokens 3521-3584: 16.00 command buffers, 2.92 aborts, 240.0 expert ids accounted, 30.11 MiB loaded a token; 0 the gate failed to switch off, 0 it could not gate
ds4:   one token, exclusive, same window: entry 0.00 + encode 0.51 + commit-to-done 78.66 + repair-load 4.18 + accounting 0.05 + tail 2.68 = 86.09 of a 88.77 ms wall, residual 2.68
ds4:   GPU busy 81.86 ms of the token's wall (the union of its buffers' spans), idle 6.91 ms
ds4:   1281.5 gated dispatches a token, 2.8 of them behind an abort; 109.1 sent plain ahead of a buffer's first validate
ds4:   encode-ahead: 12.08 segments used, 2.80 dropped, 2.40 ms a token spent encoding under the GPU
ds4:   concurrent sections: 107.25 attempted, 107.25 opened a token
ds4:   speculation: 0.00 layers a token, 0.00 lanes computed, 0.00 matched, 0.00 GEMVs actually saved, 0.00 left to compute; compared 0.00 lanes, 0.00 floats differ, 0.00 by more than an ulp
ds4:   Metal 4: 19.80 command buffers sent, 1671.9 dispatches a token; 0 pieces of Metal 3 work so far
ds4:   Metal 4 a token: encoders 124.1 serial + 107.2 concurrent; barriers 1403.8 after a dispatch, 22.5 at copies, 65.6 from the engine, 19.8 opening and 19.8 ending an encoder; 231.4 table clears, 6827.2 setBuffer, 1920.3 setBytes (170971 B); 1671.9 dispatches, 11.2 copies; 19.80 blocking waits, 80.87 ms; 211.6 section barriers
ds4:   expert cache over the last 64 tokens: 240.00 hits, 3.17 misses, 3.17 evictions a token; 9648 of 9648 entries live (100.0%)
ds4:   of the address-table holes repaired a token: 0.00 already resident, 3.17 genuinely absent
ds4:   of the repair a token: readahead 2.11 ms, slot preparation 0.23 ms, reads 1.80 ms, install 0.01 ms, over 3.17 loads
ds4:   Engram rows written at step start in 3584 steps; layer-13 drains 0
ds4:   residency a token: 0.00 adds, 0.00 removes, 0.00 commits
ds4:   decode path so far: 3648 single-row steps (89.9 ms each inside the graph over the last 64), 0 K-row verification steps over 0 positions, 0 batch-fusion sites taken; candidate K none
ds4: gate over tokens 3585-3648: 15.39 command buffers, 1.97 aborts, 240.0 expert ids accounted, 19.58 MiB loaded a token; 0 the gate failed to switch off, 0 it could not gate
ds4:   one token, exclusive, same window: entry 0.00 + encode 0.38 + commit-to-done 79.69 + repair-load 2.66 + accounting 0.05 + tail 2.71 = 85.49 of a 87.94 ms wall, residual 2.46
ds4:   GPU busy 83.25 ms of the token's wall (the union of its buffers' spans), idle 4.69 ms
ds4:   1290.4 gated dispatches a token, 1.4 of them behind an abort; 80.7 sent plain ahead of a buffer's first validate
ds4:   encode-ahead: 12.42 segments used, 1.89 dropped, 2.26 ms a token spent encoding under the GPU
ds4:   concurrent sections: 98.84 attempted, 98.84 opened a token
ds4:   speculation: 0.00 layers a token, 0.00 lanes computed, 0.00 matched, 0.00 GEMVs actually saved, 0.00 left to compute; compared 0.00 lanes, 0.00 floats differ, 0.00 by more than an ulp
ds4:   Metal 4: 18.28 command buffers sent, 1561.1 dispatches a token; 0 pieces of Metal 3 work so far
ds4:   Metal 4 a token: encoders 115.2 serial + 98.8 concurrent; barriers 1314.0 after a dispatch, 21.0 at copies, 61.8 from the engine, 18.3 opening and 18.3 ending an encoder; 214.0 table clears, 6367.3 setBuffer, 1791.0 setBytes (159362 B); 1561.1 dispatches, 10.5 copies; 18.28 blocking waits, 81.89 ms; 195.7 section barriers
ds4:   expert cache over the last 64 tokens: 240.00 hits, 2.06 misses, 2.06 evictions a token; 9648 of 9648 entries live (100.0%)
ds4:   of the address-table holes repaired a token: 0.00 already resident, 2.06 genuinely absent
ds4:   of the repair a token: readahead 1.36 ms, slot preparation 0.16 ms, reads 1.13 ms, install 0.01 ms, over 2.06 loads
ds4:   Engram rows written at step start in 3648 steps; layer-13 drains 0
ds4:   residency a token: 0.00 adds, 0.00 removes, 0.00 commits
ds4:   decode path so far: 3712 single-row steps (90.7 ms each inside the graph over the last 64), 0 K-row verification steps over 0 positions, 0 batch-fusion sites taken; candidate K none
ds4: gate over tokens 3649-3712: 15.27 command buffers, 1.73 aborts, 240.0 expert ids accounted, 17.95 MiB loaded a token; 0 the gate failed to switch off, 0 it could not gate
ds4:   one token, exclusive, same window: entry 0.00 + encode 0.35 + commit-to-done 80.73 + repair-load 2.51 + accounting 0.05 + tail 2.78 = 86.41 of a 88.76 ms wall, residual 2.34
ds4:   GPU busy 84.32 ms of the token's wall (the union of its buffers' spans), idle 4.44 ms
ds4:   1284.2 gated dispatches a token, 1.9 of them behind an abort; 73.5 sent plain ahead of a buffer's first validate
ds4:   encode-ahead: 12.53 segments used, 1.62 dropped, 2.18 ms a token spent encoding under the GPU
ds4:   concurrent sections: 96.41 attempted, 96.41 opened a token
ds4:   speculation: 0.00 layers a token, 0.00 lanes computed, 0.00 matched, 0.00 GEMVs actually saved, 0.00 left to compute; compared 0.00 lanes, 0.00 floats differ, 0.00 by more than an ulp
ds4:   Metal 4: 17.89 command buffers sent, 1527.4 dispatches a token; 0 pieces of Metal 3 work so far
ds4:   Metal 4 a token: encoders 112.6 serial + 96.4 concurrent; barriers 1286.4 after a dispatch, 20.2 at copies, 60.6 from the engine, 17.9 opening and 17.9 ending an encoder; 209.0 table clears, 6228.8 setBuffer, 1751.8 setBytes (155874 B); 1527.4 dispatches, 10.1 copies; 17.89 blocking waits, 82.99 ms; 191.1 section barriers
ds4:   expert cache over the last 64 tokens: 240.00 hits, 1.89 misses, 1.89 evictions a token; 9648 of 9648 entries live (100.0%)
ds4:   of the address-table holes repaired a token: 0.00 already resident, 1.89 genuinely absent
ds4:   of the repair a token: readahead 1.10 ms, slot preparation 0.13 ms, reads 1.26 ms, install 0.01 ms, over 1.89 loads
ds4:   Engram rows written at step start in 3712 steps; layer-13 drains 0
ds4:   residency a token: 0.00 adds, 0.00 removes, 0.00 commits
ds4:   decode path so far: 3776 single-row steps (92.8 ms each inside the graph over the last 64), 0 K-row verification steps over 0 positions, 0 batch-fusion sites taken; candidate K none
ds4: gate over tokens 3713-3776: 15.38 command buffers, 2.14 aborts, 240.0 expert ids accounted, 22.25 MiB loaded a token; 0 the gate failed to switch off, 0 it could not gate
ds4:   one token, exclusive, same window: entry 0.00 + encode 0.38 + commit-to-done 82.57 + repair-load 2.97 + accounting 0.05 + tail 2.75 = 88.71 of a 91.07 ms wall, residual 2.36
ds4:   GPU busy 86.07 ms of the token's wall (the union of its buffers' spans), idle 5.00 ms
ds4:   1278.8 gated dispatches a token, 0.9 of them behind an abort; 87.8 sent plain ahead of a buffer's first validate
ds4:   encode-ahead: 12.23 segments used, 2.06 dropped, 2.14 ms a token spent encoding under the GPU
ds4:   concurrent sections: 100.16 attempted, 100.16 opened a token
ds4:   speculation: 0.00 layers a token, 0.00 lanes computed, 0.00 matched, 0.00 GEMVs actually saved, 0.00 left to compute; compared 0.00 lanes, 0.00 floats differ, 0.00 by more than an ulp
ds4:   Metal 4: 18.44 command buffers sent, 1579.0 dispatches a token; 0 pieces of Metal 3 work so far
ds4:   Metal 4 a token: encoders 116.5 serial + 100.2 concurrent; barriers 1328.6 after a dispatch, 20.8 at copies, 62.2 from the engine, 18.4 opening and 18.4 ending an encoder; 216.6 table clears, 6439.3 setBuffer, 1811.8 setBytes (161195 B); 1579.0 dispatches, 10.4 copies; 18.44 blocking waits, 84.84 ms; 198.2 section barriers
ds4:   expert cache over the last 64 tokens: 240.00 hits, 2.34 misses, 2.34 evictions a token; 9648 of 9648 entries live (100.0%)
ds4:   of the address-table holes repaired a token: 0.00 already resident, 2.34 genuinely absent
ds4:   of the repair a token: readahead 1.44 ms, slot preparation 0.15 ms, reads 1.35 ms, install 0.01 ms, over 2.34 loads
ds4:   Engram rows written at step start in 3776 steps; layer-13 drains 0
ds4:   residency a token: 0.00 adds, 0.00 removes, 0.00 commits
ds4:   decode path so far: 3840 single-row steps (91.6 ms each inside the graph over the last 64), 0 K-row verification steps over 0 positions, 0 batch-fusion sites taken; candidate K none
ds4: gate over tokens 3777-3840: 15.38 command buffers, 2.14 aborts, 240.0 expert ids accounted, 22.54 MiB loaded a token; 0 the gate failed to switch off, 0 it could not gate
ds4:   one token, exclusive, same window: entry 0.00 + encode 0.41 + commit-to-done 79.86 + repair-load 4.05 + accounting 0.05 + tail 2.70 = 87.08 of a 89.53 ms wall, residual 2.45
ds4:   GPU busy 83.29 ms of the token's wall (the union of its buffers' spans), idle 6.24 ms
ds4:   1277.0 gated dispatches a token, 2.3 of them behind an abort; 86.8 sent plain ahead of a buffer's first validate
ds4:   encode-ahead: 12.23 segments used, 2.05 dropped, 2.24 ms a token spent encoding under the GPU
ds4:   concurrent sections: 99.91 attempted, 99.91 opened a token
ds4:   speculation: 0.00 layers a token, 0.00 lanes computed, 0.00 matched, 0.00 GEMVs actually saved, 0.00 left to compute; compared 0.00 lanes, 0.00 floats differ, 0.00 by more than an ulp
ds4:   Metal 4: 18.42 command buffers sent, 1573.0 dispatches a token; 0 pieces of Metal 3 work so far
ds4:   Metal 4 a token: encoders 116.2 serial + 99.9 concurrent; barriers 1323.3 after a dispatch, 20.2 at copies, 62.1 from the engine, 18.4 opening and 18.4 ending an encoder; 216.1 table clears, 6418.8 setBuffer, 1805.2 setBytes (160710 B); 1573.0 dispatches, 10.1 copies; 18.42 blocking waits, 82.05 ms; 197.7 section barriers
ds4:   expert cache over the last 64 tokens: 240.00 hits, 2.38 misses, 2.38 evictions a token; 9648 of 9648 entries live (100.0%)
ds4:   of the address-table holes repaired a token: 0.00 already resident, 2.38 genuinely absent
ds4:   of the repair a token: readahead 2.56 ms, slot preparation 0.17 ms, reads 1.28 ms, install 0.01 ms, over 2.38 loads
ds4:   Engram rows written at step start in 3840 steps; layer-13 drains 0
ds4:   residency a token: 0.00 adds, 0.00 removes, 0.00 commits
ds4:   decode path so far: 3904 single-row steps (90.2 ms each inside the graph over the last 64), 0 K-row verification steps over 0 positions, 0 batch-fusion sites taken; candidate K none
ds4: gate over tokens 3841-3904: 15.50 command buffers, 2.39 aborts, 240.0 expert ids accounted, 24.18 MiB loaded a token; 0 the gate failed to switch off, 0 it could not gate
ds4:   one token, exclusive, same window: entry 0.00 + encode 0.42 + commit-to-done 79.12 + repair-load 3.22 + accounting 0.05 + tail 2.66 = 85.46 of a 87.91 ms wall, residual 2.45
ds4:   GPU busy 82.58 ms of the token's wall (the union of its buffers' spans), idle 5.33 ms
ds4:   1274.4 gated dispatches a token, 1.9 of them behind an abort; 92.4 sent plain ahead of a buffer's first validate
ds4:   encode-ahead: 12.11 segments used, 2.30 dropped, 2.22 ms a token spent encoding under the GPU
ds4:   concurrent sections: 101.88 attempted, 101.88 opened a token
ds4:   speculation: 0.00 layers a token, 0.00 lanes computed, 0.00 matched, 0.00 GEMVs actually saved, 0.00 left to compute; compared 0.00 lanes, 0.00 floats differ, 0.00 by more than an ulp
ds4:   Metal 4: 18.80 command buffers sent, 1599.5 dispatches a token; 0 pieces of Metal 3 work so far
ds4:   Metal 4 a token: encoders 118.3 serial + 101.9 concurrent; barriers 1344.8 after a dispatch, 21.6 at copies, 63.0 from the engine, 18.8 opening and 18.8 ending an encoder; 220.2 table clears, 6526.2 setBuffer, 1836.0 setBytes (163358 B); 1599.5 dispatches, 10.8 copies; 18.80 blocking waits, 81.29 ms; 201.4 section barriers
ds4:   expert cache over the last 64 tokens: 240.00 hits, 2.55 misses, 2.55 evictions a token; 9648 of 9648 entries live (100.0%)
ds4:   of the address-table holes repaired a token: 0.00 already resident, 2.55 genuinely absent
ds4:   of the repair a token: readahead 1.59 ms, slot preparation 0.17 ms, reads 1.43 ms, install 0.01 ms, over 2.55 loads
ds4:   Engram rows written at step start in 3904 steps; layer-13 drains 0
ds4:   residency a token: 0.00 adds, 0.00 removes, 0.00 commits
ds4:   decode path so far: 3968 single-row steps (92.0 ms each inside the graph over the last 64), 0 K-row verification steps over 0 positions, 0 batch-fusion sites taken; candidate K none
ds4: gate over tokens 3905-3968: 15.66 command buffers, 2.48 aborts, 240.0 expert ids accounted, 25.21 MiB loaded a token; 0 the gate failed to switch off, 0 it could not gate
ds4:   one token, exclusive, same window: entry 0.00 + encode 0.41 + commit-to-done 81.25 + repair-load 3.37 + accounting 0.05 + tail 2.69 = 87.78 of a 90.20 ms wall, residual 2.42
ds4:   GPU busy 84.62 ms of the token's wall (the union of its buffers' spans), idle 5.58 ms
ds4:   1282.3 gated dispatches a token, 1.4 of them behind an abort; 94.9 sent plain ahead of a buffer's first validate
ds4:   encode-ahead: 12.17 segments used, 2.30 dropped, 2.19 ms a token spent encoding under the GPU
ds4:   concurrent sections: 102.53 attempted, 102.53 opened a token
ds4:   speculation: 0.00 layers a token, 0.00 lanes computed, 0.00 matched, 0.00 GEMVs actually saved, 0.00 left to compute; compared 0.00 lanes, 0.00 floats differ, 0.00 by more than an ulp
ds4:   Metal 4: 18.95 command buffers sent, 1608.3 dispatches a token; 0 pieces of Metal 3 work so far
ds4:   Metal 4 a token: encoders 119.0 serial + 102.5 concurrent; barriers 1352.0 after a dispatch, 21.2 at copies, 63.2 from the engine, 19.0 opening and 19.0 ending an encoder; 221.5 table clears, 6561.8 setBuffer, 1846.2 setBytes (164242 B); 1608.3 dispatches, 10.6 copies; 18.95 blocking waits, 83.46 ms; 202.6 section barriers
ds4:   expert cache over the last 64 tokens: 240.00 hits, 2.66 misses, 2.66 evictions a token; 9648 of 9648 entries live (100.0%)
ds4:   of the address-table holes repaired a token: 0.00 already resident, 2.66 genuinely absent
ds4:   of the repair a token: readahead 1.65 ms, slot preparation 0.18 ms, reads 1.52 ms, install 0.01 ms, over 2.66 loads
ds4:   Engram rows written at step start in 3968 steps; layer-13 drains 0
ds4:   residency a token: 0.00 adds, 0.00 removes, 0.00 commits
ds4:   decode path so far: 4032 single-row steps (90.0 ms each inside the graph over the last 64), 0 K-row verification steps over 0 positions, 0 batch-fusion sites taken; candidate K none
ds4: gate over tokens 3969-4032: 15.47 command buffers, 2.20 aborts, 240.0 expert ids accounted, 22.40 MiB loaded a token; 0 the gate failed to switch off, 0 it could not gate
ds4:   one token, exclusive, same window: entry 0.00 + encode 0.38 + commit-to-done 79.64 + repair-load 2.98 + accounting 0.05 + tail 2.63 = 85.68 of a 88.06 ms wall, residual 2.38
ds4:   GPU busy 83.09 ms of the token's wall (the union of its buffers' spans), idle 4.97 ms
ds4:   1278.3 gated dispatches a token, 2.3 of them behind an abort; 86.6 sent plain ahead of a buffer's first validate
ds4:   encode-ahead: 12.27 segments used, 2.08 dropped, 2.16 ms a token spent encoding under the GPU
ds4:   concurrent sections: 100.16 attempted, 100.16 opened a token
ds4:   speculation: 0.00 layers a token, 0.00 lanes computed, 0.00 matched, 0.00 GEMVs actually saved, 0.00 left to compute; compared 0.00 lanes, 0.00 floats differ, 0.00 by more than an ulp
ds4:   Metal 4: 18.55 command buffers sent, 1576.4 dispatches a token; 0 pieces of Metal 3 work so far
ds4:   Metal 4 a token: encoders 116.5 serial + 100.2 concurrent; barriers 1326.0 after a dispatch, 20.9 at copies, 62.2 from the engine, 18.5 opening and 18.5 ending an encoder; 216.7 table clears, 6430.7 setBuffer, 1809.0 setBytes (160943 B); 1576.4 dispatches, 10.5 copies; 18.55 blocking waits, 81.79 ms; 198.1 section barriers
ds4:   expert cache over the last 64 tokens: 240.00 hits, 2.36 misses, 2.36 evictions a token; 9648 of 9648 entries live (100.0%)
ds4:   of the address-table holes repaired a token: 0.00 already resident, 2.36 genuinely absent
ds4:   of the repair a token: readahead 1.48 ms, slot preparation 0.16 ms, reads 1.31 ms, install 0.01 ms, over 2.36 loads
ds4:   Engram rows written at step start in 4032 steps; layer-13 drains 0
ds4:   residency a token: 0.00 adds, 0.00 removes, 0.00 commits
ds4:   decode path so far: 4096 single-row steps (92.3 ms each inside the graph over the last 64), 0 K-row verification steps over 0 positions, 0 batch-fusion sites taken; candidate K none
ds4: gate over tokens 4033-4096: 15.55 command buffers, 2.09 aborts, 240.0 expert ids accounted, 21.51 MiB loaded a token; 0 the gate failed to switch off, 0 it could not gate
ds4:   one token, exclusive, same window: entry 0.00 + encode 0.38 + commit-to-done 82.23 + repair-load 2.88 + accounting 0.05 + tail 2.70 = 88.24 of a 90.62 ms wall, residual 2.38
ds4:   GPU busy 85.76 ms of the token's wall (the union of its buffers' spans), idle 4.86 ms
ds4:   1288.0 gated dispatches a token, 2.8 of them behind an abort; 84.7 sent plain ahead of a buffer's first validate
ds4:   encode-ahead: 12.45 segments used, 1.95 dropped, 2.19 ms a token spent encoding under the GPU
ds4:   concurrent sections: 99.44 attempted, 99.44 opened a token
ds4:   speculation: 0.00 layers a token, 0.00 lanes computed, 0.00 matched, 0.00 GEMVs actually saved, 0.00 left to compute; compared 0.00 lanes, 0.00 floats differ, 0.00 by more than an ulp
ds4:   Metal 4: 18.50 command buffers sent, 1565.6 dispatches a token; 0 pieces of Metal 3 work so far
ds4:   Metal 4 a token: encoders 115.8 serial + 99.4 concurrent; barriers 1317.0 after a dispatch, 20.6 at copies, 62.0 from the engine, 18.5 opening and 18.5 ending an encoder; 215.3 table clears, 6390.2 setBuffer, 1796.6 setBytes (159971 B); 1565.6 dispatches, 10.3 copies; 18.50 blocking waits, 84.42 ms; 196.8 section barriers
ds4:   expert cache over the last 64 tokens: 240.00 hits, 2.27 misses, 2.27 evictions a token; 9648 of 9648 entries live (100.0%)
ds4:   of the address-table holes repaired a token: 0.00 already resident, 2.27 genuinely absent
ds4:   of the repair a token: readahead 1.44 ms, slot preparation 0.15 ms, reads 1.26 ms, install 0.01 ms, over 2.27 loads
ds4:   Engram rows written at step start in 4096 steps; layer-13 drains 0
ds4:   residency a token: 0.00 adds, 0.00 removes, 0.00 commits
ds4: V4.1 static context buffers 3435.75 MiB (ctx=8192), Engram disk-only
ds4: V4.1 static context buffers 3435.75 MiB (ctx=8192), Engram disk-only
ds4:   decode path so far: 4160 single-row steps (98.1 ms each inside the graph over the last 64), 0 K-row verification steps over 0 positions, 0 batch-fusion sites taken; candidate K none
ds4: gate over tokens 4097-4160: 18.05 command buffers, 6.03 aborts, 240.0 expert ids accounted, 83.80 MiB loaded a token; 0 the gate failed to switch off, 0 it could not gate
ds4:   one token, exclusive, same window: entry 0.00 + encode 0.88 + commit-to-done 80.56 + repair-load 11.35 + accounting 0.60 + tail 2.22 = 95.61 of a 98.79 ms wall, residual 3.19
ds4:   GPU busy 82.65 ms of the token's wall (the union of its buffers' spans), idle 16.15 ms
ds4:   1311.5 gated dispatches a token, 3.8 of them behind an abort; 202.4 sent plain ahead of a buffer's first validate
ds4:   encode-ahead: 11.02 segments used, 5.72 dropped, 2.62 ms a token spent encoding under the GPU
ds4:   concurrent sections: 135.25 attempted, 135.25 opened a token
ds4:   speculation: 0.00 layers a token, 0.00 lanes computed, 0.00 matched, 0.00 GEMVs actually saved, 0.00 left to compute; compared 0.00 lanes, 0.00 floats differ, 0.00 by more than an ulp
ds4:   Metal 4: 24.58 command buffers sent, 2047.9 dispatches a token; 0 pieces of Metal 3 work so far
ds4:   Metal 4 a token: encoders 153.8 serial + 135.2 concurrent; barriers 1709.8 after a dispatch, 25.2 at copies, 78.3 from the engine, 24.6 opening and 24.6 ending an encoder; 289.0 table clears, 8423.5 setBuffer, 2358.2 setBytes (212120 B); 2047.9 dispatches, 12.6 copies; 24.58 blocking waits, 82.43 ms; 264.5 section barriers
ds4:   expert cache over the last 64 tokens: 239.75 hits, 8.83 misses, 20.83 evictions a token; 8880 of 8880 entries live (100.0%)
ds4:   of the address-table holes repaired a token: 0.00 already resident, 8.83 genuinely absent
ds4:   of the repair a token: readahead 6.18 ms, slot preparation 0.32 ms, reads 4.60 ms, install 0.02 ms, over 8.83 loads
ds4:   Engram rows written at step start in 4160 steps; layer-13 drains 0
ds4:   residency a token: 0.00 adds, 0.00 removes, 0.00 commits
ds4: expert cache lent the prefill headroom for decode: 8880 -> 9648 experts
ds4: expert cache lent the prefill headroom for decode: 8880 -> 9648 experts
ds4:   decode path so far: 4224 single-row steps (94.1 ms each inside the graph over the last 64), 0 K-row verification steps over 0 positions, 0 batch-fusion sites taken; candidate K none
ds4: gate over tokens 4161-4224: 16.47 command buffers, 3.72 aborts, 240.0 expert ids accounted, 40.34 MiB loaded a token; 0 the gate failed to switch off, 0 it could not gate
ds4:   one token, exclusive, same window: entry 0.00 + encode 0.76 + commit-to-done 78.15 + repair-load 5.84 + accounting 0.05 + tail 1.46 = 86.26 of a 89.72 ms wall, residual 3.46
ds4:   GPU busy 80.45 ms of the token's wall (the union of its buffers' spans), idle 9.27 ms
ds4:   1280.4 gated dispatches a token, 2.3 of them behind an abort; 133.5 sent plain ahead of a buffer's first validate
ds4:   encode-ahead: 11.75 segments used, 3.53 dropped, 3.00 ms a token spent encoding under the GPU
ds4:   concurrent sections: 114.38 attempted, 114.38 opened a token
ds4:   speculation: 0.00 layers a token, 0.00 lanes computed, 0.00 matched, 0.00 GEMVs actually saved, 0.00 left to compute; compared 0.00 lanes, 0.00 floats differ, 0.00 by more than an ulp
ds4:   Metal 4: 20.56 command buffers sent, 1755.2 dispatches a token; 0 pieces of Metal 3 work so far
ds4:   Metal 4 a token: encoders 131.2 serial + 114.4 concurrent; barriers 1469.2 after a dispatch, 22.3 at copies, 68.8 from the engine, 20.6 opening and 20.6 ending an encoder; 245.6 table clears, 7290.2 setBuffer, 2019.4 setBytes (184783 B); 1755.2 dispatches, 11.1 copies; 20.56 blocking waits, 79.31 ms; 225.0 section barriers
ds4:   expert cache over the last 64 tokens: 239.98 hits, 4.25 misses, 2.36 evictions a token; 9001 of 9648 entries live (93.3%)
ds4:   of the address-table holes repaired a token: 0.00 already resident, 4.25 genuinely absent
ds4:   of the repair a token: readahead 2.94 ms, slot preparation 0.16 ms, reads 2.68 ms, install 0.01 ms, over 4.25 loads
ds4:   Engram rows written at step start in 4224 steps; layer-13 drains 0
ds4:   residency a token: 0.00 adds, 0.00 removes, 0.00 commits
ds4:   decode path so far: 4288 single-row steps (88.1 ms each inside the graph over the last 64), 0 K-row verification steps over 0 positions, 0 batch-fusion sites taken; candidate K none
ds4: gate over tokens 4225-4288: 17.34 command buffers, 5.09 aborts, 240.0 expert ids accounted, 55.91 MiB loaded a token; 0 the gate failed to switch off, 0 it could not gate
ds4:   one token, exclusive, same window: entry 0.00 + encode 0.95 + commit-to-done 71.45 + repair-load 7.79 + accounting 0.05 + tail 2.53 = 82.77 of a 86.23 ms wall, residual 3.46
ds4:   GPU busy 74.45 ms of the token's wall (the union of its buffers' spans), idle 11.78 ms
ds4:   1291.2 gated dispatches a token, 4.2 of them behind an abort; 175.7 sent plain ahead of a buffer's first validate
ds4:   encode-ahead: 11.25 segments used, 4.94 dropped, 3.05 ms a token spent encoding under the GPU
ds4:   concurrent sections: 127.34 attempted, 127.34 opened a token
ds4:   speculation: 0.00 layers a token, 0.00 lanes computed, 0.00 matched, 0.00 GEMVs actually saved, 0.00 left to compute; compared 0.00 lanes, 0.00 floats differ, 0.00 by more than an ulp
ds4:   Metal 4: 23.28 command buffers sent, 1930.1 dispatches a token; 0 pieces of Metal 3 work so far
ds4:   Metal 4 a token: encoders 145.5 serial + 127.3 concurrent; barriers 1611.8 after a dispatch, 23.9 at copies, 74.8 from the engine, 23.3 opening and 23.3 ending an encoder; 272.9 table clears, 8019.5 setBuffer, 2223.1 setBytes (203299 B); 1930.1 dispatches, 11.9 copies; 23.28 blocking waits, 73.47 ms; 249.6 section barriers
ds4:   expert cache over the last 64 tokens: 240.00 hits, 5.89 misses, 0.00 evictions a token; 9378 of 9648 entries live (97.2%)
ds4:   of the address-table holes repaired a token: 0.00 already resident, 5.89 genuinely absent
ds4:   of the repair a token: readahead 4.61 ms, slot preparation 0.01 ms, reads 3.14 ms, install 0.02 ms, over 5.89 loads
ds4:   Engram rows written at step start in 4288 steps; layer-13 drains 0
ds4:   residency a token: 0.00 adds, 0.00 removes, 0.00 commits
ds4:   decode path so far: 4352 single-row steps (88.2 ms each inside the graph over the last 64), 0 K-row verification steps over 0 positions, 0 batch-fusion sites taken; candidate K none
ds4: gate over tokens 4289-4352: 16.25 command buffers, 3.48 aborts, 240.0 expert ids accounted, 36.04 MiB loaded a token; 0 the gate failed to switch off, 0 it could not gate
ds4:   one token, exclusive, same window: entry 0.00 + encode 0.68 + commit-to-done 73.80 + repair-load 6.08 + accounting 0.05 + tail 2.71 = 83.32 of a 86.40 ms wall, residual 3.07
ds4:   GPU busy 77.18 ms of the token's wall (the union of its buffers' spans), idle 9.21 ms
ds4:   1279.6 gated dispatches a token, 0.0 of them behind an abort; 126.3 sent plain ahead of a buffer's first validate
ds4:   encode-ahead: 11.77 segments used, 3.36 dropped, 2.76 ms a token spent encoding under the GPU
ds4:   concurrent sections: 111.84 attempted, 111.84 opened a token
ds4:   speculation: 0.00 layers a token, 0.00 lanes computed, 0.00 matched, 0.00 GEMVs actually saved, 0.00 left to compute; compared 0.00 lanes, 0.00 floats differ, 0.00 by more than an ulp
ds4:   Metal 4: 20.61 command buffers sent, 1726.7 dispatches a token; 0 pieces of Metal 3 work so far
ds4:   Metal 4 a token: encoders 129.0 serial + 111.8 concurrent; barriers 1447.1 after a dispatch, 22.7 at copies, 67.6 from the engine, 20.6 opening and 20.6 ending an encoder; 240.8 table clears, 7160.5 setBuffer, 1985.2 setBytes (181640 B); 1726.7 dispatches, 11.4 copies; 20.61 blocking waits, 76.01 ms; 220.2 section barriers
ds4:   expert cache over the last 64 tokens: 240.00 hits, 3.80 misses, 0.00 evictions a token; 9621 of 9648 entries live (99.7%)
ds4:   of the address-table holes repaired a token: 0.00 already resident, 3.80 genuinely absent
ds4:   of the repair a token: readahead 3.70 ms, slot preparation 0.01 ms, reads 2.35 ms, install 0.01 ms, over 3.80 loads
ds4:   Engram rows written at step start in 4352 steps; layer-13 drains 0
ds4:   residency a token: 0.00 adds, 0.00 removes, 0.00 commits
ds4:   decode path so far: 4416 single-row steps (88.3 ms each inside the graph over the last 64), 0 K-row verification steps over 0 positions, 0 batch-fusion sites taken; candidate K none
ds4: gate over tokens 4353-4416: 16.80 command buffers, 4.09 aborts, 240.0 expert ids accounted, 50.72 MiB loaded a token; 0 the gate failed to switch off, 0 it could not gate
ds4:   one token, exclusive, same window: entry 0.00 + encode 0.75 + commit-to-done 73.85 + repair-load 6.64 + accounting 0.05 + tail 2.62 = 83.91 of a 87.06 ms wall, residual 3.15
ds4:   GPU busy 77.07 ms of the token's wall (the union of its buffers' spans), idle 9.99 ms
ds4:   1298.8 gated dispatches a token, 1.4 of them behind an abort; 147.7 sent plain ahead of a buffer's first validate
ds4:   encode-ahead: 11.70 segments used, 3.95 dropped, 2.78 ms a token spent encoding under the GPU
ds4:   concurrent sections: 118.25 attempted, 118.25 opened a token
ds4:   speculation: 0.00 layers a token, 0.00 lanes computed, 0.00 matched, 0.00 GEMVs actually saved, 0.00 left to compute; compared 0.00 lanes, 0.00 floats differ, 0.00 by more than an ulp
ds4:   Metal 4: 21.75 command buffers sent, 1824.6 dispatches a token; 0 pieces of Metal 3 work so far
ds4:   Metal 4 a token: encoders 135.9 serial + 118.2 concurrent; barriers 1529.0 after a dispatch, 23.6 at copies, 70.7 from the engine, 21.8 opening and 21.8 ending an encoder; 254.2 table clears, 7542.4 setBuffer, 2097.4 setBytes (190641 B); 1824.6 dispatches, 11.8 copies; 21.75 blocking waits, 75.98 ms; 232.4 section barriers
ds4:   expert cache over the last 64 tokens: 240.00 hits, 5.34 misses, 4.92 evictions a token; 9648 of 9648 entries live (100.0%)
ds4:   of the address-table holes repaired a token: 0.00 already resident, 5.34 genuinely absent
ds4:   of the repair a token: readahead 3.73 ms, slot preparation 0.25 ms, reads 2.54 ms, install 0.01 ms, over 5.34 loads
ds4:   Engram rows written at step start in 4416 steps; layer-13 drains 0
ds4:   residency a token: 0.00 adds, 0.00 removes, 0.00 commits
ds4:   decode path so far: 4480 single-row steps (89.1 ms each inside the graph over the last 64), 0 K-row verification steps over 0 positions, 0 batch-fusion sites taken; candidate K none
ds4: gate over tokens 4417-4480: 15.89 command buffers, 2.70 aborts, 240.0 expert ids accounted, 27.88 MiB loaded a token; 0 the gate failed to switch off, 0 it could not gate
ds4:   one token, exclusive, same window: entry 0.00 + encode 0.59 + commit-to-done 76.10 + repair-load 4.06 + accounting 0.05 + tail 2.72 = 83.52 of a 86.43 ms wall, residual 2.91
ds4:   GPU busy 79.64 ms of the token's wall (the union of its buffers' spans), idle 6.79 ms
ds4:   1314.9 gated dispatches a token, 3.9 of them behind an abort; 107.4 sent plain ahead of a buffer's first validate
ds4:   encode-ahead: 12.19 segments used, 2.56 dropped, 2.65 ms a token spent encoding under the GPU
ds4:   concurrent sections: 105.16 attempted, 105.16 opened a token
ds4:   speculation: 0.00 layers a token, 0.00 lanes computed, 0.00 matched, 0.00 GEMVs actually saved, 0.00 left to compute; compared 0.00 lanes, 0.00 floats differ, 0.00 by more than an ulp
ds4:   Metal 4: 19.45 command buffers sent, 1686.4 dispatches a token; 0 pieces of Metal 3 work so far
ds4:   Metal 4 a token: encoders 121.9 serial + 105.2 concurrent; barriers 1423.5 after a dispatch, 22.8 at copies, 64.6 from the engine, 19.5 opening and 19.5 ending an encoder; 227.1 table clears, 6884.4 setBuffer, 1930.1 setBytes (172304 B); 1686.4 dispatches, 11.4 copies; 19.45 blocking waits, 78.31 ms; 207.6 section barriers
ds4:   expert cache over the last 64 tokens: 240.00 hits, 2.94 misses, 2.94 evictions a token; 9648 of 9648 entries live (100.0%)
ds4:   of the address-table holes repaired a token: 0.00 already resident, 2.94 genuinely absent
ds4:   of the repair a token: readahead 2.16 ms, slot preparation 0.22 ms, reads 1.63 ms, install 0.01 ms, over 2.94 loads
ds4:   Engram rows written at step start in 4480 steps; layer-13 drains 0
ds4:   residency a token: 0.00 adds, 0.00 removes, 0.00 commits
ds4:   decode path so far: 4544 single-row steps (87.5 ms each inside the graph over the last 64), 0 K-row verification steps over 0 positions, 0 batch-fusion sites taken; candidate K none
ds4: gate over tokens 4481-4544: 15.62 command buffers, 2.56 aborts, 240.0 expert ids accounted, 26.10 MiB loaded a token; 0 the gate failed to switch off, 0 it could not gate
ds4:   one token, exclusive, same window: entry 0.00 + encode 0.49 + commit-to-done 75.93 + repair-load 3.76 + accounting 0.05 + tail 2.81 = 83.04 of a 85.63 ms wall, residual 2.59
ds4:   GPU busy 79.45 ms of the token's wall (the union of its buffers' spans), idle 6.18 ms
ds4:   1313.8 gated dispatches a token, 2.9 of them behind an abort; 100.4 sent plain ahead of a buffer's first validate
ds4:   encode-ahead: 12.06 segments used, 2.44 dropped, 2.36 ms a token spent encoding under the GPU
ds4:   concurrent sections: 103.28 attempted, 103.28 opened a token
ds4:   speculation: 0.00 layers a token, 0.00 lanes computed, 0.00 matched, 0.00 GEMVs actually saved, 0.00 left to compute; compared 0.00 lanes, 0.00 floats differ, 0.00 by more than an ulp
ds4:   Metal 4: 19.06 command buffers sent, 1655.4 dispatches a token; 0 pieces of Metal 3 work so far
ds4:   Metal 4 a token: encoders 119.8 serial + 103.3 concurrent; barriers 1397.2 after a dispatch, 21.5 at copies, 63.6 from the engine, 19.1 opening and 19.1 ending an encoder; 223.1 table clears, 6758.7 setBuffer, 1894.9 setBytes (169118 B); 1655.4 dispatches, 10.8 copies; 19.06 blocking waits, 78.23 ms; 204.0 section barriers
ds4:   expert cache over the last 64 tokens: 239.98 hits, 2.75 misses, 2.75 evictions a token; 9648 of 9648 entries live (100.0%)
ds4:   of the address-table holes repaired a token: 0.00 already resident, 2.75 genuinely absent
ds4:   of the repair a token: readahead 1.71 ms, slot preparation 0.21 ms, reads 1.81 ms, install 0.01 ms, over 2.75 loads
ds4:   Engram rows written at step start in 4544 steps; layer-13 drains 0
ds4:   residency a token: 0.00 adds, 0.00 removes, 0.00 commits
ds4:   decode path so far: 4608 single-row steps (86.4 ms each inside the graph over the last 64), 0 K-row verification steps over 0 positions, 0 batch-fusion sites taken; candidate K none
ds4: gate over tokens 4545-4608: 15.09 command buffers, 1.58 aborts, 240.0 expert ids accounted, 15.72 MiB loaded a token; 0 the gate failed to switch off, 0 it could not gate
ds4:   one token, exclusive, same window: entry 0.00 + encode 0.35 + commit-to-done 75.56 + repair-load 3.35 + accounting 0.05 + tail 2.67 = 81.98 of a 84.38 ms wall, residual 2.40
ds4:   GPU busy 79.11 ms of the token's wall (the union of its buffers' spans), idle 5.28 ms
ds4:   1308.8 gated dispatches a token, 0.0 of them behind an abort; 68.0 sent plain ahead of a buffer's first validate
ds4:   encode-ahead: 12.52 segments used, 1.48 dropped, 2.25 ms a token spent encoding under the GPU
ds4:   concurrent sections: 94.41 attempted, 94.41 opened a token
ds4:   speculation: 0.00 layers a token, 0.00 lanes computed, 0.00 matched, 0.00 GEMVs actually saved, 0.00 left to compute; compared 0.00 lanes, 0.00 floats differ, 0.00 by more than an ulp
ds4:   Metal 4: 17.58 command buffers sent, 1535.5 dispatches a token; 0 pieces of Metal 3 work so far
ds4:   Metal 4 a token: encoders 110.4 serial + 94.4 concurrent; barriers 1299.5 after a dispatch, 19.8 at copies, 59.6 from the engine, 17.6 opening and 17.6 ending an encoder; 204.8 table clears, 6264.8 setBuffer, 1755.4 setBytes (156718 B); 1535.5 dispatches, 9.9 copies; 17.58 blocking waits, 77.72 ms; 187.2 section barriers
ds4:   expert cache over the last 64 tokens: 240.00 hits, 1.66 misses, 1.66 evictions a token; 9648 of 9648 entries live (100.0%)
ds4:   of the address-table holes repaired a token: 0.00 already resident, 1.66 genuinely absent
ds4:   of the repair a token: readahead 2.10 ms, slot preparation 0.14 ms, reads 1.09 ms, install 0.01 ms, over 1.66 loads
ds4:   Engram rows written at step start in 4608 steps; layer-13 drains 0
ds4:   residency a token: 0.00 adds, 0.00 removes, 0.00 commits
ds4:   decode path so far: 4672 single-row steps (88.1 ms each inside the graph over the last 64), 0 K-row verification steps over 0 positions, 0 batch-fusion sites taken; candidate K none
ds4: gate over tokens 4609-4672: 15.94 command buffers, 3.08 aborts, 240.0 expert ids accounted, 33.37 MiB loaded a token; 0 the gate failed to switch off, 0 it could not gate
ds4:   one token, exclusive, same window: entry 0.00 + encode 0.49 + commit-to-done 76.30 + repair-load 4.30 + accounting 0.05 + tail 2.66 = 83.79 of a 86.29 ms wall, residual 2.50
ds4:   GPU busy 79.51 ms of the token's wall (the union of its buffers' spans), idle 6.78 ms
ds4:   1304.4 gated dispatches a token, 4.8 of them behind an abort; 119.2 sent plain ahead of a buffer's first validate
ds4:   encode-ahead: 11.86 segments used, 2.88 dropped, 2.22 ms a token spent encoding under the GPU
ds4:   concurrent sections: 107.62 attempted, 107.62 opened a token
ds4:   speculation: 0.00 layers a token, 0.00 lanes computed, 0.00 matched, 0.00 GEMVs actually saved, 0.00 left to compute; compared 0.00 lanes, 0.00 floats differ, 0.00 by more than an ulp
ds4:   Metal 4: 19.81 command buffers sent, 1711.0 dispatches a token; 0 pieces of Metal 3 work so far
ds4:   Metal 4 a token: encoders 124.4 serial + 107.6 concurrent; barriers 1442.0 after a dispatch, 21.1 at copies, 65.5 from the engine, 19.8 opening and 19.8 ending an encoder; 232.0 table clears, 6994.6 setBuffer, 1960.2 setBytes (175068 B); 1711.0 dispatches, 10.5 copies; 19.81 blocking waits, 78.49 ms; 212.2 section barriers
ds4:   expert cache over the last 64 tokens: 240.00 hits, 3.52 misses, 3.52 evictions a token; 9648 of 9648 entries live (100.0%)
ds4:   of the address-table holes repaired a token: 0.00 already resident, 3.52 genuinely absent
ds4:   of the repair a token: readahead 2.24 ms, slot preparation 0.19 ms, reads 1.81 ms, install 0.01 ms, over 3.52 loads
ds4:   Engram rows written at step start in 4672 steps; layer-13 drains 0
ds4:   residency a token: 0.00 adds, 0.00 removes, 0.00 commits
ds4: V4.1 static context buffers 3435.75 MiB (ctx=8192), Engram disk-only
ds4: V4.1 static context buffers 3435.75 MiB (ctx=8192), Engram disk-only
ds4:   decode path so far: 4736 single-row steps (118.9 ms each inside the graph over the last 64), 0 K-row verification steps over 0 positions, 0 batch-fusion sites taken; candidate K none
ds4: gate over tokens 4673-4736: 15.62 command buffers, 2.30 aborts, 240.0 expert ids accounted, 23.43 MiB loaded a token; 0 the gate failed to switch off, 0 it could not gate
ds4:   one token, exclusive, same window: entry 0.00 + encode 0.44 + commit-to-done 89.14 + repair-load 3.04 + accounting 0.06 + tail 1.33 = 94.01 of a 116.71 ms wall, residual 22.70
ds4:   GPU busy 1146.44 ms of the token's wall (the union of its buffers' spans), idle -1029.73 ms
ds4:   1306.6 gated dispatches a token, 2.8 of them behind an abort; 91.8 sent plain ahead of a buffer's first validate
ds4:   encode-ahead: 12.33 segments used, 2.12 dropped, 22.51 ms a token spent encoding under the GPU
ds4:   concurrent sections: 100.72 attempted, 100.72 opened a token
ds4:   speculation: 0.00 layers a token, 0.00 lanes computed, 0.00 matched, 0.00 GEMVs actually saved, 0.00 left to compute; compared 0.00 lanes, 0.00 floats differ, 0.00 by more than an ulp
ds4:   Metal 4: 21.36 command buffers sent, 3881.1 dispatches a token; 0 pieces of Metal 3 work so far
ds4:   Metal 4 a token: encoders 119.8 serial + 100.7 concurrent; barriers 3629.3 after a dispatch, 869.3 at copies, 62.5 from the engine, 21.4 opening and 21.4 ending an encoder; 220.5 table clears, 12181.4 setBuffer, 4196.1 setBytes (357514 B); 3881.1 dispatches, 434.7 copies; 21.36 blocking waits, 1148.40 ms; 199.1 section barriers
ds4:   expert cache over the last 64 tokens: 304.20 hits, 76.08 misses, 88.08 evictions a token; 8880 of 8880 entries live (100.0%)
ds4:   of the address-table holes repaired a token: 0.00 already resident, 2.47 genuinely absent
ds4:   of the repair a token: readahead 1.49 ms, slot preparation 0.35 ms, reads 1.35 ms, install 0.07 ms, over 76.08 loads
ds4:   Engram rows written at step start in 4736 steps; layer-13 drains 0
ds4:   residency a token: 0.00 adds, 0.00 removes, 0.00 commits
ds4:   decode path so far: 4800 single-row steps (93.7 ms each inside the graph over the last 64), 0 K-row verification steps over 0 positions, 0 batch-fusion sites taken; candidate K none
ds4: gate over tokens 4737-4800: 15.81 command buffers, 2.67 aborts, 240.0 expert ids accounted, 26.25 MiB loaded a token; 0 the gate failed to switch off, 0 it could not gate
ds4:   one token, exclusive, same window: entry 0.00 + encode 0.58 + commit-to-done 85.67 + repair-load 3.65 + accounting 0.05 + tail 0.00 = 89.95 of a 92.82 ms wall, residual 2.87
ds4:   GPU busy 86.83 ms of the token's wall (the union of its buffers' spans), idle 5.99 ms
ds4:   1299.7 gated dispatches a token, 2.8 of them behind an abort; 106.9 sent plain ahead of a buffer's first validate
ds4:   encode-ahead: 12.14 segments used, 2.48 dropped, 2.60 ms a token spent encoding under the GPU
ds4:   concurrent sections: 104.62 attempted, 104.62 opened a token
ds4:   speculation: 0.00 layers a token, 0.00 lanes computed, 0.00 matched, 0.00 GEMVs actually saved, 0.00 left to compute; compared 0.00 lanes, 0.00 floats differ, 0.00 by more than an ulp
ds4:   Metal 4: 18.30 command buffers sent, 1657.5 dispatches a token; 0 pieces of Metal 3 work so far
ds4:   Metal 4 a token: encoders 120.2 serial + 104.6 concurrent; barriers 1395.9 after a dispatch, 22.3 at copies, 64.3 from the engine, 18.3 opening and 18.3 ending an encoder; 224.9 table clears, 6739.4 setBuffer, 1900.1 setBytes (169416 B); 1657.5 dispatches, 11.2 copies; 18.30 blocking waits, 85.17 ms; 206.6 section barriers
ds4:   expert cache over the last 64 tokens: 240.00 hits, 2.77 misses, 2.77 evictions a token; 8880 of 8880 entries live (100.0%)
ds4:   of the address-table holes repaired a token: 0.00 already resident, 2.77 genuinely absent
ds4:   of the repair a token: readahead 1.70 ms, slot preparation 0.24 ms, reads 1.68 ms, install 0.01 ms, over 2.77 loads
ds4:   Engram rows written at step start in 4800 steps; layer-13 drains 0
ds4:   residency a token: 0.00 adds, 0.00 removes, 0.00 commits
ds4:   decode path so far: 4864 single-row steps (87.2 ms each inside the graph over the last 64), 0 K-row verification steps over 0 positions, 0 batch-fusion sites taken; candidate K none
ds4: gate over tokens 4801-4864: 16.27 command buffers, 3.09 aborts, 240.0 expert ids accounted, 33.52 MiB loaded a token; 0 the gate failed to switch off, 0 it could not gate
ds4:   one token, exclusive, same window: entry 0.00 + encode 0.60 + commit-to-done 78.18 + repair-load 4.64 + accounting 0.05 + tail 0.00 = 83.47 of a 86.21 ms wall, residual 2.74
ds4:   GPU busy 79.29 ms of the token's wall (the union of its buffers' spans), idle 6.92 ms
ds4:   1316.8 gated dispatches a token, 5.2 of them behind an abort; 122.2 sent plain ahead of a buffer's first validate
ds4:   encode-ahead: 12.17 segments used, 2.86 dropped, 2.44 ms a token spent encoding under the GPU
ds4:   concurrent sections: 109.16 attempted, 109.16 opened a token
ds4:   speculation: 0.00 layers a token, 0.00 lanes computed, 0.00 matched, 0.00 GEMVs actually saved, 0.00 left to compute; compared 0.00 lanes, 0.00 floats differ, 0.00 by more than an ulp
ds4:   Metal 4: 19.12 command buffers sent, 1720.3 dispatches a token; 0 pieces of Metal 3 work so far
ds4:   Metal 4 a token: encoders 125.2 serial + 109.2 concurrent; barriers 1447.4 after a dispatch, 23.6 at copies, 66.5 from the engine, 19.1 opening and 19.1 ending an encoder; 234.3 table clears, 6999.5 setBuffer, 1973.0 setBytes (175990 B); 1720.3 dispatches, 11.8 copies; 19.12 blocking waits, 77.75 ms; 215.2 section barriers
ds4:   expert cache over the last 64 tokens: 239.98 hits, 3.53 misses, 3.53 evictions a token; 8880 of 8880 entries live (100.0%)
ds4:   of the address-table holes repaired a token: 0.00 already resident, 3.53 genuinely absent
ds4:   of the repair a token: readahead 2.32 ms, slot preparation 0.23 ms, reads 2.03 ms, install 0.01 ms, over 3.53 loads
ds4:   Engram rows written at step start in 4864 steps; layer-13 drains 0
ds4:   residency a token: 0.00 adds, 0.00 removes, 0.00 commits
ds4:   decode path so far: 4928 single-row steps (85.4 ms each inside the graph over the last 64), 0 K-row verification steps over 0 positions, 0 batch-fusion sites taken; candidate K none
ds4: gate over tokens 4865-4928: 16.05 command buffers, 3.09 aborts, 240.0 expert ids accounted, 32.04 MiB loaded a token; 0 the gate failed to switch off, 0 it could not gate
ds4:   one token, exclusive, same window: entry 0.00 + encode 0.55 + commit-to-done 77.65 + repair-load 4.30 + accounting 0.05 + tail 0.00 = 82.56 of a 85.21 ms wall, residual 2.66
ds4:   GPU busy 78.60 ms of the token's wall (the union of its buffers' spans), idle 6.62 ms
ds4:   1300.3 gated dispatches a token, 2.3 of them behind an abort; 120.7 sent plain ahead of a buffer's first validate
ds4:   encode-ahead: 11.95 segments used, 2.94 dropped, 2.38 ms a token spent encoding under the GPU
ds4:   concurrent sections: 108.28 attempted, 108.28 opened a token
ds4:   speculation: 0.00 layers a token, 0.00 lanes computed, 0.00 matched, 0.00 GEMVs actually saved, 0.00 left to compute; compared 0.00 lanes, 0.00 floats differ, 0.00 by more than an ulp
ds4:   Metal 4: 18.98 command buffers sent, 1702.0 dispatches a token; 0 pieces of Metal 3 work so far
ds4:   Metal 4 a token: encoders 124.2 serial + 108.3 concurrent; barriers 1431.3 after a dispatch, 23.5 at copies, 65.9 from the engine, 19.0 opening and 19.0 ending an encoder; 232.5 table clears, 6929.9 setBuffer, 1952.6 setBytes (174141 B); 1702.0 dispatches, 11.8 copies; 18.98 blocking waits, 77.22 ms; 213.5 section barriers
ds4:   expert cache over the last 64 tokens: 240.00 hits, 3.38 misses, 3.38 evictions a token; 8880 of 8880 entries live (100.0%)
ds4:   of the address-table holes repaired a token: 0.00 already resident, 3.38 genuinely absent
ds4:   of the repair a token: readahead 2.10 ms, slot preparation 0.24 ms, reads 1.91 ms, install 0.01 ms, over 3.38 loads
ds4:   Engram rows written at step start in 4928 steps; layer-13 drains 0
ds4:   residency a token: 0.00 adds, 0.00 removes, 0.00 commits
ds4:   decode path so far: 4992 single-row steps (84.6 ms each inside the graph over the last 64), 0 K-row verification steps over 0 positions, 0 batch-fusion sites taken; candidate K none
ds4: gate over tokens 4929-4992: 16.06 command buffers, 2.92 aborts, 240.0 expert ids accounted, 28.62 MiB loaded a token; 0 the gate failed to switch off, 0 it could not gate
ds4:   one token, exclusive, same window: entry 0.00 + encode 0.50 + commit-to-done 75.89 + repair-load 3.97 + accounting 0.05 + tail 0.00 = 80.41 of a 82.96 ms wall, residual 2.55
ds4:   GPU busy 76.87 ms of the token's wall (the union of its buffers' spans), idle 6.09 ms
ds4:   1312.3 gated dispatches a token, 1.4 of them behind an abort; 114.2 sent plain ahead of a buffer's first validate
ds4:   encode-ahead: 12.14 segments used, 2.83 dropped, 2.29 ms a token spent encoding under the GPU
ds4:   concurrent sections: 107.72 attempted, 107.72 opened a token
ds4:   speculation: 0.00 layers a token, 0.00 lanes computed, 0.00 matched, 0.00 GEMVs actually saved, 0.00 left to compute; compared 0.00 lanes, 0.00 floats differ, 0.00 by more than an ulp
ds4:   Metal 4: 18.89 command buffers sent, 1697.6 dispatches a token; 0 pieces of Metal 3 work so far
ds4:   Metal 4 a token: encoders 123.7 serial + 107.7 concurrent; barriers 1428.3 after a dispatch, 24.0 at copies, 65.9 from the engine, 18.9 opening and 18.9 ending an encoder; 231.4 table clears, 6911.4 setBuffer, 1947.1 setBytes (173720 B); 1697.6 dispatches, 12.0 copies; 18.89 blocking waits, 75.46 ms; 212.5 section barriers
ds4:   expert cache over the last 64 tokens: 240.00 hits, 3.02 misses, 3.02 evictions a token; 8880 of 8880 entries live (100.0%)
ds4:   of the address-table holes repaired a token: 0.00 already resident, 3.02 genuinely absent
ds4:   of the repair a token: readahead 1.99 ms, slot preparation 0.22 ms, reads 1.73 ms, install 0.01 ms, over 3.02 loads
ds4:   Engram rows written at step start in 4992 steps; layer-13 drains 0
ds4:   residency a token: 0.00 adds, 0.00 removes, 0.00 commits
ds4:   decode path so far: 5056 single-row steps (87.8 ms each inside the graph over the last 64), 0 K-row verification steps over 0 positions, 0 batch-fusion sites taken; candidate K none
ds4: gate over tokens 4993-5056: 16.48 command buffers, 3.53 aborts, 240.0 expert ids accounted, 36.78 MiB loaded a token; 0 the gate failed to switch off, 0 it could not gate
ds4:   one token, exclusive, same window: entry 0.00 + encode 0.54 + commit-to-done 79.48 + repair-load 4.88 + accounting 0.05 + tail 0.00 = 84.95 of a 87.57 ms wall, residual 2.62
ds4:   GPU busy 80.38 ms of the token's wall (the union of its buffers' spans), idle 7.19 ms
ds4:   1315.0 gated dispatches a token, 1.9 of them behind an abort; 131.3 sent plain ahead of a buffer's first validate
ds4:   encode-ahead: 11.95 segments used, 3.38 dropped, 2.31 ms a token spent encoding under the GPU
ds4:   concurrent sections: 112.88 attempted, 112.88 opened a token
ds4:   speculation: 0.00 layers a token, 0.00 lanes computed, 0.00 matched, 0.00 GEMVs actually saved, 0.00 left to compute; compared 0.00 lanes, 0.00 floats differ, 0.00 by more than an ulp
ds4:   Metal 4: 19.86 command buffers sent, 1767.4 dispatches a token; 0 pieces of Metal 3 work so far
ds4:   Metal 4 a token: encoders 129.2 serial + 112.9 concurrent; barriers 1485.2 after a dispatch, 25.1 at copies, 68.2 from the engine, 19.9 opening and 19.9 ending an encoder; 242.1 table clears, 7197.0 setBuffer, 2028.2 setBytes (180883 B); 1767.4 dispatches, 12.5 copies; 19.86 blocking waits, 79.06 ms; 222.2 section barriers
ds4:   expert cache over the last 64 tokens: 240.00 hits, 3.88 misses, 3.88 evictions a token; 8880 of 8880 entries live (100.0%)
ds4:   of the address-table holes repaired a token: 0.00 already resident, 3.88 genuinely absent
ds4:   of the repair a token: readahead 2.51 ms, slot preparation 0.25 ms, reads 2.07 ms, install 0.01 ms, over 3.88 loads
ds4:   Engram rows written at step start in 5056 steps; layer-13 drains 0
ds4:   residency a token: 0.00 adds, 0.00 removes, 0.00 commits
ds4:   decode path so far: 5120 single-row steps (87.8 ms each inside the graph over the last 64), 0 K-row verification steps over 0 positions, 0 batch-fusion sites taken; candidate K none
ds4: gate over tokens 5057-5120: 16.52 command buffers, 3.72 aborts, 240.0 expert ids accounted, 38.41 MiB loaded a token; 0 the gate failed to switch off, 0 it could not gate
ds4:   one token, exclusive, same window: entry 0.00 + encode 0.58 + commit-to-done 77.76 + repair-load 5.08 + accounting 0.05 + tail 0.00 = 83.48 of a 86.22 ms wall, residual 2.74
ds4:   GPU busy 78.66 ms of the token's wall (the union of its buffers' spans), idle 7.56 ms
ds4:   1303.1 gated dispatches a token, 2.8 of them behind an abort; 136.7 sent plain ahead of a buffer's first validate
ds4:   encode-ahead: 11.80 segments used, 3.56 dropped, 2.39 ms a token spent encoding under the GPU
ds4:   concurrent sections: 114.28 attempted, 114.28 opened a token
ds4:   speculation: 0.00 layers a token, 0.00 lanes computed, 0.00 matched, 0.00 GEMVs actually saved, 0.00 left to compute; compared 0.00 lanes, 0.00 floats differ, 0.00 by more than an ulp
ds4:   Metal 4: 20.08 command buffers sent, 1787.8 dispatches a token; 0 pieces of Metal 3 work so far
ds4:   Metal 4 a token: encoders 130.6 serial + 114.3 concurrent; barriers 1502.1 after a dispatch, 25.9 at copies, 68.8 from the engine, 20.1 opening and 20.1 ending an encoder; 244.9 table clears, 7278.0 setBuffer, 2051.7 setBytes (183045 B); 1787.8 dispatches, 13.0 copies; 20.08 blocking waits, 77.35 ms; 224.8 section barriers
ds4:   expert cache over the last 64 tokens: 240.00 hits, 4.05 misses, 4.05 evictions a token; 8880 of 8880 entries live (100.0%)
ds4:   of the address-table holes repaired a token: 0.00 already resident, 4.05 genuinely absent
ds4:   of the repair a token: readahead 2.59 ms, slot preparation 0.27 ms, reads 2.16 ms, install 0.01 ms, over 4.05 loads
ds4:   Engram rows written at step start in 5120 steps; layer-13 drains 0
ds4:   residency a token: 0.00 adds, 0.00 removes, 0.00 commits
ds4:   decode path so far: 5184 single-row steps (85.9 ms each inside the graph over the last 64), 0 K-row verification steps over 0 positions, 0 batch-fusion sites taken; candidate K none
ds4: gate over tokens 5121-5184: 15.94 command buffers, 2.84 aborts, 240.0 expert ids accounted, 28.92 MiB loaded a token; 0 the gate failed to switch off, 0 it could not gate
ds4:   one token, exclusive, same window: entry 0.00 + encode 0.46 + commit-to-done 78.01 + repair-load 3.96 + accounting 0.05 + tail 0.00 = 82.49 of a 85.03 ms wall, residual 2.54
ds4:   GPU busy 79.00 ms of the token's wall (the union of its buffers' spans), idle 6.02 ms
ds4:   1295.9 gated dispatches a token, 0.9 of them behind an abort; 106.3 sent plain ahead of a buffer's first validate
ds4:   encode-ahead: 12.09 segments used, 2.73 dropped, 2.26 ms a token spent encoding under the GPU
ds4:   concurrent sections: 106.22 attempted, 106.22 opened a token
ds4:   speculation: 0.00 layers a token, 0.00 lanes computed, 0.00 matched, 0.00 GEMVs actually saved, 0.00 left to compute; compared 0.00 lanes, 0.00 floats differ, 0.00 by more than an ulp
ds4:   Metal 4: 18.67 command buffers sent, 1676.2 dispatches a token; 0 pieces of Metal 3 work so far
ds4:   Metal 4 a token: encoders 122.0 serial + 106.2 concurrent; barriers 1410.7 after a dispatch, 22.7 at copies, 65.1 from the engine, 18.7 opening and 18.7 ending an encoder; 228.3 table clears, 6821.9 setBuffer, 1922.2 setBytes (171397 B); 1676.2 dispatches, 11.3 copies; 18.67 blocking waits, 77.62 ms; 209.6 section barriers
ds4:   expert cache over the last 64 tokens: 240.00 hits, 3.05 misses, 3.05 evictions a token; 8880 of 8880 entries live (100.0%)
ds4:   of the address-table holes repaired a token: 0.00 already resident, 3.05 genuinely absent
ds4:   of the repair a token: readahead 1.99 ms, slot preparation 0.20 ms, reads 1.73 ms, install 0.01 ms, over 3.05 loads
ds4:   Engram rows written at step start in 5184 steps; layer-13 drains 0
ds4:   residency a token: 0.00 adds, 0.00 removes, 0.00 commits
ds4:   decode path so far: 5248 single-row steps (87.2 ms each inside the graph over the last 64), 0 K-row verification steps over 0 positions, 0 batch-fusion sites taken; candidate K none
ds4: gate over tokens 5185-5248: 15.81 command buffers, 2.58 aborts, 240.0 expert ids accounted, 25.07 MiB loaded a token; 0 the gate failed to switch off, 0 it could not gate
ds4:   one token, exclusive, same window: entry 0.00 + encode 0.46 + commit-to-done 78.54 + repair-load 4.85 + accounting 0.05 + tail 0.00 = 83.90 of a 86.38 ms wall, residual 2.48
ds4:   GPU busy 79.58 ms of the token's wall (the union of its buffers' spans), idle 6.80 ms
ds4:   1303.4 gated dispatches a token, 0.5 of them behind an abort; 104.5 sent plain ahead of a buffer's first validate
ds4:   encode-ahead: 12.23 segments used, 2.50 dropped, 2.23 ms a token spent encoding under the GPU
ds4:   concurrent sections: 104.25 attempted, 104.25 opened a token
ds4:   speculation: 0.00 layers a token, 0.00 lanes computed, 0.00 matched, 0.00 GEMVs actually saved, 0.00 left to compute; compared 0.00 lanes, 0.00 floats differ, 0.00 by more than an ulp
ds4:   Metal 4: 18.31 command buffers sent, 1650.6 dispatches a token; 0 pieces of Metal 3 work so far
ds4:   Metal 4 a token: encoders 120.0 serial + 104.2 concurrent; barriers 1390.0 after a dispatch, 21.8 at copies, 64.3 from the engine, 18.3 opening and 18.3 ending an encoder; 224.2 table clears, 6716.1 setBuffer, 1892.4 setBytes (168803 B); 1650.6 dispatches, 10.9 copies; 18.31 blocking waits, 78.11 ms; 205.9 section barriers
ds4:   expert cache over the last 64 tokens: 240.00 hits, 2.64 misses, 2.64 evictions a token; 8880 of 8880 entries live (100.0%)
ds4:   of the address-table holes repaired a token: 0.00 already resident, 2.64 genuinely absent
ds4:   of the repair a token: readahead 3.17 ms, slot preparation 0.21 ms, reads 1.46 ms, install 0.01 ms, over 2.64 loads
ds4:   Engram rows written at step start in 5248 steps; layer-13 drains 0
ds4:   residency a token: 0.00 adds, 0.00 removes, 0.00 commits
ds4:   decode path so far: 5312 single-row steps (86.6 ms each inside the graph over the last 64), 0 K-row verification steps over 0 positions, 0 batch-fusion sites taken; candidate K none
ds4: gate over tokens 5249-5312: 16.16 command buffers, 3.31 aborts, 240.0 expert ids accounted, 32.93 MiB loaded a token; 0 the gate failed to switch off, 0 it could not gate
ds4:   one token, exclusive, same window: entry 0.00 + encode 0.50 + commit-to-done 78.52 + repair-load 4.37 + accounting 0.05 + tail 0.00 = 83.45 of a 85.97 ms wall, residual 2.53
ds4:   GPU busy 79.49 ms of the token's wall (the union of its buffers' spans), idle 6.49 ms
ds4:   1296.6 gated dispatches a token, 2.3 of them behind an abort; 125.1 sent plain ahead of a buffer's first validate
ds4:   encode-ahead: 11.84 segments used, 3.16 dropped, 2.23 ms a token spent encoding under the GPU
ds4:   concurrent sections: 110.00 attempted, 110.00 opened a token
ds4:   speculation: 0.00 layers a token, 0.00 lanes computed, 0.00 matched, 0.00 GEMVs actually saved, 0.00 left to compute; compared 0.00 lanes, 0.00 floats differ, 0.00 by more than an ulp
ds4:   Metal 4: 19.31 command buffers sent, 1723.5 dispatches a token; 0 pieces of Metal 3 work so far
ds4:   Metal 4 a token: encoders 126.0 serial + 110.0 concurrent; barriers 1448.5 after a dispatch, 22.1 at copies, 66.7 from the engine, 19.3 opening and 19.3 ending an encoder; 236.0 table clears, 7020.3 setBuffer, 1977.8 setBytes (176310 B); 1723.5 dispatches, 11.0 copies; 19.31 blocking waits, 78.11 ms; 216.7 section barriers
ds4:   expert cache over the last 64 tokens: 240.00 hits, 3.47 misses, 3.47 evictions a token; 8880 of 8880 entries live (100.0%)
ds4:   of the address-table holes repaired a token: 0.00 already resident, 3.47 genuinely absent
ds4:   of the repair a token: readahead 2.28 ms, slot preparation 0.24 ms, reads 1.82 ms, install 0.01 ms, over 3.47 loads
ds4:   Engram rows written at step start in 5312 steps; layer-13 drains 0
ds4:   residency a token: 0.00 adds, 0.00 removes, 0.00 commits
ds4:   decode path so far: 5376 single-row steps (88.2 ms each inside the graph over the last 64), 0 K-row verification steps over 0 positions, 0 batch-fusion sites taken; candidate K none
ds4: gate over tokens 5313-5376: 16.97 command buffers, 4.39 aborts, 240.0 expert ids accounted, 45.98 MiB loaded a token; 0 the gate failed to switch off, 0 it could not gate
ds4:   one token, exclusive, same window: entry 0.00 + encode 0.63 + commit-to-done 77.86 + repair-load 5.99 + accounting 0.05 + tail 0.00 = 84.54 of a 87.28 ms wall, residual 2.75
ds4:   GPU busy 78.68 ms of the token's wall (the union of its buffers' spans), idle 8.61 ms
ds4:   1313.7 gated dispatches a token, 2.8 of them behind an abort; 157.6 sent plain ahead of a buffer's first validate
ds4:   encode-ahead: 11.58 segments used, 4.20 dropped, 2.39 ms a token spent encoding under the GPU
ds4:   concurrent sections: 120.84 attempted, 120.84 opened a token
ds4:   speculation: 0.00 layers a token, 0.00 lanes computed, 0.00 matched, 0.00 GEMVs actually saved, 0.00 left to compute; compared 0.00 lanes, 0.00 floats differ, 0.00 by more than an ulp
ds4:   Metal 4: 21.17 command buffers sent, 1876.6 dispatches a token; 0 pieces of Metal 3 work so far
ds4:   Metal 4 a token: encoders 137.6 serial + 120.8 concurrent; barriers 1574.5 after a dispatch, 24.3 at copies, 71.8 from the engine, 21.2 opening and 21.2 ending an encoder; 258.5 table clears, 7644.7 setBuffer, 2155.1 setBytes (192152 B); 1876.6 dispatches, 12.1 copies; 21.17 blocking waits, 77.46 ms; 237.3 section barriers
ds4:   expert cache over the last 64 tokens: 240.00 hits, 4.84 misses, 4.84 evictions a token; 8880 of 8880 entries live (100.0%)
ds4:   of the address-table holes repaired a token: 0.00 already resident, 4.84 genuinely absent
ds4:   of the repair a token: readahead 3.11 ms, slot preparation 0.28 ms, reads 2.55 ms, install 0.01 ms, over 4.84 loads
ds4:   Engram rows written at step start in 5376 steps; layer-13 drains 0
ds4:   residency a token: 0.00 adds, 0.00 removes, 0.00 commits
ds4: expert cache lent the prefill headroom for decode: 8880 -> 9648 experts
ds4:   decode path so far: 5440 single-row steps (113.2 ms each inside the graph over the last 64), 0 K-row verification steps over 0 positions, 0 batch-fusion sites taken; candidate K none
ds4: gate over tokens 5377-5440: 17.88 command buffers, 5.64 aborts, 240.0 expert ids accounted, 64.52 MiB loaded a token; 0 the gate failed to switch off, 0 it could not gate
ds4:   one token, exclusive, same window: entry 0.00 + encode 0.76 + commit-to-done 80.48 + repair-load 7.80 + accounting 0.05 + tail 0.00 = 89.09 of a 111.81 ms wall, residual 22.72
ds4:   GPU busy 1061.81 ms of the token's wall (the union of its buffers' spans), idle -950.00 ms
ds4:   1322.3 gated dispatches a token, 5.2 of them behind an abort; 194.3 sent plain ahead of a buffer's first validate
ds4:   encode-ahead: 11.23 segments used, 5.41 dropped, 22.27 ms a token spent encoding under the GPU
ds4:   concurrent sections: 132.50 attempted, 132.50 opened a token
ds4:   speculation: 0.00 layers a token, 0.00 lanes computed, 0.00 matched, 0.00 GEMVs actually saved, 0.00 left to compute; compared 0.00 lanes, 0.00 floats differ, 0.00 by more than an ulp
ds4:   Metal 4: 26.44 command buffers sent, 4306.5 dispatches a token; 0 pieces of Metal 3 work so far
ds4:   Metal 4 a token: encoders 153.3 serial + 132.5 concurrent; barriers 3975.3 after a dispatch, 649.8 at copies, 77.2 from the engine, 26.4 opening and 26.4 ending an encoder; 285.8 table clears, 13918.5 setBuffer, 4692.1 setBytes (401513 B); 4306.5 dispatches, 324.9 copies; 26.44 blocking waits, 1063.46 ms; 259.4 section barriers
ds4:   expert cache over the last 64 tokens: 341.84 hits, 43.03 misses, 43.03 evictions a token; 8880 of 8880 entries live (100.0%)
ds4:   of the address-table holes repaired a token: 0.00 already resident, 6.80 genuinely absent
ds4:   of the repair a token: readahead 4.14 ms, slot preparation 0.52 ms, reads 3.21 ms, install 0.05 ms, over 43.03 loads
ds4:   Engram rows written at step start in 5440 steps; layer-13 drains 0
ds4:   residency a token: 0.00 adds, 0.00 removes, 0.00 commits
ds4:   decode path so far: 5504 single-row steps (87.4 ms each inside the graph over the last 64), 0 K-row verification steps over 0 positions, 0 batch-fusion sites taken; candidate K none
ds4: gate over tokens 5441-5504: 16.03 command buffers, 2.86 aborts, 240.0 expert ids accounted, 28.92 MiB loaded a token; 0 the gate failed to switch off, 0 it could not gate
ds4:   one token, exclusive, same window: entry 0.00 + encode 0.49 + commit-to-done 79.55 + repair-load 3.71 + accounting 0.05 + tail 0.00 = 83.81 of a 86.31 ms wall, residual 2.50
ds4:   GPU busy 80.57 ms of the token's wall (the union of its buffers' spans), idle 5.74 ms
ds4:   1311.6 gated dispatches a token, 2.8 of them behind an abort; 113.8 sent plain ahead of a buffer's first validate
ds4:   encode-ahead: 12.17 segments used, 2.66 dropped, 2.23 ms a token spent encoding under the GPU
ds4:   concurrent sections: 106.72 attempted, 106.72 opened a token
ds4:   speculation: 0.00 layers a token, 0.00 lanes computed, 0.00 matched, 0.00 GEMVs actually saved, 0.00 left to compute; compared 0.00 lanes, 0.00 floats differ, 0.00 by more than an ulp
ds4:   Metal 4: 18.69 command buffers sent, 1686.6 dispatches a token; 0 pieces of Metal 3 work so far
ds4:   Metal 4 a token: encoders 122.5 serial + 106.7 concurrent; barriers 1419.8 after a dispatch, 23.1 at copies, 65.3 from the engine, 18.7 opening and 18.7 ending an encoder; 229.3 table clears, 6860.3 setBuffer, 1933.9 setBytes (172455 B); 1686.6 dispatches, 11.5 copies; 18.69 blocking waits, 79.14 ms; 210.6 section barriers
ds4:   expert cache over the last 64 tokens: 240.00 hits, 3.05 misses, 3.05 evictions a token; 8880 of 8880 entries live (100.0%)
ds4:   of the address-table holes repaired a token: 0.00 already resident, 3.05 genuinely absent
ds4:   of the repair a token: readahead 1.82 ms, slot preparation 0.20 ms, reads 1.66 ms, install 0.01 ms, over 3.05 loads
ds4:   Engram rows written at step start in 5504 steps; layer-13 drains 0
ds4:   residency a token: 0.00 adds, 0.00 removes, 0.00 commits
ds4:   decode path so far: 5568 single-row steps (86.9 ms each inside the graph over the last 64), 0 K-row verification steps over 0 positions, 0 batch-fusion sites taken; candidate K none
ds4: gate over tokens 5505-5568: 16.33 command buffers, 3.34 aborts, 240.0 expert ids accounted, 37.08 MiB loaded a token; 0 the gate failed to switch off, 0 it could not gate
ds4:   one token, exclusive, same window: entry 0.00 + encode 0.55 + commit-to-done 77.57 + repair-load 4.94 + accounting 0.05 + tail 0.00 = 83.11 of a 85.74 ms wall, residual 2.63
ds4:   GPU busy 78.48 ms of the token's wall (the union of its buffers' spans), idle 7.27 ms
ds4:   1315.6 gated dispatches a token, 2.8 of them behind an abort; 132.7 sent plain ahead of a buffer's first validate
ds4:   encode-ahead: 11.98 segments used, 3.22 dropped, 2.32 ms a token spent encoding under the GPU
ds4:   concurrent sections: 112.28 attempted, 112.28 opened a token
ds4:   speculation: 0.00 layers a token, 0.00 lanes computed, 0.00 matched, 0.00 GEMVs actually saved, 0.00 left to compute; compared 0.00 lanes, 0.00 floats differ, 0.00 by more than an ulp
ds4:   Metal 4: 19.55 command buffers sent, 1763.0 dispatches a token; 0 pieces of Metal 3 work so far
ds4:   Metal 4 a token: encoders 128.5 serial + 112.3 concurrent; barriers 1482.3 after a dispatch, 24.5 at copies, 68.0 from the engine, 19.5 opening and 19.5 ending an encoder; 240.8 table clears, 7177.5 setBuffer, 2022.8 setBytes (180452 B); 1763.0 dispatches, 12.3 copies; 19.55 blocking waits, 77.16 ms; 221.2 section barriers
ds4:   expert cache over the last 64 tokens: 240.00 hits, 3.91 misses, 3.91 evictions a token; 8880 of 8880 entries live (100.0%)
ds4:   of the address-table holes repaired a token: 0.00 already resident, 3.91 genuinely absent
ds4:   of the repair a token: readahead 2.54 ms, slot preparation 0.22 ms, reads 2.12 ms, install 0.01 ms, over 3.91 loads
ds4:   Engram rows written at step start in 5568 steps; layer-13 drains 0
ds4:   residency a token: 0.00 adds, 0.00 removes, 0.00 commits
ds4:   decode path so far: 5632 single-row steps (86.5 ms each inside the graph over the last 64), 0 K-row verification steps over 0 positions, 0 batch-fusion sites taken; candidate K none
ds4: gate over tokens 5569-5632: 16.17 command buffers, 3.39 aborts, 240.0 expert ids accounted, 35.15 MiB loaded a token; 0 the gate failed to switch off, 0 it could not gate
ds4:   one token, exclusive, same window: entry 0.00 + encode 0.54 + commit-to-done 77.98 + repair-load 4.75 + accounting 0.05 + tail 0.00 = 83.32 of a 85.92 ms wall, residual 2.59
ds4:   GPU busy 78.87 ms of the token's wall (the union of its buffers' spans), idle 7.05 ms
ds4:   1302.2 gated dispatches a token, 2.8 of them behind an abort; 129.7 sent plain ahead of a buffer's first validate
ds4:   encode-ahead: 11.78 segments used, 3.23 dropped, 2.28 ms a token spent encoding under the GPU
ds4:   concurrent sections: 111.22 attempted, 111.22 opened a token
ds4:   speculation: 0.00 layers a token, 0.00 lanes computed, 0.00 matched, 0.00 GEMVs actually saved, 0.00 left to compute; compared 0.00 lanes, 0.00 floats differ, 0.00 by more than an ulp
ds4:   Metal 4: 19.41 command buffers sent, 1744.7 dispatches a token; 0 pieces of Metal 3 work so far
ds4:   Metal 4 a token: encoders 127.2 serial + 111.2 concurrent; barriers 1466.6 after a dispatch, 25.2 at copies, 67.2 from the engine, 19.4 opening and 19.4 ending an encoder; 238.5 table clears, 7101.9 setBuffer, 2001.9 setBytes (178570 B); 1744.7 dispatches, 12.6 copies; 19.41 blocking waits, 77.58 ms; 219.0 section barriers
ds4:   expert cache over the last 64 tokens: 239.98 hits, 3.70 misses, 3.70 evictions a token; 8880 of 8880 entries live (100.0%)
ds4:   of the address-table holes repaired a token: 0.00 already resident, 3.70 genuinely absent
ds4:   of the repair a token: readahead 2.47 ms, slot preparation 0.24 ms, reads 2.00 ms, install 0.01 ms, over 3.70 loads
ds4:   Engram rows written at step start in 5632 steps; layer-13 drains 0
ds4:   residency a token: 0.00 adds, 0.00 removes, 0.00 commits
ds4:   decode path so far: 5696 single-row steps (88.2 ms each inside the graph over the last 64), 0 K-row verification steps over 0 positions, 0 batch-fusion sites taken; candidate K none
ds4: gate over tokens 5633-5696: 16.22 command buffers, 3.14 aborts, 240.0 expert ids accounted, 30.85 MiB loaded a token; 0 the gate failed to switch off, 0 it could not gate
ds4:   one token, exclusive, same window: entry 0.00 + encode 0.53 + commit-to-done 79.69 + repair-load 4.20 + accounting 0.05 + tail 0.00 = 84.47 of a 87.07 ms wall, residual 2.59
ds4:   GPU busy 80.72 ms of the token's wall (the union of its buffers' spans), idle 6.34 ms
ds4:   1314.9 gated dispatches a token, 1.4 of them behind an abort; 122.2 sent plain ahead of a buffer's first validate
ds4:   encode-ahead: 12.08 segments used, 3.06 dropped, 2.30 ms a token spent encoding under the GPU
ds4:   concurrent sections: 109.56 attempted, 109.56 opened a token
ds4:   speculation: 0.00 layers a token, 0.00 lanes computed, 0.00 matched, 0.00 GEMVs actually saved, 0.00 left to compute; compared 0.00 lanes, 0.00 floats differ, 0.00 by more than an ulp
ds4:   Metal 4: 19.28 command buffers sent, 1719.7 dispatches a token; 0 pieces of Metal 3 work so far
ds4:   Metal 4 a token: encoders 125.7 serial + 109.6 concurrent; barriers 1445.8 after a dispatch, 23.7 at copies, 66.8 from the engine, 19.3 opening and 19.3 ending an encoder; 235.3 table clears, 7006.1 setBuffer, 1973.2 setBytes (176023 B); 1719.7 dispatches, 11.8 copies; 19.28 blocking waits, 79.25 ms; 216.0 section barriers
ds4:   expert cache over the last 64 tokens: 240.00 hits, 3.25 misses, 3.25 evictions a token; 8880 of 8880 entries live (100.0%)
ds4:   of the address-table holes repaired a token: 0.00 already resident, 3.25 genuinely absent
ds4:   of the repair a token: readahead 2.15 ms, slot preparation 0.24 ms, reads 1.78 ms, install 0.01 ms, over 3.25 loads
ds4:   Engram rows written at step start in 5696 steps; layer-13 drains 0
ds4:   residency a token: 0.00 adds, 0.00 removes, 0.00 commits
ds4:   decode path so far: 5760 single-row steps (88.8 ms each inside the graph over the last 64), 0 K-row verification steps over 0 positions, 0 batch-fusion sites taken; candidate K none
ds4: gate over tokens 5697-5760: 16.66 command buffers, 3.77 aborts, 240.0 expert ids accounted, 39.16 MiB loaded a token; 0 the gate failed to switch off, 0 it could not gate
ds4:   one token, exclusive, same window: entry 0.00 + encode 0.59 + commit-to-done 79.27 + repair-load 5.22 + accounting 0.05 + tail 0.00 = 85.13 of a 87.85 ms wall, residual 2.73
ds4:   GPU busy 80.18 ms of the token's wall (the union of its buffers' spans), idle 7.68 ms
ds4:   1316.4 gated dispatches a token, 1.9 of them behind an abort; 135.7 sent plain ahead of a buffer's first validate
ds4:   encode-ahead: 11.89 segments used, 3.61 dropped, 2.39 ms a token spent encoding under the GPU
ds4:   concurrent sections: 115.12 attempted, 115.12 opened a token
ds4:   speculation: 0.00 layers a token, 0.00 lanes computed, 0.00 matched, 0.00 GEMVs actually saved, 0.00 left to compute; compared 0.00 lanes, 0.00 floats differ, 0.00 by more than an ulp
ds4:   Metal 4: 20.27 command buffers sent, 1796.9 dispatches a token; 0 pieces of Metal 3 work so far
ds4:   Metal 4 a token: encoders 131.6 serial + 115.1 concurrent; barriers 1509.1 after a dispatch, 25.7 at copies, 69.3 from the engine, 20.3 opening and 20.3 ending an encoder; 246.8 table clears, 7320.6 setBuffer, 2062.7 setBytes (183965 B); 1796.9 dispatches, 12.9 copies; 20.27 blocking waits, 78.85 ms; 226.5 section barriers
ds4:   expert cache over the last 64 tokens: 240.00 hits, 4.12 misses, 4.12 evictions a token; 8880 of 8880 entries live (100.0%)
ds4:   of the address-table holes repaired a token: 0.00 already resident, 4.12 genuinely absent
ds4:   of the repair a token: readahead 2.61 ms, slot preparation 0.27 ms, reads 2.29 ms, install 0.01 ms, over 4.12 loads
ds4:   Engram rows written at step start in 5760 steps; layer-13 drains 0
ds4:   residency a token: 0.00 adds, 0.00 removes, 0.00 commits
ds4:   decode path so far: 5824 single-row steps (86.9 ms each inside the graph over the last 64), 0 K-row verification steps over 0 positions, 0 batch-fusion sites taken; candidate K none
ds4: gate over tokens 5761-5824: 16.45 command buffers, 3.70 aborts, 240.0 expert ids accounted, 38.56 MiB loaded a token; 0 the gate failed to switch off, 0 it could not gate
ds4:   one token, exclusive, same window: entry 0.00 + encode 0.61 + commit-to-done 77.42 + repair-load 5.25 + accounting 0.05 + tail 0.00 = 83.33 of a 86.12 ms wall, residual 2.79
ds4:   GPU busy 78.35 ms of the token's wall (the union of its buffers' spans), idle 7.77 ms
ds4:   1298.6 gated dispatches a token, 3.8 of them behind an abort; 136.5 sent plain ahead of a buffer's first validate
ds4:   encode-ahead: 11.75 segments used, 3.53 dropped, 2.43 ms a token spent encoding under the GPU
ds4:   concurrent sections: 113.75 attempted, 113.75 opened a token
ds4:   speculation: 0.00 layers a token, 0.00 lanes computed, 0.00 matched, 0.00 GEMVs actually saved, 0.00 left to compute; compared 0.00 lanes, 0.00 floats differ, 0.00 by more than an ulp
ds4:   Metal 4: 19.98 command buffers sent, 1780.3 dispatches a token; 0 pieces of Metal 3 work so far
ds4:   Metal 4 a token: encoders 130.0 serial + 113.8 concurrent; barriers 1495.9 after a dispatch, 25.7 at copies, 68.5 from the engine, 20.0 opening and 20.0 ending an encoder; 243.8 table clears, 7246.1 setBuffer, 2043.0 setBytes (182254 B); 1780.3 dispatches, 12.8 copies; 19.98 blocking waits, 77.04 ms; 223.8 section barriers
ds4:   expert cache over the last 64 tokens: 240.00 hits, 4.06 misses, 4.06 evictions a token; 8880 of 8880 entries live (100.0%)
ds4:   of the address-table holes repaired a token: 0.00 already resident, 4.06 genuinely absent
ds4:   of the repair a token: readahead 2.68 ms, slot preparation 0.27 ms, reads 2.24 ms, install 0.01 ms, over 4.06 loads
ds4:   Engram rows written at step start in 5824 steps; layer-13 drains 0
ds4:   residency a token: 0.00 adds, 0.00 removes, 0.00 commits
ds4:   decode path so far: 5888 single-row steps (86.8 ms each inside the graph over the last 64), 0 K-row verification steps over 0 positions, 0 batch-fusion sites taken; candidate K none
ds4: gate over tokens 5825-5888: 15.88 command buffers, 2.70 aborts, 240.0 expert ids accounted, 27.14 MiB loaded a token; 0 the gate failed to switch off, 0 it could not gate
ds4:   one token, exclusive, same window: entry 0.00 + encode 0.48 + commit-to-done 79.54 + repair-load 3.72 + accounting 0.05 + tail 0.00 = 83.79 of a 86.43 ms wall, residual 2.64
ds4:   GPU busy 80.67 ms of the token's wall (the union of its buffers' spans), idle 5.76 ms
ds4:   1298.7 gated dispatches a token, 0.0 of them behind an abort; 100.5 sent plain ahead of a buffer's first validate
ds4:   encode-ahead: 12.17 segments used, 2.59 dropped, 2.36 ms a token spent encoding under the GPU
ds4:   concurrent sections: 105.03 attempted, 105.03 opened a token
ds4:   speculation: 0.00 layers a token, 0.00 lanes computed, 0.00 matched, 0.00 GEMVs actually saved, 0.00 left to compute; compared 0.00 lanes, 0.00 floats differ, 0.00 by more than an ulp
ds4:   Metal 4: 18.47 command buffers sent, 1659.9 dispatches a token; 0 pieces of Metal 3 work so far
ds4:   Metal 4 a token: encoders 120.8 serial + 105.0 concurrent; barriers 1397.3 after a dispatch, 22.5 at copies, 64.6 from the engine, 18.5 opening and 18.5 ending an encoder; 225.8 table clears, 6755.4 setBuffer, 1903.3 setBytes (169714 B); 1659.9 dispatches, 11.2 copies; 18.47 blocking waits, 79.14 ms; 207.4 section barriers
ds4:   expert cache over the last 64 tokens: 240.00 hits, 2.86 misses, 2.86 evictions a token; 8880 of 8880 entries live (100.0%)
ds4:   of the address-table holes repaired a token: 0.00 already resident, 2.86 genuinely absent
ds4:   of the repair a token: readahead 1.93 ms, slot preparation 0.23 ms, reads 1.54 ms, install 0.01 ms, over 2.86 loads
ds4:   Engram rows written at step start in 5888 steps; layer-13 drains 0
ds4:   residency a token: 0.00 adds, 0.00 removes, 0.00 commits
ds4:   decode path so far: 5952 single-row steps (85.9 ms each inside the graph over the last 64), 0 K-row verification steps over 0 positions, 0 batch-fusion sites taken; candidate K none
ds4: gate over tokens 5889-5952: 15.72 command buffers, 2.48 aborts, 240.0 expert ids accounted, 24.18 MiB loaded a token; 0 the gate failed to switch off, 0 it could not gate
ds4:   one token, exclusive, same window: entry 0.00 + encode 0.45 + commit-to-done 76.49 + repair-load 4.91 + accounting 0.05 + tail 0.00 = 81.89 of a 84.36 ms wall, residual 2.47
ds4:   GPU busy 77.60 ms of the token's wall (the union of its buffers' spans), idle 6.76 ms
ds4:   1300.3 gated dispatches a token, 0.5 of them behind an abort; 102.5 sent plain ahead of a buffer's first validate
ds4:   encode-ahead: 12.23 segments used, 2.42 dropped, 2.25 ms a token spent encoding under the GPU
ds4:   concurrent sections: 103.34 attempted, 103.34 opened a token
ds4:   speculation: 0.00 layers a token, 0.00 lanes computed, 0.00 matched, 0.00 GEMVs actually saved, 0.00 left to compute; compared 0.00 lanes, 0.00 floats differ, 0.00 by more than an ulp
ds4:   Metal 4: 18.14 command buffers sent, 1639.0 dispatches a token; 0 pieces of Metal 3 work so far
ds4:   Metal 4 a token: encoders 119.0 serial + 103.3 concurrent; barriers 1380.6 after a dispatch, 21.8 at copies, 63.8 from the engine, 18.1 opening and 18.1 ending an encoder; 222.3 table clears, 6667.0 setBuffer, 1878.7 setBytes (167588 B); 1639.0 dispatches, 10.9 copies; 18.14 blocking waits, 76.05 ms; 204.2 section barriers
ds4:   expert cache over the last 64 tokens: 240.00 hits, 2.55 misses, 2.55 evictions a token; 8880 of 8880 entries live (100.0%)
ds4:   of the address-table holes repaired a token: 0.00 already resident, 2.55 genuinely absent
ds4:   of the repair a token: readahead 3.16 ms, slot preparation 0.19 ms, reads 1.54 ms, install 0.01 ms, over 2.55 loads
ds4:   Engram rows written at step start in 5952 steps; layer-13 drains 0
ds4:   residency a token: 0.00 adds, 0.00 removes, 0.00 commits
ds4:   decode path so far: 6016 single-row steps (87.4 ms each inside the graph over the last 64), 0 K-row verification steps over 0 positions, 0 batch-fusion sites taken; candidate K none
ds4: gate over tokens 5953-6016: 16.16 command buffers, 3.30 aborts, 240.0 expert ids accounted, 32.93 MiB loaded a token; 0 the gate failed to switch off, 0 it could not gate
ds4:   one token, exclusive, same window: entry 0.00 + encode 0.54 + commit-to-done 78.76 + repair-load 4.68 + accounting 0.05 + tail 0.00 = 84.03 of a 86.66 ms wall, residual 2.62
ds4:   GPU busy 79.72 ms of the token's wall (the union of its buffers' spans), idle 6.94 ms
ds4:   1297.0 gated dispatches a token, 2.3 of them behind an abort; 124.5 sent plain ahead of a buffer's first validate
ds4:   encode-ahead: 11.86 segments used, 3.14 dropped, 2.33 ms a token spent encoding under the GPU
ds4:   concurrent sections: 109.97 attempted, 109.97 opened a token
ds4:   speculation: 0.00 layers a token, 0.00 lanes computed, 0.00 matched, 0.00 GEMVs actually saved, 0.00 left to compute; compared 0.00 lanes, 0.00 floats differ, 0.00 by more than an ulp
ds4:   Metal 4: 19.30 command buffers sent, 1723.8 dispatches a token; 0 pieces of Metal 3 work so far
ds4:   Metal 4 a token: encoders 126.0 serial + 110.0 concurrent; barriers 1448.9 after a dispatch, 22.3 at copies, 66.7 from the engine, 19.3 opening and 19.3 ending an encoder; 235.9 table clears, 7021.0 setBuffer, 1978.2 setBytes (176345 B); 1723.8 dispatches, 11.2 copies; 19.30 blocking waits, 78.33 ms; 216.6 section barriers
ds4:   expert cache over the last 64 tokens: 240.00 hits, 3.47 misses, 3.47 evictions a token; 8880 of 8880 entries live (100.0%)
ds4:   of the address-table holes repaired a token: 0.00 already resident, 3.47 genuinely absent
ds4:   of the repair a token: readahead 2.24 ms, slot preparation 0.24 ms, reads 2.16 ms, install 0.01 ms, over 3.47 loads
ds4:   Engram rows written at step start in 6016 steps; layer-13 drains 0
ds4:   residency a token: 0.00 adds, 0.00 removes, 0.00 commits
ds4:   decode path so far: 6080 single-row steps (88.3 ms each inside the graph over the last 64), 0 K-row verification steps over 0 positions, 0 batch-fusion sites taken; candidate K none
ds4: gate over tokens 6017-6080: 17.16 command buffers, 4.72 aborts, 240.0 expert ids accounted, 49.54 MiB loaded a token; 0 the gate failed to switch off, 0 it could not gate
ds4:   one token, exclusive, same window: entry 0.00 + encode 0.70 + commit-to-done 76.74 + repair-load 6.65 + accounting 0.05 + tail 0.00 = 84.15 of a 86.96 ms wall, residual 2.82
ds4:   GPU busy 77.46 ms of the token's wall (the union of its buffers' spans), idle 9.51 ms
ds4:   1313.2 gated dispatches a token, 3.3 of them behind an abort; 166.3 sent plain ahead of a buffer's first validate
ds4:   encode-ahead: 11.44 segments used, 4.50 dropped, 2.41 ms a token spent encoding under the GPU
ds4:   concurrent sections: 123.59 attempted, 123.59 opened a token
ds4:   speculation: 0.00 layers a token, 0.00 lanes computed, 0.00 matched, 0.00 GEMVs actually saved, 0.00 left to compute; compared 0.00 lanes, 0.00 floats differ, 0.00 by more than an ulp
ds4:   Metal 4: 21.66 command buffers sent, 1913.1 dispatches a token; 0 pieces of Metal 3 work so far
ds4:   Metal 4 a token: encoders 140.5 serial + 123.6 concurrent; barriers 1604.1 after a dispatch, 25.0 at copies, 73.0 from the engine, 21.7 opening and 21.7 ending an encoder; 264.1 table clears, 7795.0 setBuffer, 2197.7 setBytes (195941 B); 1913.1 dispatches, 12.5 copies; 21.66 blocking waits, 76.36 ms; 242.5 section barriers
ds4:   expert cache over the last 64 tokens: 240.00 hits, 5.22 misses, 5.22 evictions a token; 8880 of 8880 entries live (100.0%)
ds4:   of the address-table holes repaired a token: 0.00 already resident, 5.22 genuinely absent
ds4:   of the repair a token: readahead 3.44 ms, slot preparation 0.31 ms, reads 2.84 ms, install 0.01 ms, over 5.22 loads
ds4:   Engram rows written at step start in 6080 steps; layer-13 drains 0
ds4:   residency a token: 0.00 adds, 0.00 removes, 0.00 commits
ds4: expert cache lent the prefill headroom for decode: 8880 -> 9648 experts
ds4:   decode path so far: 6144 single-row steps (100.8 ms each inside the graph over the last 64), 0 K-row verification steps over 0 positions, 0 batch-fusion sites taken; candidate K none
ds4: gate over tokens 6081-6144: 20.31 command buffers, 9.33 aborts, 240.0 expert ids accounted, 122.51 MiB loaded a token; 0 the gate failed to switch off, 0 it could not gate
ds4:   one token, exclusive, same window: entry 0.00 + encode 1.40 + commit-to-done 75.06 + repair-load 16.82 + accounting 0.05 + tail 1.70 = 95.03 of a 99.09 ms wall, residual 4.07
ds4:   GPU busy 76.26 ms of the token's wall (the union of its buffers' spans), idle 22.83 ms
ds4:   1351.2 gated dispatches a token, 5.6 of them behind an abort; 310.2 sent plain ahead of a buffer's first validate
ds4:   encode-ahead: 9.98 segments used, 9.08 dropped, 3.33 ms a token spent encoding under the GPU
ds4:   concurrent sections: 168.31 attempted, 168.31 opened a token
ds4:   speculation: 0.00 layers a token, 0.00 lanes computed, 0.00 matched, 0.00 GEMVs actually saved, 0.00 left to compute; compared 0.00 lanes, 0.00 floats differ, 0.00 by more than an ulp
ds4:   Metal 4: 30.09 command buffers sent, 2528.4 dispatches a token; 0 pieces of Metal 3 work so far
ds4:   Metal 4 a token: encoders 189.1 serial + 168.3 concurrent; barriers 2107.6 after a dispatch, 29.1 at copies, 93.9 from the engine, 30.1 opening and 30.1 ending an encoder; 357.4 table clears, 10322.2 setBuffer, 2912.5 setBytes (259410 B); 2528.4 dispatches, 14.5 copies; 30.09 blocking waits, 76.33 ms; 327.3 section barriers
ds4:   expert cache over the last 64 tokens: 240.00 hits, 12.91 misses, 4.53 evictions a token; 9416 of 9648 entries live (97.6%)
ds4:   of the address-table holes repaired a token: 0.00 already resident, 12.91 genuinely absent
ds4:   of the repair a token: readahead 10.63 ms, slot preparation 0.21 ms, reads 5.85 ms, install 0.03 ms, over 12.91 loads
ds4:   Engram rows written at step start in 6144 steps; layer-13 drains 0
ds4:   residency a token: 0.00 adds, 0.00 removes, 0.00 commits
ds4:   decode path so far: 6208 single-row steps (91.8 ms each inside the graph over the last 64), 0 K-row verification steps over 0 positions, 0 batch-fusion sites taken; candidate K none
ds4: gate over tokens 6145-6208: 17.09 command buffers, 4.61 aborts, 240.0 expert ids accounted, 52.36 MiB loaded a token; 0 the gate failed to switch off, 0 it could not gate
ds4:   one token, exclusive, same window: entry 0.00 + encode 0.85 + commit-to-done 76.08 + repair-load 7.11 + accounting 0.05 + tail 2.54 = 86.63 of a 90.01 ms wall, residual 3.38
ds4:   GPU busy 78.97 ms of the token's wall (the union of its buffers' spans), idle 11.04 ms
ds4:   1316.5 gated dispatches a token, 1.9 of them behind an abort; 163.2 sent plain ahead of a buffer's first validate
ds4:   encode-ahead: 11.48 segments used, 4.48 dropped, 2.91 ms a token spent encoding under the GPU
ds4:   concurrent sections: 123.88 attempted, 123.88 opened a token
ds4:   speculation: 0.00 layers a token, 0.00 lanes computed, 0.00 matched, 0.00 GEMVs actually saved, 0.00 left to compute; compared 0.00 lanes, 0.00 floats differ, 0.00 by more than an ulp
ds4:   Metal 4: 22.58 command buffers sent, 1923.5 dispatches a token; 0 pieces of Metal 3 work so far
ds4:   Metal 4 a token: encoders 141.8 serial + 123.9 concurrent; barriers 1613.8 after a dispatch, 23.6 at copies, 73.3 from the engine, 22.6 opening and 22.6 ending an encoder; 265.7 table clears, 7833.8 setBuffer, 2209.0 setBytes (196926 B); 1923.5 dispatches, 11.8 copies; 22.58 blocking waits, 78.20 ms; 243.1 section barriers
ds4:   expert cache over the last 64 tokens: 240.00 hits, 5.52 misses, 1.89 evictions a token; 9648 of 9648 entries live (100.0%)
ds4:   of the address-table holes repaired a token: 0.00 already resident, 5.52 genuinely absent
ds4:   of the repair a token: readahead 4.08 ms, slot preparation 0.15 ms, reads 2.84 ms, install 0.02 ms, over 5.52 loads
ds4:   Engram rows written at step start in 6208 steps; layer-13 drains 0
ds4:   residency a token: 0.00 adds, 0.00 removes, 0.00 commits
ds4:   decode path so far: 6272 single-row steps (90.2 ms each inside the graph over the last 64), 0 K-row verification steps over 0 positions, 0 batch-fusion sites taken; candidate K none
ds4: gate over tokens 6209-6272: 15.89 command buffers, 2.77 aborts, 240.0 expert ids accounted, 28.48 MiB loaded a token; 0 the gate failed to switch off, 0 it could not gate
ds4:   one token, exclusive, same window: entry 0.00 + encode 0.52 + commit-to-done 76.45 + repair-load 6.00 + accounting 0.05 + tail 2.61 = 85.63 of a 88.36 ms wall, residual 2.73
ds4:   GPU busy 79.77 ms of the token's wall (the union of its buffers' spans), idle 8.59 ms
ds4:   1301.9 gated dispatches a token, 2.3 of them behind an abort; 103.7 sent plain ahead of a buffer's first validate
ds4:   encode-ahead: 12.12 segments used, 2.66 dropped, 2.47 ms a token spent encoding under the GPU
ds4:   concurrent sections: 106.03 attempted, 106.03 opened a token
ds4:   speculation: 0.00 layers a token, 0.00 lanes computed, 0.00 matched, 0.00 GEMVs actually saved, 0.00 left to compute; compared 0.00 lanes, 0.00 floats differ, 0.00 by more than an ulp
ds4:   Metal 4: 19.55 command buffers sent, 1675.1 dispatches a token; 0 pieces of Metal 3 work so far
ds4:   Metal 4 a token: encoders 122.8 serial + 106.0 concurrent; barriers 1410.1 after a dispatch, 21.1 at copies, 65.0 from the engine, 19.5 opening and 19.5 ending an encoder; 228.8 table clears, 6820.1 setBuffer, 1920.9 setBytes (171474 B); 1675.1 dispatches, 10.6 copies; 19.55 blocking waits, 78.55 ms; 209.3 section barriers
ds4:   expert cache over the last 64 tokens: 240.00 hits, 3.00 misses, 3.00 evictions a token; 9648 of 9648 entries live (100.0%)
ds4:   of the address-table holes repaired a token: 0.00 already resident, 3.00 genuinely absent
ds4:   of the repair a token: readahead 4.06 ms, slot preparation 0.21 ms, reads 1.69 ms, install 0.01 ms, over 3.00 loads
ds4:   Engram rows written at step start in 6272 steps; layer-13 drains 0
ds4:   residency a token: 0.00 adds, 0.00 removes, 0.00 commits
ds4:   decode path so far: 6336 single-row steps (90.3 ms each inside the graph over the last 64), 0 K-row verification steps over 0 positions, 0 batch-fusion sites taken; candidate K none
ds4: gate over tokens 6273-6336: 15.66 command buffers, 2.38 aborts, 240.0 expert ids accounted, 23.58 MiB loaded a token; 0 the gate failed to switch off, 0 it could not gate
ds4:   one token, exclusive, same window: entry 0.00 + encode 0.45 + commit-to-done 79.95 + repair-load 3.28 + accounting 0.05 + tail 2.64 = 86.37 of a 88.95 ms wall, residual 2.58
ds4:   GPU busy 83.50 ms of the token's wall (the union of its buffers' spans), idle 5.45 ms
ds4:   1302.0 gated dispatches a token, 4.7 of them behind an abort; 92.4 sent plain ahead of a buffer's first validate
ds4:   encode-ahead: 12.28 segments used, 2.20 dropped, 2.35 ms a token spent encoding under the GPU
ds4:   concurrent sections: 102.09 attempted, 102.09 opened a token
ds4:   speculation: 0.00 layers a token, 0.00 lanes computed, 0.00 matched, 0.00 GEMVs actually saved, 0.00 left to compute; compared 0.00 lanes, 0.00 floats differ, 0.00 by more than an ulp
ds4:   Metal 4: 18.86 command buffers sent, 1622.8 dispatches a token; 0 pieces of Metal 3 work so far
ds4:   Metal 4 a token: encoders 118.6 serial + 102.1 concurrent; barriers 1367.6 after a dispatch, 21.1 at copies, 63.2 from the engine, 18.9 opening and 18.9 ending an encoder; 220.7 table clears, 6600.1 setBuffer, 1859.8 setBytes (165905 B); 1622.8 dispatches, 10.5 copies; 18.86 blocking waits, 82.07 ms; 201.8 section barriers
ds4:   expert cache over the last 64 tokens: 240.00 hits, 2.48 misses, 2.48 evictions a token; 9648 of 9648 entries live (100.0%)
ds4:   of the address-table holes repaired a token: 0.00 already resident, 2.48 genuinely absent
ds4:   of the repair a token: readahead 1.72 ms, slot preparation 0.19 ms, reads 1.35 ms, install 0.01 ms, over 2.48 loads
ds4:   Engram rows written at step start in 6336 steps; layer-13 drains 0
ds4:   residency a token: 0.00 adds, 0.00 removes, 0.00 commits
ds4:   decode path so far: 6400 single-row steps (92.8 ms each inside the graph over the last 64), 0 K-row verification steps over 0 positions, 0 batch-fusion sites taken; candidate K none
ds4: gate over tokens 6337-6400: 16.45 command buffers, 3.69 aborts, 240.0 expert ids accounted, 39.75 MiB loaded a token; 0 the gate failed to switch off, 0 it could not gate
ds4:   one token, exclusive, same window: entry 0.00 + encode 0.65 + commit-to-done 79.32 + repair-load 5.45 + accounting 0.05 + tail 2.71 = 88.17 of a 91.06 ms wall, residual 2.89
ds4:   GPU busy 82.56 ms of the token's wall (the union of its buffers' spans), idle 8.50 ms
ds4:   1299.4 gated dispatches a token, 3.8 of them behind an abort; 133.1 sent plain ahead of a buffer's first validate
ds4:   encode-ahead: 11.77 segments used, 3.45 dropped, 2.55 ms a token spent encoding under the GPU
ds4:   concurrent sections: 113.25 attempted, 113.25 opened a token
ds4:   speculation: 0.00 layers a token, 0.00 lanes computed, 0.00 matched, 0.00 GEMVs actually saved, 0.00 left to compute; compared 0.00 lanes, 0.00 floats differ, 0.00 by more than an ulp
ds4:   Metal 4: 20.91 command buffers sent, 1772.7 dispatches a token; 0 pieces of Metal 3 work so far
ds4:   Metal 4 a token: encoders 130.5 serial + 113.2 concurrent; barriers 1489.5 after a dispatch, 23.4 at copies, 68.2 from the engine, 20.9 opening and 20.9 ending an encoder; 243.7 table clears, 7216.0 setBuffer, 2034.2 setBytes (181428 B); 1772.7 dispatches, 11.7 copies; 20.91 blocking waits, 81.52 ms; 222.8 section barriers
ds4:   expert cache over the last 64 tokens: 239.98 hits, 4.19 misses, 4.19 evictions a token; 9648 of 9648 entries live (100.0%)
ds4:   of the address-table holes repaired a token: 0.00 already resident, 4.19 genuinely absent
ds4:   of the repair a token: readahead 2.90 ms, slot preparation 0.27 ms, reads 2.21 ms, install 0.01 ms, over 4.19 loads
ds4:   Engram rows written at step start in 6400 steps; layer-13 drains 0
ds4:   residency a token: 0.00 adds, 0.00 removes, 0.00 commits
ds4:   decode path so far: 6464 single-row steps (90.3 ms each inside the graph over the last 64), 0 K-row verification steps over 0 positions, 0 batch-fusion sites taken; candidate K none
ds4: gate over tokens 6401-6464: 15.59 command buffers, 2.33 aborts, 240.0 expert ids accounted, 23.29 MiB loaded a token; 0 the gate failed to switch off, 0 it could not gate
ds4:   one token, exclusive, same window: entry 0.00 + encode 0.45 + commit-to-done 78.87 + repair-load 3.21 + accounting 0.05 + tail 2.62 = 85.20 of a 87.75 ms wall, residual 2.56
ds4:   GPU busy 82.38 ms of the token's wall (the union of its buffers' spans), idle 5.38 ms
ds4:   1303.8 gated dispatches a token, 0.9 of them behind an abort; 92.0 sent plain ahead of a buffer's first validate
ds4:   encode-ahead: 12.27 segments used, 2.28 dropped, 2.33 ms a token spent encoding under the GPU
ds4:   concurrent sections: 102.12 attempted, 102.12 opened a token
ds4:   speculation: 0.00 layers a token, 0.00 lanes computed, 0.00 matched, 0.00 GEMVs actually saved, 0.00 left to compute; compared 0.00 lanes, 0.00 floats differ, 0.00 by more than an ulp
ds4:   Metal 4: 18.88 command buffers sent, 1622.7 dispatches a token; 0 pieces of Metal 3 work so far
ds4:   Metal 4 a token: encoders 118.7 serial + 102.1 concurrent; barriers 1367.4 after a dispatch, 21.2 at copies, 63.3 from the engine, 18.9 opening and 18.9 ending an encoder; 220.8 table clears, 6602.8 setBuffer, 1859.8 setBytes (165921 B); 1622.7 dispatches, 10.6 copies; 18.88 blocking waits, 81.00 ms; 201.9 section barriers
ds4:   expert cache over the last 64 tokens: 239.98 hits, 2.45 misses, 2.45 evictions a token; 9648 of 9648 entries live (100.0%)
ds4:   of the address-table holes repaired a token: 0.00 already resident, 2.45 genuinely absent
ds4:   of the repair a token: readahead 1.62 ms, slot preparation 0.18 ms, reads 1.38 ms, install 0.01 ms, over 2.45 loads
ds4:   Engram rows written at step start in 6464 steps; layer-13 drains 0
ds4:   residency a token: 0.00 adds, 0.00 removes, 0.00 commits
ds4:   decode path so far: 6528 single-row steps (95.6 ms each inside the graph over the last 64), 0 K-row verification steps over 0 positions, 0 batch-fusion sites taken; candidate K none
ds4: gate over tokens 6465-6528: 17.55 command buffers, 5.05 aborts, 240.0 expert ids accounted, 65.11 MiB loaded a token; 0 the gate failed to switch off, 0 it could not gate
ds4:   one token, exclusive, same window: entry 0.00 + encode 0.81 + commit-to-done 77.22 + repair-load 10.34 + accounting 0.05 + tail 2.58 = 91.00 of a 94.11 ms wall, residual 3.11
ds4:   GPU busy 80.04 ms of the token's wall (the union of its buffers' spans), idle 14.07 ms
ds4:   1331.2 gated dispatches a token, 5.2 of them behind an abort; 174.8 sent plain ahead of a buffer's first validate
ds4:   encode-ahead: 11.50 segments used, 4.75 dropped, 2.70 ms a token spent encoding under the GPU
ds4:   concurrent sections: 127.12 attempted, 127.12 opened a token
ds4:   speculation: 0.00 layers a token, 0.00 lanes computed, 0.00 matched, 0.00 GEMVs actually saved, 0.00 left to compute; compared 0.00 lanes, 0.00 floats differ, 0.00 by more than an ulp
ds4:   Metal 4: 23.30 command buffers sent, 1961.5 dispatches a token; 0 pieces of Metal 3 work so far
ds4:   Metal 4 a token: encoders 145.4 serial + 127.1 concurrent; barriers 1643.6 after a dispatch, 25.7 at copies, 74.8 from the engine, 23.3 opening and 23.3 ending an encoder; 272.5 table clears, 7998.2 setBuffer, 2253.9 setBytes (201156 B); 1961.5 dispatches, 12.8 copies; 23.30 blocking waits, 79.29 ms; 249.2 section barriers
ds4:   expert cache over the last 64 tokens: 239.97 hits, 6.86 misses, 6.86 evictions a token; 9648 of 9648 entries live (100.0%)
ds4:   of the address-table holes repaired a token: 0.00 already resident, 6.86 genuinely absent
ds4:   of the repair a token: readahead 6.76 ms, slot preparation 0.30 ms, reads 3.10 ms, install 0.02 ms, over 6.86 loads
ds4:   Engram rows written at step start in 6528 steps; layer-13 drains 0
ds4:   residency a token: 0.00 adds, 0.00 removes, 0.00 commits
ds4:   decode path so far: 6592 single-row steps (90.0 ms each inside the graph over the last 64), 0 K-row verification steps over 0 positions, 0 batch-fusion sites taken; candidate K none
ds4: gate over tokens 6529-6592: 15.67 command buffers, 2.67 aborts, 240.0 expert ids accounted, 26.55 MiB loaded a token; 0 the gate failed to switch off, 0 it could not gate
ds4:   one token, exclusive, same window: entry 0.00 + encode 0.49 + commit-to-done 78.40 + repair-load 3.75 + accounting 0.05 + tail 2.61 = 85.30 of a 87.95 ms wall, residual 2.65
ds4:   GPU busy 81.83 ms of the token's wall (the union of its buffers' spans), idle 6.12 ms
ds4:   1289.2 gated dispatches a token, 1.4 of them behind an abort; 98.9 sent plain ahead of a buffer's first validate
ds4:   encode-ahead: 12.00 segments used, 2.52 dropped, 2.39 ms a token spent encoding under the GPU
ds4:   concurrent sections: 103.56 attempted, 103.56 opened a token
ds4:   speculation: 0.00 layers a token, 0.00 lanes computed, 0.00 matched, 0.00 GEMVs actually saved, 0.00 left to compute; compared 0.00 lanes, 0.00 floats differ, 0.00 by more than an ulp
ds4:   Metal 4: 19.19 command buffers sent, 1639.9 dispatches a token; 0 pieces of Metal 3 work so far
ds4:   Metal 4 a token: encoders 120.1 serial + 103.6 concurrent; barriers 1381.0 after a dispatch, 21.5 at copies, 63.6 from the engine, 19.2 opening and 19.2 ending an encoder; 223.6 table clears, 6670.5 setBuffer, 1880.0 setBytes (167697 B); 1639.9 dispatches, 10.8 copies; 19.19 blocking waits, 80.53 ms; 204.5 section barriers
ds4:   expert cache over the last 64 tokens: 239.98 hits, 2.80 misses, 2.80 evictions a token; 9648 of 9648 entries live (100.0%)
ds4:   of the address-table holes repaired a token: 0.00 already resident, 2.80 genuinely absent
ds4:   of the repair a token: readahead 1.96 ms, slot preparation 0.21 ms, reads 1.55 ms, install 0.01 ms, over 2.80 loads
ds4:   Engram rows written at step start in 6592 steps; layer-13 drains 0
ds4:   residency a token: 0.00 adds, 0.00 removes, 0.00 commits
ds4: V4.1 static context buffers 3435.75 MiB (ctx=8192), Engram disk-only
ds4: expert cache lent the prefill headroom for decode: 8880 -> 9648 experts
ds4: Metal 4 command buffer 125210 failed: Error Domain=ds4.injected Code=1 "injected failure" UserInfo={NSLocalizedDescription=injected failure}
ds4: V4.1 static context buffers 3435.75 MiB (ctx=8192), Engram disk-only
ds4: Metal 4 command buffer 125212 failed: Error Domain=ds4.injected Code=1 "injected failure" UserInfo={NSLocalizedDescription=injected failure}
ds4: V4.1 static context buffers 3435.75 MiB (ctx=8192), Engram disk-only
ds4:   decode path so far: 6658 single-row steps (93.1 ms each inside the graph over the last 66), 0 K-row verification steps over 0 positions, 0 batch-fusion sites taken; candidate K none
ds4: gate over tokens 6593-6656: 19.95 command buffers, 8.81 aborts, 240.0 expert ids accounted, 111.24 MiB loaded a token; 0 the gate failed to switch off, 0 it could not gate
ds4:   one token, exclusive, same window: entry 0.00 + encode 1.27 + commit-to-done 74.16 + repair-load 13.15 + accounting 0.70 + tail 1.12 = 90.40 of a 94.28 ms wall, residual 3.88
ds4:   GPU busy 75.22 ms of the token's wall (the union of its buffers' spans), idle 19.06 ms
ds4:   1335.2 gated dispatches a token, 10.3 of them behind an abort; 290.5 sent plain ahead of a buffer's first validate
ds4:   encode-ahead: 10.14 segments used, 8.30 dropped, 3.10 ms a token spent encoding under the GPU
ds4:   concurrent sections: 161.59 attempted, 161.59 opened a token
ds4:   speculation: 0.00 layers a token, 0.00 lanes computed, 0.00 matched, 0.00 GEMVs actually saved, 0.00 left to compute; compared 0.00 lanes, 0.00 floats differ, 0.00 by more than an ulp
ds4:   Metal 4: 28.77 command buffers sent, 2394.1 dispatches a token; 0 pieces of Metal 3 work so far
ds4:   Metal 4 a token: encoders 181.5 serial + 161.6 concurrent; barriers 1990.1 after a dispatch, 29.2 at copies, 90.5 from the engine, 28.8 opening and 28.8 ending an encoder; 343.1 table clears, 9925.7 setBuffer, 2763.0 setBytes (251138 B); 2394.1 dispatches, 14.6 copies; 28.77 blocking waits, 74.96 ms; 314.4 section barriers
ds4:   expert cache over the last 64 tokens: 239.73 hits, 11.72 misses, 23.72 evictions a token; 8880 of 8880 entries live (100.0%)
ds4:   of the address-table holes repaired a token: 0.00 already resident, 11.72 genuinely absent
ds4:   of the repair a token: readahead 6.11 ms, slot preparation 0.44 ms, reads 6.32 ms, install 0.03 ms, over 11.72 loads
ds4:   Engram rows written at step start in 6658 steps; layer-13 drains 0
ds4:   residency a token: 0.00 adds, 0.00 removes, 0.00 commits
ds4: expert cache lent the prefill headroom for decode: 8880 -> 9648 experts
ds4:   decode path so far: 6722 single-row steps (91.3 ms each inside the graph over the last 64), 0 K-row verification steps over 0 positions, 0 batch-fusion sites taken; candidate K none
ds4: gate over tokens 6657-6720: 18.36 command buffers, 6.62 aborts, 240.0 expert ids accounted, 76.09 MiB loaded a token; 0 the gate failed to switch off, 0 it could not gate
ds4:   one token, exclusive, same window: entry 0.00 + encode 1.05 + commit-to-done 71.66 + repair-load 11.74 + accounting 0.05 + tail 1.94 = 86.45 of a 89.91 ms wall, residual 3.46
ds4:   GPU busy 73.67 ms of the token's wall (the union of its buffers' spans), idle 16.24 ms
ds4:   1298.6 gated dispatches a token, 5.2 of them behind an abort; 221.8 sent plain ahead of a buffer's first validate
ds4:   encode-ahead: 10.73 segments used, 6.33 dropped, 2.99 ms a token spent encoding under the GPU
ds4:   concurrent sections: 140.22 attempted, 140.22 opened a token
ds4:   speculation: 0.00 layers a token, 0.00 lanes computed, 0.00 matched, 0.00 GEMVs actually saved, 0.00 left to compute; compared 0.00 lanes, 0.00 floats differ, 0.00 by more than an ulp
ds4:   Metal 4: 25.45 command buffers sent, 2100.4 dispatches a token; 0 pieces of Metal 3 work so far
ds4:   Metal 4 a token: encoders 159.0 serial + 140.2 concurrent; barriers 1749.9 after a dispatch, 27.0 at copies, 80.5 from the engine, 25.5 opening and 25.5 ending an encoder; 299.3 table clears, 8731.6 setBuffer, 2421.6 setBytes (221397 B); 2100.4 dispatches, 13.5 copies; 25.45 blocking waits, 73.14 ms; 273.8 section barriers
ds4:   expert cache over the last 64 tokens: 240.00 hits, 8.02 misses, 0.00 evictions a token; 9393 of 9648 entries live (97.4%)
ds4:   of the address-table holes repaired a token: 0.00 already resident, 8.02 genuinely absent
ds4:   of the repair a token: readahead 7.51 ms, slot preparation 0.01 ms, reads 4.18 ms, install 0.02 ms, over 8.02 loads
ds4:   Engram rows written at step start in 6722 steps; layer-13 drains 0
ds4:   residency a token: 0.00 adds, 0.00 removes, 0.00 commits
ds4:   decode path so far: 6786 single-row steps (90.4 ms each inside the graph over the last 64), 0 K-row verification steps over 0 positions, 0 batch-fusion sites taken; candidate K none
ds4: gate over tokens 6721-6784: 18.34 command buffers, 6.72 aborts, 240.0 expert ids accounted, 72.53 MiB loaded a token; 0 the gate failed to switch off, 0 it could not gate
ds4:   one token, exclusive, same window: entry 0.00 + encode 1.10 + commit-to-done 72.62 + repair-load 9.71 + accounting 0.05 + tail 2.57 = 86.05 of a 89.71 ms wall, residual 3.66
ds4:   GPU busy 75.36 ms of the token's wall (the union of its buffers' spans), idle 14.35 ms
ds4:   1303.5 gated dispatches a token, 4.7 of them behind an abort; 230.0 sent plain ahead of a buffer's first validate
ds4:   encode-ahead: 10.62 segments used, 6.48 dropped, 3.09 ms a token spent encoding under the GPU
ds4:   concurrent sections: 142.16 attempted, 142.16 opened a token
ds4:   speculation: 0.00 layers a token, 0.00 lanes computed, 0.00 matched, 0.00 GEMVs actually saved, 0.00 left to compute; compared 0.00 lanes, 0.00 floats differ, 0.00 by more than an ulp
ds4:   Metal 4: 25.83 command buffers sent, 2144.4 dispatches a token; 0 pieces of Metal 3 work so far
ds4:   Metal 4 a token: encoders 161.3 serial + 142.2 concurrent; barriers 1789.0 after a dispatch, 28.7 at copies, 81.5 from the engine, 25.8 opening and 25.8 ending an encoder; 303.4 table clears, 8883.7 setBuffer, 2470.2 setBytes (224995 B); 2144.4 dispatches, 14.3 copies; 25.83 blocking waits, 74.74 ms; 277.6 section barriers
ds4:   expert cache over the last 64 tokens: 240.00 hits, 7.64 misses, 3.66 evictions a token; 9648 of 9648 entries live (100.0%)
ds4:   of the address-table holes repaired a token: 0.00 already resident, 7.64 genuinely absent
ds4:   of the repair a token: readahead 5.35 ms, slot preparation 0.28 ms, reads 4.01 ms, install 0.02 ms, over 7.64 loads
ds4:   Engram rows written at step start in 6786 steps; layer-13 drains 0
ds4:   residency a token: 0.00 adds, 0.00 removes, 0.00 commits
ds4: backend test Metal 4 encoder batch                  encoder=12114615
ds4: backend test Metal 4 tensor_copy                    blit=99792
ds4: backend test Metal 4 segment                        commit=129057
ds4: backend test Metal 4 wait                           wait=129057
ds4: backend test Metal 4 tensor_read                    readback=5264
ds4: backend test Metal 4 expert_cache_fill              blit=7030
ds4: backend test totals over 0 tokens (selected Metal 4): M3 commit=0 wait=0 signal=0 evwait=0 blit=0 encoder=0 readback=0 M4 commit=129057 wait=129057 signal=0 evwait=0 blit=106822 encoder=12114615 readback=5264; Metal 3 fallback 0; site table overflow 0
ds4: backend test boundary flush          pc 0x10008f20c 106884
ds4: backend test boundary flush          pc 0x10008f5e8 99276
ds4: backend test boundary wait mark      pc 0x10008f5c8 99276
ds4: backend test boundary wait           pc 0x10008f6d8 16505
ds4: backend test boundary wait           pc 0x10008f62c 7608
ds4: backend test boundary end            pc 0x100090788 6802
ds4: backend test boundary end            pc 0x100095b68 5264
ds4: backend test boundary end            pc 0x100136c2c 160
ds4: backend test boundary end            pc 0x100137ed0 160
ds4: backend test boundary end            pc 0x1001386d4 80
ds4: backend test boundary end            pc 0x10013a3ec 2
ds4: backend test Metal 4 feedback after completion: 128348 waits, 2072.131 ms
ds4: backend test background: keepalive M3 0 M4 754, pacer 0 (cumulative)
ds4: Metal device Apple M5 Max, 128.00 GiB RAM
ds4: Metal 4 tensor API enabled for Tensor kernels
ds4: drift-patch flags hc_stable=on norm_unify=on kv_raw_f32=off rope_exp2_log2=off math_safe=off tensor_matmul=on
ds4: V4.1 SSD cache fitted from 10268 to 9648 experts for context/runtime headroom
ds4: Metal backend: Metal 4
ds4: Metal SSD streaming mode enabled; full model residency and warmup are skipped
ds4: metal SSD streaming cache target 89.43 GiB; effective 89.43 GiB = 7.12 GiB prefill headroom + 82.32 GiB dynamic cache (8880 experts, 9.49 MiB each)
ds4: Metal SSD static weights remain pageable to preserve runtime headroom
ds4: SSD streaming initial metal model map (569 spans, 9.37 GiB tensor span)
ds4: metal backend initialized for graph diagnostics
ds4: memory: KV 0.06 GiB (raw 0.01 + compressed 0.05) + buffers 3.30 GiB + resident model 9.37 GiB + expert cache 82.32 GiB + prefill expert reserve 7.12 GiB = 102.16 GiB planned
ds4: memory detail: ctx=8192 prefill_cap=4096 raw_kv_rows=128 compressed_kv_rows=8193 backend=metal
ds4: V4.1 static context buffers 3435.75 MiB (ctx=8192), Engram disk-only
ds4: warning: streaming expert cache could not mlock all buffers
ds4:   requested cache: 8880 experts / 82.32 GiB
ds4:   locked so far:   4.00 GiB
ds4:   failed buffer:   9.50 MiB (Resource temporarily unavailable)
ds4:   macOS may page unlocked expert buffers, causing poor or unstable speed
ds4:   using locked cache cap: 215 experts / 1.99 GiB
ds4:   try: --ssd-streaming-cache-experts 2GB
ds4:   released locked cache margin: 44 experts / 0.41 GiB; runtime cache cap now 215 experts
ds4: expert cache lent the prefill headroom for decode: 8880 -> 9648 experts
ds4:   decode path so far: 6850 single-row steps (242.1 ms each inside the graph over the last 64), 0 K-row verification steps over 0 positions, 0 batch-fusion sites taken; candidate K none
ds4: gate over tokens 6785-6848: 36.06 command buffers, 31.59 aborts, 240.0 expert ids accounted, 1276.85 MiB loaded a token; 0 the gate failed to switch off, 0 it could not gate
ds4:   one token, exclusive, same window: entry 0.00 + encode 4.73 + commit-to-done 71.64 + repair-load 136.93 + accounting 0.10 + tail 2.67 = 216.06 of a 243.18 ms wall, residual 27.12
ds4:   GPU busy 61.67 ms of the token's wall (the union of its buffers' spans), idle 181.50 ms
ds4:   1562.0 gated dispatches a token, 23.0 of them behind an abort; 987.3 sent plain ahead of a buffer's first validate
ds4:   encode-ahead: 3.47 segments used, 30.02 dropped, 24.71 ms a token spent encoding under the GPU
ds4:   concurrent sections: 376.69 attempted, 376.69 opened a token
ds4:   speculation: 0.00 layers a token, 0.00 lanes computed, 0.00 matched, 0.00 GEMVs actually saved, 0.00 left to compute; compared 0.00 lanes, 0.00 floats differ, 0.00 by more than an ulp
ds4:   Metal 4: 66.69 command buffers sent, 5304.4 dispatches a token; 0 pieces of Metal 3 work so far
ds4:   Metal 4 a token: encoders 411.8 serial + 376.7 concurrent; barriers 4362.6 after a dispatch, 62.2 at copies, 190.2 from the engine, 66.7 opening and 66.7 ending an encoder; 788.5 table clears, 22093.4 setBuffer, 6150.4 setBytes (559816 B); 5304.4 dispatches, 31.1 copies; 66.69 blocking waits, 70.15 ms; 721.8 section barriers
ds4:   expert cache over the last 64 tokens: 288230376151686208.00 hits, 288230376151711328.00 misses, 288230376151711488.00 evictions a token; 215 of 215 entries live (100.0%)
ds4:   of the address-table holes repaired a token: 0.00 already resident, 134.52 genuinely absent
ds4:   of the repair a token: readahead 86.05 ms, slot preparation 12.38 ms, reads 36.49 ms, install 0.24 ms, over 134.52 loads
ds4:   Engram rows written at step start in 6850 steps; layer-13 drains 0
ds4:   residency a token: 0.00 adds, 0.00 removes, 0.00 commits
ds4:   decode path so far: 6914 single-row steps (241.8 ms each inside the graph over the last 64), 0 K-row verification steps over 0 positions, 0 batch-fusion sites taken; candidate K none
ds4: gate over tokens 6849-6912: 41.95 command buffers, 39.95 aborts, 240.0 expert ids accounted, 1588.31 MiB loaded a token; 0 the gate failed to switch off, 0 it could not gate
ds4:   one token, exclusive, same window: entry 0.00 + encode 5.90 + commit-to-done 69.61 + repair-load 151.78 + accounting 0.04 + tail 3.43 = 230.77 of a 242.44 ms wall, residual 11.68
ds4:   GPU busy 57.07 ms of the token's wall (the union of its buffers' spans), idle 185.38 ms
ds4:   1634.1 gated dispatches a token, 29.9 of them behind an abort; 1242.8 sent plain ahead of a buffer's first validate
ds4:   encode-ahead: 1.00 segments used, 37.95 dropped, 10.43 ms a token spent encoding under the GPU
ds4:   concurrent sections: 455.44 attempted, 455.44 opened a token
ds4:   speculation: 0.00 layers a token, 0.00 lanes computed, 0.00 matched, 0.00 GEMVs actually saved, 0.00 left to compute; compared 0.00 lanes, 0.00 floats differ, 0.00 by more than an ulp
ds4:   Metal 4: 80.91 command buffers sent, 6352.9 dispatches a token; 0 pieces of Metal 3 work so far
ds4:   Metal 4 a token: encoders 496.4 serial + 455.4 concurrent; barriers 5214.3 after a dispatch, 73.8 at copies, 226.7 from the engine, 80.9 opening and 80.9 ending an encoder; 951.8 table clears, 26505.6 setBuffer, 7373.6 setBytes (672515 B); 6352.9 dispatches, 36.9 copies; 80.91 blocking waits, 69.93 ms; 870.9 section barriers
ds4:   expert cache over the last 64 tokens: 85.28 hits, 167.33 misses, 167.33 evictions a token; 215 of 215 entries live (100.0%)
ds4:   of the address-table holes repaired a token: 0.00 already resident, 167.33 genuinely absent
ds4:   of the repair a token: readahead 108.26 ms, slot preparation 0.02 ms, reads 40.81 ms, install 0.31 ms, over 167.33 loads
ds4:   Engram rows written at step start in 6914 steps; layer-13 drains 0
ds4:   residency a token: 0.00 adds, 0.00 removes, 0.00 commits
ds4:   decode path so far: 6978 single-row steps (256.9 ms each inside the graph over the last 64), 0 K-row verification steps over 0 positions, 0 batch-fusion sites taken; candidate K none
ds4: gate over tokens 6913-6976: 41.98 command buffers, 39.98 aborts, 240.0 expert ids accounted, 1480.63 MiB loaded a token; 0 the gate failed to switch off, 0 it could not gate
ds4:   one token, exclusive, same window: entry 0.00 + encode 5.80 + commit-to-done 69.92 + repair-load 143.47 + accounting 0.04 + tail 8.05 = 227.28 of a 253.47 ms wall, residual 26.18
ds4:   GPU busy 61.04 ms of the token's wall (the union of its buffers' spans), idle 192.42 ms
ds4:   1666.1 gated dispatches a token, 30.7 of them behind an abort; 1272.1 sent plain ahead of a buffer's first validate
ds4:   encode-ahead: 1.00 segments used, 37.98 dropped, 23.39 ms a token spent encoding under the GPU
ds4:   concurrent sections: 455.88 attempted, 455.88 opened a token
ds4:   speculation: 0.00 layers a token, 0.00 lanes computed, 0.00 matched, 0.00 GEMVs actually saved, 0.00 left to compute; compared 0.00 lanes, 0.00 floats differ, 0.00 by more than an ulp
ds4:   Metal 4: 80.97 command buffers sent, 6501.3 dispatches a token; 0 pieces of Metal 3 work so far
ds4:   Metal 4 a token: encoders 496.9 serial + 455.9 concurrent; barriers 5361.6 after a dispatch, 74.0 at copies, 226.9 from the engine, 81.0 opening and 81.0 ending an encoder; 952.7 table clears, 26818.0 setBuffer, 7523.1 setBytes (673864 B); 6501.3 dispatches, 37.0 copies; 80.97 blocking waits, 70.47 ms; 871.8 section barriers
ds4:   expert cache over the last 64 tokens: 95.52 hits, 155.98 misses, 155.98 evictions a token; 215 of 215 entries live (100.0%)
ds4:   of the address-table holes repaired a token: 0.00 already resident, 155.98 genuinely absent
ds4:   of the repair a token: readahead 99.81 ms, slot preparation 0.03 ms, reads 41.02 ms, install 0.28 ms, over 155.98 loads
ds4:   Engram rows written at step start in 6978 steps; layer-13 drains 0
ds4:   residency a token: 0.00 adds, 0.00 removes, 0.00 commits
ds4:   decode path so far: 7042 single-row steps (245.3 ms each inside the graph over the last 64), 0 K-row verification steps over 0 positions, 0 batch-fusion sites taken; candidate K none
ds4: gate over tokens 6977-7040: 41.94 command buffers, 39.94 aborts, 240.0 expert ids accounted, 1480.93 MiB loaded a token; 0 the gate failed to switch off, 0 it could not gate
ds4:   one token, exclusive, same window: entry 0.00 + encode 6.02 + commit-to-done 69.89 + repair-load 154.08 + accounting 0.04 + tail 2.87 = 232.90 of a 245.25 ms wall, residual 12.35
ds4:   GPU busy 57.47 ms of the token's wall (the union of its buffers' spans), idle 187.78 ms
ds4:   1674.0 gated dispatches a token, 31.0 of them behind an abort; 1279.9 sent plain ahead of a buffer's first validate
ds4:   encode-ahead: 1.00 segments used, 37.94 dropped, 10.98 ms a token spent encoding under the GPU
ds4:   concurrent sections: 455.25 attempted, 455.25 opened a token
ds4:   speculation: 0.00 layers a token, 0.00 lanes computed, 0.00 matched, 0.00 GEMVs actually saved, 0.00 left to compute; compared 0.00 lanes, 0.00 floats differ, 0.00 by more than an ulp
ds4:   Metal 4: 80.88 command buffers sent, 6538.5 dispatches a token; 0 pieces of Metal 3 work so far
ds4:   Metal 4 a token: encoders 496.2 serial + 455.2 concurrent; barriers 5400.4 after a dispatch, 74.0 at copies, 226.6 from the engine, 80.9 opening and 80.9 ending an encoder; 951.4 table clears, 26871.7 setBuffer, 7558.8 setBytes (673046 B); 6538.5 dispatches, 37.0 copies; 80.88 blocking waits, 70.35 ms; 870.6 section barriers
ds4:   expert cache over the last 64 tokens: 95.73 hits, 156.02 misses, 156.02 evictions a token; 215 of 215 entries live (100.0%)
ds4:   of the address-table holes repaired a token: 0.00 already resident, 156.02 genuinely absent
ds4:   of the repair a token: readahead 110.54 ms, slot preparation 0.04 ms, reads 40.93 ms, install 0.29 ms, over 156.02 loads
ds4:   Engram rows written at step start in 7042 steps; layer-13 drains 0
ds4:   residency a token: 0.00 adds, 0.00 removes, 0.00 commits
ds4:   decode path so far: 7106 single-row steps (262.3 ms each inside the graph over the last 64), 0 K-row verification steps over 0 positions, 0 batch-fusion sites taken; candidate K none
ds4: gate over tokens 7041-7104: 41.81 command buffers, 39.81 aborts, 240.0 expert ids accounted, 1495.91 MiB loaded a token; 0 the gate failed to switch off, 0 it could not gate
ds4:   one token, exclusive, same window: entry 0.00 + encode 5.52 + commit-to-done 69.07 + repair-load 151.50 + accounting 0.04 + tail 5.63 = 231.76 of a 261.71 ms wall, residual 29.95
ds4:   GPU busy 61.44 ms of the token's wall (the union of its buffers' spans), idle 200.27 ms
ds4:   1668.4 gated dispatches a token, 31.0 of them behind an abort; 1275.2 sent plain ahead of a buffer's first validate
ds4:   encode-ahead: 1.00 segments used, 37.81 dropped, 26.84 ms a token spent encoding under the GPU
ds4:   concurrent sections: 453.75 attempted, 453.75 opened a token
ds4:   speculation: 0.00 layers a token, 0.00 lanes computed, 0.00 matched, 0.00 GEMVs actually saved, 0.00 left to compute; compared 0.00 lanes, 0.00 floats differ, 0.00 by more than an ulp
ds4:   Metal 4: 80.62 command buffers sent, 6514.0 dispatches a token; 0 pieces of Metal 3 work so far
ds4:   Metal 4 a token: encoders 494.6 serial + 453.8 concurrent; barriers 5379.6 after a dispatch, 74.0 at copies, 225.9 from the engine, 80.6 opening and 80.6 ending an encoder; 948.3 table clears, 26776.9 setBuffer, 7530.9 setBytes (670822 B); 6514.0 dispatches, 37.0 copies; 80.62 blocking waits, 70.40 ms; 867.7 section barriers
ds4:   expert cache over the last 64 tokens: 93.59 hits, 157.59 misses, 157.59 evictions a token; 215 of 215 entries live (100.0%)
ds4:   of the address-table holes repaired a token: 0.00 already resident, 157.59 genuinely absent
ds4:   of the repair a token: readahead 107.07 ms, slot preparation 0.06 ms, reads 41.87 ms, install 0.27 ms, over 157.59 loads
ds4:   Engram rows written at step start in 7106 steps; layer-13 drains 0
ds4:   residency a token: 0.00 adds, 0.00 removes, 0.00 commits
ds4:   decode path so far: 7170 single-row steps (259.3 ms each inside the graph over the last 64), 0 K-row verification steps over 0 positions, 0 batch-fusion sites taken; candidate K none
ds4: gate over tokens 7105-7168: 41.78 command buffers, 39.78 aborts, 240.0 expert ids accounted, 1468.62 MiB loaded a token; 0 the gate failed to switch off, 0 it could not gate
ds4:   one token, exclusive, same window: entry 0.00 + encode 5.62 + commit-to-done 72.16 + repair-load 154.03 + accounting 0.04 + tail 5.94 = 237.79 of a 258.19 ms wall, residual 20.40
ds4:   GPU busy 61.88 ms of the token's wall (the union of its buffers' spans), idle 196.31 ms
ds4:   1667.3 gated dispatches a token, 31.0 of them behind an abort; 1275.1 sent plain ahead of a buffer's first validate
ds4:   encode-ahead: 1.00 segments used, 37.78 dropped, 18.19 ms a token spent encoding under the GPU
ds4:   concurrent sections: 453.44 attempted, 453.44 opened a token
ds4:   speculation: 0.00 layers a token, 0.00 lanes computed, 0.00 matched, 0.00 GEMVs actually saved, 0.00 left to compute; compared 0.00 lanes, 0.00 floats differ, 0.00 by more than an ulp
ds4:   Metal 4: 80.56 command buffers sent, 6513.2 dispatches a token; 0 pieces of Metal 3 work so far
ds4:   Metal 4 a token: encoders 494.2 serial + 453.4 concurrent; barriers 5379.6 after a dispatch, 73.9 at copies, 225.7 from the engine, 80.6 opening and 80.6 ending an encoder; 947.7 table clears, 26766.6 setBuffer, 7529.5 setBytes (670435 B); 6513.2 dispatches, 37.0 copies; 80.56 blocking waits, 72.52 ms; 867.1 section barriers
ds4:   expert cache over the last 64 tokens: 96.28 hits, 154.72 misses, 154.72 evictions a token; 215 of 215 entries live (100.0%)
ds4:   of the address-table holes repaired a token: 0.00 already resident, 154.72 genuinely absent
ds4:   of the repair a token: readahead 109.09 ms, slot preparation 0.07 ms, reads 42.36 ms, install 0.27 ms, over 154.72 loads
ds4:   Engram rows written at step start in 7170 steps; layer-13 drains 0
ds4:   residency a token: 0.00 adds, 0.00 removes, 0.00 commits
ds4:   decode path so far: 7234 single-row steps (248.1 ms each inside the graph over the last 64), 0 K-row verification steps over 0 positions, 0 batch-fusion sites taken; candidate K none
ds4: gate over tokens 7169-7232: 41.89 command buffers, 39.88 aborts, 240.0 expert ids accounted, 1505.25 MiB loaded a token; 0 the gate failed to switch off, 0 it could not gate
ds4:   one token, exclusive, same window: entry 0.00 + encode 6.01 + commit-to-done 71.82 + repair-load 153.54 + accounting 0.04 + tail 3.34 = 234.76 of a 247.74 ms wall, residual 12.98
ds4:   GPU busy 59.42 ms of the token's wall (the union of its buffers' spans), idle 188.31 ms
ds4:   1672.7 gated dispatches a token, 31.0 of them behind an abort; 1277.3 sent plain ahead of a buffer's first validate
ds4:   encode-ahead: 1.02 segments used, 37.88 dropped, 11.63 ms a token spent encoding under the GPU
ds4:   concurrent sections: 454.59 attempted, 454.59 opened a token
ds4:   speculation: 0.00 layers a token, 0.00 lanes computed, 0.00 matched, 0.00 GEMVs actually saved, 0.00 left to compute; compared 0.00 lanes, 0.00 floats differ, 0.00 by more than an ulp
ds4:   Metal 4: 80.77 command buffers sent, 6526.4 dispatches a token; 0 pieces of Metal 3 work so far
ds4:   Metal 4 a token: encoders 495.5 serial + 454.6 concurrent; barriers 5389.9 after a dispatch, 74.0 at copies, 226.3 from the engine, 80.8 opening and 80.8 ending an encoder; 950.1 table clears, 26827.9 setBuffer, 7545.2 setBytes (672091 B); 6526.4 dispatches, 37.0 copies; 80.77 blocking waits, 72.01 ms; 869.3 section barriers
ds4:   expert cache over the last 64 tokens: 92.78 hits, 158.58 misses, 158.58 evictions a token; 215 of 215 entries live (100.0%)
ds4:   of the address-table holes repaired a token: 0.00 already resident, 158.58 genuinely absent
ds4:   of the repair a token: readahead 110.62 ms, slot preparation 0.06 ms, reads 40.27 ms, install 0.30 ms, over 158.58 loads
ds4:   Engram rows written at step start in 7234 steps; layer-13 drains 0
ds4:   residency a token: 0.00 adds, 0.00 removes, 0.00 commits
ds4:   decode path so far: 7298 single-row steps (253.8 ms each inside the graph over the last 64), 0 K-row verification steps over 0 positions, 0 batch-fusion sites taken; candidate K none
ds4: gate over tokens 7233-7296: 41.94 command buffers, 39.94 aborts, 240.0 expert ids accounted, 1503.92 MiB loaded a token; 0 the gate failed to switch off, 0 it could not gate
ds4:   one token, exclusive, same window: entry 0.00 + encode 6.16 + commit-to-done 71.08 + repair-load 158.75 + accounting 0.04 + tail 3.55 = 239.58 of a 252.33 ms wall, residual 12.75
ds4:   GPU busy 58.16 ms of the token's wall (the union of its buffers' spans), idle 194.17 ms
ds4:   1674.1 gated dispatches a token, 31.0 of them behind an abort; 1279.9 sent plain ahead of a buffer's first validate
ds4:   encode-ahead: 1.00 segments used, 37.94 dropped, 11.37 ms a token spent encoding under the GPU
ds4:   concurrent sections: 455.25 attempted, 455.25 opened a token
ds4:   speculation: 0.00 layers a token, 0.00 lanes computed, 0.00 matched, 0.00 GEMVs actually saved, 0.00 left to compute; compared 0.00 lanes, 0.00 floats differ, 0.00 by more than an ulp
ds4:   Metal 4: 80.88 command buffers sent, 6538.5 dispatches a token; 0 pieces of Metal 3 work so far
ds4:   Metal 4 a token: encoders 496.2 serial + 455.2 concurrent; barriers 5400.4 after a dispatch, 74.0 at copies, 226.6 from the engine, 80.9 opening and 80.9 ending an encoder; 951.4 table clears, 26871.7 setBuffer, 7558.8 setBytes (673046 B); 6538.5 dispatches, 37.0 copies; 80.88 blocking waits, 71.27 ms; 870.6 section barriers
ds4:   expert cache over the last 64 tokens: 93.36 hits, 158.44 misses, 158.44 evictions a token; 215 of 215 entries live (100.0%)
ds4:   of the address-table holes repaired a token: 0.00 already resident, 158.44 genuinely absent
ds4:   of the repair a token: readahead 114.53 ms, slot preparation 0.05 ms, reads 41.57 ms, install 0.30 ms, over 158.44 loads
ds4:   Engram rows written at step start in 7298 steps; layer-13 drains 0
ds4:   residency a token: 0.00 adds, 0.00 removes, 0.00 commits
ds4:   decode path so far: 7362 single-row steps (269.4 ms each inside the graph over the last 64), 0 K-row verification steps over 0 positions, 0 batch-fusion sites taken; candidate K none
ds4: gate over tokens 7297-7360: 41.94 command buffers, 39.94 aborts, 240.0 expert ids accounted, 1545.45 MiB loaded a token; 0 the gate failed to switch off, 0 it could not gate
ds4:   one token, exclusive, same window: entry 0.00 + encode 5.88 + commit-to-done 72.32 + repair-load 155.57 + accounting 0.04 + tail 6.61 = 240.42 of a 268.28 ms wall, residual 27.86
ds4:   GPU busy 62.50 ms of the token's wall (the union of its buffers' spans), idle 205.79 ms
ds4:   1659.0 gated dispatches a token, 30.2 of them behind an abort; 1264.7 sent plain ahead of a buffer's first validate
ds4:   encode-ahead: 1.00 segments used, 37.94 dropped, 25.21 ms a token spent encoding under the GPU
ds4:   concurrent sections: 455.25 attempted, 455.25 opened a token
ds4:   speculation: 0.00 layers a token, 0.00 lanes computed, 0.00 matched, 0.00 GEMVs actually saved, 0.00 left to compute; compared 0.00 lanes, 0.00 floats differ, 0.00 by more than an ulp
ds4:   Metal 4: 80.88 command buffers sent, 6462.2 dispatches a token; 0 pieces of Metal 3 work so far
ds4:   Metal 4 a token: encoders 496.2 serial + 455.2 concurrent; barriers 5324.1 after a dispatch, 73.9 at copies, 226.6 from the engine, 80.9 opening and 80.9 ending an encoder; 951.4 table clears, 26572.6 setBuffer, 7482.5 setBytes (665405 B); 6462.2 dispatches, 37.0 copies; 80.88 blocking waits, 72.75 ms; 870.6 section barriers
ds4:   expert cache over the last 64 tokens: 89.16 hits, 162.81 misses, 162.81 evictions a token; 215 of 215 entries live (100.0%)
ds4:   of the address-table holes repaired a token: 0.00 already resident, 162.81 genuinely absent
ds4:   of the repair a token: readahead 111.20 ms, slot preparation 0.04 ms, reads 41.71 ms, install 0.29 ms, over 162.81 loads
ds4:   Engram rows written at step start in 7362 steps; layer-13 drains 0
ds4:   residency a token: 0.00 adds, 0.00 removes, 0.00 commits
ds4:   decode path so far: 7426 single-row steps (271.4 ms each inside the graph over the last 64), 0 K-row verification steps over 0 positions, 0 batch-fusion sites taken; candidate K none
ds4: gate over tokens 7361-7424: 41.88 command buffers, 39.88 aborts, 240.0 expert ids accounted, 1505.70 MiB loaded a token; 0 the gate failed to switch off, 0 it could not gate
ds4:   one token, exclusive, same window: entry 0.00 + encode 5.36 + commit-to-done 77.56 + repair-load 146.94 + accounting 0.04 + tail 8.80 = 238.69 of a 270.39 ms wall, residual 31.70
ds4:   GPU busy 70.06 ms of the token's wall (the union of its buffers' spans), idle 200.33 ms
ds4:   1652.1 gated dispatches a token, 30.0 of them behind an abort; 1258.5 sent plain ahead of a buffer's first validate
ds4:   encode-ahead: 1.00 segments used, 37.88 dropped, 28.16 ms a token spent encoding under the GPU
ds4:   concurrent sections: 454.50 attempted, 454.50 opened a token
ds4:   speculation: 0.00 layers a token, 0.00 lanes computed, 0.00 matched, 0.00 GEMVs actually saved, 0.00 left to compute; compared 0.00 lanes, 0.00 floats differ, 0.00 by more than an ulp
ds4:   Metal 4: 80.75 command buffers sent, 6431.4 dispatches a token; 0 pieces of Metal 3 work so far
ds4:   Metal 4 a token: encoders 495.4 serial + 454.5 concurrent; barriers 5295.1 after a dispatch, 73.9 at copies, 226.2 from the engine, 80.8 opening and 80.8 ending an encoder; 949.9 table clears, 26441.8 setBuffer, 7450.0 setBytes (661915 B); 6431.4 dispatches, 37.0 copies; 80.75 blocking waits, 78.99 ms; 869.1 section barriers
ds4:   expert cache over the last 64 tokens: 93.42 hits, 158.62 misses, 158.62 evictions a token; 215 of 215 entries live (100.0%)
ds4:   of the address-table holes repaired a token: 0.00 already resident, 158.62 genuinely absent
ds4:   of the repair a token: readahead 104.96 ms, slot preparation 0.04 ms, reads 39.37 ms, install 0.26 ms, over 158.62 loads
ds4:   Engram rows written at step start in 7426 steps; layer-13 drains 0
ds4:   residency a token: 0.00 adds, 0.00 removes, 0.00 commits
ds4:   decode path so far: 7490 single-row steps (259.8 ms each inside the graph over the last 64), 0 K-row verification steps over 0 positions, 0 batch-fusion sites taken; candidate K none
ds4: gate over tokens 7425-7488: 41.92 command buffers, 39.91 aborts, 240.0 expert ids accounted, 1512.82 MiB loaded a token; 0 the gate failed to switch off, 0 it could not gate
ds4:   one token, exclusive, same window: entry 0.00 + encode 5.76 + commit-to-done 75.33 + repair-load 153.47 + accounting 0.04 + tail 6.18 = 240.79 of a 261.41 ms wall, residual 20.61
ds4:   GPU busy 64.73 ms of the token's wall (the union of its buffers' spans), idle 196.68 ms
ds4:   1654.5 gated dispatches a token, 30.0 of them behind an abort; 1258.9 sent plain ahead of a buffer's first validate
ds4:   encode-ahead: 1.02 segments used, 37.91 dropped, 18.33 ms a token spent encoding under the GPU
ds4:   concurrent sections: 455.06 attempted, 455.06 opened a token
ds4:   speculation: 0.00 layers a token, 0.00 lanes computed, 0.00 matched, 0.00 GEMVs actually saved, 0.00 left to compute; compared 0.00 lanes, 0.00 floats differ, 0.00 by more than an ulp
ds4:   Metal 4: 80.83 command buffers sent, 6437.0 dispatches a token; 0 pieces of Metal 3 work so far
ds4:   Metal 4 a token: encoders 496.0 serial + 455.1 concurrent; barriers 5299.3 after a dispatch, 74.1 at copies, 226.5 from the engine, 80.8 opening and 80.8 ending an encoder; 951.0 table clears, 26470.7 setBuffer, 7456.9 setBytes (662779 B); 6437.0 dispatches, 37.0 copies; 80.83 blocking waits, 76.14 ms; 870.2 section barriers
ds4:   expert cache over the last 64 tokens: 92.58 hits, 159.38 misses, 159.38 evictions a token; 215 of 215 entries live (100.0%)
ds4:   of the address-table holes repaired a token: 0.00 already resident, 159.38 genuinely absent
ds4:   of the repair a token: readahead 111.07 ms, slot preparation 0.08 ms, reads 39.72 ms, install 0.29 ms, over 159.38 loads
ds4:   Engram rows written at step start in 7490 steps; layer-13 drains 0
ds4:   residency a token: 0.00 adds, 0.00 removes, 0.00 commits
ds4:   decode path so far: 7554 single-row steps (273.7 ms each inside the graph over the last 64), 0 K-row verification steps over 0 positions, 0 batch-fusion sites taken; candidate K none
ds4: gate over tokens 7489-7552: 41.89 command buffers, 39.89 aborts, 240.0 expert ids accounted, 1484.64 MiB loaded a token; 0 the gate failed to switch off, 0 it could not gate
ds4:   one token, exclusive, same window: entry 0.00 + encode 5.78 + commit-to-done 75.11 + repair-load 150.91 + accounting 0.04 + tail 9.34 = 241.19 of a 272.01 ms wall, residual 30.83
ds4:   GPU busy 64.66 ms of the token's wall (the union of its buffers' spans), idle 207.36 ms
ds4:   1653.2 gated dispatches a token, 30.0 of them behind an abort; 1259.1 sent plain ahead of a buffer's first validate
ds4:   encode-ahead: 1.00 segments used, 37.89 dropped, 28.10 ms a token spent encoding under the GPU
ds4:   concurrent sections: 454.78 attempted, 454.78 opened a token
ds4:   speculation: 0.00 layers a token, 0.00 lanes computed, 0.00 matched, 0.00 GEMVs actually saved, 0.00 left to compute; compared 0.00 lanes, 0.00 floats differ, 0.00 by more than an ulp
ds4:   Metal 4: 80.78 command buffers sent, 6435.7 dispatches a token; 0 pieces of Metal 3 work so far
ds4:   Metal 4 a token: encoders 495.7 serial + 454.8 concurrent; barriers 5298.8 after a dispatch, 74.0 at copies, 226.4 from the engine, 80.8 opening and 80.8 ending an encoder; 950.5 table clears, 26459.2 setBuffer, 7455.0 setBytes (662356 B); 6435.7 dispatches, 37.0 copies; 80.78 blocking waits, 74.87 ms; 869.7 section barriers
ds4:   expert cache over the last 64 tokens: 94.94 hits, 156.41 misses, 156.41 evictions a token; 215 of 215 entries live (100.0%)
ds4:   of the address-table holes repaired a token: 0.00 already resident, 156.41 genuinely absent
ds4:   of the repair a token: readahead 108.03 ms, slot preparation 0.06 ms, reads 40.26 ms, install 0.28 ms, over 156.41 loads
ds4:   Engram rows written at step start in 7554 steps; layer-13 drains 0
ds4:   residency a token: 0.00 adds, 0.00 removes, 0.00 commits
ds4:   decode path so far: 7618 single-row steps (272.5 ms each inside the graph over the last 64), 0 K-row verification steps over 0 positions, 0 batch-fusion sites taken; candidate K none
ds4: gate over tokens 7553-7616: 41.83 command buffers, 39.83 aborts, 240.0 expert ids accounted, 1481.67 MiB loaded a token; 0 the gate failed to switch off, 0 it could not gate
ds4:   one token, exclusive, same window: entry 0.00 + encode 6.12 + commit-to-done 74.00 + repair-load 161.93 + accounting 0.04 + tail 6.57 = 248.66 of a 269.90 ms wall, residual 21.24
ds4:   GPU busy 61.61 ms of the token's wall (the union of its buffers' spans), idle 208.29 ms
ds4:   1650.2 gated dispatches a token, 30.0 of them behind an abort; 1256.6 sent plain ahead of a buffer's first validate
ds4:   encode-ahead: 1.00 segments used, 37.83 dropped, 19.31 ms a token spent encoding under the GPU
ds4:   concurrent sections: 453.94 attempted, 453.94 opened a token
ds4:   speculation: 0.00 layers a token, 0.00 lanes computed, 0.00 matched, 0.00 GEMVs actually saved, 0.00 left to compute; compared 0.00 lanes, 0.00 floats differ, 0.00 by more than an ulp
ds4:   Metal 4: 80.66 command buffers sent, 6420.8 dispatches a token; 0 pieces of Metal 3 work so far
ds4:   Metal 4 a token: encoders 494.8 serial + 453.9 concurrent; barriers 5285.9 after a dispatch, 74.0 at copies, 226.0 from the engine, 80.7 opening and 80.7 ending an encoder; 948.7 table clears, 26404.2 setBuffer, 7438.1 setBytes (661119 B); 6420.8 dispatches, 37.0 copies; 80.66 blocking waits, 74.13 ms; 868.0 section barriers
ds4:   expert cache over the last 64 tokens: 95.44 hits, 156.09 misses, 156.09 evictions a token; 215 of 215 entries live (100.0%)
ds4:   of the address-table holes repaired a token: 0.00 already resident, 156.09 genuinely absent
ds4:   of the repair a token: readahead 115.34 ms, slot preparation 0.06 ms, reads 43.95 ms, install 0.30 ms, over 156.09 loads
ds4:   Engram rows written at step start in 7618 steps; layer-13 drains 0
ds4:   residency a token: 0.00 adds, 0.00 removes, 0.00 commits
ds4:   decode path so far: 7682 single-row steps (256.1 ms each inside the graph over the last 64), 0 K-row verification steps over 0 positions, 0 batch-fusion sites taken; candidate K none
ds4: gate over tokens 7617-7680: 41.83 command buffers, 39.81 aborts, 240.0 expert ids accounted, 1418.64 MiB loaded a token; 0 the gate failed to switch off, 0 it could not gate
ds4:   one token, exclusive, same window: entry 0.00 + encode 5.98 + commit-to-done 77.10 + repair-load 149.12 + accounting 0.04 + tail 5.25 = 237.49 of a 256.39 ms wall, residual 18.90
ds4:   GPU busy 65.59 ms of the token's wall (the union of its buffers' spans), idle 190.80 ms
ds4:   1651.3 gated dispatches a token, 30.0 of them behind an abort; 1256.7 sent plain ahead of a buffer's first validate
ds4:   encode-ahead: 1.02 segments used, 37.81 dropped, 16.73 ms a token spent encoding under the GPU
ds4:   concurrent sections: 453.84 attempted, 453.84 opened a token
ds4:   speculation: 0.00 layers a token, 0.00 lanes computed, 0.00 matched, 0.00 GEMVs actually saved, 0.00 left to compute; compared 0.00 lanes, 0.00 floats differ, 0.00 by more than an ulp
ds4:   Metal 4: 80.64 command buffers sent, 6422.2 dispatches a token; 0 pieces of Metal 3 work so far
ds4:   Metal 4 a token: encoders 494.7 serial + 453.8 concurrent; barriers 5287.6 after a dispatch, 73.8 at copies, 225.9 from the engine, 80.6 opening and 80.6 ending an encoder; 948.5 table clears, 26404.1 setBuffer, 7439.4 setBytes (660972 B); 6422.2 dispatches, 36.9 copies; 80.64 blocking waits, 77.85 ms; 867.9 section barriers
ds4:   expert cache over the last 64 tokens: 101.48 hits, 149.45 misses, 149.45 evictions a token; 215 of 215 entries live (100.0%)
ds4:   of the address-table holes repaired a token: 0.00 already resident, 149.45 genuinely absent
ds4:   of the repair a token: readahead 104.96 ms, slot preparation 0.07 ms, reads 41.56 ms, install 0.28 ms, over 149.45 loads
ds4:   Engram rows written at step start in 7682 steps; layer-13 drains 0
ds4:   residency a token: 0.00 adds, 0.00 removes, 0.00 commits
ds4:   decode path so far: 7746 single-row steps (264.5 ms each inside the graph over the last 64), 0 K-row verification steps over 0 positions, 0 batch-fusion sites taken; candidate K none
ds4: gate over tokens 7681-7744: 41.86 command buffers, 39.86 aborts, 240.0 expert ids accounted, 1451.56 MiB loaded a token; 0 the gate failed to switch off, 0 it could not gate
ds4:   one token, exclusive, same window: entry 0.00 + encode 6.32 + commit-to-done 72.10 + repair-load 159.23 + accounting 0.04 + tail 5.27 = 242.96 of a 263.67 ms wall, residual 20.71
ds4:   GPU busy 59.94 ms of the token's wall (the union of its buffers' spans), idle 203.73 ms
ds4:   1650.6 gated dispatches a token, 30.0 of them behind an abort; 1257.6 sent plain ahead of a buffer's first validate
ds4:   encode-ahead: 1.00 segments used, 37.86 dropped, 18.62 ms a token spent encoding under the GPU
ds4:   concurrent sections: 454.31 attempted, 454.31 opened a token
ds4:   speculation: 0.00 layers a token, 0.00 lanes computed, 0.00 matched, 0.00 GEMVs actually saved, 0.00 left to compute; compared 0.00 lanes, 0.00 floats differ, 0.00 by more than an ulp
ds4:   Metal 4: 80.72 command buffers sent, 6425.7 dispatches a token; 0 pieces of Metal 3 work so far
ds4:   Metal 4 a token: encoders 495.2 serial + 454.3 concurrent; barriers 5289.9 after a dispatch, 73.8 at copies, 226.2 from the engine, 80.7 opening and 80.7 ending an encoder; 949.5 table clears, 26424.8 setBuffer, 7443.9 setBytes (661618 B); 6425.7 dispatches, 36.9 copies; 80.72 blocking waits, 72.38 ms; 868.8 section barriers
ds4:   expert cache over the last 64 tokens: 97.92 hits, 152.92 misses, 152.92 evictions a token; 215 of 215 entries live (100.0%)
ds4:   of the address-table holes repaired a token: 0.00 already resident, 152.92 genuinely absent
ds4:   of the repair a token: readahead 114.45 ms, slot preparation 0.07 ms, reads 42.12 ms, install 0.30 ms, over 152.92 loads
ds4:   Engram rows written at step start in 7746 steps; layer-13 drains 0
ds4:   residency a token: 0.00 adds, 0.00 removes, 0.00 commits
ds4:   decode path so far: 7810 single-row steps (271.8 ms each inside the graph over the last 64), 0 K-row verification steps over 0 positions, 0 batch-fusion sites taken; candidate K none
ds4: gate over tokens 7745-7808: 41.92 command buffers, 39.92 aborts, 240.0 expert ids accounted, 1510.59 MiB loaded a token; 0 the gate failed to switch off, 0 it could not gate
ds4:   one token, exclusive, same window: entry 0.00 + encode 6.57 + commit-to-done 72.44 + repair-load 172.30 + accounting 0.04 + tail 2.85 = 254.20 of a 270.17 ms wall, residual 15.97
ds4:   GPU busy 58.76 ms of the token's wall (the union of its buffers' spans), idle 211.40 ms
ds4:   1654.4 gated dispatches a token, 30.0 of them behind an abort; 1260.1 sent plain ahead of a buffer's first validate
ds4:   encode-ahead: 1.00 segments used, 37.92 dropped, 14.53 ms a token spent encoding under the GPU
ds4:   concurrent sections: 455.06 attempted, 455.06 opened a token
ds4:   speculation: 0.00 layers a token, 0.00 lanes computed, 0.00 matched, 0.00 GEMVs actually saved, 0.00 left to compute; compared 0.00 lanes, 0.00 floats differ, 0.00 by more than an ulp
ds4:   Metal 4: 80.84 command buffers sent, 6439.4 dispatches a token; 0 pieces of Metal 3 work so far
ds4:   Metal 4 a token: encoders 496.0 serial + 455.1 concurrent; barriers 5301.7 after a dispatch, 74.0 at copies, 226.5 from the engine, 80.8 opening and 80.8 ending an encoder; 951.0 table clears, 26474.7 setBuffer, 7459.3 setBytes (662738 B); 6439.4 dispatches, 37.0 copies; 80.84 blocking waits, 72.62 ms; 870.2 section barriers
ds4:   expert cache over the last 64 tokens: 92.02 hits, 159.14 misses, 159.14 evictions a token; 215 of 215 entries live (100.0%)
ds4:   of the address-table holes repaired a token: 0.00 already resident, 159.14 genuinely absent
ds4:   of the repair a token: readahead 124.90 ms, slot preparation 0.07 ms, reads 44.70 ms, install 0.32 ms, over 159.14 loads
ds4:   Engram rows written at step start in 7810 steps; layer-13 drains 0
ds4:   residency a token: 0.00 adds, 0.00 removes, 0.00 commits
ds4:   decode path so far: 7874 single-row steps (268.6 ms each inside the graph over the last 64), 0 K-row verification steps over 0 positions, 0 batch-fusion sites taken; candidate K none
ds4: gate over tokens 7809-7872: 41.83 command buffers, 39.83 aborts, 240.0 expert ids accounted, 1465.21 MiB loaded a token; 0 the gate failed to switch off, 0 it could not gate
ds4:   one token, exclusive, same window: entry 0.00 + encode 6.24 + commit-to-done 72.72 + repair-load 157.76 + accounting 0.04 + tail 7.10 = 243.86 of a 269.18 ms wall, residual 25.32
ds4:   GPU busy 61.11 ms of the token's wall (the union of its buffers' spans), idle 208.07 ms
ds4:   1638.4 gated dispatches a token, 30.0 of them behind an abort; 1247.8 sent plain ahead of a buffer's first validate
ds4:   encode-ahead: 1.00 segments used, 37.83 dropped, 22.84 ms a token spent encoding under the GPU
ds4:   concurrent sections: 453.94 attempted, 453.94 opened a token
ds4:   speculation: 0.00 layers a token, 0.00 lanes computed, 0.00 matched, 0.00 GEMVs actually saved, 0.00 left to compute; compared 0.00 lanes, 0.00 floats differ, 0.00 by more than an ulp
ds4:   Metal 4: 80.66 command buffers sent, 6376.9 dispatches a token; 0 pieces of Metal 3 work so far
ds4:   Metal 4 a token: encoders 494.8 serial + 453.9 concurrent; barriers 5242.1 after a dispatch, 74.0 at copies, 226.0 from the engine, 80.7 opening and 80.7 ending an encoder; 948.7 table clears, 26210.2 setBuffer, 7394.3 setBytes (656706 B); 6376.9 dispatches, 37.0 copies; 80.66 blocking waits, 72.49 ms; 868.0 section barriers
ds4:   expert cache over the last 64 tokens: 97.77 hits, 154.36 misses, 154.36 evictions a token; 215 of 215 entries live (100.0%)
ds4:   of the address-table holes repaired a token: 0.00 already resident, 154.36 genuinely absent
ds4:   of the repair a token: readahead 111.91 ms, slot preparation 0.07 ms, reads 43.16 ms, install 0.30 ms, over 154.36 loads
ds4:   Engram rows written at step start in 7874 steps; layer-13 drains 0
ds4:   residency a token: 0.00 adds, 0.00 removes, 0.00 commits
ds4:   decode path so far: 7938 single-row steps (262.5 ms each inside the graph over the last 64), 0 K-row verification steps over 0 positions, 0 batch-fusion sites taken; candidate K none
ds4: gate over tokens 7873-7936: 41.86 command buffers, 39.84 aborts, 240.0 expert ids accounted, 1390.01 MiB loaded a token; 0 the gate failed to switch off, 0 it could not gate
ds4:   one token, exclusive, same window: entry 0.00 + encode 6.14 + commit-to-done 71.82 + repair-load 152.09 + accounting 0.04 + tail 6.04 = 236.13 of a 260.38 ms wall, residual 24.26
ds4:   GPU busy 60.84 ms of the token's wall (the union of its buffers' spans), idle 199.54 ms
ds4:   1638.6 gated dispatches a token, 30.0 of them behind an abort; 1246.3 sent plain ahead of a buffer's first validate
ds4:   encode-ahead: 1.02 segments used, 37.84 dropped, 21.95 ms a token spent encoding under the GPU
ds4:   concurrent sections: 454.22 attempted, 454.22 opened a token
ds4:   speculation: 0.00 layers a token, 0.00 lanes computed, 0.00 matched, 0.00 GEMVs actually saved, 0.00 left to compute; compared 0.00 lanes, 0.00 floats differ, 0.00 by more than an ulp
ds4:   Metal 4: 80.70 command buffers sent, 6370.3 dispatches a token; 0 pieces of Metal 3 work so far
ds4:   Metal 4 a token: encoders 495.1 serial + 454.2 concurrent; barriers 5234.8 after a dispatch, 74.0 at copies, 226.1 from the engine, 80.7 opening and 80.7 ending an encoder; 949.3 table clears, 26172.1 setBuffer, 7388.3 setBytes (655770 B); 6370.3 dispatches, 37.0 copies; 80.70 blocking waits, 72.28 ms; 868.6 section barriers
ds4:   expert cache over the last 64 tokens: 104.11 hits, 146.44 misses, 146.44 evictions a token; 215 of 215 entries live (100.0%)
ds4:   of the address-table holes repaired a token: 0.00 already resident, 146.44 genuinely absent
ds4:   of the repair a token: readahead 107.61 ms, slot preparation 0.11 ms, reads 41.86 ms, install 0.28 ms, over 146.44 loads
ds4:   Engram rows written at step start in 7938 steps; layer-13 drains 0
ds4:   residency a token: 0.00 adds, 0.00 removes, 0.00 commits
ds4:   decode path so far: 8002 single-row steps (266.1 ms each inside the graph over the last 64), 0 K-row verification steps over 0 positions, 0 batch-fusion sites taken; candidate K none
ds4: gate over tokens 7937-8000: 41.77 command buffers, 39.73 aborts, 240.0 expert ids accounted, 1485.23 MiB loaded a token; 0 the gate failed to switch off, 0 it could not gate
ds4:   one token, exclusive, same window: entry 0.00 + encode 5.87 + commit-to-done 77.59 + repair-load 151.52 + accounting 0.04 + tail 7.07 = 242.09 of a 265.87 ms wall, residual 23.78
ds4:   GPU busy 66.87 ms of the token's wall (the union of its buffers' spans), idle 199.01 ms
ds4:   1634.3 gated dispatches a token, 30.0 of them behind an abort; 1242.4 sent plain ahead of a buffer's first validate
ds4:   encode-ahead: 1.03 segments used, 37.73 dropped, 21.29 ms a token spent encoding under the GPU
ds4:   concurrent sections: 453.00 attempted, 453.00 opened a token
ds4:   speculation: 0.00 layers a token, 0.00 lanes computed, 0.00 matched, 0.00 GEMVs actually saved, 0.00 left to compute; compared 0.00 lanes, 0.00 floats differ, 0.00 by more than an ulp
ds4:   Metal 4: 80.50 command buffers sent, 6350.3 dispatches a token; 0 pieces of Metal 3 work so far
ds4:   Metal 4 a token: encoders 493.8 serial + 453.0 concurrent; barriers 5217.8 after a dispatch, 73.8 at copies, 225.5 from the engine, 80.5 opening and 80.5 ending an encoder; 946.8 table clears, 26096.1 setBuffer, 7365.6 setBytes (654000 B); 6350.3 dispatches, 36.9 copies; 80.50 blocking waits, 78.07 ms; 866.3 section barriers
ds4:   expert cache over the last 64 tokens: 94.61 hits, 156.47 misses, 156.47 evictions a token; 215 of 215 entries live (100.0%)
ds4:   of the address-table holes repaired a token: 0.00 already resident, 156.47 genuinely absent
ds4:   of the repair a token: readahead 107.08 ms, slot preparation 0.07 ms, reads 41.78 ms, install 0.29 ms, over 156.47 loads
ds4:   Engram rows written at step start in 8002 steps; layer-13 drains 0
ds4:   residency a token: 0.00 adds, 0.00 removes, 0.00 commits
ds4:   decode path so far: 8066 single-row steps (283.3 ms each inside the graph over the last 64), 0 K-row verification steps over 0 positions, 0 batch-fusion sites taken; candidate K none
ds4: gate over tokens 8001-8064: 41.88 command buffers, 39.88 aborts, 240.0 expert ids accounted, 1454.23 MiB loaded a token; 0 the gate failed to switch off, 0 it could not gate
ds4:   one token, exclusive, same window: entry 0.00 + encode 5.96 + commit-to-done 73.61 + repair-load 155.57 + accounting 0.04 + tail 7.71 = 242.88 of a 281.22 ms wall, residual 38.34
ds4:   GPU busy 64.79 ms of the token's wall (the union of its buffers' spans), idle 216.43 ms
ds4:   1637.6 gated dispatches a token, 30.0 of them behind an abort; 1247.2 sent plain ahead of a buffer's first validate
ds4:   encode-ahead: 1.00 segments used, 37.88 dropped, 35.08 ms a token spent encoding under the GPU
ds4:   concurrent sections: 454.50 attempted, 454.50 opened a token
ds4:   speculation: 0.00 layers a token, 0.00 lanes computed, 0.00 matched, 0.00 GEMVs actually saved, 0.00 left to compute; compared 0.00 lanes, 0.00 floats differ, 0.00 by more than an ulp
ds4:   Metal 4: 80.75 command buffers sent, 6374.1 dispatches a token; 0 pieces of Metal 3 work so far
ds4:   Metal 4 a token: encoders 495.4 serial + 454.5 concurrent; barriers 5237.9 after a dispatch, 74.0 at copies, 226.2 from the engine, 80.8 opening and 80.8 ending an encoder; 949.9 table clears, 26187.8 setBuffer, 7392.8 setBytes (656160 B); 6374.1 dispatches, 37.0 copies; 80.75 blocking waits, 74.26 ms; 869.1 section barriers
ds4:   expert cache over the last 64 tokens: 97.66 hits, 153.20 misses, 153.20 evictions a token; 215 of 215 entries live (100.0%)
ds4:   of the address-table holes repaired a token: 0.00 already resident, 153.20 genuinely absent
ds4:   of the repair a token: readahead 111.95 ms, slot preparation 0.09 ms, reads 40.96 ms, install 0.29 ms, over 153.20 loads
ds4:   Engram rows written at step start in 8066 steps; layer-13 drains 0
ds4:   residency a token: 0.00 adds, 0.00 removes, 0.00 commits
ds4:   decode path so far: 8130 single-row steps (262.4 ms each inside the graph over the last 64), 0 K-row verification steps over 0 positions, 0 batch-fusion sites taken; candidate K none
ds4: gate over tokens 8065-8128: 41.88 command buffers, 39.88 aborts, 240.0 expert ids accounted, 1450.97 MiB loaded a token; 0 the gate failed to switch off, 0 it could not gate
ds4:   one token, exclusive, same window: entry 0.00 + encode 5.85 + commit-to-done 73.76 + repair-load 151.10 + accounting 0.04 + tail 5.34 = 236.09 of a 262.31 ms wall, residual 26.22
ds4:   GPU busy 64.25 ms of the token's wall (the union of its buffers' spans), idle 198.06 ms
ds4:   1637.1 gated dispatches a token, 30.0 of them behind an abort; 1246.6 sent plain ahead of a buffer's first validate
ds4:   encode-ahead: 1.00 segments used, 37.88 dropped, 23.53 ms a token spent encoding under the GPU
ds4:   concurrent sections: 454.50 attempted, 454.50 opened a token
ds4:   speculation: 0.00 layers a token, 0.00 lanes computed, 0.00 matched, 0.00 GEMVs actually saved, 0.00 left to compute; compared 0.00 lanes, 0.00 floats differ, 0.00 by more than an ulp
ds4:   Metal 4: 80.75 command buffers sent, 6371.0 dispatches a token; 0 pieces of Metal 3 work so far
ds4:   Metal 4 a token: encoders 495.4 serial + 454.5 concurrent; barriers 5234.8 after a dispatch, 73.9 at copies, 226.2 from the engine, 80.8 opening and 80.8 ending an encoder; 949.9 table clears, 26181.5 setBuffer, 7389.6 setBytes (656132 B); 6371.0 dispatches, 37.0 copies; 80.75 blocking waits, 74.66 ms; 869.1 section barriers
ds4:   expert cache over the last 64 tokens: 97.88 hits, 152.86 misses, 152.86 evictions a token; 215 of 215 entries live (100.0%)
ds4:   of the address-table holes repaired a token: 0.00 already resident, 152.86 genuinely absent
ds4:   of the repair a token: readahead 109.00 ms, slot preparation 0.10 ms, reads 39.48 ms, install 0.28 ms, over 152.86 loads
ds4:   Engram rows written at step start in 8130 steps; layer-13 drains 0
ds4:   residency a token: 0.00 adds, 0.00 removes, 0.00 commits
ds4:   decode path so far: 8194 single-row steps (270.8 ms each inside the graph over the last 64), 0 K-row verification steps over 0 positions, 0 batch-fusion sites taken; candidate K none
ds4: gate over tokens 8129-8192: 41.62 command buffers, 39.56 aborts, 240.0 expert ids accounted, 1402.47 MiB loaded a token; 0 the gate failed to switch off, 0 it could not gate
ds4:   one token, exclusive, same window: entry 0.00 + encode 6.42 + commit-to-done 70.58 + repair-load 161.08 + accounting 0.04 + tail 4.41 = 242.53 of a 269.20 ms wall, residual 26.68
ds4:   GPU busy 59.57 ms of the token's wall (the union of its buffers' spans), idle 209.63 ms
ds4:   1630.9 gated dispatches a token, 30.0 of them behind an abort; 1237.9 sent plain ahead of a buffer's first validate
ds4:   encode-ahead: 1.06 segments used, 37.56 dropped, 24.32 ms a token spent encoding under the GPU
ds4:   concurrent sections: 451.12 attempted, 451.12 opened a token
ds4:   speculation: 0.00 layers a token, 0.00 lanes computed, 0.00 matched, 0.00 GEMVs actually saved, 0.00 left to compute; compared 0.00 lanes, 0.00 floats differ, 0.00 by more than an ulp
ds4:   Metal 4: 80.19 command buffers sent, 6328.0 dispatches a token; 0 pieces of Metal 3 work so far
ds4:   Metal 4 a token: encoders 491.8 serial + 451.1 concurrent; barriers 5200.2 after a dispatch, 73.9 at copies, 224.6 from the engine, 80.2 opening and 80.2 ending an encoder; 942.9 table clears, 25996.8 setBuffer, 7339.0 setBytes (651405 B); 6328.0 dispatches, 37.0 copies; 80.19 blocking waits, 71.14 ms; 862.7 section barriers
ds4:   expert cache over the last 64 tokens: 103.39 hits, 147.75 misses, 147.75 evictions a token; 215 of 215 entries live (100.0%)
ds4:   of the address-table holes repaired a token: 0.00 already resident, 147.75 genuinely absent
ds4:   of the repair a token: readahead 115.50 ms, slot preparation 0.10 ms, reads 42.99 ms, install 0.30 ms, over 147.75 loads
ds4:   Engram rows written at step start in 8194 steps; layer-13 drains 0
ds4:   residency a token: 0.00 adds, 0.00 removes, 0.00 commits
ds4:   decode path so far: 8258 single-row steps (261.6 ms each inside the graph over the last 64), 0 K-row verification steps over 0 positions, 0 batch-fusion sites taken; candidate K none
ds4: gate over tokens 8193-8256: 41.64 command buffers, 39.64 aborts, 240.0 expert ids accounted, 1372.96 MiB loaded a token; 0 the gate failed to switch off, 0 it could not gate
ds4:   one token, exclusive, same window: entry 0.00 + encode 6.30 + commit-to-done 69.02 + repair-load 156.86 + accounting 0.04 + tail 5.73 = 237.95 of a 260.65 ms wall, residual 22.70
ds4:   GPU busy 57.95 ms of the token's wall (the union of its buffers' spans), idle 202.70 ms
ds4:   1627.1 gated dispatches a token, 30.0 of them behind an abort; 1239.6 sent plain ahead of a buffer's first validate
ds4:   encode-ahead: 1.00 segments used, 37.64 dropped, 20.38 ms a token spent encoding under the GPU
ds4:   concurrent sections: 451.75 attempted, 451.75 opened a token
ds4:   speculation: 0.00 layers a token, 0.00 lanes computed, 0.00 matched, 0.00 GEMVs actually saved, 0.00 left to compute; compared 0.00 lanes, 0.00 floats differ, 0.00 by more than an ulp
ds4:   Metal 4: 80.28 command buffers sent, 6332.9 dispatches a token; 0 pieces of Metal 3 work so far
ds4:   Metal 4 a token: encoders 492.4 serial + 451.8 concurrent; barriers 5203.5 after a dispatch, 73.8 at copies, 224.9 from the engine, 80.3 opening and 80.3 ending an encoder; 944.1 table clears, 26024.0 setBuffer, 7345.3 setBytes (652210 B); 6332.9 dispatches, 36.9 copies; 80.28 blocking waits, 69.49 ms; 863.9 section barriers
ds4:   expert cache over the last 64 tokens: 105.19 hits, 144.64 misses, 144.64 evictions a token; 215 of 215 entries live (100.0%)
ds4:   of the address-table holes repaired a token: 0.00 already resident, 144.64 genuinely absent
ds4:   of the repair a token: readahead 112.13 ms, slot preparation 0.12 ms, reads 42.18 ms, install 0.29 ms, over 144.64 loads
ds4:   Engram rows written at step start in 8258 steps; layer-13 drains 0
ds4:   residency a token: 0.00 adds, 0.00 removes, 0.00 commits
ds4:   decode path so far: 8322 single-row steps (263.5 ms each inside the graph over the last 64), 0 K-row verification steps over 0 positions, 0 batch-fusion sites taken; candidate K none
ds4: gate over tokens 8257-8320: 41.83 command buffers, 39.83 aborts, 240.0 expert ids accounted, 1500.36 MiB loaded a token; 0 the gate failed to switch off, 0 it could not gate
ds4:   one token, exclusive, same window: entry 0.00 + encode 5.80 + commit-to-done 70.30 + repair-load 155.53 + accounting 0.04 + tail 7.71 = 239.38 of a 264.35 ms wall, residual 24.98
ds4:   GPU busy 60.87 ms of the token's wall (the union of its buffers' spans), idle 203.49 ms
ds4:   1635.4 gated dispatches a token, 30.0 of them behind an abort; 1245.8 sent plain ahead of a buffer's first validate
ds4:   encode-ahead: 1.00 segments used, 37.83 dropped, 22.20 ms a token spent encoding under the GPU
ds4:   concurrent sections: 453.94 attempted, 453.94 opened a token
ds4:   speculation: 0.00 layers a token, 0.00 lanes computed, 0.00 matched, 0.00 GEMVs actually saved, 0.00 left to compute; compared 0.00 lanes, 0.00 floats differ, 0.00 by more than an ulp
ds4:   Metal 4: 80.66 command buffers sent, 6366.0 dispatches a token; 0 pieces of Metal 3 work so far
ds4:   Metal 4 a token: encoders 494.8 serial + 453.9 concurrent; barriers 5231.1 after a dispatch, 73.8 at copies, 226.0 from the engine, 80.7 opening and 80.7 ending an encoder; 948.7 table clears, 26154.7 setBuffer, 7383.3 setBytes (655322 B); 6366.0 dispatches, 36.9 copies; 80.66 blocking waits, 70.87 ms; 868.0 section barriers
ds4:   expert cache over the last 64 tokens: 92.39 hits, 158.06 misses, 158.06 evictions a token; 215 of 215 entries live (100.0%)
ds4:   of the address-table holes repaired a token: 0.00 already resident, 158.06 genuinely absent
ds4:   of the repair a token: readahead 112.38 ms, slot preparation 0.06 ms, reads 40.64 ms, install 0.29 ms, over 158.06 loads
ds4:   Engram rows written at step start in 8322 steps; layer-13 drains 0
ds4:   residency a token: 0.00 adds, 0.00 removes, 0.00 commits
ds4:   decode path so far: 8386 single-row steps (293.4 ms each inside the graph over the last 64), 0 K-row verification steps over 0 positions, 0 batch-fusion sites taken; candidate K none
ds4: gate over tokens 8321-8384: 41.78 command buffers, 39.78 aborts, 240.0 expert ids accounted, 1475.89 MiB loaded a token; 0 the gate failed to switch off, 0 it could not gate
ds4:   one token, exclusive, same window: entry 0.00 + encode 6.41 + commit-to-done 70.92 + repair-load 171.37 + accounting 0.04 + tail 11.80 = 260.55 of a 306.49 ms wall, residual 45.94
ds4:   GPU busy 61.84 ms of the token's wall (the union of its buffers' spans), idle 244.65 ms
ds4:   1633.3 gated dispatches a token, 30.0 of them behind an abort; 1243.8 sent plain ahead of a buffer's first validate
ds4:   encode-ahead: 1.00 segments used, 37.78 dropped, 42.89 ms a token spent encoding under the GPU
ds4:   concurrent sections: 453.38 attempted, 453.38 opened a token
ds4:   speculation: 0.00 layers a token, 0.00 lanes computed, 0.00 matched, 0.00 GEMVs actually saved, 0.00 left to compute; compared 0.00 lanes, 0.00 floats differ, 0.00 by more than an ulp
ds4:   Metal 4: 80.56 command buffers sent, 6355.2 dispatches a token; 0 pieces of Metal 3 work so far
ds4:   Metal 4 a token: encoders 494.2 serial + 453.4 concurrent; barriers 5221.8 after a dispatch, 73.8 at copies, 225.7 from the engine, 80.6 opening and 80.6 ending an encoder; 947.5 table clears, 26116.5 setBuffer, 7371.3 setBytes (654509 B); 6355.2 dispatches, 36.9 copies; 80.56 blocking waits, 71.38 ms; 867.0 section barriers
ds4:   expert cache over the last 64 tokens: 95.42 hits, 155.48 misses, 155.48 evictions a token; 215 of 215 entries live (100.0%)
ds4:   of the address-table holes repaired a token: 0.00 already resident, 155.48 genuinely absent
ds4:   of the repair a token: readahead 122.12 ms, slot preparation 0.08 ms, reads 46.53 ms, install 0.31 ms, over 155.48 loads
ds4:   Engram rows written at step start in 8386 steps; layer-13 drains 0
ds4:   residency a token: 0.00 adds, 0.00 removes, 0.00 commits
ds4:   decode path so far: 8450 single-row steps (564.8 ms each inside the graph over the last 64), 0 K-row verification steps over 0 positions, 0 batch-fusion sites taken; candidate K none
ds4: gate over tokens 8385-8448: 41.89 command buffers, 39.86 aborts, 240.0 expert ids accounted, 1499.47 MiB loaded a token; 0 the gate failed to switch off, 0 it could not gate
ds4:   one token, exclusive, same window: entry 0.00 + encode 4.48 + commit-to-done 53.19 + repair-load 167.43 + accounting 0.04 + tail 49.47 = 274.60 of a 550.60 ms wall, residual 276.00
ds4:   GPU busy 102.54 ms of the token's wall (the union of its buffers' spans), idle 448.07 ms
ds4:   1640.7 gated dispatches a token, 30.0 of them behind an abort; 1246.8 sent plain ahead of a buffer's first validate
ds4:   encode-ahead: 1.03 segments used, 37.86 dropped, 252.53 ms a token spent encoding under the GPU
ds4:   concurrent sections: 454.50 attempted, 454.50 opened a token
ds4:   speculation: 0.00 layers a token, 0.00 lanes computed, 0.00 matched, 0.00 GEMVs actually saved, 0.00 left to compute; compared 0.00 lanes, 0.00 floats differ, 0.00 by more than an ulp
ds4:   Metal 4: 80.75 command buffers sent, 6374.4 dispatches a token; 0 pieces of Metal 3 work so far
ds4:   Metal 4 a token: encoders 495.4 serial + 454.5 concurrent; barriers 5238.1 after a dispatch, 74.0 at copies, 226.3 from the engine, 80.8 opening and 80.8 ending an encoder; 949.9 table clears, 26188.9 setBuffer, 7393.0 setBytes (656184 B); 6374.4 dispatches, 37.0 copies; 80.75 blocking waits, 61.41 ms; 869.1 section barriers
ds4:   expert cache over the last 64 tokens: 93.62 hits, 157.97 misses, 157.97 evictions a token; 215 of 215 entries live (100.0%)
ds4:   of the address-table holes repaired a token: 0.00 already resident, 157.97 genuinely absent
ds4:   of the repair a token: readahead 115.61 ms, slot preparation 0.04 ms, reads 48.87 ms, install 0.22 ms, over 157.97 loads
ds4:   Engram rows written at step start in 8450 steps; layer-13 drains 0
ds4:   residency a token: 0.00 adds, 0.00 removes, 0.00 commits
ds4:   decode path so far: 8514 single-row steps (511.0 ms each inside the graph over the last 64), 0 K-row verification steps over 0 positions, 0 batch-fusion sites taken; candidate K none
ds4: gate over tokens 8449-8512: 41.89 command buffers, 39.89 aborts, 240.0 expert ids accounted, 1522.90 MiB loaded a token; 0 the gate failed to switch off, 0 it could not gate
ds4:   one token, exclusive, same window: entry 0.00 + encode 4.30 + commit-to-done 55.97 + repair-load 154.33 + accounting 0.04 + tail 49.05 = 263.69 of a 516.71 ms wall, residual 253.02
ds4:   GPU busy 99.08 ms of the token's wall (the union of its buffers' spans), idle 417.63 ms
ds4:   1637.7 gated dispatches a token, 30.0 of them behind an abort; 1247.0 sent plain ahead of a buffer's first validate
ds4:   encode-ahead: 1.00 segments used, 37.89 dropped, 231.10 ms a token spent encoding under the GPU
ds4:   concurrent sections: 454.69 attempted, 454.69 opened a token
ds4:   speculation: 0.00 layers a token, 0.00 lanes computed, 0.00 matched, 0.00 GEMVs actually saved, 0.00 left to compute; compared 0.00 lanes, 0.00 floats differ, 0.00 by more than an ulp
ds4:   Metal 4: 80.78 command buffers sent, 6373.7 dispatches a token; 0 pieces of Metal 3 work so far
ds4:   Metal 4 a token: encoders 495.6 serial + 454.7 concurrent; barriers 5237.0 after a dispatch, 74.0 at copies, 226.3 from the engine, 80.8 opening and 80.8 ending an encoder; 950.3 table clears, 26192.3 setBuffer, 7392.7 setBytes (656407 B); 6373.7 dispatches, 37.0 copies; 80.78 blocking waits, 63.92 ms; 869.5 section barriers
ds4:   expert cache over the last 64 tokens: 90.95 hits, 160.44 misses, 160.44 evictions a token; 215 of 215 entries live (100.0%)
ds4:   of the address-table holes repaired a token: 0.00 already resident, 160.44 genuinely absent
ds4:   of the repair a token: readahead 108.96 ms, slot preparation 0.05 ms, reads 42.46 ms, install 0.21 ms, over 160.44 loads
ds4:   Engram rows written at step start in 8514 steps; layer-13 drains 0
ds4:   residency a token: 0.00 adds, 0.00 removes, 0.00 commits
ds4:   decode path so far: 8578 single-row steps (540.1 ms each inside the graph over the last 64), 0 K-row verification steps over 0 positions, 0 batch-fusion sites taken; candidate K none
ds4: gate over tokens 8513-8576: 41.98 command buffers, 39.98 aborts, 240.0 expert ids accounted, 1695.69 MiB loaded a token; 0 the gate failed to switch off, 0 it could not gate
ds4:   one token, exclusive, same window: entry 0.00 + encode 4.34 + commit-to-done 55.78 + repair-load 165.66 + accounting 0.04 + tail 55.28 = 281.11 of a 539.11 ms wall, residual 258.00
ds4:   GPU busy 100.45 ms of the token's wall (the union of its buffers' spans), idle 438.65 ms
ds4:   1642.2 gated dispatches a token, 30.0 of them behind an abort; 1250.5 sent plain ahead of a buffer's first validate
ds4:   encode-ahead: 1.00 segments used, 37.98 dropped, 235.55 ms a token spent encoding under the GPU
ds4:   concurrent sections: 455.81 attempted, 455.81 opened a token
ds4:   speculation: 0.00 layers a token, 0.00 lanes computed, 0.00 matched, 0.00 GEMVs actually saved, 0.00 left to compute; compared 0.00 lanes, 0.00 floats differ, 0.00 by more than an ulp
ds4:   Metal 4: 80.97 command buffers sent, 6392.3 dispatches a token; 0 pieces of Metal 3 work so far
ds4:   Metal 4 a token: encoders 496.8 serial + 455.8 concurrent; barriers 5252.7 after a dispatch, 73.9 at copies, 226.9 from the engine, 81.0 opening and 81.0 ending an encoder; 952.6 table clears, 26262.9 setBuffer, 7413.8 setBytes (658024 B); 6392.3 dispatches, 37.0 copies; 80.97 blocking waits, 64.21 ms; 871.6 section barriers
ds4:   expert cache over the last 64 tokens: 75.16 hits, 178.64 misses, 178.64 evictions a token; 215 of 215 entries live (100.0%)
ds4:   of the address-table holes repaired a token: 0.00 already resident, 178.64 genuinely absent
ds4:   of the repair a token: readahead 116.42 ms, slot preparation 0.01 ms, reads 46.25 ms, install 0.23 ms, over 178.64 loads
ds4:   Engram rows written at step start in 8578 steps; layer-13 drains 0
ds4:   residency a token: 0.00 adds, 0.00 removes, 0.00 commits
ds4:   decode path so far: 8642 single-row steps (570.0 ms each inside the graph over the last 64), 0 K-row verification steps over 0 positions, 0 batch-fusion sites taken; candidate K none
ds4: gate over tokens 8577-8640: 41.98 command buffers, 39.98 aborts, 240.0 expert ids accounted, 1586.53 MiB loaded a token; 0 the gate failed to switch off, 0 it could not gate
ds4:   one token, exclusive, same window: entry 0.00 + encode 4.37 + commit-to-done 53.65 + repair-load 166.65 + accounting 0.04 + tail 49.80 = 274.52 of a 568.15 ms wall, residual 293.63
ds4:   GPU busy 97.85 ms of the token's wall (the union of its buffers' spans), idle 470.30 ms
ds4:   1641.8 gated dispatches a token, 30.0 of them behind an abort; 1249.9 sent plain ahead of a buffer's first validate
ds4:   encode-ahead: 1.00 segments used, 37.98 dropped, 270.45 ms a token spent encoding under the GPU
ds4:   concurrent sections: 455.81 attempted, 455.81 opened a token
ds4:   speculation: 0.00 layers a token, 0.00 lanes computed, 0.00 matched, 0.00 GEMVs actually saved, 0.00 left to compute; compared 0.00 lanes, 0.00 floats differ, 0.00 by more than an ulp
ds4:   Metal 4: 80.97 command buffers sent, 6389.6 dispatches a token; 0 pieces of Metal 3 work so far
ds4:   Metal 4 a token: encoders 496.8 serial + 455.8 concurrent; barriers 5250.0 after a dispatch, 74.0 at copies, 226.9 from the engine, 81.0 opening and 81.0 ending an encoder; 952.6 table clears, 26257.7 setBuffer, 7411.2 setBytes (658036 B); 6389.6 dispatches, 37.0 copies; 80.97 blocking waits, 61.61 ms; 871.6 section barriers
ds4:   expert cache over the last 64 tokens: 84.83 hits, 167.14 misses, 167.14 evictions a token; 215 of 215 entries live (100.0%)
ds4:   of the address-table holes repaired a token: 0.00 already resident, 167.14 genuinely absent
ds4:   of the repair a token: readahead 118.90 ms, slot preparation 0.02 ms, reads 44.72 ms, install 0.22 ms, over 167.14 loads
ds4:   Engram rows written at step start in 8642 steps; layer-13 drains 0
ds4:   residency a token: 0.00 adds, 0.00 removes, 0.00 commits
ds4:   decode path so far: 8706 single-row steps (627.4 ms each inside the graph over the last 64), 0 K-row verification steps over 0 positions, 0 batch-fusion sites taken; candidate K none
ds4: gate over tokens 8641-8704: 42.00 command buffers, 40.00 aborts, 240.0 expert ids accounted, 1589.79 MiB loaded a token; 0 the gate failed to switch off, 0 it could not gate
ds4:   one token, exclusive, same window: entry 0.00 + encode 4.38 + commit-to-done 52.84 + repair-load 178.05 + accounting 0.04 + tail 58.41 = 293.72 of a 625.42 ms wall, residual 331.70
ds4:   GPU busy 100.65 ms of the token's wall (the union of its buffers' spans), idle 524.77 ms
ds4:   1643.0 gated dispatches a token, 30.0 of them behind an abort; 1251.0 sent plain ahead of a buffer's first validate
ds4:   encode-ahead: 1.00 segments used, 38.00 dropped, 307.06 ms a token spent encoding under the GPU
ds4:   concurrent sections: 456.00 attempted, 456.00 opened a token
ds4:   speculation: 0.00 layers a token, 0.00 lanes computed, 0.00 matched, 0.00 GEMVs actually saved, 0.00 left to compute; compared 0.00 lanes, 0.00 floats differ, 0.00 by more than an ulp
ds4:   Metal 4: 81.00 command buffers sent, 6395.0 dispatches a token; 0 pieces of Metal 3 work so far
ds4:   Metal 4 a token: encoders 497.0 serial + 456.0 concurrent; barriers 5255.0 after a dispatch, 74.0 at copies, 227.0 from the engine, 81.0 opening and 81.0 ending an encoder; 953.0 table clears, 26274.0 setBuffer, 7417.0 setBytes (658306 B); 6395.0 dispatches, 37.0 copies; 81.00 blocking waits, 59.57 ms; 872.0 section barriers
ds4:   expert cache over the last 64 tokens: 84.61 hits, 167.48 misses, 167.48 evictions a token; 215 of 215 entries live (100.0%)
ds4:   of the address-table holes repaired a token: 0.00 already resident, 167.48 genuinely absent
ds4:   of the repair a token: readahead 127.82 ms, slot preparation 0.02 ms, reads 47.17 ms, install 0.22 ms, over 167.48 loads
ds4:   Engram rows written at step start in 8706 steps; layer-13 drains 0
ds4:   residency a token: 0.00 adds, 0.00 removes, 0.00 commits
ds4:   decode path so far: 8770 single-row steps (614.2 ms each inside the graph over the last 64), 0 K-row verification steps over 0 positions, 0 batch-fusion sites taken; candidate K none
ds4: gate over tokens 8705-8768: 41.95 command buffers, 39.95 aborts, 240.0 expert ids accounted, 1600.18 MiB loaded a token; 0 the gate failed to switch off, 0 it could not gate
ds4:   one token, exclusive, same window: entry 0.00 + encode 4.34 + commit-to-done 51.04 + repair-load 175.65 + accounting 0.04 + tail 56.36 = 287.43 of a 614.06 ms wall, residual 326.64
ds4:   GPU busy 98.57 ms of the token's wall (the union of its buffers' spans), idle 515.50 ms
ds4:   1640.6 gated dispatches a token, 30.0 of them behind an abort; 1249.0 sent plain ahead of a buffer's first validate
ds4:   encode-ahead: 1.00 segments used, 37.95 dropped, 302.49 ms a token spent encoding under the GPU
ds4:   concurrent sections: 455.44 attempted, 455.44 opened a token
ds4:   speculation: 0.00 layers a token, 0.00 lanes computed, 0.00 matched, 0.00 GEMVs actually saved, 0.00 left to compute; compared 0.00 lanes, 0.00 floats differ, 0.00 by more than an ulp
ds4:   Metal 4: 80.91 command buffers sent, 6384.2 dispatches a token; 0 pieces of Metal 3 work so far
ds4:   Metal 4 a token: encoders 496.4 serial + 455.4 concurrent; barriers 5245.6 after a dispatch, 74.0 at copies, 226.7 from the engine, 80.9 opening and 80.9 ending an encoder; 951.8 table clears, 26235.8 setBuffer, 7405.0 setBytes (657490 B); 6384.2 dispatches, 37.0 copies; 80.91 blocking waits, 60.50 ms; 870.9 section barriers
ds4:   expert cache over the last 64 tokens: 83.47 hits, 168.58 misses, 168.58 evictions a token; 215 of 215 entries live (100.0%)
ds4:   of the address-table holes repaired a token: 0.00 already resident, 168.58 genuinely absent
ds4:   of the repair a token: readahead 125.90 ms, slot preparation 0.02 ms, reads 46.67 ms, install 0.22 ms, over 168.58 loads
ds4:   Engram rows written at step start in 8770 steps; layer-13 drains 0
ds4:   residency a token: 0.00 adds, 0.00 removes, 0.00 commits
ds4:   decode path so far: 8834 single-row steps (647.8 ms each inside the graph over the last 64), 0 K-row verification steps over 0 positions, 0 batch-fusion sites taken; candidate K none
ds4: gate over tokens 8769-8832: 41.94 command buffers, 39.94 aborts, 240.0 expert ids accounted, 1651.64 MiB loaded a token; 0 the gate failed to switch off, 0 it could not gate
ds4:   one token, exclusive, same window: entry 0.00 + encode 4.38 + commit-to-done 50.69 + repair-load 179.07 + accounting 0.04 + tail 66.62 = 300.80 of a 647.30 ms wall, residual 346.50
ds4:   GPU busy 96.27 ms of the token's wall (the union of its buffers' spans), idle 551.03 ms
ds4:   1640.6 gated dispatches a token, 30.0 of them behind an abort; 1248.9 sent plain ahead of a buffer's first validate
ds4:   encode-ahead: 1.00 segments used, 37.94 dropped, 322.84 ms a token spent encoding under the GPU
ds4:   concurrent sections: 455.25 attempted, 455.25 opened a token
ds4:   speculation: 0.00 layers a token, 0.00 lanes computed, 0.00 matched, 0.00 GEMVs actually saved, 0.00 left to compute; compared 0.00 lanes, 0.00 floats differ, 0.00 by more than an ulp
ds4:   Metal 4: 80.88 command buffers sent, 6384.8 dispatches a token; 0 pieces of Metal 3 work so far
ds4:   Metal 4 a token: encoders 496.2 serial + 455.2 concurrent; barriers 5246.7 after a dispatch, 73.9 at copies, 226.6 from the engine, 80.9 opening and 80.9 ending an encoder; 951.4 table clears, 26231.5 setBuffer, 7405.1 setBytes (657250 B); 6384.8 dispatches, 37.0 copies; 80.88 blocking waits, 59.45 ms; 870.6 section barriers
ds4:   expert cache over the last 64 tokens: 78.64 hits, 174.00 misses, 174.00 evictions a token; 215 of 215 entries live (100.0%)
ds4:   of the address-table holes repaired a token: 0.00 already resident, 174.00 genuinely absent
ds4:   of the repair a token: readahead 129.23 ms, slot preparation 0.01 ms, reads 46.83 ms, install 0.23 ms, over 174.00 loads
ds4:   Engram rows written at step start in 8834 steps; layer-13 drains 0
ds4:   residency a token: 0.00 adds, 0.00 removes, 0.00 commits
short      prompt    26 tokens,  2048 steps: logits differ at 0 of 2049 evaluations (first -1), tokens first differ at -1, ids 13607d993a447227 / 13607d993a447227
haiku      prompt    21 tokens,   256 steps: logits differ at 0 of 257 evaluations (first -1), tokens first differ at -1, ids 8f561a8abb7bba25 / 8f561a8abb7bba25
long       prompt  4795 tokens,   256 steps: logits differ at 0 of 257 evaluations (first -1), tokens first differ at -1, ids e197891559449b7b / e197891559449b7b
injected   decode failure: eval returned 1 (V4.1 decode failed at position 34)
injected   prefill failure: sync returned 1 (V4.1 prefill failed at position 0)
after      a fresh session matches the reference for 128 of 128 tokens
fallback   Metal 3 work noted under the Metal 4 backend: 0
health     Metal 4: 129057 commits, 129057 feedback, 2 errors (the injected ones), residency held 0 entries 0.0 MiB, peak 95637.0 MiB, 11641015 adds, 11641015 releases
reopen     an engine opened after the first closed matches the reference for 2048 of 2048 tokens
closed     after the second close: residency held 0 entries
PASS
