ds4: abort gate on for the first 40 layers
ds4: Metal device Apple M5 Max, 128.00 GiB RAM
ds4: Metal 4 tensor API enabled for Tensor kernels
ds4: drift-patch flags hc_stable=on norm_unify=on kv_raw_f32=off rope_exp2_log2=off math_safe=off tensor_matmul=on
ds4: V4.1 SSD cache fitted from 10268 to 6679 experts for context/runtime headroom
ds4: Metal backend: Metal 4
ds4: Metal SSD streaming mode enabled; full model residency and warmup are skipped
ds4: metal SSD streaming cache target 61.91 GiB; effective 61.91 GiB = 7.12 GiB prefill headroom + 54.79 GiB dynamic cache (5911 experts, 9.49 MiB each)
ds4: Metal SSD static weights locked 9.37 GiB; pageable 0.00 GiB
ds4: SSD streaming initial metal model map (569 spans, 9.37 GiB tensor span)
ds4: metal backend initialized for graph diagnostics
ds4: expert cache prewarmed from the built-in V4.1 hotlist: 5910 experts (0 failed), 54.78 GiB in 5.71 s; stopped where the cache was full
ds4: memory: KV 0.06 GiB (raw 0.01 + compressed 0.05) + buffers 3.30 GiB + resident model 9.37 GiB + expert cache 54.79 GiB + prefill expert reserve 7.12 GiB = 74.64 GiB planned
ds4: memory detail: ctx=8192 prefill_cap=4096 raw_kv_rows=128 compressed_kv_rows=8193 backend=metal
ds4: sharded queue warm is Metal 3 only and the Metal 4 backend is selected
ds4: V4.1 executor ABI 3, arena align 256, rev 625b3a7fa930, built Oct  6 2026 02:17:05
ds4: V4.1 static context buffers 3435.75 MiB (ctx=8192), Engram disk-only
ds4: V4.1 static context buffers 3435.75 MiB (ctx=8192), Engram disk-only
ds4: shared/routed FFN overlap ran, mode 1
ds4: expert cache lent the prefill headroom for decode: 5911 -> 6679 experts
ds4: expert cache lent the prefill headroom for decode: 5911 -> 6679 experts
ds4:   decode path so far: 64 single-row steps (85.2 ms each inside the graph over the last 64), 0 K-row verification steps over 0 positions, 0 batch-fusion sites taken; candidate K none
ds4: gate over tokens 1-64: 26.20 command buffers, 18.33 aborts, 240.0 expert ids accounted, 312.35 MiB loaded a token; 0 the gate failed to switch off, 0 it could not gate
ds4:   one token, exclusive, same window: entry 0.00 + encode 2.24 + commit-to-done 51.12 + repair-load 25.97 + accounting 0.04 + tail 0.52 = 79.88 of a 84.92 ms wall, residual 5.03
ds4:   GPU busy 49.72 ms of the token's wall (the union of its buffers' spans), idle 35.20 ms
ds4:   1378.2 gated dispatches a token, 11.2 of them behind an abort; 582.3 sent plain ahead of a buffer's first validate
ds4:   encode-ahead: 6.88 segments used, 17.69 dropped, 4.34 ms a token spent encoding under the GPU
ds4:   concurrent sections: 251.41 attempted, 251.41 opened a token
ds4:   speculation: 0.00 layers a token, 0.00 lanes computed, 0.00 matched, 0.00 GEMVs actually saved, 0.00 left to compute; compared 0.00 lanes, 0.00 floats differ, 0.00 by more than an ulp
ds4:   Metal 4: 44.12 command buffers sent, 3577.0 dispatches a token; 0 pieces of Metal 3 work so far
ds4:   Metal 4 a token: 44.12 contexts in 44.12 command buffers (0.00 split); 3763.5 nodes = 3577.0 dispatches + 186.4 copies; barriers 2753.9 from the graph, 88.2 queue; engine asked for 131.9 barriers and 528.6 section ends, neither encoded; 14938.8 buffer and 4163.1 constant bindings (379140 B), 0.0 with no stated length; 44.12 blocking waits, 50.82 ms
ds4:   expert cache over the last 64 tokens: 227.78 hits, 125.25 misses, 30.14 evictions a token; 6087 of 6679 entries live (91.1%)
ds4:   of the address-table holes repaired a token: 0.00 already resident, 125.25 genuinely absent
ds4:   of the repair a token: readahead 34.98 ms, slot preparation 38.13 ms, reads 40.94 ms, install 0.17 ms, over 125.25 loads
ds4:   Engram rows written at step start in 64 steps; layer-13 drains 0
ds4:   residency a token: 0.00 adds, 0.00 removes, 0.00 commits
ds4:   decode path so far: 128 single-row steps (83.0 ms each inside the graph over the last 64), 0 K-row verification steps over 0 positions, 0 batch-fusion sites taken; candidate K none
ds4: gate over tokens 65-128: 20.64 command buffers, 10.02 aborts, 240.0 expert ids accounted, 129.78 MiB loaded a token; 0 the gate failed to switch off, 0 it could not gate
ds4:   one token, exclusive, same window: entry 0.00 + encode 1.57 + commit-to-done 52.13 + repair-load 21.40 + accounting 0.04 + tail 1.87 = 77.01 of a 81.70 ms wall, residual 4.69
ds4:   GPU busy 53.73 ms of the token's wall (the union of its buffers' spans), idle 27.97 ms
ds4:   1314.9 gated dispatches a token, 11.2 of them behind an abort; 325.6 sent plain ahead of a buffer's first validate
ds4:   encode-ahead: 9.62 segments used, 9.44 dropped, 4.20 ms a token spent encoding under the GPU
ds4:   concurrent sections: 171.41 attempted, 171.41 opened a token
ds4:   speculation: 0.00 layers a token, 0.00 lanes computed, 0.00 matched, 0.00 GEMVs actually saved, 0.00 left to compute; compared 0.00 lanes, 0.00 floats differ, 0.00 by more than an ulp
ds4:   Metal 4: 31.08 command buffers sent, 2501.4 dispatches a token; 0 pieces of Metal 3 work so far
ds4:   Metal 4 a token: 31.08 contexts in 31.08 command buffers (0.00 split); 2589.0 nodes = 2501.4 dispatches + 87.7 copies; barriers 1925.3 from the graph, 62.2 queue; engine asked for 94.8 barriers and 363.9 section ends, neither encoded; 10432.9 buffer and 2891.8 constant bindings (264975 B), 0.0 with no stated length; 31.08 blocking waits, 52.63 ms
ds4:   expert cache over the last 64 tokens: 240.00 hits, 13.67 misses, 4.42 evictions a token; 6679 of 6679 entries live (100.0%)
ds4:   of the address-table holes repaired a token: 0.00 already resident, 13.67 genuinely absent
ds4:   of the repair a token: readahead 10.89 ms, slot preparation 5.71 ms, reads 4.62 ms, install 0.03 ms, over 13.67 loads
ds4:   Engram rows written at step start in 128 steps; layer-13 drains 0
ds4:   residency a token: 0.00 adds, 0.00 removes, 0.00 commits
ds4:   decode path so far: 192 single-row steps (78.1 ms each inside the graph over the last 64), 0 K-row verification steps over 0 positions, 0 batch-fusion sites taken; candidate K none
ds4: gate over tokens 129-192: 19.23 command buffers, 7.86 aborts, 240.0 expert ids accounted, 95.22 MiB loaded a token; 0 the gate failed to switch off, 0 it could not gate
ds4:   one token, exclusive, same window: entry 0.00 + encode 1.27 + commit-to-done 55.27 + repair-load 13.43 + accounting 0.04 + tail 2.11 = 72.13 of a 76.60 ms wall, residual 4.47
ds4:   GPU busy 58.17 ms of the token's wall (the union of its buffers' spans), idle 18.43 ms
ds4:   1297.5 gated dispatches a token, 6.5 of them behind an abort; 259.5 sent plain ahead of a buffer's first validate
ds4:   encode-ahead: 10.38 segments used, 7.48 dropped, 4.03 ms a token spent encoding under the GPU
ds4:   concurrent sections: 152.12 attempted, 152.12 opened a token
ds4:   speculation: 0.00 layers a token, 0.00 lanes computed, 0.00 matched, 0.00 GEMVs actually saved, 0.00 left to compute; compared 0.00 lanes, 0.00 floats differ, 0.00 by more than an ulp
ds4:   Metal 4: 27.72 command buffers sent, 2251.9 dispatches a token; 0 pieces of Metal 3 work so far
ds4:   Metal 4 a token: 27.72 contexts in 27.72 command buffers (0.00 split); 2343.4 nodes = 2251.9 dispatches + 91.5 copies; barriers 1736.2 from the graph, 55.4 queue; engine asked for 86.1 barriers and 324.1 section ends, neither encoded; 9381.6 buffer and 2599.7 constant bindings (238359 B), 0.0 with no stated length; 27.72 blocking waits, 56.19 ms
ds4:   expert cache over the last 64 tokens: 239.97 hits, 10.03 misses, 10.03 evictions a token; 6679 of 6679 entries live (100.0%)
ds4:   of the address-table holes repaired a token: 0.00 already resident, 10.03 genuinely absent
ds4:   of the repair a token: readahead 8.16 ms, slot preparation 0.58 ms, reads 4.42 ms, install 0.02 ms, over 10.03 loads
ds4:   Engram rows written at step start in 192 steps; layer-13 drains 0
ds4:   residency a token: 0.00 adds, 0.00 removes, 0.00 commits
ds4:   decode path so far: 256 single-row steps (76.7 ms each inside the graph over the last 64), 0 K-row verification steps over 0 positions, 0 batch-fusion sites taken; candidate K none
ds4: gate over tokens 193-256: 18.31 command buffers, 6.44 aborts, 240.0 expert ids accounted, 72.97 MiB loaded a token; 0 the gate failed to switch off, 0 it could not gate
ds4:   one token, exclusive, same window: entry 0.00 + encode 1.16 + commit-to-done 56.22 + repair-load 11.30 + accounting 0.04 + tail 2.16 = 70.88 of a 75.33 ms wall, residual 4.46
ds4:   GPU busy 59.75 ms of the token's wall (the union of its buffers' spans), idle 15.59 ms
ds4:   1296.0 gated dispatches a token, 6.1 of them behind an abort; 217.5 sent plain ahead of a buffer's first validate
ds4:   encode-ahead: 10.88 segments used, 6.16 dropped, 4.08 ms a token spent encoding under the GPU
ds4:   concurrent sections: 139.81 attempted, 139.81 opened a token
ds4:   speculation: 0.00 layers a token, 0.00 lanes computed, 0.00 matched, 0.00 GEMVs actually saved, 0.00 left to compute; compared 0.00 lanes, 0.00 floats differ, 0.00 by more than an ulp
ds4:   Metal 4: 25.47 command buffers sent, 2088.3 dispatches a token; 0 pieces of Metal 3 work so far
ds4:   Metal 4 a token: 25.47 contexts in 25.47 command buffers (0.00 split); 2166.8 nodes = 2088.3 dispatches + 78.5 copies; barriers 1610.5 from the graph, 50.9 queue; engine asked for 80.5 barriers and 298.7 section ends, neither encoded; 8695.2 buffer and 2408.9 constant bindings (220888 B), 0.0 with no stated length; 25.47 blocking waits, 57.26 ms
ds4:   expert cache over the last 64 tokens: 239.98 hits, 7.69 misses, 7.69 evictions a token; 6679 of 6679 entries live (100.0%)
ds4:   of the address-table holes repaired a token: 0.00 already resident, 7.69 genuinely absent
ds4:   of the repair a token: readahead 6.77 ms, slot preparation 0.55 ms, reads 3.79 ms, install 0.02 ms, over 7.69 loads
ds4:   Engram rows written at step start in 256 steps; layer-13 drains 0
ds4:   residency a token: 0.00 adds, 0.00 removes, 0.00 commits
ds4:   decode path so far: 320 single-row steps (74.6 ms each inside the graph over the last 64), 0 K-row verification steps over 0 positions, 0 batch-fusion sites taken; candidate K none
ds4: gate over tokens 257-320: 17.97 command buffers, 5.97 aborts, 240.0 expert ids accounted, 65.85 MiB loaded a token; 0 the gate failed to switch off, 0 it could not gate
ds4:   one token, exclusive, same window: entry 0.00 + encode 1.13 + commit-to-done 55.37 + repair-load 9.56 + accounting 0.04 + tail 2.12 = 68.22 of a 72.76 ms wall, residual 4.54
ds4:   GPU busy 59.02 ms of the token's wall (the union of its buffers' spans), idle 13.74 ms
ds4:   1327.8 gated dispatches a token, 5.3 of them behind an abort; 205.3 sent plain ahead of a buffer's first validate
ds4:   encode-ahead: 11.00 segments used, 5.70 dropped, 4.18 ms a token spent encoding under the GPU
ds4:   concurrent sections: 134.94 attempted, 134.94 opened a token
ds4:   speculation: 0.00 layers a token, 0.00 lanes computed, 0.00 matched, 0.00 GEMVs actually saved, 0.00 left to compute; compared 0.00 lanes, 0.00 floats differ, 0.00 by more than an ulp
ds4:   Metal 4: 24.67 command buffers sent, 2083.7 dispatches a token; 0 pieces of Metal 3 work so far
ds4:   Metal 4 a token: 24.67 contexts in 24.67 command buffers (0.00 split); 2158.6 nodes = 2083.7 dispatches + 74.9 copies; barriers 1560.2 from the graph, 49.3 queue; engine asked for 78.2 barriers and 288.6 section ends, neither encoded; 8539.4 buffer and 2393.4 constant bindings (214098 B), 0.0 with no stated length; 24.67 blocking waits, 56.41 ms
ds4:   expert cache over the last 64 tokens: 239.98 hits, 6.94 misses, 6.94 evictions a token; 6679 of 6679 entries live (100.0%)
ds4:   of the address-table holes repaired a token: 0.00 already resident, 6.94 genuinely absent
ds4:   of the repair a token: readahead 5.73 ms, slot preparation 0.53 ms, reads 3.14 ms, install 0.02 ms, over 6.94 loads
ds4:   Engram rows written at step start in 320 steps; layer-13 drains 0
ds4:   residency a token: 0.00 adds, 0.00 removes, 0.00 commits
ds4:   decode path so far: 384 single-row steps (71.8 ms each inside the graph over the last 64), 0 K-row verification steps over 0 positions, 0 batch-fusion sites taken; candidate K none
ds4: gate over tokens 321-384: 16.84 command buffers, 4.23 aborts, 240.0 expert ids accounted, 44.64 MiB loaded a token; 0 the gate failed to switch off, 0 it could not gate
ds4:   one token, exclusive, same window: entry 0.00 + encode 0.87 + commit-to-done 54.41 + repair-load 8.23 + accounting 0.04 + tail 2.12 = 65.68 of a 69.83 ms wall, residual 4.15
ds4:   GPU busy 58.36 ms of the token's wall (the union of its buffers' spans), idle 11.47 ms
ds4:   1317.5 gated dispatches a token, 7.7 of them behind an abort; 151.1 sent plain ahead of a buffer's first validate
ds4:   encode-ahead: 11.61 segments used, 3.94 dropped, 3.89 ms a token spent encoding under the GPU
ds4:   concurrent sections: 118.84 attempted, 118.84 opened a token
ds4:   speculation: 0.00 layers a token, 0.00 lanes computed, 0.00 matched, 0.00 GEMVs actually saved, 0.00 left to compute; compared 0.00 lanes, 0.00 floats differ, 0.00 by more than an ulp
ds4:   Metal 4: 21.78 command buffers sent, 1859.8 dispatches a token; 0 pieces of Metal 3 work so far
ds4:   Metal 4 a token: 21.78 contexts in 21.78 command buffers (0.00 split); 1919.1 nodes = 1859.8 dispatches + 59.3 copies; barriers 1393.4 from the graph, 43.6 queue; engine asked for 70.7 barriers and 255.2 section ends, neither encoded; 7619.6 buffer and 2133.9 constant bindings (190924 B), 0.0 with no stated length; 21.78 blocking waits, 55.57 ms
ds4:   expert cache over the last 64 tokens: 240.00 hits, 4.70 misses, 4.70 evictions a token; 6679 of 6679 entries live (100.0%)
ds4:   of the address-table holes repaired a token: 0.00 already resident, 4.70 genuinely absent
ds4:   of the repair a token: readahead 5.44 ms, slot preparation 0.40 ms, reads 2.30 ms, install 0.01 ms, over 4.70 loads
ds4:   Engram rows written at step start in 384 steps; layer-13 drains 0
ds4:   residency a token: 0.00 adds, 0.00 removes, 0.00 commits
ds4:   decode path so far: 448 single-row steps (74.1 ms each inside the graph over the last 64), 0 K-row verification steps over 0 positions, 0 batch-fusion sites taken; candidate K none
ds4: gate over tokens 385-448: 17.11 command buffers, 4.75 aborts, 240.0 expert ids accounted, 52.95 MiB loaded a token; 0 the gate failed to switch off, 0 it could not gate
ds4:   one token, exclusive, same window: entry 0.00 + encode 0.92 + commit-to-done 57.37 + repair-load 7.72 + accounting 0.04 + tail 2.21 = 68.26 of a 72.36 ms wall, residual 4.10
ds4:   GPU busy 61.00 ms of the token's wall (the union of its buffers' spans), idle 11.37 ms
ds4:   1313.6 gated dispatches a token, 4.4 of them behind an abort; 169.9 sent plain ahead of a buffer's first validate
ds4:   encode-ahead: 11.36 segments used, 4.50 dropped, 3.81 ms a token spent encoding under the GPU
ds4:   concurrent sections: 123.28 attempted, 123.28 opened a token
ds4:   speculation: 0.00 layers a token, 0.00 lanes computed, 0.00 matched, 0.00 GEMVs actually saved, 0.00 left to compute; compared 0.00 lanes, 0.00 floats differ, 0.00 by more than an ulp
ds4:   Metal 4: 22.61 command buffers sent, 1924.0 dispatches a token; 0 pieces of Metal 3 work so far
ds4:   Metal 4 a token: 22.61 contexts in 22.61 command buffers (0.00 split); 1989.1 nodes = 1924.0 dispatches + 65.2 copies; barriers 1441.6 from the graph, 45.2 queue; engine asked for 72.8 barriers and 264.4 section ends, neither encoded; 7878.5 buffer and 2207.8 constant bindings (197533 B), 0.0 with no stated length; 22.61 blocking waits, 58.58 ms
ds4:   expert cache over the last 64 tokens: 239.97 hits, 5.58 misses, 5.58 evictions a token; 6679 of 6679 entries live (100.0%)
ds4:   of the address-table holes repaired a token: 0.00 already resident, 5.58 genuinely absent
ds4:   of the repair a token: readahead 4.76 ms, slot preparation 0.42 ms, reads 2.40 ms, install 0.02 ms, over 5.58 loads
ds4:   Engram rows written at step start in 448 steps; layer-13 drains 0
ds4:   residency a token: 0.00 adds, 0.00 removes, 0.00 commits
ds4:   decode path so far: 512 single-row steps (73.1 ms each inside the graph over the last 64), 0 K-row verification steps over 0 positions, 0 batch-fusion sites taken; candidate K none
ds4: gate over tokens 449-512: 17.12 command buffers, 4.56 aborts, 240.0 expert ids accounted, 51.47 MiB loaded a token; 0 the gate failed to switch off, 0 it could not gate
ds4:   one token, exclusive, same window: entry 0.00 + encode 0.87 + commit-to-done 55.82 + repair-load 8.50 + accounting 0.04 + tail 2.15 = 67.39 of a 71.40 ms wall, residual 4.01
ds4:   GPU busy 59.35 ms of the token's wall (the union of its buffers' spans), idle 12.05 ms
ds4:   1318.1 gated dispatches a token, 3.9 of them behind an abort; 161.8 sent plain ahead of a buffer's first validate
ds4:   encode-ahead: 11.56 segments used, 4.31 dropped, 3.73 ms a token spent encoding under the GPU
ds4:   concurrent sections: 121.72 attempted, 121.72 opened a token
ds4:   speculation: 0.00 layers a token, 0.00 lanes computed, 0.00 matched, 0.00 GEMVs actually saved, 0.00 left to compute; compared 0.00 lanes, 0.00 floats differ, 0.00 by more than an ulp
ds4:   Metal 4: 22.44 command buffers sent, 1900.5 dispatches a token; 0 pieces of Metal 3 work so far
ds4:   Metal 4 a token: 22.44 contexts in 22.44 command buffers (0.00 split); 1964.9 nodes = 1900.5 dispatches + 64.4 copies; barriers 1426.0 from the graph, 44.9 queue; engine asked for 72.2 barriers and 261.3 section ends, neither encoded; 7785.9 buffer and 2180.8 constant bindings (195313 B), 0.0 with no stated length; 22.44 blocking waits, 56.98 ms
ds4:   expert cache over the last 64 tokens: 240.00 hits, 5.42 misses, 5.42 evictions a token; 6679 of 6679 entries live (100.0%)
ds4:   of the address-table holes repaired a token: 0.00 already resident, 5.42 genuinely absent
ds4:   of the repair a token: readahead 5.68 ms, slot preparation 0.39 ms, reads 2.30 ms, install 0.02 ms, over 5.42 loads
ds4:   Engram rows written at step start in 512 steps; layer-13 drains 0
ds4:   residency a token: 0.00 adds, 0.00 removes, 0.00 commits
ds4:   decode path so far: 576 single-row steps (72.8 ms each inside the graph over the last 64), 0 K-row verification steps over 0 positions, 0 batch-fusion sites taken; candidate K none
ds4: gate over tokens 513-576: 16.41 command buffers, 3.53 aborts, 240.0 expert ids accounted, 37.08 MiB loaded a token; 0 the gate failed to switch off, 0 it could not gate
ds4:   one token, exclusive, same window: entry 0.00 + encode 0.74 + commit-to-done 57.34 + repair-load 6.68 + accounting 0.04 + tail 2.18 = 66.98 of a 70.80 ms wall, residual 3.82
ds4:   GPU busy 61.10 ms of the token's wall (the union of its buffers' spans), idle 9.70 ms
ds4:   1314.7 gated dispatches a token, 3.9 of them behind an abort; 131.0 sent plain ahead of a buffer's first validate
ds4:   encode-ahead: 11.88 segments used, 3.36 dropped, 3.60 ms a token spent encoding under the GPU
ds4:   concurrent sections: 112.34 attempted, 112.34 opened a token
ds4:   speculation: 0.00 layers a token, 0.00 lanes computed, 0.00 matched, 0.00 GEMVs actually saved, 0.00 left to compute; compared 0.00 lanes, 0.00 floats differ, 0.00 by more than an ulp
ds4:   Metal 4: 20.77 command buffers sent, 1772.2 dispatches a token; 0 pieces of Metal 3 work so far
ds4:   Metal 4 a token: 20.77 contexts in 20.77 command buffers (0.00 split); 1826.0 nodes = 1772.2 dispatches + 53.8 copies; barriers 1328.6 from the graph, 41.5 queue; engine asked for 67.9 barriers and 241.9 section ends, neither encoded; 7255.2 buffer and 2031.7 constant bindings (181801 B), 0.0 with no stated length; 20.77 blocking waits, 58.59 ms
ds4:   expert cache over the last 64 tokens: 240.00 hits, 3.91 misses, 3.91 evictions a token; 6679 of 6679 entries live (100.0%)
ds4:   of the address-table holes repaired a token: 0.00 already resident, 3.91 genuinely absent
ds4:   of the repair a token: readahead 4.18 ms, slot preparation 0.34 ms, reads 2.09 ms, install 0.01 ms, over 3.91 loads
ds4:   Engram rows written at step start in 576 steps; layer-13 drains 0
ds4:   residency a token: 0.00 adds, 0.00 removes, 0.00 commits
ds4:   decode path so far: 640 single-row steps (73.0 ms each inside the graph over the last 64), 0 K-row verification steps over 0 positions, 0 batch-fusion sites taken; candidate K none
ds4: gate over tokens 577-640: 16.84 command buffers, 4.41 aborts, 240.0 expert ids accounted, 48.65 MiB loaded a token; 0 the gate failed to switch off, 0 it could not gate
ds4:   one token, exclusive, same window: entry 0.00 + encode 0.86 + commit-to-done 56.34 + repair-load 7.76 + accounting 0.04 + tail 2.13 = 67.14 of a 71.05 ms wall, residual 3.91
ds4:   GPU busy 59.93 ms of the token's wall (the union of its buffers' spans), idle 11.12 ms
ds4:   1312.1 gated dispatches a token, 2.4 of them behind an abort; 158.9 sent plain ahead of a buffer's first validate
ds4:   encode-ahead: 11.44 segments used, 4.20 dropped, 3.64 ms a token spent encoding under the GPU
ds4:   concurrent sections: 120.09 attempted, 120.09 opened a token
ds4:   speculation: 0.00 layers a token, 0.00 lanes computed, 0.00 matched, 0.00 GEMVs actually saved, 0.00 left to compute; compared 0.00 lanes, 0.00 floats differ, 0.00 by more than an ulp
ds4:   Metal 4: 22.05 command buffers sent, 1877.7 dispatches a token; 0 pieces of Metal 3 work so far
ds4:   Metal 4 a token: 22.05 contexts in 22.05 command buffers (0.00 split); 1940.1 nodes = 1877.7 dispatches + 62.4 copies; barriers 1407.1 from the graph, 44.1 queue; engine asked for 71.3 barriers and 257.8 section ends, neither encoded; 7691.1 buffer and 2154.5 constant bindings (192774 B), 0.0 with no stated length; 22.05 blocking waits, 57.53 ms
ds4:   expert cache over the last 64 tokens: 240.00 hits, 5.12 misses, 5.12 evictions a token; 6679 of 6679 entries live (100.0%)
ds4:   of the address-table holes repaired a token: 0.00 already resident, 5.12 genuinely absent
ds4:   of the repair a token: readahead 5.02 ms, slot preparation 0.40 ms, reads 2.24 ms, install 0.01 ms, over 5.12 loads
ds4:   Engram rows written at step start in 640 steps; layer-13 drains 0
ds4:   residency a token: 0.00 adds, 0.00 removes, 0.00 commits
ds4:   decode path so far: 704 single-row steps (70.9 ms each inside the graph over the last 64), 0 K-row verification steps over 0 positions, 0 batch-fusion sites taken; candidate K none
ds4: gate over tokens 641-704: 15.92 command buffers, 2.89 aborts, 240.0 expert ids accounted, 30.11 MiB loaded a token; 0 the gate failed to switch off, 0 it could not gate
ds4:   one token, exclusive, same window: entry 0.00 + encode 0.63 + commit-to-done 57.81 + repair-load 4.99 + accounting 0.05 + tail 2.20 = 65.67 of a 69.34 ms wall, residual 3.68
ds4:   GPU busy 61.86 ms of the token's wall (the union of its buffers' spans), idle 7.48 ms
ds4:   1301.1 gated dispatches a token, 1.9 of them behind an abort; 111.8 sent plain ahead of a buffer's first validate
ds4:   encode-ahead: 12.03 segments used, 2.78 dropped, 3.48 ms a token spent encoding under the GPU
ds4:   concurrent sections: 106.38 attempted, 106.38 opened a token
ds4:   speculation: 0.00 layers a token, 0.00 lanes computed, 0.00 matched, 0.00 GEMVs actually saved, 0.00 left to compute; compared 0.00 lanes, 0.00 floats differ, 0.00 by more than an ulp
ds4:   Metal 4: 19.70 command buffers sent, 1692.6 dispatches a token; 0 pieces of Metal 3 work so far
ds4:   Metal 4 a token: 19.70 contexts in 19.70 command buffers (0.00 split); 1742.1 nodes = 1692.6 dispatches + 49.4 copies; barriers 1270.4 from the graph, 39.4 queue; engine asked for 65.1 barriers and 229.6 section ends, neither encoded; 6922.4 buffer and 1939.0 constant bindings (173571 B), 0.0 with no stated length; 19.70 blocking waits, 59.16 ms
ds4:   expert cache over the last 64 tokens: 240.00 hits, 3.17 misses, 3.17 evictions a token; 6679 of 6679 entries live (100.0%)
ds4:   of the address-table holes repaired a token: 0.00 already resident, 3.17 genuinely absent
ds4:   of the repair a token: readahead 2.84 ms, slot preparation 0.28 ms, reads 1.81 ms, install 0.01 ms, over 3.17 loads
ds4:   Engram rows written at step start in 704 steps; layer-13 drains 0
ds4:   residency a token: 0.00 adds, 0.00 removes, 0.00 commits
ds4:   decode path so far: 768 single-row steps (73.5 ms each inside the graph over the last 64), 0 K-row verification steps over 0 positions, 0 batch-fusion sites taken; candidate K none
ds4: gate over tokens 705-768: 17.12 command buffers, 4.59 aborts, 240.0 expert ids accounted, 49.24 MiB loaded a token; 0 the gate failed to switch off, 0 it could not gate
ds4:   one token, exclusive, same window: entry 0.00 + encode 0.89 + commit-to-done 56.87 + repair-load 7.89 + accounting 0.04 + tail 2.16 = 67.84 of a 71.85 ms wall, residual 4.01
ds4:   GPU busy 60.52 ms of the token's wall (the union of its buffers' spans), idle 11.33 ms
ds4:   1326.7 gated dispatches a token, 5.3 of them behind an abort; 166.5 sent plain ahead of a buffer's first validate
ds4:   encode-ahead: 11.53 segments used, 4.39 dropped, 3.73 ms a token spent encoding under the GPU
ds4:   concurrent sections: 123.00 attempted, 123.00 opened a token
ds4:   speculation: 0.00 layers a token, 0.00 lanes computed, 0.00 matched, 0.00 GEMVs actually saved, 0.00 left to compute; compared 0.00 lanes, 0.00 floats differ, 0.00 by more than an ulp
ds4:   Metal 4: 22.52 command buffers sent, 1919.6 dispatches a token; 0 pieces of Metal 3 work so far
ds4:   Metal 4 a token: 22.52 contexts in 22.52 command buffers (0.00 split); 1983.2 nodes = 1919.6 dispatches + 63.6 copies; barriers 1439.7 from the graph, 45.0 queue; engine asked for 72.8 barriers and 263.9 section ends, neither encoded; 7865.9 buffer and 2203.0 constant bindings (197254 B), 0.0 with no stated length; 22.52 blocking waits, 58.02 ms
ds4:   expert cache over the last 64 tokens: 240.00 hits, 5.19 misses, 5.19 evictions a token; 6679 of 6679 entries live (100.0%)
ds4:   of the address-table holes repaired a token: 0.00 already resident, 5.19 genuinely absent
ds4:   of the repair a token: readahead 4.91 ms, slot preparation 0.42 ms, reads 2.47 ms, install 0.02 ms, over 5.19 loads
ds4:   Engram rows written at step start in 768 steps; layer-13 drains 0
ds4:   residency a token: 0.00 adds, 0.00 removes, 0.00 commits
ds4:   decode path so far: 832 single-row steps (71.5 ms each inside the graph over the last 64), 0 K-row verification steps over 0 positions, 0 batch-fusion sites taken; candidate K none
ds4: gate over tokens 769-832: 15.94 command buffers, 2.98 aborts, 240.0 expert ids accounted, 33.07 MiB loaded a token; 0 the gate failed to switch off, 0 it could not gate
ds4:   one token, exclusive, same window: entry 0.00 + encode 0.63 + commit-to-done 57.47 + repair-load 5.98 + accounting 0.05 + tail 2.20 = 66.33 of a 69.86 ms wall, residual 3.53
ds4:   GPU busy 61.29 ms of the token's wall (the union of its buffers' spans), idle 8.56 ms
ds4:   1308.4 gated dispatches a token, 3.4 of them behind an abort; 114.2 sent plain ahead of a buffer's first validate
ds4:   encode-ahead: 11.95 segments used, 2.86 dropped, 3.34 ms a token spent encoding under the GPU
ds4:   concurrent sections: 107.22 attempted, 107.22 opened a token
ds4:   speculation: 0.00 layers a token, 0.00 lanes computed, 0.00 matched, 0.00 GEMVs actually saved, 0.00 left to compute; compared 0.00 lanes, 0.00 floats differ, 0.00 by more than an ulp
ds4:   Metal 4: 19.80 command buffers sent, 1700.8 dispatches a token; 0 pieces of Metal 3 work so far
ds4:   Metal 4 a token: 19.80 contexts in 19.80 command buffers (0.00 split); 1750.5 nodes = 1700.8 dispatches + 49.8 copies; barriers 1275.5 from the graph, 39.6 queue; engine asked for 65.4 barriers and 231.2 section ends, neither encoded; 6962.0 buffer and 1949.1 constant bindings (174427 B), 0.0 with no stated length; 19.80 blocking waits, 58.82 ms
ds4:   expert cache over the last 64 tokens: 239.98 hits, 3.48 misses, 3.48 evictions a token; 6679 of 6679 entries live (100.0%)
ds4:   of the address-table holes repaired a token: 0.00 already resident, 3.48 genuinely absent
ds4:   of the repair a token: readahead 3.94 ms, slot preparation 0.28 ms, reads 1.70 ms, install 0.01 ms, over 3.48 loads
ds4:   Engram rows written at step start in 832 steps; layer-13 drains 0
ds4:   residency a token: 0.00 adds, 0.00 removes, 0.00 commits
ds4:   decode path so far: 896 single-row steps (74.5 ms each inside the graph over the last 64), 0 K-row verification steps over 0 positions, 0 batch-fusion sites taken; candidate K none
ds4: gate over tokens 833-896: 16.95 command buffers, 4.53 aborts, 240.0 expert ids accounted, 56.95 MiB loaded a token; 0 the gate failed to switch off, 0 it could not gate
ds4:   one token, exclusive, same window: entry 0.00 + encode 0.84 + commit-to-done 58.17 + repair-load 7.56 + accounting 0.04 + tail 2.17 = 68.78 of a 72.59 ms wall, residual 3.81
ds4:   GPU busy 61.67 ms of the token's wall (the union of its buffers' spans), idle 10.92 ms
ds4:   1316.1 gated dispatches a token, 4.8 of them behind an abort; 164.7 sent plain ahead of a buffer's first validate
ds4:   encode-ahead: 11.42 segments used, 4.33 dropped, 3.53 ms a token spent encoding under the GPU
ds4:   concurrent sections: 122.09 attempted, 122.09 opened a token
ds4:   speculation: 0.00 layers a token, 0.00 lanes computed, 0.00 matched, 0.00 GEMVs actually saved, 0.00 left to compute; compared 0.00 lanes, 0.00 floats differ, 0.00 by more than an ulp
ds4:   Metal 4: 22.28 command buffers sent, 1904.6 dispatches a token; 0 pieces of Metal 3 work so far
ds4:   Metal 4 a token: 22.28 contexts in 22.28 command buffers (0.00 split); 1969.1 nodes = 1904.6 dispatches + 64.5 copies; barriers 1426.4 from the graph, 44.6 queue; engine asked for 72.3 barriers and 261.9 section ends, neither encoded; 7804.5 buffer and 2186.0 constant bindings (195544 B), 0.0 with no stated length; 22.28 blocking waits, 59.38 ms
ds4:   expert cache over the last 64 tokens: 239.94 hits, 6.00 misses, 6.00 evictions a token; 6679 of 6679 entries live (100.0%)
ds4:   of the address-table holes repaired a token: 0.00 already resident, 6.00 genuinely absent
ds4:   of the repair a token: readahead 4.49 ms, slot preparation 0.36 ms, reads 2.53 ms, install 0.02 ms, over 6.00 loads
ds4:   Engram rows written at step start in 896 steps; layer-13 drains 0
ds4:   residency a token: 0.00 adds, 0.00 removes, 0.00 commits
ds4:   decode path so far: 960 single-row steps (74.9 ms each inside the graph over the last 64), 0 K-row verification steps over 0 positions, 0 batch-fusion sites taken; candidate K none
ds4: gate over tokens 897-960: 17.61 command buffers, 5.41 aborts, 240.0 expert ids accounted, 63.48 MiB loaded a token; 0 the gate failed to switch off, 0 it could not gate
ds4:   one token, exclusive, same window: entry 0.00 + encode 0.98 + commit-to-done 57.05 + repair-load 8.63 + accounting 0.04 + tail 2.12 = 68.82 of a 72.88 ms wall, residual 4.06
ds4:   GPU busy 60.37 ms of the token's wall (the union of its buffers' spans), idle 12.51 ms
ds4:   1327.2 gated dispatches a token, 4.3 of them behind an abort; 189.2 sent plain ahead of a buffer's first validate
ds4:   encode-ahead: 11.20 segments used, 5.09 dropped, 3.76 ms a token spent encoding under the GPU
ds4:   concurrent sections: 129.59 attempted, 129.59 opened a token
ds4:   speculation: 0.00 layers a token, 0.00 lanes computed, 0.00 matched, 0.00 GEMVs actually saved, 0.00 left to compute; compared 0.00 lanes, 0.00 floats differ, 0.00 by more than an ulp
ds4:   Metal 4: 23.70 command buffers sent, 2007.6 dispatches a token; 0 pieces of Metal 3 work so far
ds4:   Metal 4 a token: 23.70 contexts in 23.70 command buffers (0.00 split); 2078.9 nodes = 2007.6 dispatches + 71.4 copies; barriers 1503.1 from the graph, 47.4 queue; engine asked for 75.7 barriers and 277.5 section ends, neither encoded; 8228.7 buffer and 2305.4 constant bindings (206217 B), 0.0 with no stated length; 23.70 blocking waits, 58.13 ms
ds4:   expert cache over the last 64 tokens: 239.97 hits, 6.69 misses, 6.69 evictions a token; 6679 of 6679 entries live (100.0%)
ds4:   of the address-table holes repaired a token: 0.00 already resident, 6.69 genuinely absent
ds4:   of the repair a token: readahead 5.10 ms, slot preparation 0.44 ms, reads 2.92 ms, install 0.02 ms, over 6.69 loads
ds4:   Engram rows written at step start in 960 steps; layer-13 drains 0
ds4:   residency a token: 0.00 adds, 0.00 removes, 0.00 commits
ds4:   decode path so far: 1024 single-row steps (72.6 ms each inside the graph over the last 64), 0 K-row verification steps over 0 positions, 0 batch-fusion sites taken; candidate K none
ds4: gate over tokens 961-1024: 16.61 command buffers, 3.84 aborts, 240.0 expert ids accounted, 40.64 MiB loaded a token; 0 the gate failed to switch off, 0 it could not gate
ds4:   one token, exclusive, same window: entry 0.00 + encode 0.75 + commit-to-done 58.22 + repair-load 5.53 + accounting 0.05 + tail 2.20 = 66.74 of a 70.57 ms wall, residual 3.82
ds4:   GPU busy 62.13 ms of the token's wall (the union of its buffers' spans), idle 8.43 ms
ds4:   1314.6 gated dispatches a token, 7.3 of them behind an abort; 138.5 sent plain ahead of a buffer's first validate
ds4:   encode-ahead: 11.77 segments used, 3.55 dropped, 3.59 ms a token spent encoding under the GPU
ds4:   concurrent sections: 114.59 attempted, 114.59 opened a token
ds4:   speculation: 0.00 layers a token, 0.00 lanes computed, 0.00 matched, 0.00 GEMVs actually saved, 0.00 left to compute; compared 0.00 lanes, 0.00 floats differ, 0.00 by more than an ulp
ds4:   Metal 4: 21.16 command buffers sent, 1799.7 dispatches a token; 0 pieces of Metal 3 work so far
ds4:   Metal 4 a token: 21.16 contexts in 21.16 command buffers (0.00 split); 1856.2 nodes = 1799.7 dispatches + 56.5 copies; barriers 1350.6 from the graph, 42.3 queue; engine asked for 68.8 barriers and 246.5 section ends, neither encoded; 7372.3 buffer and 2064.2 constant bindings (184853 B), 0.0 with no stated length; 21.16 blocking waits, 59.50 ms
ds4:   expert cache over the last 64 tokens: 240.00 hits, 4.28 misses, 4.28 evictions a token; 6679 of 6679 entries live (100.0%)
ds4:   of the address-table holes repaired a token: 0.00 already resident, 4.28 genuinely absent
ds4:   of the repair a token: readahead 3.20 ms, slot preparation 0.37 ms, reads 1.89 ms, install 0.01 ms, over 4.28 loads
ds4:   Engram rows written at step start in 1024 steps; layer-13 drains 0
ds4:   residency a token: 0.00 adds, 0.00 removes, 0.00 commits
ds4:   decode path so far: 1088 single-row steps (74.7 ms each inside the graph over the last 64), 0 K-row verification steps over 0 positions, 0 batch-fusion sites taken; candidate K none
ds4: gate over tokens 1025-1088: 17.06 command buffers, 4.59 aborts, 240.0 expert ids accounted, 53.39 MiB loaded a token; 0 the gate failed to switch off, 0 it could not gate
ds4:   one token, exclusive, same window: entry 0.00 + encode 0.85 + commit-to-done 58.64 + repair-load 7.59 + accounting 0.04 + tail 2.15 = 69.27 of a 73.07 ms wall, residual 3.79
ds4:   GPU busy 62.06 ms of the token's wall (the union of its buffers' spans), idle 11.00 ms
ds4:   1301.9 gated dispatches a token, 4.7 of them behind an abort; 161.8 sent plain ahead of a buffer's first validate
ds4:   encode-ahead: 11.47 segments used, 4.39 dropped, 3.51 ms a token spent encoding under the GPU
ds4:   concurrent sections: 122.44 attempted, 122.44 opened a token
ds4:   speculation: 0.00 layers a token, 0.00 lanes computed, 0.00 matched, 0.00 GEMVs actually saved, 0.00 left to compute; compared 0.00 lanes, 0.00 floats differ, 0.00 by more than an ulp
ds4:   Metal 4: 22.45 command buffers sent, 1883.6 dispatches a token; 0 pieces of Metal 3 work so far
ds4:   Metal 4 a token: 22.45 contexts in 22.45 command buffers (0.00 split); 1948.5 nodes = 1883.6 dispatches + 64.8 copies; barriers 1404.2 from the graph, 44.9 queue; engine asked for 72.5 barriers and 262.7 section ends, neither encoded; 7719.2 buffer and 2165.7 constant bindings (193355 B), 0.0 with no stated length; 22.45 blocking waits, 59.83 ms
ds4:   expert cache over the last 64 tokens: 239.97 hits, 5.62 misses, 5.62 evictions a token; 6679 of 6679 entries live (100.0%)
ds4:   of the address-table holes repaired a token: 0.00 already resident, 5.62 genuinely absent
ds4:   of the repair a token: readahead 4.77 ms, slot preparation 0.37 ms, reads 2.31 ms, install 0.02 ms, over 5.62 loads
ds4:   Engram rows written at step start in 1088 steps; layer-13 drains 0
ds4:   residency a token: 0.00 adds, 0.00 removes, 0.00 commits
ds4:   decode path so far: 1152 single-row steps (73.7 ms each inside the graph over the last 64), 0 K-row verification steps over 0 positions, 0 batch-fusion sites taken; candidate K none
ds4: gate over tokens 1089-1152: 16.69 command buffers, 4.12 aborts, 240.0 expert ids accounted, 43.90 MiB loaded a token; 0 the gate failed to switch off, 0 it could not gate
ds4:   one token, exclusive, same window: entry 0.00 + encode 0.80 + commit-to-done 58.12 + repair-load 7.19 + accounting 0.04 + tail 2.19 = 68.35 of a 72.16 ms wall, residual 3.81
ds4:   GPU busy 61.71 ms of the token's wall (the union of its buffers' spans), idle 10.45 ms
ds4:   1289.7 gated dispatches a token, 3.3 of them behind an abort; 146.9 sent plain ahead of a buffer's first validate
ds4:   encode-ahead: 11.56 segments used, 3.91 dropped, 3.54 ms a token spent encoding under the GPU
ds4:   concurrent sections: 117.44 attempted, 117.44 opened a token
ds4:   speculation: 0.00 layers a token, 0.00 lanes computed, 0.00 matched, 0.00 GEMVs actually saved, 0.00 left to compute; compared 0.00 lanes, 0.00 floats differ, 0.00 by more than an ulp
ds4:   Metal 4: 21.59 command buffers sent, 1814.2 dispatches a token; 0 pieces of Metal 3 work so far
ds4:   Metal 4 a token: 21.59 contexts in 21.59 command buffers (0.00 split); 1873.6 nodes = 1814.2 dispatches + 59.4 copies; barriers 1352.9 from the graph, 43.2 queue; engine asked for 70.1 barriers and 252.3 section ends, neither encoded; 7431.7 buffer and 2085.0 constant bindings (186169 B), 0.0 with no stated length; 21.59 blocking waits, 59.37 ms
ds4:   expert cache over the last 64 tokens: 239.97 hits, 4.62 misses, 4.62 evictions a token; 6679 of 6679 entries live (100.0%)
ds4:   of the address-table holes repaired a token: 0.00 already resident, 4.62 genuinely absent
ds4:   of the repair a token: readahead 4.47 ms, slot preparation 0.39 ms, reads 2.25 ms, install 0.01 ms, over 4.62 loads
ds4:   Engram rows written at step start in 1152 steps; layer-13 drains 0
ds4:   residency a token: 0.00 adds, 0.00 removes, 0.00 commits
ds4:   decode path so far: 1216 single-row steps (73.5 ms each inside the graph over the last 64), 0 K-row verification steps over 0 positions, 0 batch-fusion sites taken; candidate K none
ds4: gate over tokens 1153-1216: 16.98 command buffers, 4.50 aborts, 240.0 expert ids accounted, 50.28 MiB loaded a token; 0 the gate failed to switch off, 0 it could not gate
ds4:   one token, exclusive, same window: entry 0.00 + encode 0.82 + commit-to-done 57.21 + repair-load 7.44 + accounting 0.04 + tail 2.11 = 67.62 of a 71.34 ms wall, residual 3.71
ds4:   GPU busy 60.46 ms of the token's wall (the union of its buffers' spans), idle 10.88 ms
ds4:   1296.0 gated dispatches a token, 4.2 of them behind an abort; 158.9 sent plain ahead of a buffer's first validate
ds4:   encode-ahead: 11.48 segments used, 4.27 dropped, 3.45 ms a token spent encoding under the GPU
ds4:   concurrent sections: 121.12 attempted, 121.12 opened a token
ds4:   speculation: 0.00 layers a token, 0.00 lanes computed, 0.00 matched, 0.00 GEMVs actually saved, 0.00 left to compute; compared 0.00 lanes, 0.00 floats differ, 0.00 by more than an ulp
ds4:   Metal 4: 22.25 command buffers sent, 1864.5 dispatches a token; 0 pieces of Metal 3 work so far
ds4:   Metal 4 a token: 22.25 contexts in 22.25 command buffers (0.00 split); 1927.5 nodes = 1864.5 dispatches + 63.0 copies; barriers 1389.9 from the graph, 44.5 queue; engine asked for 71.8 barriers and 260.0 section ends, neither encoded; 7640.5 buffer and 2143.6 constant bindings (191380 B), 0.0 with no stated length; 22.25 blocking waits, 58.38 ms
ds4:   expert cache over the last 64 tokens: 239.98 hits, 5.30 misses, 5.30 evictions a token; 6679 of 6679 entries live (100.0%)
ds4:   of the address-table holes repaired a token: 0.00 already resident, 5.30 genuinely absent
ds4:   of the repair a token: readahead 4.77 ms, slot preparation 0.38 ms, reads 2.17 ms, install 0.01 ms, over 5.30 loads
ds4:   Engram rows written at step start in 1216 steps; layer-13 drains 0
ds4:   residency a token: 0.00 adds, 0.00 removes, 0.00 commits
ds4:   decode path so far: 1280 single-row steps (74.3 ms each inside the graph over the last 64), 0 K-row verification steps over 0 positions, 0 batch-fusion sites taken; candidate K none
ds4: gate over tokens 1217-1280: 17.02 command buffers, 4.45 aborts, 240.0 expert ids accounted, 48.05 MiB loaded a token; 0 the gate failed to switch off, 0 it could not gate
ds4:   one token, exclusive, same window: entry 0.00 + encode 0.80 + commit-to-done 58.39 + repair-load 7.32 + accounting 0.05 + tail 2.20 = 68.75 of a 72.45 ms wall, residual 3.69
ds4:   GPU busy 61.88 ms of the token's wall (the union of its buffers' spans), idle 10.57 ms
ds4:   1300.7 gated dispatches a token, 3.3 of them behind an abort; 157.7 sent plain ahead of a buffer's first validate
ds4:   encode-ahead: 11.56 segments used, 4.27 dropped, 3.42 ms a token spent encoding under the GPU
ds4:   concurrent sections: 121.50 attempted, 121.50 opened a token
ds4:   speculation: 0.00 layers a token, 0.00 lanes computed, 0.00 matched, 0.00 GEMVs actually saved, 0.00 left to compute; compared 0.00 lanes, 0.00 floats differ, 0.00 by more than an ulp
ds4:   Metal 4: 22.28 command buffers sent, 1872.1 dispatches a token; 0 pieces of Metal 3 work so far
ds4:   Metal 4 a token: 22.28 contexts in 22.28 command buffers (0.00 split); 1935.0 nodes = 1872.1 dispatches + 62.9 copies; barriers 1397.2 from the graph, 44.6 queue; engine asked for 72.1 barriers and 260.8 section ends, neither encoded; 7671.0 buffer and 2152.1 constant bindings (192293 B), 0.0 with no stated length; 22.28 blocking waits, 59.66 ms
ds4:   expert cache over the last 64 tokens: 240.00 hits, 5.06 misses, 5.06 evictions a token; 6679 of 6679 entries live (100.0%)
ds4:   of the address-table holes repaired a token: 0.00 already resident, 5.06 genuinely absent
ds4:   of the repair a token: readahead 4.53 ms, slot preparation 0.39 ms, reads 2.30 ms, install 0.01 ms, over 5.06 loads
ds4:   Engram rows written at step start in 1280 steps; layer-13 drains 0
ds4:   residency a token: 0.00 adds, 0.00 removes, 0.00 commits
ds4:   decode path so far: 1344 single-row steps (73.5 ms each inside the graph over the last 64), 0 K-row verification steps over 0 positions, 0 batch-fusion sites taken; candidate K none
ds4: gate over tokens 1281-1344: 16.62 command buffers, 4.19 aborts, 240.0 expert ids accounted, 44.20 MiB loaded a token; 0 the gate failed to switch off, 0 it could not gate
ds4:   one token, exclusive, same window: entry 0.00 + encode 0.79 + commit-to-done 59.01 + repair-load 6.04 + accounting 0.04 + tail 2.27 = 68.16 of a 71.86 ms wall, residual 3.70
ds4:   GPU busy 62.83 ms of the token's wall (the union of its buffers' spans), idle 9.03 ms
ds4:   1283.3 gated dispatches a token, 3.3 of them behind an abort; 149.6 sent plain ahead of a buffer's first validate
ds4:   encode-ahead: 11.44 segments used, 3.95 dropped, 3.43 ms a token spent encoding under the GPU
ds4:   concurrent sections: 117.34 attempted, 117.34 opened a token
ds4:   speculation: 0.00 layers a token, 0.00 lanes computed, 0.00 matched, 0.00 GEMVs actually saved, 0.00 left to compute; compared 0.00 lanes, 0.00 floats differ, 0.00 by more than an ulp
ds4:   Metal 4: 21.58 command buffers sent, 1810.7 dispatches a token; 0 pieces of Metal 3 work so far
ds4:   Metal 4 a token: 21.58 contexts in 21.58 command buffers (0.00 split); 1870.2 nodes = 1810.7 dispatches + 59.5 copies; barriers 1350.2 from the graph, 43.2 queue; engine asked for 69.9 barriers and 252.1 section ends, neither encoded; 7418.0 buffer and 2081.3 constant bindings (185826 B), 0.0 with no stated length; 21.58 blocking waits, 60.38 ms
ds4:   expert cache over the last 64 tokens: 240.00 hits, 4.66 misses, 4.66 evictions a token; 6679 of 6679 entries live (100.0%)
ds4:   of the address-table holes repaired a token: 0.00 already resident, 4.66 genuinely absent
ds4:   of the repair a token: readahead 3.49 ms, slot preparation 0.39 ms, reads 2.09 ms, install 0.01 ms, over 4.66 loads
ds4:   Engram rows written at step start in 1344 steps; layer-13 drains 0
ds4:   residency a token: 0.00 adds, 0.00 removes, 0.00 commits
ds4:   decode path so far: 1408 single-row steps (74.1 ms each inside the graph over the last 64), 0 K-row verification steps over 0 positions, 0 batch-fusion sites taken; candidate K none
ds4: gate over tokens 1345-1408: 17.14 command buffers, 4.61 aborts, 240.0 expert ids accounted, 50.28 MiB loaded a token; 0 the gate failed to switch off, 0 it could not gate
ds4:   one token, exclusive, same window: entry 0.00 + encode 0.85 + commit-to-done 58.92 + repair-load 6.14 + accounting 0.04 + tail 2.20 = 68.16 of a 71.99 ms wall, residual 3.83
ds4:   GPU busy 62.49 ms of the token's wall (the union of its buffers' spans), idle 9.50 ms
ds4:   1302.4 gated dispatches a token, 2.3 of them behind an abort; 159.7 sent plain ahead of a buffer's first validate
ds4:   encode-ahead: 11.53 segments used, 4.39 dropped, 3.54 ms a token spent encoding under the GPU
ds4:   concurrent sections: 123.03 attempted, 123.03 opened a token
ds4:   speculation: 0.00 layers a token, 0.00 lanes computed, 0.00 matched, 0.00 GEMVs actually saved, 0.00 left to compute; compared 0.00 lanes, 0.00 floats differ, 0.00 by more than an ulp
ds4:   Metal 4: 22.53 command buffers sent, 1891.6 dispatches a token; 0 pieces of Metal 3 work so far
ds4:   Metal 4 a token: 22.53 contexts in 22.53 command buffers (0.00 split); 1954.8 nodes = 1891.6 dispatches + 63.2 copies; barriers 1409.6 from the graph, 45.1 queue; engine asked for 72.8 barriers and 264.0 section ends, neither encoded; 7753.1 buffer and 2175.0 constant bindings (194158 B), 0.0 with no stated length; 22.53 blocking waits, 60.17 ms
ds4:   expert cache over the last 64 tokens: 239.98 hits, 5.30 misses, 5.30 evictions a token; 6679 of 6679 entries live (100.0%)
ds4:   of the address-table holes repaired a token: 0.00 already resident, 5.30 genuinely absent
ds4:   of the repair a token: readahead 3.41 ms, slot preparation 0.40 ms, reads 2.21 ms, install 0.01 ms, over 5.30 loads
ds4:   Engram rows written at step start in 1408 steps; layer-13 drains 0
ds4:   residency a token: 0.00 adds, 0.00 removes, 0.00 commits
ds4:   decode path so far: 1472 single-row steps (73.2 ms each inside the graph over the last 64), 0 K-row verification steps over 0 positions, 0 batch-fusion sites taken; candidate K none
ds4: gate over tokens 1409-1472: 16.22 command buffers, 3.36 aborts, 240.0 expert ids accounted, 34.85 MiB loaded a token; 0 the gate failed to switch off, 0 it could not gate
ds4:   one token, exclusive, same window: entry 0.00 + encode 0.67 + commit-to-done 58.38 + repair-load 6.68 + accounting 0.04 + tail 2.16 = 67.93 of a 71.47 ms wall, residual 3.54
ds4:   GPU busy 62.01 ms of the token's wall (the union of its buffers' spans), idle 9.46 ms
ds4:   1294.8 gated dispatches a token, 6.6 of them behind an abort; 127.0 sent plain ahead of a buffer's first validate
ds4:   encode-ahead: 11.86 segments used, 3.16 dropped, 3.33 ms a token spent encoding under the GPU
ds4:   concurrent sections: 110.97 attempted, 110.97 opened a token
ds4:   speculation: 0.00 layers a token, 0.00 lanes computed, 0.00 matched, 0.00 GEMVs actually saved, 0.00 left to compute; compared 0.00 lanes, 0.00 floats differ, 0.00 by more than an ulp
ds4:   Metal 4: 20.38 command buffers sent, 1729.1 dispatches a token; 0 pieces of Metal 3 work so far
ds4:   Metal 4 a token: 20.38 contexts in 20.38 command buffers (0.00 split); 1781.7 nodes = 1729.1 dispatches + 52.6 copies; barriers 1290.3 from the graph, 40.8 queue; engine asked for 67.1 barriers and 239.0 section ends, neither encoded; 7079.4 buffer and 1985.8 constant bindings (177353 B), 0.0 with no stated length; 20.38 blocking waits, 59.67 ms
ds4:   expert cache over the last 64 tokens: 240.00 hits, 3.67 misses, 3.67 evictions a token; 6679 of 6679 entries live (100.0%)
ds4:   of the address-table holes repaired a token: 0.00 already resident, 3.67 genuinely absent
ds4:   of the repair a token: readahead 4.42 ms, slot preparation 0.30 ms, reads 1.90 ms, install 0.01 ms, over 3.67 loads
ds4:   Engram rows written at step start in 1472 steps; layer-13 drains 0
ds4:   residency a token: 0.00 adds, 0.00 removes, 0.00 commits
ds4:   decode path so far: 1536 single-row steps (73.0 ms each inside the graph over the last 64), 0 K-row verification steps over 0 positions, 0 batch-fusion sites taken; candidate K none
ds4: gate over tokens 1473-1536: 16.41 command buffers, 3.61 aborts, 240.0 expert ids accounted, 38.86 MiB loaded a token; 0 the gate failed to switch off, 0 it could not gate
ds4:   one token, exclusive, same window: entry 0.00 + encode 0.68 + commit-to-done 60.29 + repair-load 4.60 + accounting 0.04 + tail 2.21 = 67.82 of a 71.28 ms wall, residual 3.45
ds4:   GPU busy 63.92 ms of the token's wall (the union of its buffers' spans), idle 7.36 ms
ds4:   1296.2 gated dispatches a token, 3.3 of them behind an abort; 133.4 sent plain ahead of a buffer's first validate
ds4:   encode-ahead: 11.80 segments used, 3.50 dropped, 3.23 ms a token spent encoding under the GPU
ds4:   concurrent sections: 114.03 attempted, 114.03 opened a token
ds4:   speculation: 0.00 layers a token, 0.00 lanes computed, 0.00 matched, 0.00 GEMVs actually saved, 0.00 left to compute; compared 0.00 lanes, 0.00 floats differ, 0.00 by more than an ulp
ds4:   Metal 4: 20.91 command buffers sent, 1770.0 dispatches a token; 0 pieces of Metal 3 work so far
ds4:   Metal 4 a token: 20.91 contexts in 20.91 command buffers (0.00 split); 1825.3 nodes = 1770.0 dispatches + 55.3 copies; barriers 1322.1 from the graph, 41.8 queue; engine asked for 68.7 barriers and 245.4 section ends, neither encoded; 7252.8 buffer and 2033.6 constant bindings (181773 B), 0.0 with no stated length; 20.91 blocking waits, 61.60 ms
ds4:   expert cache over the last 64 tokens: 240.00 hits, 4.09 misses, 4.09 evictions a token; 6679 of 6679 entries live (100.0%)
ds4:   of the address-table holes repaired a token: 0.00 already resident, 4.09 genuinely absent
ds4:   of the repair a token: readahead 2.42 ms, slot preparation 0.30 ms, reads 1.81 ms, install 0.01 ms, over 4.09 loads
ds4:   Engram rows written at step start in 1536 steps; layer-13 drains 0
ds4:   residency a token: 0.00 adds, 0.00 removes, 0.00 commits
ds4:   decode path so far: 1600 single-row steps (72.5 ms each inside the graph over the last 64), 0 K-row verification steps over 0 positions, 0 batch-fusion sites taken; candidate K none
ds4: gate over tokens 1537-1600: 16.52 command buffers, 3.84 aborts, 240.0 expert ids accounted, 41.53 MiB loaded a token; 0 the gate failed to switch off, 0 it could not gate
ds4:   one token, exclusive, same window: entry 0.00 + encode 0.69 + commit-to-done 58.43 + repair-load 6.18 + accounting 0.04 + tail 2.15 = 67.49 of a 70.95 ms wall, residual 3.46
ds4:   GPU busy 61.97 ms of the token's wall (the union of its buffers' spans), idle 8.98 ms
ds4:   1291.5 gated dispatches a token, 2.3 of them behind an abort; 140.1 sent plain ahead of a buffer's first validate
ds4:   encode-ahead: 11.67 segments used, 3.70 dropped, 3.22 ms a token spent encoding under the GPU
ds4:   concurrent sections: 115.44 attempted, 115.44 opened a token
ds4:   speculation: 0.00 layers a token, 0.00 lanes computed, 0.00 matched, 0.00 GEMVs actually saved, 0.00 left to compute; compared 0.00 lanes, 0.00 floats differ, 0.00 by more than an ulp
ds4:   Metal 4: 21.22 command buffers sent, 1788.9 dispatches a token; 0 pieces of Metal 3 work so far
ds4:   Metal 4 a token: 21.22 contexts in 21.22 command buffers (0.00 split); 1845.8 nodes = 1788.9 dispatches + 57.0 copies; barriers 1334.2 from the graph, 42.4 queue; engine asked for 69.2 barriers and 248.2 section ends, neither encoded; 7327.3 buffer and 2055.4 constant bindings (183523 B), 0.0 with no stated length; 21.22 blocking waits, 59.69 ms
ds4:   expert cache over the last 64 tokens: 239.98 hits, 4.38 misses, 4.38 evictions a token; 6679 of 6679 entries live (100.0%)
ds4:   of the address-table holes repaired a token: 0.00 already resident, 4.38 genuinely absent
ds4:   of the repair a token: readahead 3.72 ms, slot preparation 0.33 ms, reads 2.06 ms, install 0.01 ms, over 4.38 loads
ds4:   Engram rows written at step start in 1600 steps; layer-13 drains 0
ds4:   residency a token: 0.00 adds, 0.00 removes, 0.00 commits
ds4:   decode path so far: 1664 single-row steps (72.7 ms each inside the graph over the last 64), 0 K-row verification steps over 0 positions, 0 batch-fusion sites taken; candidate K none
ds4: gate over tokens 1601-1664: 16.19 command buffers, 3.11 aborts, 240.0 expert ids accounted, 32.48 MiB loaded a token; 0 the gate failed to switch off, 0 it could not gate
ds4:   one token, exclusive, same window: entry 0.00 + encode 0.62 + commit-to-done 59.39 + repair-load 5.32 + accounting 0.05 + tail 2.22 = 67.60 of a 71.01 ms wall, residual 3.41
ds4:   GPU busy 63.21 ms of the token's wall (the union of its buffers' spans), idle 7.80 ms
ds4:   1302.0 gated dispatches a token, 6.1 of them behind an abort; 115.5 sent plain ahead of a buffer's first validate
ds4:   encode-ahead: 12.08 segments used, 2.89 dropped, 3.21 ms a token spent encoding under the GPU
ds4:   concurrent sections: 109.19 attempted, 109.19 opened a token
ds4:   speculation: 0.00 layers a token, 0.00 lanes computed, 0.00 matched, 0.00 GEMVs actually saved, 0.00 left to compute; compared 0.00 lanes, 0.00 floats differ, 0.00 by more than an ulp
ds4:   Metal 4: 20.08 command buffers sent, 1705.4 dispatches a token; 0 pieces of Metal 3 work so far
ds4:   Metal 4 a token: 20.08 contexts in 20.08 command buffers (0.00 split); 1755.6 nodes = 1705.4 dispatches + 50.2 copies; barriers 1272.4 from the graph, 40.2 queue; engine asked for 66.5 barriers and 235.3 section ends, neither encoded; 6982.0 buffer and 1958.2 constant bindings (174855 B), 0.0 with no stated length; 20.08 blocking waits, 60.78 ms
ds4:   expert cache over the last 64 tokens: 240.00 hits, 3.42 misses, 3.42 evictions a token; 6679 of 6679 entries live (100.0%)
ds4:   of the address-table holes repaired a token: 0.00 already resident, 3.42 genuinely absent
ds4:   of the repair a token: readahead 3.27 ms, slot preparation 0.28 ms, reads 1.71 ms, install 0.01 ms, over 3.42 loads
ds4:   Engram rows written at step start in 1664 steps; layer-13 drains 0
ds4:   residency a token: 0.00 adds, 0.00 removes, 0.00 commits
ds4:   decode path so far: 1728 single-row steps (72.3 ms each inside the graph over the last 64), 0 K-row verification steps over 0 positions, 0 batch-fusion sites taken; candidate K none
ds4: gate over tokens 1665-1728: 16.14 command buffers, 3.06 aborts, 240.0 expert ids accounted, 31.74 MiB loaded a token; 0 the gate failed to switch off, 0 it could not gate
ds4:   one token, exclusive, same window: entry 0.00 + encode 0.60 + commit-to-done 59.63 + repair-load 4.75 + accounting 0.04 + tail 2.17 = 67.19 of a 70.59 ms wall, residual 3.40
ds4:   GPU busy 63.39 ms of the token's wall (the union of its buffers' spans), idle 7.20 ms
ds4:   1293.6 gated dispatches a token, 3.8 of them behind an abort; 114.0 sent plain ahead of a buffer's first validate
ds4:   encode-ahead: 12.08 segments used, 2.89 dropped, 3.20 ms a token spent encoding under the GPU
ds4:   concurrent sections: 108.34 attempted, 108.34 opened a token
ds4:   speculation: 0.00 layers a token, 0.00 lanes computed, 0.00 matched, 0.00 GEMVs actually saved, 0.00 left to compute; compared 0.00 lanes, 0.00 floats differ, 0.00 by more than an ulp
ds4:   Metal 4: 20.03 command buffers sent, 1691.7 dispatches a token; 0 pieces of Metal 3 work so far
ds4:   Metal 4 a token: 20.03 contexts in 20.03 command buffers (0.00 split); 1741.2 nodes = 1691.7 dispatches + 49.4 copies; barriers 1262.1 from the graph, 40.1 queue; engine asked for 66.1 barriers and 233.7 section ends, neither encoded; 6927.3 buffer and 1942.5 constant bindings (173437 B), 0.0 with no stated length; 20.03 blocking waits, 60.98 ms
ds4:   expert cache over the last 64 tokens: 240.00 hits, 3.34 misses, 3.34 evictions a token; 6679 of 6679 entries live (100.0%)
ds4:   of the address-table holes repaired a token: 0.00 already resident, 3.34 genuinely absent
ds4:   of the repair a token: readahead 2.29 ms, slot preparation 0.28 ms, reads 2.13 ms, install 0.01 ms, over 3.34 loads
ds4:   Engram rows written at step start in 1728 steps; layer-13 drains 0
ds4:   residency a token: 0.00 adds, 0.00 removes, 0.00 commits
ds4:   decode path so far: 1792 single-row steps (71.9 ms each inside the graph over the last 64), 0 K-row verification steps over 0 positions, 0 batch-fusion sites taken; candidate K none
ds4: gate over tokens 1729-1792: 16.27 command buffers, 3.33 aborts, 240.0 expert ids accounted, 34.85 MiB loaded a token; 0 the gate failed to switch off, 0 it could not gate
ds4:   one token, exclusive, same window: entry 0.00 + encode 0.64 + commit-to-done 60.07 + repair-load 3.62 + accounting 0.04 + tail 2.30 = 66.66 of a 70.02 ms wall, residual 3.35
ds4:   GPU busy 63.85 ms of the token's wall (the union of its buffers' spans), idle 6.16 ms
ds4:   1292.5 gated dispatches a token, 2.3 of them behind an abort; 124.4 sent plain ahead of a buffer's first validate
ds4:   encode-ahead: 11.94 segments used, 3.16 dropped, 3.13 ms a token spent encoding under the GPU
ds4:   concurrent sections: 110.66 attempted, 110.66 opened a token
ds4:   speculation: 0.00 layers a token, 0.00 lanes computed, 0.00 matched, 0.00 GEMVs actually saved, 0.00 left to compute; compared 0.00 lanes, 0.00 floats differ, 0.00 by more than an ulp
ds4:   Metal 4: 20.42 command buffers sent, 1723.9 dispatches a token; 0 pieces of Metal 3 work so far
ds4:   Metal 4 a token: 20.42 contexts in 20.42 command buffers (0.00 split); 1776.5 nodes = 1723.9 dispatches + 52.6 copies; barriers 1288.0 from the graph, 40.8 queue; engine asked for 67.1 barriers and 238.4 section ends, neither encoded; 7059.8 buffer and 1979.8 constant bindings (176977 B), 0.0 with no stated length; 20.42 blocking waits, 61.55 ms
ds4:   expert cache over the last 64 tokens: 239.98 hits, 3.67 misses, 3.67 evictions a token; 6679 of 6679 entries live (100.0%)
ds4:   of the address-table holes repaired a token: 0.00 already resident, 3.67 genuinely absent
ds4:   of the repair a token: readahead 1.64 ms, slot preparation 0.29 ms, reads 1.63 ms, install 0.01 ms, over 3.67 loads
ds4:   Engram rows written at step start in 1792 steps; layer-13 drains 0
ds4:   residency a token: 0.00 adds, 0.00 removes, 0.00 commits
ds4:   decode path so far: 1856 single-row steps (73.1 ms each inside the graph over the last 64), 0 K-row verification steps over 0 positions, 0 batch-fusion sites taken; candidate K none
ds4: gate over tokens 1793-1856: 16.41 command buffers, 3.64 aborts, 240.0 expert ids accounted, 38.41 MiB loaded a token; 0 the gate failed to switch off, 0 it could not gate
ds4:   one token, exclusive, same window: entry 0.00 + encode 0.68 + commit-to-done 59.26 + repair-load 5.56 + accounting 0.05 + tail 2.20 = 67.75 of a 71.22 ms wall, residual 3.47
ds4:   GPU busy 62.89 ms of the token's wall (the union of its buffers' spans), idle 8.33 ms
ds4:   1292.2 gated dispatches a token, 2.3 of them behind an abort; 131.8 sent plain ahead of a buffer's first validate
ds4:   encode-ahead: 11.77 segments used, 3.44 dropped, 3.23 ms a token spent encoding under the GPU
ds4:   concurrent sections: 113.28 attempted, 113.28 opened a token
ds4:   speculation: 0.00 layers a token, 0.00 lanes computed, 0.00 matched, 0.00 GEMVs actually saved, 0.00 left to compute; compared 0.00 lanes, 0.00 floats differ, 0.00 by more than an ulp
ds4:   Metal 4: 20.84 command buffers sent, 1759.4 dispatches a token; 0 pieces of Metal 3 work so far
ds4:   Metal 4 a token: 20.84 contexts in 20.84 command buffers (0.00 split); 1814.7 nodes = 1759.4 dispatches + 55.3 copies; barriers 1312.5 from the graph, 41.7 queue; engine asked for 68.2 barriers and 243.8 section ends, neither encoded; 7204.5 buffer and 2021.1 constant bindings (180479 B), 0.0 with no stated length; 20.84 blocking waits, 60.61 ms
ds4:   expert cache over the last 64 tokens: 240.00 hits, 4.05 misses, 4.05 evictions a token; 6679 of 6679 entries live (100.0%)
ds4:   of the address-table holes repaired a token: 0.00 already resident, 4.05 genuinely absent
ds4:   of the repair a token: readahead 3.35 ms, slot preparation 0.32 ms, reads 1.82 ms, install 0.01 ms, over 4.05 loads
ds4:   Engram rows written at step start in 1856 steps; layer-13 drains 0
ds4:   residency a token: 0.00 adds, 0.00 removes, 0.00 commits
ds4:   decode path so far: 1920 single-row steps (73.0 ms each inside the graph over the last 64), 0 K-row verification steps over 0 positions, 0 batch-fusion sites taken; candidate K none
ds4: gate over tokens 1857-1920: 16.53 command buffers, 3.86 aborts, 240.0 expert ids accounted, 44.20 MiB loaded a token; 0 the gate failed to switch off, 0 it could not gate
ds4:   one token, exclusive, same window: entry 0.00 + encode 0.71 + commit-to-done 58.23 + repair-load 6.52 + accounting 0.04 + tail 2.14 = 67.65 of a 71.11 ms wall, residual 3.46
ds4:   GPU busy 61.52 ms of the token's wall (the union of its buffers' spans), idle 9.59 ms
ds4:   1293.6 gated dispatches a token, 2.8 of them behind an abort; 139.9 sent plain ahead of a buffer's first validate
ds4:   encode-ahead: 11.67 segments used, 3.66 dropped, 3.23 ms a token spent encoding under the GPU
ds4:   concurrent sections: 115.34 attempted, 115.34 opened a token
ds4:   speculation: 0.00 layers a token, 0.00 lanes computed, 0.00 matched, 0.00 GEMVs actually saved, 0.00 left to compute; compared 0.00 lanes, 0.00 floats differ, 0.00 by more than an ulp
ds4:   Metal 4: 21.19 command buffers sent, 1785.6 dispatches a token; 0 pieces of Metal 3 work so far
ds4:   Metal 4 a token: 21.19 contexts in 21.19 command buffers (0.00 split); 1843.3 nodes = 1785.6 dispatches + 57.7 copies; barriers 1331.6 from the graph, 42.4 queue; engine asked for 69.1 barriers and 248.0 section ends, neither encoded; 7316.6 buffer and 2051.9 constant bindings (183217 B), 0.0 with no stated length; 21.19 blocking waits, 59.47 ms
ds4:   expert cache over the last 64 tokens: 239.98 hits, 4.66 misses, 4.66 evictions a token; 6679 of 6679 entries live (100.0%)
ds4:   of the address-table holes repaired a token: 0.00 already resident, 4.66 genuinely absent
ds4:   of the repair a token: readahead 4.06 ms, slot preparation 0.32 ms, reads 2.04 ms, install 0.01 ms, over 4.66 loads
ds4:   Engram rows written at step start in 1920 steps; layer-13 drains 0
ds4:   residency a token: 0.00 adds, 0.00 removes, 0.00 commits
ds4:   decode path so far: 1984 single-row steps (74.0 ms each inside the graph over the last 64), 0 K-row verification steps over 0 positions, 0 batch-fusion sites taken; candidate K none
ds4: gate over tokens 1921-1984: 16.80 command buffers, 4.30 aborts, 240.0 expert ids accounted, 47.61 MiB loaded a token; 0 the gate failed to switch off, 0 it could not gate
ds4:   one token, exclusive, same window: entry 0.00 + encode 0.78 + commit-to-done 58.78 + repair-load 6.74 + accounting 0.04 + tail 2.13 = 68.47 of a 72.03 ms wall, residual 3.55
ds4:   GPU busy 62.05 ms of the token's wall (the union of its buffers' spans), idle 9.98 ms
ds4:   1295.6 gated dispatches a token, 3.8 of them behind an abort; 154.4 sent plain ahead of a buffer's first validate
ds4:   encode-ahead: 11.50 segments used, 4.08 dropped, 3.30 ms a token spent encoding under the GPU
ds4:   concurrent sections: 119.19 attempted, 119.19 opened a token
ds4:   speculation: 0.00 layers a token, 0.00 lanes computed, 0.00 matched, 0.00 GEMVs actually saved, 0.00 left to compute; compared 0.00 lanes, 0.00 floats differ, 0.00 by more than an ulp
ds4:   Metal 4: 21.88 command buffers sent, 1838.5 dispatches a token; 0 pieces of Metal 3 work so far
ds4:   Metal 4 a token: 21.88 contexts in 21.88 command buffers (0.00 split); 1900.1 nodes = 1838.5 dispatches + 61.6 copies; barriers 1371.1 from the graph, 43.8 queue; engine asked for 70.9 barriers and 256.0 section ends, neither encoded; 7533.8 buffer and 2113.3 constant bindings (188717 B), 0.0 with no stated length; 21.88 blocking waits, 59.98 ms
ds4:   expert cache over the last 64 tokens: 240.00 hits, 5.02 misses, 5.02 evictions a token; 6679 of 6679 entries live (100.0%)
ds4:   of the address-table holes repaired a token: 0.00 already resident, 5.02 genuinely absent
ds4:   of the repair a token: readahead 3.80 ms, slot preparation 0.36 ms, reads 2.48 ms, install 0.01 ms, over 5.02 loads
ds4:   Engram rows written at step start in 1984 steps; layer-13 drains 0
ds4:   residency a token: 0.00 adds, 0.00 removes, 0.00 commits
ds4:   decode path so far: 2048 single-row steps (72.7 ms each inside the graph over the last 64), 0 K-row verification steps over 0 positions, 0 batch-fusion sites taken; candidate K none
ds4: gate over tokens 1985-2048: 16.48 command buffers, 3.61 aborts, 240.0 expert ids accounted, 38.86 MiB loaded a token; 0 the gate failed to switch off, 0 it could not gate
ds4:   one token, exclusive, same window: entry 0.00 + encode 0.69 + commit-to-done 58.98 + repair-load 5.12 + accounting 0.05 + tail 2.19 = 67.03 of a 70.51 ms wall, residual 3.48
ds4:   GPU busy 62.41 ms of the token's wall (the union of its buffers' spans), idle 8.10 ms
ds4:   1291.7 gated dispatches a token, 3.3 of them behind an abort; 132.1 sent plain ahead of a buffer's first validate
ds4:   encode-ahead: 11.88 segments used, 3.39 dropped, 3.26 ms a token spent encoding under the GPU
ds4:   concurrent sections: 113.31 attempted, 113.31 opened a token
ds4:   speculation: 0.00 layers a token, 0.00 lanes computed, 0.00 matched, 0.00 GEMVs actually saved, 0.00 left to compute; compared 0.00 lanes, 0.00 floats differ, 0.00 by more than an ulp
ds4:   Metal 4: 20.88 command buffers sent, 1760.0 dispatches a token; 0 pieces of Metal 3 work so far
ds4:   Metal 4 a token: 20.88 contexts in 20.88 command buffers (0.00 split); 1815.2 nodes = 1760.0 dispatches + 55.3 copies; barriers 1314.1 from the graph, 41.8 queue; engine asked for 68.3 barriers and 243.9 section ends, neither encoded; 7208.4 buffer and 2021.8 constant bindings (180657 B), 0.0 with no stated length; 20.88 blocking waits, 60.30 ms
ds4:   expert cache over the last 64 tokens: 239.98 hits, 4.09 misses, 4.09 evictions a token; 6679 of 6679 entries live (100.0%)
ds4:   of the address-table holes repaired a token: 0.00 already resident, 4.09 genuinely absent
ds4:   of the repair a token: readahead 3.03 ms, slot preparation 0.32 ms, reads 1.70 ms, install 0.01 ms, over 4.09 loads
ds4:   Engram rows written at step start in 2048 steps; layer-13 drains 0
ds4:   residency a token: 0.00 adds, 0.00 removes, 0.00 commits
ds4:   decode path so far: 2112 single-row steps (75.4 ms each inside the graph over the last 64), 0 K-row verification steps over 0 positions, 0 batch-fusion sites taken; candidate K none
ds4: gate over tokens 2049-2112: 17.34 command buffers, 5.20 aborts, 240.0 expert ids accounted, 57.55 MiB loaded a token; 0 the gate failed to switch off, 0 it could not gate
ds4:   one token, exclusive, same window: entry 0.00 + encode 0.85 + commit-to-done 58.16 + repair-load 8.71 + accounting 0.04 + tail 2.15 = 69.91 of a 73.55 ms wall, residual 3.63
ds4:   GPU busy 61.32 ms of the token's wall (the union of its buffers' spans), idle 12.23 ms
ds4:   1284.2 gated dispatches a token, 5.2 of them behind an abort; 175.5 sent plain ahead of a buffer's first validate
ds4:   encode-ahead: 11.14 segments used, 4.91 dropped, 3.37 ms a token spent encoding under the GPU
ds4:   concurrent sections: 126.47 attempted, 126.47 opened a token
ds4:   speculation: 0.00 layers a token, 0.00 lanes computed, 0.00 matched, 0.00 GEMVs actually saved, 0.00 left to compute; compared 0.00 lanes, 0.00 floats differ, 0.00 by more than an ulp
ds4:   Metal 4: 23.25 command buffers sent, 1914.0 dispatches a token; 0 pieces of Metal 3 work so far
ds4:   Metal 4 a token: 23.25 contexts in 23.25 command buffers (0.00 split); 1982.7 nodes = 1914.0 dispatches + 68.8 copies; barriers 1421.2 from the graph, 46.5 queue; engine asked for 74.1 barriers and 271.0 section ends, neither encoded; 7843.0 buffer and 2204.7 constant bindings (196591 B), 0.0 with no stated length; 23.25 blocking waits, 59.32 ms
ds4:   expert cache over the last 64 tokens: 240.00 hits, 6.06 misses, 6.06 evictions a token; 6679 of 6679 entries live (100.0%)
ds4:   of the address-table holes repaired a token: 0.00 already resident, 6.06 genuinely absent
ds4:   of the repair a token: readahead 5.45 ms, slot preparation 0.42 ms, reads 2.72 ms, install 0.02 ms, over 6.06 loads
ds4:   Engram rows written at step start in 2112 steps; layer-13 drains 0
ds4:   residency a token: 0.00 adds, 0.00 removes, 0.00 commits
ds4:   decode path so far: 2176 single-row steps (73.1 ms each inside the graph over the last 64), 0 K-row verification steps over 0 positions, 0 batch-fusion sites taken; candidate K none
ds4: gate over tokens 2113-2176: 17.09 command buffers, 4.48 aborts, 240.0 expert ids accounted, 47.16 MiB loaded a token; 0 the gate failed to switch off, 0 it could not gate
ds4:   one token, exclusive, same window: entry 0.00 + encode 0.78 + commit-to-done 57.97 + repair-load 6.97 + accounting 0.04 + tail 2.17 = 67.94 of a 71.57 ms wall, residual 3.64
ds4:   GPU busy 61.49 ms of the token's wall (the union of its buffers' spans), idle 10.08 ms
ds4:   1289.5 gated dispatches a token, 3.8 of them behind an abort; 157.8 sent plain ahead of a buffer's first validate
ds4:   encode-ahead: 11.61 segments used, 4.25 dropped, 3.39 ms a token spent encoding under the GPU
ds4:   concurrent sections: 121.75 attempted, 121.75 opened a token
ds4:   speculation: 0.00 layers a token, 0.00 lanes computed, 0.00 matched, 0.00 GEMVs actually saved, 0.00 left to compute; compared 0.00 lanes, 0.00 floats differ, 0.00 by more than an ulp
ds4:   Metal 4: 22.34 command buffers sent, 1857.9 dispatches a token; 0 pieces of Metal 3 work so far
ds4:   Metal 4 a token: 22.34 contexts in 22.34 command buffers (0.00 split); 1920.5 nodes = 1857.9 dispatches + 62.5 copies; barriers 1380.6 from the graph, 44.7 queue; engine asked for 72.2 barriers and 261.4 section ends, neither encoded; 7607.3 buffer and 2138.5 constant bindings (190720 B), 0.0 with no stated length; 22.34 blocking waits, 59.20 ms
ds4:   expert cache over the last 64 tokens: 239.97 hits, 4.97 misses, 4.97 evictions a token; 6679 of 6679 entries live (100.0%)
ds4:   of the address-table holes repaired a token: 0.00 already resident, 4.97 genuinely absent
ds4:   of the repair a token: readahead 4.28 ms, slot preparation 0.39 ms, reads 2.22 ms, install 0.01 ms, over 4.97 loads
ds4:   Engram rows written at step start in 2176 steps; layer-13 drains 0
ds4:   residency a token: 0.00 adds, 0.00 removes, 0.00 commits
ds4:   decode path so far: 2240 single-row steps (72.2 ms each inside the graph over the last 64), 0 K-row verification steps over 0 positions, 0 batch-fusion sites taken; candidate K none
ds4: gate over tokens 2177-2240: 16.17 command buffers, 3.23 aborts, 240.0 expert ids accounted, 32.78 MiB loaded a token; 0 the gate failed to switch off, 0 it could not gate
ds4:   one token, exclusive, same window: entry 0.00 + encode 0.61 + commit-to-done 58.88 + repair-load 5.34 + accounting 0.04 + tail 2.22 = 67.10 of a 70.41 ms wall, residual 3.31
ds4:   GPU busy 62.51 ms of the token's wall (the union of its buffers' spans), idle 7.90 ms
ds4:   1283.8 gated dispatches a token, 2.8 of them behind an abort; 121.2 sent plain ahead of a buffer's first validate
ds4:   encode-ahead: 11.94 segments used, 3.11 dropped, 3.11 ms a token spent encoding under the GPU
ds4:   concurrent sections: 110.16 attempted, 110.16 opened a token
ds4:   speculation: 0.00 layers a token, 0.00 lanes computed, 0.00 matched, 0.00 GEMVs actually saved, 0.00 left to compute; compared 0.00 lanes, 0.00 floats differ, 0.00 by more than an ulp
ds4:   Metal 4: 20.28 command buffers sent, 1701.2 dispatches a token; 0 pieces of Metal 3 work so far
ds4:   Metal 4 a token: 20.28 contexts in 20.28 command buffers (0.00 split); 1752.7 nodes = 1701.2 dispatches + 51.5 copies; barriers 1265.1 from the graph, 40.6 queue; engine asked for 66.9 barriers and 237.4 section ends, neither encoded; 6961.8 buffer and 1956.1 constant bindings (174499 B), 0.0 with no stated length; 20.28 blocking waits, 60.27 ms
ds4:   expert cache over the last 64 tokens: 239.98 hits, 3.45 misses, 3.45 evictions a token; 6679 of 6679 entries live (100.0%)
ds4:   of the address-table holes repaired a token: 0.00 already resident, 3.45 genuinely absent
ds4:   of the repair a token: readahead 3.36 ms, slot preparation 0.29 ms, reads 1.65 ms, install 0.01 ms, over 3.45 loads
ds4:   Engram rows written at step start in 2240 steps; layer-13 drains 0
ds4:   residency a token: 0.00 adds, 0.00 removes, 0.00 commits
ds4:   decode path so far: 2304 single-row steps (73.6 ms each inside the graph over the last 64), 0 K-row verification steps over 0 positions, 0 batch-fusion sites taken; candidate K none
ds4: gate over tokens 2241-2304: 16.69 command buffers, 3.86 aborts, 240.0 expert ids accounted, 41.53 MiB loaded a token; 0 the gate failed to switch off, 0 it could not gate
ds4:   one token, exclusive, same window: entry 0.00 + encode 0.70 + commit-to-done 59.28 + repair-load 6.25 + accounting 0.04 + tail 2.24 = 68.52 of a 71.93 ms wall, residual 3.41
ds4:   GPU busy 62.77 ms of the token's wall (the union of its buffers' spans), idle 9.17 ms
ds4:   1289.8 gated dispatches a token, 4.2 of them behind an abort; 136.7 sent plain ahead of a buffer's first validate
ds4:   encode-ahead: 11.83 segments used, 3.61 dropped, 3.20 ms a token spent encoding under the GPU
ds4:   concurrent sections: 115.34 attempted, 115.34 opened a token
ds4:   speculation: 0.00 layers a token, 0.00 lanes computed, 0.00 matched, 0.00 GEMVs actually saved, 0.00 left to compute; compared 0.00 lanes, 0.00 floats differ, 0.00 by more than an ulp
ds4:   Metal 4: 21.30 command buffers sent, 1768.7 dispatches a token; 0 pieces of Metal 3 work so far
ds4:   Metal 4 a token: 21.30 contexts in 21.30 command buffers (0.00 split); 1825.7 nodes = 1768.7 dispatches + 57.0 copies; barriers 1316.0 from the graph, 42.6 queue; engine asked for 69.2 barriers and 248.1 section ends, neither encoded; 7242.6 buffer and 2034.9 constant bindings (181638 B), 0.0 with no stated length; 21.30 blocking waits, 60.62 ms
ds4:   expert cache over the last 64 tokens: 239.95 hits, 4.38 misses, 4.38 evictions a token; 6679 of 6679 entries live (100.0%)
ds4:   of the address-table holes repaired a token: 0.00 already resident, 4.38 genuinely absent
ds4:   of the repair a token: readahead 3.47 ms, slot preparation 0.33 ms, reads 2.36 ms, install 0.01 ms, over 4.38 loads
ds4:   Engram rows written at step start in 2304 steps; layer-13 drains 0
ds4:   residency a token: 0.00 adds, 0.00 removes, 0.00 commits
ds4:   decode path so far: 2368 single-row steps (73.2 ms each inside the graph over the last 64), 0 K-row verification steps over 0 positions, 0 batch-fusion sites taken; candidate K none
ds4: gate over tokens 2305-2368: 16.14 command buffers, 3.27 aborts, 240.0 expert ids accounted, 33.82 MiB loaded a token; 0 the gate failed to switch off, 0 it could not gate
ds4:   one token, exclusive, same window: entry 0.00 + encode 0.63 + commit-to-done 59.37 + repair-load 5.42 + accounting 0.05 + tail 2.23 = 67.70 of a 71.09 ms wall, residual 3.40
ds4:   GPU busy 63.06 ms of the token's wall (the union of its buffers' spans), idle 8.04 ms
ds4:   1277.3 gated dispatches a token, 2.8 of them behind an abort; 121.6 sent plain ahead of a buffer's first validate
ds4:   encode-ahead: 11.88 segments used, 3.11 dropped, 3.21 ms a token spent encoding under the GPU
ds4:   concurrent sections: 110.25 attempted, 110.25 opened a token
ds4:   speculation: 0.00 layers a token, 0.00 lanes computed, 0.00 matched, 0.00 GEMVs actually saved, 0.00 left to compute; compared 0.00 lanes, 0.00 floats differ, 0.00 by more than an ulp
ds4:   Metal 4: 20.25 command buffers sent, 1702.8 dispatches a token; 0 pieces of Metal 3 work so far
ds4:   Metal 4 a token: 20.25 contexts in 20.25 command buffers (0.00 split); 1754.4 nodes = 1702.8 dispatches + 51.5 copies; barriers 1266.3 from the graph, 40.5 queue; engine asked for 66.8 barriers and 237.5 section ends, neither encoded; 6967.7 buffer and 1957.9 constant bindings (174654 B), 0.0 with no stated length; 20.25 blocking waits, 60.73 ms
ds4:   expert cache over the last 64 tokens: 239.98 hits, 3.56 misses, 3.56 evictions a token; 6679 of 6679 entries live (100.0%)
ds4:   of the address-table holes repaired a token: 0.00 already resident, 3.56 genuinely absent
ds4:   of the repair a token: readahead 3.24 ms, slot preparation 0.29 ms, reads 1.84 ms, install 0.01 ms, over 3.56 loads
ds4:   Engram rows written at step start in 2368 steps; layer-13 drains 0
ds4:   residency a token: 0.00 adds, 0.00 removes, 0.00 commits
ds4:   decode path so far: 2432 single-row steps (72.1 ms each inside the graph over the last 64), 0 K-row verification steps over 0 positions, 0 batch-fusion sites taken; candidate K none
ds4: gate over tokens 2369-2432: 16.39 command buffers, 3.58 aborts, 240.0 expert ids accounted, 37.97 MiB loaded a token; 0 the gate failed to switch off, 0 it could not gate
ds4:   one token, exclusive, same window: entry 0.00 + encode 0.64 + commit-to-done 59.02 + repair-load 5.16 + accounting 0.04 + tail 2.21 = 67.07 of a 70.40 ms wall, residual 3.33
ds4:   GPU busy 62.55 ms of the token's wall (the union of its buffers' spans), idle 7.85 ms
ds4:   1281.3 gated dispatches a token, 3.8 of them behind an abort; 129.0 sent plain ahead of a buffer's first validate
ds4:   encode-ahead: 11.81 segments used, 3.39 dropped, 3.13 ms a token spent encoding under the GPU
ds4:   concurrent sections: 113.03 attempted, 113.03 opened a token
ds4:   speculation: 0.00 layers a token, 0.00 lanes computed, 0.00 matched, 0.00 GEMVs actually saved, 0.00 left to compute; compared 0.00 lanes, 0.00 floats differ, 0.00 by more than an ulp
ds4:   Metal 4: 20.78 command buffers sent, 1739.6 dispatches a token; 0 pieces of Metal 3 work so far
ds4:   Metal 4 a token: 20.78 contexts in 20.78 command buffers (0.00 split); 1794.7 nodes = 1739.6 dispatches + 55.1 copies; barriers 1293.8 from the graph, 41.6 queue; engine asked for 68.1 barriers and 243.3 section ends, neither encoded; 7119.5 buffer and 2000.8 constant bindings (178494 B), 0.0 with no stated length; 20.78 blocking waits, 60.35 ms
ds4:   expert cache over the last 64 tokens: 240.00 hits, 4.00 misses, 4.00 evictions a token; 6679 of 6679 entries live (100.0%)
ds4:   of the address-table holes repaired a token: 0.00 already resident, 4.00 genuinely absent
ds4:   of the repair a token: readahead 2.83 ms, slot preparation 0.30 ms, reads 1.96 ms, install 0.01 ms, over 4.00 loads
ds4:   Engram rows written at step start in 2432 steps; layer-13 drains 0
ds4:   residency a token: 0.00 adds, 0.00 removes, 0.00 commits
ds4:   decode path so far: 2496 single-row steps (72.7 ms each inside the graph over the last 64), 0 K-row verification steps over 0 positions, 0 batch-fusion sites taken; candidate K none
ds4: gate over tokens 2433-2496: 16.14 command buffers, 3.17 aborts, 240.0 expert ids accounted, 32.63 MiB loaded a token; 0 the gate failed to switch off, 0 it could not gate
ds4:   one token, exclusive, same window: entry 0.00 + encode 0.59 + commit-to-done 59.51 + repair-load 5.57 + accounting 0.04 + tail 2.24 = 67.96 of a 71.22 ms wall, residual 3.26
ds4:   GPU busy 63.16 ms of the token's wall (the union of its buffers' spans), idle 8.05 ms
ds4:   1279.3 gated dispatches a token, 3.8 of them behind an abort; 117.5 sent plain ahead of a buffer's first validate
ds4:   encode-ahead: 11.97 segments used, 2.97 dropped, 3.08 ms a token spent encoding under the GPU
ds4:   concurrent sections: 108.91 attempted, 108.91 opened a token
ds4:   speculation: 0.00 layers a token, 0.00 lanes computed, 0.00 matched, 0.00 GEMVs actually saved, 0.00 left to compute; compared 0.00 lanes, 0.00 floats differ, 0.00 by more than an ulp
ds4:   Metal 4: 20.11 command buffers sent, 1683.3 dispatches a token; 0 pieces of Metal 3 work so far
ds4:   Metal 4 a token: 20.11 contexts in 20.11 command buffers (0.00 split); 1734.1 nodes = 1683.3 dispatches + 50.8 copies; barriers 1252.1 from the graph, 40.2 queue; engine asked for 66.2 barriers and 234.8 section ends, neither encoded; 6887.4 buffer and 1935.3 constant bindings (172652 B), 0.0 with no stated length; 20.11 blocking waits, 60.91 ms
ds4:   expert cache over the last 64 tokens: 239.94 hits, 3.44 misses, 3.44 evictions a token; 6679 of 6679 entries live (100.0%)
ds4:   of the address-table holes repaired a token: 0.00 already resident, 3.44 genuinely absent
ds4:   of the repair a token: readahead 3.45 ms, slot preparation 0.28 ms, reads 1.79 ms, install 0.01 ms, over 3.44 loads
ds4:   Engram rows written at step start in 2496 steps; layer-13 drains 0
ds4:   residency a token: 0.00 adds, 0.00 removes, 0.00 commits
ds4:   decode path so far: 2560 single-row steps (72.7 ms each inside the graph over the last 64), 0 K-row verification steps over 0 positions, 0 batch-fusion sites taken; candidate K none
ds4: gate over tokens 2497-2560: 16.09 command buffers, 3.23 aborts, 240.0 expert ids accounted, 33.07 MiB loaded a token; 0 the gate failed to switch off, 0 it could not gate
ds4:   one token, exclusive, same window: entry 0.00 + encode 0.62 + commit-to-done 59.66 + repair-load 4.65 + accounting 0.04 + tail 2.24 = 67.21 of a 70.52 ms wall, residual 3.31
ds4:   GPU busy 63.31 ms of the token's wall (the union of its buffers' spans), idle 7.21 ms
ds4:   1273.7 gated dispatches a token, 1.4 of them behind an abort; 122.5 sent plain ahead of a buffer's first validate
ds4:   encode-ahead: 11.86 segments used, 3.11 dropped, 3.11 ms a token spent encoding under the GPU
ds4:   concurrent sections: 110.19 attempted, 110.19 opened a token
ds4:   speculation: 0.00 layers a token, 0.00 lanes computed, 0.00 matched, 0.00 GEMVs actually saved, 0.00 left to compute; compared 0.00 lanes, 0.00 floats differ, 0.00 by more than an ulp
ds4:   Metal 4: 20.20 command buffers sent, 1702.7 dispatches a token; 0 pieces of Metal 3 work so far
ds4:   Metal 4 a token: 20.20 contexts in 20.20 command buffers (0.00 split); 1754.7 nodes = 1702.7 dispatches + 52.0 copies; barriers 1268.8 from the graph, 40.4 queue; engine asked for 66.8 barriers and 237.3 section ends, neither encoded; 6967.1 buffer and 1957.7 constant bindings (174873 B), 0.0 with no stated length; 20.20 blocking waits, 61.06 ms
ds4:   expert cache over the last 64 tokens: 239.98 hits, 3.48 misses, 3.48 evictions a token; 6679 of 6679 entries live (100.0%)
ds4:   of the address-table holes repaired a token: 0.00 already resident, 3.48 genuinely absent
ds4:   of the repair a token: readahead 2.68 ms, slot preparation 0.30 ms, reads 1.64 ms, install 0.01 ms, over 3.48 loads
ds4:   Engram rows written at step start in 2560 steps; layer-13 drains 0
ds4:   residency a token: 0.00 adds, 0.00 removes, 0.00 commits
ds4:   decode path so far: 2624 single-row steps (72.3 ms each inside the graph over the last 64), 0 K-row verification steps over 0 positions, 0 batch-fusion sites taken; candidate K none
ds4: gate over tokens 2561-2624: 16.62 command buffers, 3.78 aborts, 240.0 expert ids accounted, 39.90 MiB loaded a token; 0 the gate failed to switch off, 0 it could not gate
ds4:   one token, exclusive, same window: entry 0.00 + encode 0.67 + commit-to-done 58.38 + repair-load 5.87 + accounting 0.04 + tail 2.16 = 67.12 of a 70.54 ms wall, residual 3.41
ds4:   GPU busy 61.85 ms of the token's wall (the union of its buffers' spans), idle 8.68 ms
ds4:   1288.7 gated dispatches a token, 2.8 of them behind an abort; 136.2 sent plain ahead of a buffer's first validate
ds4:   encode-ahead: 11.84 segments used, 3.59 dropped, 3.20 ms a token spent encoding under the GPU
ds4:   concurrent sections: 114.88 attempted, 114.88 opened a token
ds4:   speculation: 0.00 layers a token, 0.00 lanes computed, 0.00 matched, 0.00 GEMVs actually saved, 0.00 left to compute; compared 0.00 lanes, 0.00 floats differ, 0.00 by more than an ulp
ds4:   Metal 4: 21.22 command buffers sent, 1765.2 dispatches a token; 0 pieces of Metal 3 work so far
ds4:   Metal 4 a token: 21.22 contexts in 21.22 command buffers (0.00 split); 1821.6 nodes = 1765.2 dispatches + 56.4 copies; barriers 1312.5 from the graph, 42.4 queue; engine asked for 69.1 barriers and 247.2 section ends, neither encoded; 7223.7 buffer and 2030.4 constant bindings (181110 B), 0.0 with no stated length; 21.22 blocking waits, 59.66 ms
ds4:   expert cache over the last 64 tokens: 240.00 hits, 4.20 misses, 4.20 evictions a token; 6679 of 6679 entries live (100.0%)
ds4:   of the address-table holes repaired a token: 0.00 already resident, 4.20 genuinely absent
ds4:   of the repair a token: readahead 3.58 ms, slot preparation 0.33 ms, reads 1.89 ms, install 0.01 ms, over 4.20 loads
ds4:   Engram rows written at step start in 2624 steps; layer-13 drains 0
ds4:   residency a token: 0.00 adds, 0.00 removes, 0.00 commits
ds4:   decode path so far: 2688 single-row steps (71.8 ms each inside the graph over the last 64), 0 K-row verification steps over 0 positions, 0 batch-fusion sites taken; candidate K none
ds4: gate over tokens 2625-2688: 16.06 command buffers, 3.20 aborts, 240.0 expert ids accounted, 33.67 MiB loaded a token; 0 the gate failed to switch off, 0 it could not gate
ds4:   one token, exclusive, same window: entry 0.00 + encode 0.61 + commit-to-done 58.24 + repair-load 6.01 + accounting 0.04 + tail 2.17 = 67.07 of a 70.34 ms wall, residual 3.27
ds4:   GPU busy 61.75 ms of the token's wall (the union of its buffers' spans), idle 8.60 ms
ds4:   1278.0 gated dispatches a token, 1.9 of them behind an abort; 120.1 sent plain ahead of a buffer's first validate
ds4:   encode-ahead: 11.86 segments used, 3.08 dropped, 3.10 ms a token spent encoding under the GPU
ds4:   concurrent sections: 109.50 attempted, 109.50 opened a token
ds4:   speculation: 0.00 layers a token, 0.00 lanes computed, 0.00 matched, 0.00 GEMVs actually saved, 0.00 left to compute; compared 0.00 lanes, 0.00 floats differ, 0.00 by more than an ulp
ds4:   Metal 4: 20.14 command buffers sent, 1692.1 dispatches a token; 0 pieces of Metal 3 work so far
ds4:   Metal 4 a token: 20.14 contexts in 20.14 command buffers (0.00 split); 1743.1 nodes = 1692.1 dispatches + 51.0 copies; barriers 1258.6 from the graph, 40.3 queue; engine asked for 66.5 barriers and 235.9 section ends, neither encoded; 6923.4 buffer and 1945.5 constant bindings (173551 B), 0.0 with no stated length; 20.14 blocking waits, 59.56 ms
ds4:   expert cache over the last 64 tokens: 239.98 hits, 3.55 misses, 3.55 evictions a token; 6679 of 6679 entries live (100.0%)
ds4:   of the address-table holes repaired a token: 0.00 already resident, 3.55 genuinely absent
ds4:   of the repair a token: readahead 3.23 ms, slot preparation 0.28 ms, reads 2.45 ms, install 0.01 ms, over 3.55 loads
ds4:   Engram rows written at step start in 2688 steps; layer-13 drains 0
ds4:   residency a token: 0.00 adds, 0.00 removes, 0.00 commits
ds4:   decode path so far: 2752 single-row steps (70.7 ms each inside the graph over the last 64), 0 K-row verification steps over 0 positions, 0 batch-fusion sites taken; candidate K none
ds4: gate over tokens 2689-2752: 15.64 command buffers, 2.27 aborts, 240.0 expert ids accounted, 22.69 MiB loaded a token; 0 the gate failed to switch off, 0 it could not gate
ds4:   one token, exclusive, same window: entry 0.00 + encode 0.49 + commit-to-done 59.58 + repair-load 3.43 + accounting 0.05 + tail 2.24 = 65.79 of a 68.92 ms wall, residual 3.14
ds4:   GPU busy 63.35 ms of the token's wall (the union of its buffers' spans), idle 5.57 ms
ds4:   1284.7 gated dispatches a token, 0.9 of them behind an abort; 90.6 sent plain ahead of a buffer's first validate
ds4:   encode-ahead: 12.38 segments used, 2.17 dropped, 3.00 ms a token spent encoding under the GPU
ds4:   concurrent sections: 101.72 attempted, 101.72 opened a token
ds4:   speculation: 0.00 layers a token, 0.00 lanes computed, 0.00 matched, 0.00 GEMVs actually saved, 0.00 left to compute; compared 0.00 lanes, 0.00 floats differ, 0.00 by more than an ulp
ds4:   Metal 4: 18.81 command buffers sent, 1590.6 dispatches a token; 0 pieces of Metal 3 work so far
ds4:   Metal 4 a token: 18.81 contexts in 18.81 command buffers (0.00 split); 1633.9 nodes = 1590.6 dispatches + 43.3 copies; barriers 1183.9 from the graph, 37.6 queue; engine asked for 63.1 barriers and 220.0 section ends, neither encoded; 6503.4 buffer and 1826.8 constant bindings (163010 B), 0.0 with no stated length; 18.81 blocking waits, 61.05 ms
ds4:   expert cache over the last 64 tokens: 240.00 hits, 2.39 misses, 2.39 evictions a token; 6679 of 6679 entries live (100.0%)
ds4:   of the address-table holes repaired a token: 0.00 already resident, 2.39 genuinely absent
ds4:   of the repair a token: readahead 1.88 ms, slot preparation 0.22 ms, reads 1.31 ms, install 0.01 ms, over 2.39 loads
ds4:   Engram rows written at step start in 2752 steps; layer-13 drains 0
ds4:   residency a token: 0.00 adds, 0.00 removes, 0.00 commits
ds4:   decode path so far: 2816 single-row steps (71.0 ms each inside the graph over the last 64), 0 K-row verification steps over 0 positions, 0 batch-fusion sites taken; candidate K none
ds4: gate over tokens 2753-2816: 15.66 command buffers, 2.33 aborts, 240.0 expert ids accounted, 24.18 MiB loaded a token; 0 the gate failed to switch off, 0 it could not gate
ds4:   one token, exclusive, same window: entry 0.00 + encode 0.48 + commit-to-done 59.28 + repair-load 3.90 + accounting 0.05 + tail 2.19 = 65.89 of a 68.98 ms wall, residual 3.09
ds4:   GPU busy 62.88 ms of the token's wall (the union of its buffers' spans), idle 6.09 ms
ds4:   1276.6 gated dispatches a token, 0.9 of them behind an abort; 89.4 sent plain ahead of a buffer's first validate
ds4:   encode-ahead: 12.33 segments used, 2.25 dropped, 2.94 ms a token spent encoding under the GPU
ds4:   concurrent sections: 101.88 attempted, 101.88 opened a token
ds4:   speculation: 0.00 layers a token, 0.00 lanes computed, 0.00 matched, 0.00 GEMVs actually saved, 0.00 left to compute; compared 0.00 lanes, 0.00 floats differ, 0.00 by more than an ulp
ds4:   Metal 4: 18.91 command buffers sent, 1592.1 dispatches a token; 0 pieces of Metal 3 work so far
ds4:   Metal 4 a token: 18.91 contexts in 18.91 command buffers (0.00 split); 1636.8 nodes = 1592.1 dispatches + 44.7 copies; barriers 1186.6 from the graph, 37.8 queue; engine asked for 63.2 barriers and 220.3 section ends, neither encoded; 6510.1 buffer and 1828.6 constant bindings (163300 B), 0.0 with no stated length; 18.91 blocking waits, 60.71 ms
ds4:   expert cache over the last 64 tokens: 240.00 hits, 2.55 misses, 2.55 evictions a token; 6679 of 6679 entries live (100.0%)
ds4:   of the address-table holes repaired a token: 0.00 already resident, 2.55 genuinely absent
ds4:   of the repair a token: readahead 2.34 ms, slot preparation 0.21 ms, reads 1.32 ms, install 0.01 ms, over 2.55 loads
ds4:   Engram rows written at step start in 2816 steps; layer-13 drains 0
ds4:   residency a token: 0.00 adds, 0.00 removes, 0.00 commits
ds4:   decode path so far: 2880 single-row steps (72.4 ms each inside the graph over the last 64), 0 K-row verification steps over 0 positions, 0 batch-fusion sites taken; candidate K none
ds4: gate over tokens 2817-2880: 16.20 command buffers, 3.19 aborts, 240.0 expert ids accounted, 35.15 MiB loaded a token; 0 the gate failed to switch off, 0 it could not gate
ds4:   one token, exclusive, same window: entry 0.00 + encode 0.59 + commit-to-done 59.27 + repair-load 5.14 + accounting 0.04 + tail 2.23 = 67.28 of a 70.48 ms wall, residual 3.20
ds4:   GPU busy 62.77 ms of the token's wall (the union of its buffers' spans), idle 7.71 ms
ds4:   1278.9 gated dispatches a token, 3.8 of them behind an abort; 115.9 sent plain ahead of a buffer's first validate
ds4:   encode-ahead: 12.02 segments used, 2.91 dropped, 3.03 ms a token spent encoding under the GPU
ds4:   concurrent sections: 108.41 attempted, 108.41 opened a token
ds4:   speculation: 0.00 layers a token, 0.00 lanes computed, 0.00 matched, 0.00 GEMVs actually saved, 0.00 left to compute; compared 0.00 lanes, 0.00 floats differ, 0.00 by more than an ulp
ds4:   Metal 4: 20.11 command buffers sent, 1676.2 dispatches a token; 0 pieces of Metal 3 work so far
ds4:   Metal 4 a token: 20.11 contexts in 20.11 command buffers (0.00 split); 1727.5 nodes = 1676.2 dispatches + 51.3 copies; barriers 1246.9 from the graph, 40.2 queue; engine asked for 65.9 barriers and 233.7 section ends, neither encoded; 6856.4 buffer and 1926.9 constant bindings (171900 B), 0.0 with no stated length; 20.11 blocking waits, 60.65 ms
ds4:   expert cache over the last 64 tokens: 240.00 hits, 3.70 misses, 3.70 evictions a token; 6679 of 6679 entries live (100.0%)
ds4:   of the address-table holes repaired a token: 0.00 already resident, 3.70 genuinely absent
ds4:   of the repair a token: readahead 3.07 ms, slot preparation 0.26 ms, reads 1.75 ms, install 0.01 ms, over 3.70 loads
ds4:   Engram rows written at step start in 2880 steps; layer-13 drains 0
ds4:   residency a token: 0.00 adds, 0.00 removes, 0.00 commits
ds4:   decode path so far: 2944 single-row steps (71.0 ms each inside the graph over the last 64), 0 K-row verification steps over 0 positions, 0 batch-fusion sites taken; candidate K none
ds4: gate over tokens 2881-2944: 15.64 command buffers, 2.42 aborts, 240.0 expert ids accounted, 25.96 MiB loaded a token; 0 the gate failed to switch off, 0 it could not gate
ds4:   one token, exclusive, same window: entry 0.00 + encode 0.51 + commit-to-done 58.75 + repair-load 4.48 + accounting 0.04 + tail 2.19 = 65.97 of a 69.10 ms wall, residual 3.13
ds4:   GPU busy 62.31 ms of the token's wall (the union of its buffers' spans), idle 6.80 ms
ds4:   1273.9 gated dispatches a token, 5.6 of them behind an abort; 94.6 sent plain ahead of a buffer's first validate
ds4:   encode-ahead: 12.22 segments used, 2.20 dropped, 2.99 ms a token spent encoding under the GPU
ds4:   concurrent sections: 101.75 attempted, 101.75 opened a token
ds4:   speculation: 0.00 layers a token, 0.00 lanes computed, 0.00 matched, 0.00 GEMVs actually saved, 0.00 left to compute; compared 0.00 lanes, 0.00 floats differ, 0.00 by more than an ulp
ds4:   Metal 4: 18.84 command buffers sent, 1585.2 dispatches a token; 0 pieces of Metal 3 work so far
ds4:   Metal 4 a token: 18.84 contexts in 18.84 command buffers (0.00 split); 1629.4 nodes = 1585.2 dispatches + 44.2 copies; barriers 1179.5 from the graph, 37.7 queue; engine asked for 62.9 barriers and 219.9 section ends, neither encoded; 6484.9 buffer and 1821.3 constant bindings (162490 B), 0.0 with no stated length; 18.84 blocking waits, 60.14 ms
ds4:   expert cache over the last 64 tokens: 240.00 hits, 2.73 misses, 2.73 evictions a token; 6679 of 6679 entries live (100.0%)
ds4:   of the address-table holes repaired a token: 0.00 already resident, 2.73 genuinely absent
ds4:   of the repair a token: readahead 2.78 ms, slot preparation 0.21 ms, reads 1.44 ms, install 0.01 ms, over 2.73 loads
ds4:   Engram rows written at step start in 2944 steps; layer-13 drains 0
ds4:   residency a token: 0.00 adds, 0.00 removes, 0.00 commits
ds4:   decode path so far: 3008 single-row steps (71.6 ms each inside the graph over the last 64), 0 K-row verification steps over 0 positions, 0 batch-fusion sites taken; candidate K none
ds4: gate over tokens 2945-3008: 15.84 command buffers, 2.78 aborts, 240.0 expert ids accounted, 29.22 MiB loaded a token; 0 the gate failed to switch off, 0 it could not gate
ds4:   one token, exclusive, same window: entry 0.00 + encode 0.54 + commit-to-done 59.54 + repair-load 4.08 + accounting 0.04 + tail 2.22 = 66.43 of a 69.56 ms wall, residual 3.13
ds4:   GPU busy 63.08 ms of the token's wall (the union of its buffers' spans), idle 6.49 ms
ds4:   1276.1 gated dispatches a token, 0.9 of them behind an abort; 106.0 sent plain ahead of a buffer's first validate
ds4:   encode-ahead: 12.06 segments used, 2.70 dropped, 2.97 ms a token spent encoding under the GPU
ds4:   concurrent sections: 106.06 attempted, 106.06 opened a token
ds4:   speculation: 0.00 layers a token, 0.00 lanes computed, 0.00 matched, 0.00 GEMVs actually saved, 0.00 left to compute; compared 0.00 lanes, 0.00 floats differ, 0.00 by more than an ulp
ds4:   Metal 4: 19.55 command buffers sent, 1645.9 dispatches a token; 0 pieces of Metal 3 work so far
ds4:   Metal 4 a token: 19.55 contexts in 19.55 command buffers (0.00 split); 1693.2 nodes = 1645.9 dispatches + 47.3 copies; barriers 1224.3 from the graph, 39.1 queue; engine asked for 65.0 barriers and 228.9 section ends, neither encoded; 6734.8 buffer and 1891.7 constant bindings (168764 B), 0.0 with no stated length; 19.55 blocking waits, 60.94 ms
ds4:   expert cache over the last 64 tokens: 239.98 hits, 3.08 misses, 3.08 evictions a token; 6679 of 6679 entries live (100.0%)
ds4:   of the address-table holes repaired a token: 0.00 already resident, 3.08 genuinely absent
ds4:   of the repair a token: readahead 2.36 ms, slot preparation 0.24 ms, reads 1.43 ms, install 0.01 ms, over 3.08 loads
ds4:   Engram rows written at step start in 3008 steps; layer-13 drains 0
ds4:   residency a token: 0.00 adds, 0.00 removes, 0.00 commits
ds4:   decode path so far: 3072 single-row steps (72.8 ms each inside the graph over the last 64), 0 K-row verification steps over 0 positions, 0 batch-fusion sites taken; candidate K none
ds4: gate over tokens 3009-3072: 15.66 command buffers, 2.48 aborts, 240.0 expert ids accounted, 24.47 MiB loaded a token; 0 the gate failed to switch off, 0 it could not gate
ds4:   one token, exclusive, same window: entry 0.00 + encode 0.51 + commit-to-done 60.07 + repair-load 4.31 + accounting 0.04 + tail 2.23 = 67.17 of a 70.29 ms wall, residual 3.12
ds4:   GPU busy 63.76 ms of the token's wall (the union of its buffers' spans), idle 6.54 ms
ds4:   1276.0 gated dispatches a token, 0.0 of them behind an abort; 97.3 sent plain ahead of a buffer's first validate
ds4:   encode-ahead: 12.17 segments used, 2.41 dropped, 2.97 ms a token spent encoding under the GPU
ds4:   concurrent sections: 103.44 attempted, 103.44 opened a token
ds4:   speculation: 0.00 layers a token, 0.00 lanes computed, 0.00 matched, 0.00 GEMVs actually saved, 0.00 left to compute; compared 0.00 lanes, 0.00 floats differ, 0.00 by more than an ulp
ds4:   Metal 4: 19.06 command buffers sent, 1610.9 dispatches a token; 0 pieces of Metal 3 work so far
ds4:   Metal 4 a token: 19.06 contexts in 19.06 command buffers (0.00 split); 1655.6 nodes = 1610.9 dispatches + 44.7 copies; barriers 1200.3 from the graph, 38.1 queue; engine asked for 63.8 barriers and 223.5 section ends, neither encoded; 6591.3 buffer and 1851.0 constant bindings (165318 B), 0.0 with no stated length; 19.06 blocking waits, 61.51 ms
ds4:   expert cache over the last 64 tokens: 240.00 hits, 2.58 misses, 2.58 evictions a token; 6679 of 6679 entries live (100.0%)
ds4:   of the address-table holes repaired a token: 0.00 already resident, 2.58 genuinely absent
ds4:   of the repair a token: readahead 2.59 ms, slot preparation 0.24 ms, reads 1.46 ms, install 0.01 ms, over 2.58 loads
ds4:   Engram rows written at step start in 3072 steps; layer-13 drains 0
ds4:   residency a token: 0.00 adds, 0.00 removes, 0.00 commits
ds4:   decode path so far: 3136 single-row steps (70.8 ms each inside the graph over the last 64), 0 K-row verification steps over 0 positions, 0 batch-fusion sites taken; candidate K none
ds4: gate over tokens 3073-3136: 15.80 command buffers, 2.69 aborts, 240.0 expert ids accounted, 28.62 MiB loaded a token; 0 the gate failed to switch off, 0 it could not gate
ds4:   one token, exclusive, same window: entry 0.00 + encode 0.52 + commit-to-done 59.54 + repair-load 3.91 + accounting 0.05 + tail 2.21 = 66.23 of a 69.30 ms wall, residual 3.07
ds4:   GPU busy 63.03 ms of the token's wall (the union of its buffers' spans), idle 6.27 ms
ds4:   1276.7 gated dispatches a token, 7.0 of them behind an abort; 102.7 sent plain ahead of a buffer's first validate
ds4:   encode-ahead: 12.11 segments used, 2.47 dropped, 2.92 ms a token spent encoding under the GPU
ds4:   concurrent sections: 104.25 attempted, 104.25 opened a token
ds4:   speculation: 0.00 layers a token, 0.00 lanes computed, 0.00 matched, 0.00 GEMVs actually saved, 0.00 left to compute; compared 0.00 lanes, 0.00 floats differ, 0.00 by more than an ulp
ds4:   Metal 4: 19.27 command buffers sent, 1620.5 dispatches a token; 0 pieces of Metal 3 work so far
ds4:   Metal 4 a token: 19.27 contexts in 19.27 command buffers (0.00 split); 1667.3 nodes = 1620.5 dispatches + 46.8 copies; barriers 1205.9 from the graph, 38.5 queue; engine asked for 64.0 barriers and 225.1 section ends, neither encoded; 6628.4 buffer and 1862.2 constant bindings (166148 B), 0.0 with no stated length; 19.27 blocking waits, 60.95 ms
ds4:   expert cache over the last 64 tokens: 240.00 hits, 3.02 misses, 3.02 evictions a token; 6679 of 6679 entries live (100.0%)
ds4:   of the address-table holes repaired a token: 0.00 already resident, 3.02 genuinely absent
ds4:   of the repair a token: readahead 2.05 ms, slot preparation 0.23 ms, reads 1.57 ms, install 0.01 ms, over 3.02 loads
ds4:   Engram rows written at step start in 3136 steps; layer-13 drains 0
ds4:   residency a token: 0.00 adds, 0.00 removes, 0.00 commits
ds4:   decode path so far: 3200 single-row steps (73.3 ms each inside the graph over the last 64), 0 K-row verification steps over 0 positions, 0 batch-fusion sites taken; candidate K none
ds4: gate over tokens 3137-3200: 16.66 command buffers, 4.19 aborts, 240.0 expert ids accounted, 47.02 MiB loaded a token; 0 the gate failed to switch off, 0 it could not gate
ds4:   one token, exclusive, same window: entry 0.00 + encode 0.75 + commit-to-done 58.10 + repair-load 6.81 + accounting 0.04 + tail 2.15 = 67.85 of a 71.41 ms wall, residual 3.55
ds4:   GPU busy 61.47 ms of the token's wall (the union of its buffers' spans), idle 9.94 ms
ds4:   1280.4 gated dispatches a token, 0.5 of them behind an abort; 146.7 sent plain ahead of a buffer's first validate
ds4:   encode-ahead: 11.47 segments used, 4.08 dropped, 3.31 ms a token spent encoding under the GPU
ds4:   concurrent sections: 118.81 attempted, 118.81 opened a token
ds4:   speculation: 0.00 layers a token, 0.00 lanes computed, 0.00 matched, 0.00 GEMVs actually saved, 0.00 left to compute; compared 0.00 lanes, 0.00 floats differ, 0.00 by more than an ulp
ds4:   Metal 4: 21.73 command buffers sent, 1816.9 dispatches a token; 0 pieces of Metal 3 work so far
ds4:   Metal 4 a token: 21.73 contexts in 21.73 command buffers (0.00 split); 1877.6 nodes = 1816.9 dispatches + 60.7 copies; barriers 1350.3 from the graph, 43.5 queue; engine asked for 70.8 barriers and 255.2 section ends, neither encoded; 7439.6 buffer and 2091.0 constant bindings (186495 B), 0.0 with no stated length; 21.73 blocking waits, 59.32 ms
ds4:   expert cache over the last 64 tokens: 239.98 hits, 4.95 misses, 4.95 evictions a token; 6679 of 6679 entries live (100.0%)
ds4:   of the address-table holes repaired a token: 0.00 already resident, 4.95 genuinely absent
ds4:   of the repair a token: readahead 4.24 ms, slot preparation 0.34 ms, reads 2.12 ms, install 0.01 ms, over 4.95 loads
ds4:   Engram rows written at step start in 3200 steps; layer-13 drains 0
ds4:   residency a token: 0.00 adds, 0.00 removes, 0.00 commits
ds4:   decode path so far: 3264 single-row steps (71.6 ms each inside the graph over the last 64), 0 K-row verification steps over 0 positions, 0 batch-fusion sites taken; candidate K none
ds4: gate over tokens 3201-3264: 16.20 command buffers, 3.39 aborts, 240.0 expert ids accounted, 35.60 MiB loaded a token; 0 the gate failed to switch off, 0 it could not gate
ds4:   one token, exclusive, same window: entry 0.00 + encode 0.64 + commit-to-done 58.14 + repair-load 5.56 + accounting 0.04 + tail 2.12 = 66.50 of a 69.87 ms wall, residual 3.36
ds4:   GPU busy 61.61 ms of the token's wall (the union of its buffers' spans), idle 8.25 ms
ds4:   1272.7 gated dispatches a token, 4.2 of them behind an abort; 122.5 sent plain ahead of a buffer's first validate
ds4:   encode-ahead: 11.81 segments used, 3.19 dropped, 3.17 ms a token spent encoding under the GPU
ds4:   concurrent sections: 110.22 attempted, 110.22 opened a token
ds4:   speculation: 0.00 layers a token, 0.00 lanes computed, 0.00 matched, 0.00 GEMVs actually saved, 0.00 left to compute; compared 0.00 lanes, 0.00 floats differ, 0.00 by more than an ulp
ds4:   Metal 4: 20.39 command buffers sent, 1699.3 dispatches a token; 0 pieces of Metal 3 work so far
ds4:   Metal 4 a token: 20.39 contexts in 20.39 command buffers (0.00 split); 1752.2 nodes = 1699.3 dispatches + 52.9 copies; barriers 1263.8 from the graph, 40.8 queue; engine asked for 66.7 barriers and 237.4 section ends, neither encoded; 6953.4 buffer and 1954.1 constant bindings (174315 B), 0.0 with no stated length; 20.39 blocking waits, 59.41 ms
ds4:   expert cache over the last 64 tokens: 239.95 hits, 3.75 misses, 3.75 evictions a token; 6679 of 6679 entries live (100.0%)
ds4:   of the address-table holes repaired a token: 0.00 already resident, 3.75 genuinely absent
ds4:   of the repair a token: readahead 3.47 ms, slot preparation 0.30 ms, reads 1.73 ms, install 0.01 ms, over 3.75 loads
ds4:   Engram rows written at step start in 3264 steps; layer-13 drains 0
ds4:   residency a token: 0.00 adds, 0.00 removes, 0.00 commits
ds4:   decode path so far: 3328 single-row steps (70.9 ms each inside the graph over the last 64), 0 K-row verification steps over 0 positions, 0 batch-fusion sites taken; candidate K none
ds4: gate over tokens 3265-3328: 15.84 command buffers, 2.59 aborts, 240.0 expert ids accounted, 26.25 MiB loaded a token; 0 the gate failed to switch off, 0 it could not gate
ds4:   one token, exclusive, same window: entry 0.00 + encode 0.53 + commit-to-done 58.32 + repair-load 4.92 + accounting 0.04 + tail 2.17 = 65.99 of a 69.19 ms wall, residual 3.19
ds4:   GPU busy 61.91 ms of the token's wall (the union of its buffers' spans), idle 7.28 ms
ds4:   1280.7 gated dispatches a token, 0.9 of them behind an abort; 99.4 sent plain ahead of a buffer's first validate
ds4:   encode-ahead: 12.25 segments used, 2.52 dropped, 3.04 ms a token spent encoding under the GPU
ds4:   concurrent sections: 104.56 attempted, 104.56 opened a token
ds4:   speculation: 0.00 layers a token, 0.00 lanes computed, 0.00 matched, 0.00 GEMVs actually saved, 0.00 left to compute; compared 0.00 lanes, 0.00 floats differ, 0.00 by more than an ulp
ds4:   Metal 4: 19.36 command buffers sent, 1626.0 dispatches a token; 0 pieces of Metal 3 work so far
ds4:   Metal 4 a token: 19.36 contexts in 19.36 command buffers (0.00 split); 1671.9 nodes = 1626.0 dispatches + 45.9 copies; barriers 1211.2 from the graph, 38.7 queue; engine asked for 64.5 barriers and 225.9 section ends, neither encoded; 6653.7 buffer and 1868.5 constant bindings (166830 B), 0.0 with no stated length; 19.36 blocking waits, 59.68 ms
ds4:   expert cache over the last 64 tokens: 239.98 hits, 2.77 misses, 2.77 evictions a token; 6679 of 6679 entries live (100.0%)
ds4:   of the address-table holes repaired a token: 0.00 already resident, 2.77 genuinely absent
ds4:   of the repair a token: readahead 3.24 ms, slot preparation 0.24 ms, reads 1.40 ms, install 0.01 ms, over 2.77 loads
ds4:   Engram rows written at step start in 3328 steps; layer-13 drains 0
ds4:   residency a token: 0.00 adds, 0.00 removes, 0.00 commits
ds4:   decode path so far: 3392 single-row steps (71.4 ms each inside the graph over the last 64), 0 K-row verification steps over 0 positions, 0 batch-fusion sites taken; candidate K none
ds4: gate over tokens 3329-3392: 16.34 command buffers, 3.59 aborts, 240.0 expert ids accounted, 37.38 MiB loaded a token; 0 the gate failed to switch off, 0 it could not gate
ds4:   one token, exclusive, same window: entry 0.00 + encode 0.64 + commit-to-done 58.03 + repair-load 5.46 + accounting 0.04 + tail 2.14 = 66.32 of a 69.63 ms wall, residual 3.31
ds4:   GPU busy 61.46 ms of the token's wall (the union of its buffers' spans), idle 8.17 ms
ds4:   1278.3 gated dispatches a token, 3.8 of them behind an abort; 129.6 sent plain ahead of a buffer's first validate
ds4:   encode-ahead: 11.75 segments used, 3.38 dropped, 3.11 ms a token spent encoding under the GPU
ds4:   concurrent sections: 112.62 attempted, 112.62 opened a token
ds4:   speculation: 0.00 layers a token, 0.00 lanes computed, 0.00 matched, 0.00 GEMVs actually saved, 0.00 left to compute; compared 0.00 lanes, 0.00 floats differ, 0.00 by more than an ulp
ds4:   Metal 4: 20.72 command buffers sent, 1733.4 dispatches a token; 0 pieces of Metal 3 work so far
ds4:   Metal 4 a token: 20.72 contexts in 20.72 command buffers (0.00 split); 1788.0 nodes = 1733.4 dispatches + 54.5 copies; barriers 1289.2 from the graph, 41.4 queue; engine asked for 67.8 barriers and 242.4 section ends, neither encoded; 7093.0 buffer and 1993.7 constant bindings (177851 B), 0.0 with no stated length; 20.72 blocking waits, 59.32 ms
ds4:   expert cache over the last 64 tokens: 240.00 hits, 3.94 misses, 3.94 evictions a token; 6679 of 6679 entries live (100.0%)
ds4:   of the address-table holes repaired a token: 0.00 already resident, 3.94 genuinely absent
ds4:   of the repair a token: readahead 3.03 ms, slot preparation 0.31 ms, reads 2.07 ms, install 0.01 ms, over 3.94 loads
ds4:   Engram rows written at step start in 3392 steps; layer-13 drains 0
ds4:   residency a token: 0.00 adds, 0.00 removes, 0.00 commits
ds4:   decode path so far: 3456 single-row steps (77.2 ms each inside the graph over the last 64), 0 K-row verification steps over 0 positions, 0 batch-fusion sites taken; candidate K none
ds4: gate over tokens 3393-3456: 17.64 command buffers, 5.27 aborts, 240.0 expert ids accounted, 90.03 MiB loaded a token; 0 the gate failed to switch off, 0 it could not gate
ds4:   one token, exclusive, same window: entry 0.00 + encode 0.88 + commit-to-done 57.74 + repair-load 10.73 + accounting 0.04 + tail 2.16 = 71.56 of a 75.25 ms wall, residual 3.69
ds4:   GPU busy 60.49 ms of the token's wall (the union of its buffers' spans), idle 14.76 ms
ds4:   1300.9 gated dispatches a token, 3.3 of them behind an abort; 181.3 sent plain ahead of a buffer's first validate
ds4:   encode-ahead: 11.38 segments used, 5.02 dropped, 3.42 ms a token spent encoding under the GPU
ds4:   concurrent sections: 128.97 attempted, 128.97 opened a token
ds4:   speculation: 0.00 layers a token, 0.00 lanes computed, 0.00 matched, 0.00 GEMVs actually saved, 0.00 left to compute; compared 0.00 lanes, 0.00 floats differ, 0.00 by more than an ulp
ds4:   Metal 4: 23.66 command buffers sent, 1955.4 dispatches a token; 0 pieces of Metal 3 work so far
ds4:   Metal 4 a token: 23.66 contexts in 23.66 command buffers (0.00 split); 2033.7 nodes = 1955.4 dispatches + 78.3 copies; barriers 1452.5 from the graph, 47.3 queue; engine asked for 75.6 barriers and 276.3 section ends, neither encoded; 8008.6 buffer and 2251.9 constant bindings (200809 B), 0.0 with no stated length; 23.66 blocking waits, 58.88 ms
ds4:   expert cache over the last 64 tokens: 239.95 hits, 9.48 misses, 9.48 evictions a token; 6679 of 6679 entries live (100.0%)
ds4:   of the address-table holes repaired a token: 0.00 already resident, 9.48 genuinely absent
ds4:   of the repair a token: readahead 6.52 ms, slot preparation 0.31 ms, reads 3.58 ms, install 0.02 ms, over 9.48 loads
ds4:   Engram rows written at step start in 3456 steps; layer-13 drains 0
ds4:   residency a token: 0.00 adds, 0.00 removes, 0.00 commits
ds4:   decode path so far: 3520 single-row steps (80.0 ms each inside the graph over the last 64), 0 K-row verification steps over 0 positions, 0 batch-fusion sites taken; candidate K none
ds4: gate over tokens 3457-3520: 20.11 command buffers, 9.19 aborts, 240.0 expert ids accounted, 125.33 MiB loaded a token; 0 the gate failed to switch off, 0 it could not gate
ds4:   one token, exclusive, same window: entry 0.00 + encode 1.47 + commit-to-done 54.35 + repair-load 15.93 + accounting 0.04 + tail 1.96 = 73.75 of a 78.33 ms wall, residual 4.58
ds4:   GPU busy 56.31 ms of the token's wall (the union of its buffers' spans), idle 22.02 ms
ds4:   1314.1 gated dispatches a token, 10.3 of them behind an abort; 299.5 sent plain ahead of a buffer's first validate
ds4:   encode-ahead: 9.92 segments used, 8.70 dropped, 4.16 ms a token spent encoding under the GPU
ds4:   concurrent sections: 164.38 attempted, 164.38 opened a token
ds4:   speculation: 0.00 layers a token, 0.00 lanes computed, 0.00 matched, 0.00 GEMVs actually saved, 0.00 left to compute; compared 0.00 lanes, 0.00 floats differ, 0.00 by more than an ulp
ds4:   Metal 4: 29.81 command buffers sent, 2426.8 dispatches a token; 0 pieces of Metal 3 work so far
ds4:   Metal 4 a token: 29.81 contexts in 29.81 command buffers (0.00 split); 2537.7 nodes = 2426.8 dispatches + 111.0 copies; barriers 1799.4 from the graph, 59.6 queue; engine asked for 91.6 barriers and 349.4 section ends, neither encoded; 9956.3 buffer and 2801.7 constant bindings (249733 B), 0.0 with no stated length; 29.81 blocking waits, 54.94 ms
ds4:   expert cache over the last 64 tokens: 239.98 hits, 13.20 misses, 13.20 evictions a token; 6679 of 6679 entries live (100.0%)
ds4:   of the address-table holes repaired a token: 0.00 already resident, 13.20 genuinely absent
ds4:   of the repair a token: readahead 9.62 ms, slot preparation 0.60 ms, reads 5.26 ms, install 0.03 ms, over 13.20 loads
ds4:   Engram rows written at step start in 3520 steps; layer-13 drains 0
ds4:   residency a token: 0.00 adds, 0.00 removes, 0.00 commits
ds4:   decode path so far: 3584 single-row steps (78.3 ms each inside the graph over the last 64), 0 K-row verification steps over 0 positions, 0 batch-fusion sites taken; candidate K none
ds4: gate over tokens 3521-3584: 19.64 command buffers, 8.48 aborts, 240.0 expert ids accounted, 103.38 MiB loaded a token; 0 the gate failed to switch off, 0 it could not gate
ds4:   one token, exclusive, same window: entry 0.00 + encode 1.39 + commit-to-done 54.02 + repair-load 14.64 + accounting 0.04 + tail 1.96 = 72.06 of a 76.58 ms wall, residual 4.53
ds4:   GPU busy 56.29 ms of the token's wall (the union of its buffers' spans), idle 20.29 ms
ds4:   1303.6 gated dispatches a token, 6.1 of them behind an abort; 279.3 sent plain ahead of a buffer's first validate
ds4:   encode-ahead: 10.16 segments used, 8.14 dropped, 4.12 ms a token spent encoding under the GPU
ds4:   concurrent sections: 158.19 attempted, 158.19 opened a token
ds4:   speculation: 0.00 layers a token, 0.00 lanes computed, 0.00 matched, 0.00 GEMVs actually saved, 0.00 left to compute; compared 0.00 lanes, 0.00 floats differ, 0.00 by more than an ulp
ds4:   Metal 4: 28.78 command buffers sent, 2342.3 dispatches a token; 0 pieces of Metal 3 work so far
ds4:   Metal 4 a token: 28.78 contexts in 28.78 command buffers (0.00 split); 2442.9 nodes = 2342.3 dispatches + 100.6 copies; barriers 1738.5 from the graph, 57.6 queue; engine asked for 88.9 barriers and 336.7 section ends, neither encoded; 9613.5 buffer and 2703.5 constant bindings (241156 B), 0.0 with no stated length; 28.78 blocking waits, 54.67 ms
ds4:   expert cache over the last 64 tokens: 239.97 hits, 10.89 misses, 10.89 evictions a token; 6679 of 6679 entries live (100.0%)
ds4:   of the address-table holes repaired a token: 0.00 already resident, 10.89 genuinely absent
ds4:   of the repair a token: readahead 9.41 ms, slot preparation 0.62 ms, reads 4.30 ms, install 0.03 ms, over 10.89 loads
ds4:   Engram rows written at step start in 3584 steps; layer-13 drains 0
ds4:   residency a token: 0.00 adds, 0.00 removes, 0.00 commits
ds4:   decode path so far: 3648 single-row steps (75.7 ms each inside the graph over the last 64), 0 K-row verification steps over 0 positions, 0 batch-fusion sites taken; candidate K none
ds4: gate over tokens 3585-3648: 18.83 command buffers, 7.34 aborts, 240.0 expert ids accounted, 83.65 MiB loaded a token; 0 the gate failed to switch off, 0 it could not gate
ds4:   one token, exclusive, same window: entry 0.00 + encode 1.22 + commit-to-done 54.60 + repair-load 12.20 + accounting 0.04 + tail 1.99 = 70.04 of a 74.35 ms wall, residual 4.30
ds4:   GPU busy 57.42 ms of the token's wall (the union of its buffers' spans), idle 16.93 ms
ds4:   1304.5 gated dispatches a token, 7.5 of them behind an abort; 244.2 sent plain ahead of a buffer's first validate
ds4:   encode-ahead: 10.48 segments used, 6.97 dropped, 3.95 ms a token spent encoding under the GPU
ds4:   concurrent sections: 147.31 attempted, 147.31 opened a token
ds4:   speculation: 0.00 layers a token, 0.00 lanes computed, 0.00 matched, 0.00 GEMVs actually saved, 0.00 left to compute; compared 0.00 lanes, 0.00 floats differ, 0.00 by more than an ulp
ds4:   Metal 4: 26.80 command buffers sent, 2199.2 dispatches a token; 0 pieces of Metal 3 work so far
ds4:   Metal 4 a token: 26.80 contexts in 26.80 command buffers (0.00 split); 2287.8 nodes = 2199.2 dispatches + 88.6 copies; barriers 1632.1 from the graph, 53.6 queue; engine asked for 83.8 barriers and 314.1 section ends, neither encoded; 9015.3 buffer and 2536.4 constant bindings (226128 B), 0.0 with no stated length; 26.80 blocking waits, 55.39 ms
ds4:   expert cache over the last 64 tokens: 239.95 hits, 8.81 misses, 8.81 evictions a token; 6679 of 6679 entries live (100.0%)
ds4:   of the address-table holes repaired a token: 0.00 already resident, 8.81 genuinely absent
ds4:   of the repair a token: readahead 7.34 ms, slot preparation 0.58 ms, reads 4.08 ms, install 0.02 ms, over 8.81 loads
ds4:   Engram rows written at step start in 3648 steps; layer-13 drains 0
ds4:   residency a token: 0.00 adds, 0.00 removes, 0.00 commits
ds4:   decode path so far: 3712 single-row steps (75.0 ms each inside the graph over the last 64), 0 K-row verification steps over 0 positions, 0 batch-fusion sites taken; candidate K none
ds4: gate over tokens 3649-3712: 18.06 command buffers, 6.08 aborts, 240.0 expert ids accounted, 70.45 MiB loaded a token; 0 the gate failed to switch off, 0 it could not gate
ds4:   one token, exclusive, same window: entry 0.00 + encode 1.05 + commit-to-done 55.41 + repair-load 10.60 + accounting 0.05 + tail 2.13 = 69.23 of a 73.32 ms wall, residual 4.09
ds4:   GPU busy 58.39 ms of the token's wall (the union of its buffers' spans), idle 14.94 ms
ds4:   1296.5 gated dispatches a token, 4.7 of them behind an abort; 206.0 sent plain ahead of a buffer's first validate
ds4:   encode-ahead: 10.98 segments used, 5.77 dropped, 3.79 ms a token spent encoding under the GPU
ds4:   concurrent sections: 135.47 attempted, 135.47 opened a token
ds4:   speculation: 0.00 layers a token, 0.00 lanes computed, 0.00 matched, 0.00 GEMVs actually saved, 0.00 left to compute; compared 0.00 lanes, 0.00 floats differ, 0.00 by more than an ulp
ds4:   Metal 4: 24.83 command buffers sent, 2040.0 dispatches a token; 0 pieces of Metal 3 work so far
ds4:   Metal 4 a token: 24.83 contexts in 24.83 command buffers (0.00 split); 2117.5 nodes = 2040.0 dispatches + 77.5 copies; barriers 1514.8 from the graph, 49.7 queue; engine asked for 78.4 barriers and 289.7 section ends, neither encoded; 8357.9 buffer and 2350.8 constant bindings (209605 B), 0.0 with no stated length; 24.83 blocking waits, 56.42 ms
ds4:   expert cache over the last 64 tokens: 239.98 hits, 7.42 misses, 7.42 evictions a token; 6679 of 6679 entries live (100.0%)
ds4:   of the address-table holes repaired a token: 0.00 already resident, 7.42 genuinely absent
ds4:   of the repair a token: readahead 6.46 ms, slot preparation 0.50 ms, reads 3.47 ms, install 0.02 ms, over 7.42 loads
ds4:   Engram rows written at step start in 3712 steps; layer-13 drains 0
ds4:   residency a token: 0.00 adds, 0.00 removes, 0.00 commits
ds4:   decode path so far: 3776 single-row steps (75.7 ms each inside the graph over the last 64), 0 K-row verification steps over 0 positions, 0 batch-fusion sites taken; candidate K none
ds4: gate over tokens 3713-3776: 18.56 command buffers, 6.89 aborts, 240.0 expert ids accounted, 79.35 MiB loaded a token; 0 the gate failed to switch off, 0 it could not gate
ds4:   one token, exclusive, same window: entry 0.00 + encode 1.16 + commit-to-done 54.94 + repair-load 11.16 + accounting 0.04 + tail 2.02 = 69.33 of a 73.64 ms wall, residual 4.31
ds4:   GPU busy 57.86 ms of the token's wall (the union of its buffers' spans), idle 15.78 ms
ds4:   1296.4 gated dispatches a token, 4.7 of them behind an abort; 231.1 sent plain ahead of a buffer's first validate
ds4:   encode-ahead: 10.67 segments used, 6.58 dropped, 3.94 ms a token spent encoding under the GPU
ds4:   concurrent sections: 143.78 attempted, 143.78 opened a token
ds4:   speculation: 0.00 layers a token, 0.00 lanes computed, 0.00 matched, 0.00 GEMVs actually saved, 0.00 left to compute; compared 0.00 lanes, 0.00 floats differ, 0.00 by more than an ulp
ds4:   Metal 4: 26.14 command buffers sent, 2155.5 dispatches a token; 0 pieces of Metal 3 work so far
ds4:   Metal 4 a token: 26.14 contexts in 26.14 command buffers (0.00 split); 2238.7 nodes = 2155.5 dispatches + 83.2 copies; barriers 1600.2 from the graph, 52.3 queue; engine asked for 82.2 barriers and 306.8 section ends, neither encoded; 8831.0 buffer and 2485.0 constant bindings (221548 B), 0.0 with no stated length; 26.14 blocking waits, 55.83 ms
ds4:   expert cache over the last 64 tokens: 239.95 hits, 8.36 misses, 8.36 evictions a token; 6679 of 6679 entries live (100.0%)
ds4:   of the address-table holes repaired a token: 0.00 already resident, 8.36 genuinely absent
ds4:   of the repair a token: readahead 6.70 ms, slot preparation 0.52 ms, reads 3.73 ms, install 0.02 ms, over 8.36 loads
ds4:   Engram rows written at step start in 3776 steps; layer-13 drains 0
ds4:   residency a token: 0.00 adds, 0.00 removes, 0.00 commits
ds4:   decode path so far: 3840 single-row steps (74.6 ms each inside the graph over the last 64), 0 K-row verification steps over 0 positions, 0 batch-fusion sites taken; candidate K none
ds4: gate over tokens 3777-3840: 18.17 command buffers, 6.19 aborts, 240.0 expert ids accounted, 70.75 MiB loaded a token; 0 the gate failed to switch off, 0 it could not gate
ds4:   one token, exclusive, same window: entry 0.00 + encode 1.06 + commit-to-done 55.09 + repair-load 10.85 + accounting 0.04 + tail 2.04 = 69.08 of a 73.17 ms wall, residual 4.10
ds4:   GPU busy 58.17 ms of the token's wall (the union of its buffers' spans), idle 15.00 ms
ds4:   1295.8 gated dispatches a token, 3.8 of them behind an abort; 210.3 sent plain ahead of a buffer's first validate
ds4:   encode-ahead: 10.98 segments used, 5.91 dropped, 3.79 ms a token spent encoding under the GPU
ds4:   concurrent sections: 137.38 attempted, 137.38 opened a token
ds4:   speculation: 0.00 layers a token, 0.00 lanes computed, 0.00 matched, 0.00 GEMVs actually saved, 0.00 left to compute; compared 0.00 lanes, 0.00 floats differ, 0.00 by more than an ulp
ds4:   Metal 4: 25.08 command buffers sent, 2064.8 dispatches a token; 0 pieces of Metal 3 work so far
ds4:   Metal 4 a token: 25.08 contexts in 25.08 command buffers (0.00 split); 2142.5 nodes = 2064.8 dispatches + 77.7 copies; barriers 1534.2 from the graph, 50.2 queue; engine asked for 79.4 barriers and 293.6 section ends, neither encoded; 8465.7 buffer and 2380.0 constant bindings (212342 B), 0.0 with no stated length; 25.08 blocking waits, 56.02 ms
ds4:   expert cache over the last 64 tokens: 240.00 hits, 7.45 misses, 7.45 evictions a token; 6679 of 6679 entries live (100.0%)
ds4:   of the address-table holes repaired a token: 0.00 already resident, 7.45 genuinely absent
ds4:   of the repair a token: readahead 6.71 ms, slot preparation 0.50 ms, reads 3.47 ms, install 0.02 ms, over 7.45 loads
ds4:   Engram rows written at step start in 3840 steps; layer-13 drains 0
ds4:   residency a token: 0.00 adds, 0.00 removes, 0.00 commits
ds4:   decode path so far: 3904 single-row steps (76.1 ms each inside the graph over the last 64), 0 K-row verification steps over 0 positions, 0 batch-fusion sites taken; candidate K none
ds4: gate over tokens 3841-3904: 18.38 command buffers, 6.50 aborts, 240.0 expert ids accounted, 73.27 MiB loaded a token; 0 the gate failed to switch off, 0 it could not gate
ds4:   one token, exclusive, same window: entry 0.00 + encode 1.14 + commit-to-done 55.22 + repair-load 11.61 + accounting 0.05 + tail 2.07 = 70.07 of a 74.28 ms wall, residual 4.21
ds4:   GPU busy 58.04 ms of the token's wall (the union of its buffers' spans), idle 16.25 ms
ds4:   1306.2 gated dispatches a token, 4.7 of them behind an abort; 219.7 sent plain ahead of a buffer's first validate
ds4:   encode-ahead: 10.88 segments used, 6.28 dropped, 3.88 ms a token spent encoding under the GPU
ds4:   concurrent sections: 140.91 attempted, 140.91 opened a token
ds4:   speculation: 0.00 layers a token, 0.00 lanes computed, 0.00 matched, 0.00 GEMVs actually saved, 0.00 left to compute; compared 0.00 lanes, 0.00 floats differ, 0.00 by more than an ulp
ds4:   Metal 4: 25.66 command buffers sent, 2116.5 dispatches a token; 0 pieces of Metal 3 work so far
ds4:   Metal 4 a token: 25.66 contexts in 25.66 command buffers (0.00 split); 2197.9 nodes = 2116.5 dispatches + 81.4 copies; barriers 1571.2 from the graph, 51.3 queue; engine asked for 81.1 barriers and 301.0 section ends, neither encoded; 8673.9 buffer and 2439.6 constant bindings (217528 B), 0.0 with no stated length; 25.66 blocking waits, 56.15 ms
ds4:   expert cache over the last 64 tokens: 240.00 hits, 7.72 misses, 7.72 evictions a token; 6679 of 6679 entries live (100.0%)
ds4:   of the address-table holes repaired a token: 0.00 already resident, 7.72 genuinely absent
ds4:   of the repair a token: readahead 7.25 ms, slot preparation 0.53 ms, reads 3.64 ms, install 0.02 ms, over 7.72 loads
ds4:   Engram rows written at step start in 3904 steps; layer-13 drains 0
ds4:   residency a token: 0.00 adds, 0.00 removes, 0.00 commits
ds4:   decode path so far: 3968 single-row steps (75.9 ms each inside the graph over the last 64), 0 K-row verification steps over 0 positions, 0 batch-fusion sites taken; candidate K none
ds4: gate over tokens 3905-3968: 17.95 command buffers, 6.08 aborts, 240.0 expert ids accounted, 68.23 MiB loaded a token; 0 the gate failed to switch off, 0 it could not gate
ds4:   one token, exclusive, same window: entry 0.00 + encode 1.08 + commit-to-done 56.45 + repair-load 10.16 + accounting 0.04 + tail 2.12 = 69.86 of a 73.95 ms wall, residual 4.09
ds4:   GPU busy 59.45 ms of the token's wall (the union of its buffers' spans), idle 14.50 ms
ds4:   1288.3 gated dispatches a token, 4.2 of them behind an abort; 204.3 sent plain ahead of a buffer's first validate
ds4:   encode-ahead: 10.88 segments used, 5.73 dropped, 3.80 ms a token spent encoding under the GPU
ds4:   concurrent sections: 135.03 attempted, 135.03 opened a token
ds4:   speculation: 0.00 layers a token, 0.00 lanes computed, 0.00 matched, 0.00 GEMVs actually saved, 0.00 left to compute; compared 0.00 lanes, 0.00 floats differ, 0.00 by more than an ulp
ds4:   Metal 4: 24.69 command buffers sent, 2032.4 dispatches a token; 0 pieces of Metal 3 work so far
ds4:   Metal 4 a token: 24.69 contexts in 24.69 command buffers (0.00 split); 2108.8 nodes = 2032.4 dispatches + 76.4 copies; barriers 1508.8 from the graph, 49.4 queue; engine asked for 78.0 barriers and 288.7 section ends, neither encoded; 8327.6 buffer and 2342.2 constant bindings (208828 B), 0.0 with no stated length; 24.69 blocking waits, 57.43 ms
ds4:   expert cache over the last 64 tokens: 239.92 hits, 7.19 misses, 7.19 evictions a token; 6679 of 6679 entries live (100.0%)
ds4:   of the address-table holes repaired a token: 0.00 already resident, 7.19 genuinely absent
ds4:   of the repair a token: readahead 5.88 ms, slot preparation 0.51 ms, reads 3.61 ms, install 0.02 ms, over 7.19 loads
ds4:   Engram rows written at step start in 3968 steps; layer-13 drains 0
ds4:   residency a token: 0.00 adds, 0.00 removes, 0.00 commits
ds4:   decode path so far: 4032 single-row steps (74.9 ms each inside the graph over the last 64), 0 K-row verification steps over 0 positions, 0 batch-fusion sites taken; candidate K none
ds4: gate over tokens 3969-4032: 17.98 command buffers, 5.94 aborts, 240.0 expert ids accounted, 67.48 MiB loaded a token; 0 the gate failed to switch off, 0 it could not gate
ds4:   one token, exclusive, same window: entry 0.00 + encode 1.05 + commit-to-done 55.98 + repair-load 9.96 + accounting 0.04 + tail 2.07 = 69.11 of a 73.25 ms wall, residual 4.15
ds4:   GPU busy 59.07 ms of the token's wall (the union of its buffers' spans), idle 14.19 ms
ds4:   1295.8 gated dispatches a token, 5.6 of them behind an abort; 200.6 sent plain ahead of a buffer's first validate
ds4:   encode-ahead: 11.05 segments used, 5.59 dropped, 3.84 ms a token spent encoding under the GPU
ds4:   concurrent sections: 134.59 attempted, 134.59 opened a token
ds4:   speculation: 0.00 layers a token, 0.00 lanes computed, 0.00 matched, 0.00 GEMVs actually saved, 0.00 left to compute; compared 0.00 lanes, 0.00 floats differ, 0.00 by more than an ulp
ds4:   Metal 4: 24.58 command buffers sent, 2028.9 dispatches a token; 0 pieces of Metal 3 work so far
ds4:   Metal 4 a token: 24.58 contexts in 24.58 command buffers (0.00 split); 2104.8 nodes = 2028.9 dispatches + 75.9 copies; barriers 1506.7 from the graph, 49.2 queue; engine asked for 78.0 barriers and 287.8 section ends, neither encoded; 8312.6 buffer and 2337.9 constant bindings (208462 B), 0.0 with no stated length; 24.58 blocking waits, 56.94 ms
ds4:   expert cache over the last 64 tokens: 239.95 hits, 7.11 misses, 7.11 evictions a token; 6679 of 6679 entries live (100.0%)
ds4:   of the address-table holes repaired a token: 0.00 already resident, 7.11 genuinely absent
ds4:   of the repair a token: readahead 6.15 ms, slot preparation 0.49 ms, reads 3.14 ms, install 0.02 ms, over 7.11 loads
ds4:   Engram rows written at step start in 4032 steps; layer-13 drains 0
ds4:   residency a token: 0.00 adds, 0.00 removes, 0.00 commits
ds4:   decode path so far: 4096 single-row steps (75.2 ms each inside the graph over the last 64), 0 K-row verification steps over 0 positions, 0 batch-fusion sites taken; candidate K none
ds4: gate over tokens 4033-4096: 18.33 command buffers, 6.52 aborts, 240.0 expert ids accounted, 78.16 MiB loaded a token; 0 the gate failed to switch off, 0 it could not gate
ds4:   one token, exclusive, same window: entry 0.00 + encode 1.11 + commit-to-done 54.35 + repair-load 11.75 + accounting 0.04 + tail 2.05 = 69.30 of a 73.44 ms wall, residual 4.14
ds4:   GPU busy 57.08 ms of the token's wall (the union of its buffers' spans), idle 16.36 ms
ds4:   1291.4 gated dispatches a token, 4.7 of them behind an abort; 217.5 sent plain ahead of a buffer's first validate
ds4:   encode-ahead: 10.81 segments used, 6.16 dropped, 3.84 ms a token spent encoding under the GPU
ds4:   concurrent sections: 138.81 attempted, 138.81 opened a token
ds4:   speculation: 0.00 layers a token, 0.00 lanes computed, 0.00 matched, 0.00 GEMVs actually saved, 0.00 left to compute; compared 0.00 lanes, 0.00 floats differ, 0.00 by more than an ulp
ds4:   Metal 4: 25.48 command buffers sent, 2081.0 dispatches a token; 0 pieces of Metal 3 work so far
ds4:   Metal 4 a token: 25.48 contexts in 25.48 command buffers (0.00 split); 2163.0 nodes = 2081.0 dispatches + 82.0 copies; barriers 1545.8 from the graph, 51.0 queue; engine asked for 79.9 barriers and 296.6 section ends, neither encoded; 8532.4 buffer and 2399.1 constant bindings (214032 B), 0.0 with no stated length; 25.48 blocking waits, 55.23 ms
ds4:   expert cache over the last 64 tokens: 239.98 hits, 8.23 misses, 8.23 evictions a token; 6679 of 6679 entries live (100.0%)
ds4:   of the address-table holes repaired a token: 0.00 already resident, 8.23 genuinely absent
ds4:   of the repair a token: readahead 6.99 ms, slot preparation 0.50 ms, reads 4.03 ms, install 0.02 ms, over 8.23 loads
ds4:   Engram rows written at step start in 4096 steps; layer-13 drains 0
ds4:   residency a token: 0.00 adds, 0.00 removes, 0.00 commits
ds4: V4.1 static context buffers 3435.75 MiB (ctx=8192), Engram disk-only
ds4: V4.1 static context buffers 3435.75 MiB (ctx=8192), Engram disk-only
ds4: memory budget: the expert cache returned a slab of 337 experts (3.13 GiB); it now has 6342 slots
ds4: memory budget: the expert cache returned a slab of 431 experts (4.00 GiB); it now has 5911 slots
ds4:   decode path so far: 4160 single-row steps (84.6 ms each inside the graph over the last 64), 0 K-row verification steps over 0 positions, 0 batch-fusion sites taken; candidate K none
ds4: gate over tokens 4097-4160: 21.22 command buffers, 10.81 aborts, 240.0 expert ids accounted, 177.39 MiB loaded a token; 0 the gate failed to switch off, 0 it could not gate
ds4:   one token, exclusive, same window: entry 0.00 + encode 1.68 + commit-to-done 56.58 + repair-load 18.60 + accounting 0.04 + tail 1.69 = 78.59 of a 83.45 ms wall, residual 4.86
ds4:   GPU busy 57.31 ms of the token's wall (the union of its buffers' spans), idle 26.14 ms
ds4:   1334.7 gated dispatches a token, 7.5 of them behind an abort; 350.1 sent plain ahead of a buffer's first validate
ds4:   encode-ahead: 9.41 segments used, 10.31 dropped, 4.41 ms a token spent encoding under the GPU
ds4:   concurrent sections: 180.00 attempted, 180.00 opened a token
ds4:   speculation: 0.00 layers a token, 0.00 lanes computed, 0.00 matched, 0.00 GEMVs actually saved, 0.00 left to compute; compared 0.00 lanes, 0.00 floats differ, 0.00 by more than an ulp
ds4:   Metal 4: 32.34 command buffers sent, 2639.4 dispatches a token; 0 pieces of Metal 3 work so far
ds4:   Metal 4 a token: 32.34 contexts in 32.34 command buffers (0.00 split); 2773.9 nodes = 2639.4 dispatches + 134.6 copies; barriers 1987.2 from the graph, 64.7 queue; engine asked for 98.9 barriers and 381.5 section ends, neither encoded; 10891.2 buffer and 3049.0 constant bindings (274783 B), 0.0 with no stated length; 32.34 blocking waits, 56.33 ms
ds4:   expert cache over the last 64 tokens: 239.89 hits, 18.69 misses, 30.69 evictions a token; 5911 of 5911 entries live (100.0%)
ds4:   of the address-table holes repaired a token: 0.00 already resident, 18.69 genuinely absent
ds4:   of the repair a token: readahead 8.00 ms, slot preparation 0.59 ms, reads 9.38 ms, install 0.04 ms, over 18.69 loads
ds4:   Engram rows written at step start in 4160 steps; layer-13 drains 0
ds4:   residency a token: 0.00 adds, 0.00 removes, 0.00 commits
ds4: expert cache lent the prefill headroom for decode: 5911 -> 6679 experts
ds4: expert cache lent the prefill headroom for decode: 5911 -> 6679 experts
ds4:   decode path so far: 4224 single-row steps (75.1 ms each inside the graph over the last 64), 0 K-row verification steps over 0 positions, 0 batch-fusion sites taken; candidate K none
ds4: gate over tokens 4161-4224: 18.45 command buffers, 6.44 aborts, 240.0 expert ids accounted, 76.68 MiB loaded a token; 0 the gate failed to switch off, 0 it could not gate
ds4:   one token, exclusive, same window: entry 0.00 + encode 1.04 + commit-to-done 54.57 + repair-load 11.97 + accounting 0.04 + tail 1.01 = 68.63 of a 72.77 ms wall, residual 4.14
ds4:   GPU busy 56.66 ms of the token's wall (the union of its buffers' spans), idle 16.12 ms
ds4:   1302.7 gated dispatches a token, 5.6 of them behind an abort; 214.2 sent plain ahead of a buffer's first validate
ds4:   encode-ahead: 11.02 segments used, 6.06 dropped, 3.89 ms a token spent encoding under the GPU
ds4:   concurrent sections: 139.91 attempted, 139.91 opened a token
ds4:   speculation: 0.00 layers a token, 0.00 lanes computed, 0.00 matched, 0.00 GEMVs actually saved, 0.00 left to compute; compared 0.00 lanes, 0.00 floats differ, 0.00 by more than an ulp
ds4:   Metal 4: 25.08 command buffers sent, 2088.9 dispatches a token; 0 pieces of Metal 3 work so far
ds4:   Metal 4 a token: 25.08 contexts in 25.08 command buffers (0.00 split); 2159.4 nodes = 2088.9 dispatches + 70.5 copies; barriers 1611.9 from the graph, 50.2 queue; engine asked for 80.6 barriers and 298.5 section ends, neither encoded; 8701.0 buffer and 2409.7 constant bindings (220964 B), 0.0 with no stated length; 25.08 blocking waits, 54.54 ms
ds4:   expert cache over the last 64 tokens: 239.97 hits, 8.08 misses, 4.28 evictions a token; 6154 of 6679 entries live (92.1%)
ds4:   of the address-table holes repaired a token: 0.00 already resident, 8.08 genuinely absent
ds4:   of the repair a token: readahead 5.08 ms, slot preparation 3.84 ms, reads 2.91 ms, install 0.02 ms, over 8.08 loads
ds4:   Engram rows written at step start in 4224 steps; layer-13 drains 0
ds4:   residency a token: 0.00 adds, 0.00 removes, 0.00 commits
ds4:   decode path so far: 4288 single-row steps (77.8 ms each inside the graph over the last 64), 0 K-row verification steps over 0 positions, 0 batch-fusion sites taken; candidate K none
ds4: gate over tokens 4225-4288: 19.25 command buffers, 7.83 aborts, 240.0 expert ids accounted, 91.66 MiB loaded a token; 0 the gate failed to switch off, 0 it could not gate
ds4:   one token, exclusive, same window: entry 0.00 + encode 1.28 + commit-to-done 50.33 + repair-load 18.46 + accounting 0.04 + tail 1.93 = 72.04 of a 76.43 ms wall, residual 4.39
ds4:   GPU busy 52.52 ms of the token's wall (the union of its buffers' spans), idle 23.91 ms
ds4:   1306.5 gated dispatches a token, 6.1 of them behind an abort; 256.0 sent plain ahead of a buffer's first validate
ds4:   encode-ahead: 10.42 segments used, 7.53 dropped, 4.00 ms a token spent encoding under the GPU
ds4:   concurrent sections: 152.75 attempted, 152.75 opened a token
ds4:   speculation: 0.00 layers a token, 0.00 lanes computed, 0.00 matched, 0.00 GEMVs actually saved, 0.00 left to compute; compared 0.00 lanes, 0.00 floats differ, 0.00 by more than an ulp
ds4:   Metal 4: 27.78 command buffers sent, 2259.5 dispatches a token; 0 pieces of Metal 3 work so far
ds4:   Metal 4 a token: 27.78 contexts in 27.78 command buffers (0.00 split); 2329.7 nodes = 2259.5 dispatches + 70.2 copies; barriers 1741.1 from the graph, 55.6 queue; engine asked for 86.5 barriers and 325.5 section ends, neither encoded; 9415.5 buffer and 2608.7 constant bindings (239140 B), 0.0 with no stated length; 27.78 blocking waits, 51.05 ms
ds4:   expert cache over the last 64 tokens: 240.00 hits, 9.66 misses, 1.45 evictions a token; 6679 of 6679 entries live (100.0%)
ds4:   of the address-table holes repaired a token: 0.00 already resident, 9.66 genuinely absent
ds4:   of the repair a token: readahead 8.18 ms, slot preparation 6.85 ms, reads 3.37 ms, install 0.03 ms, over 9.66 loads
ds4:   Engram rows written at step start in 4288 steps; layer-13 drains 0
ds4:   residency a token: 0.00 adds, 0.00 removes, 0.00 commits
ds4:   decode path so far: 4352 single-row steps (75.9 ms each inside the graph over the last 64), 0 K-row verification steps over 0 positions, 0 batch-fusion sites taken; candidate K none
ds4: gate over tokens 4289-4352: 17.62 command buffers, 5.42 aborts, 240.0 expert ids accounted, 57.99 MiB loaded a token; 0 the gate failed to switch off, 0 it could not gate
ds4:   one token, exclusive, same window: entry 0.00 + encode 1.04 + commit-to-done 56.36 + repair-load 10.43 + accounting 0.04 + tail 2.21 = 70.07 of a 74.33 ms wall, residual 4.26
ds4:   GPU busy 60.01 ms of the token's wall (the union of its buffers' spans), idle 14.32 ms
ds4:   1287.4 gated dispatches a token, 2.8 of them behind an abort; 182.7 sent plain ahead of a buffer's first validate
ds4:   encode-ahead: 11.20 segments used, 5.09 dropped, 3.94 ms a token spent encoding under the GPU
ds4:   concurrent sections: 129.22 attempted, 129.22 opened a token
ds4:   speculation: 0.00 layers a token, 0.00 lanes computed, 0.00 matched, 0.00 GEMVs actually saved, 0.00 left to compute; compared 0.00 lanes, 0.00 floats differ, 0.00 by more than an ulp
ds4:   Metal 4: 23.72 command buffers sent, 1946.1 dispatches a token; 0 pieces of Metal 3 work so far
ds4:   Metal 4 a token: 23.72 contexts in 23.72 command buffers (0.00 split); 2016.1 nodes = 1946.1 dispatches + 70.0 copies; barriers 1502.2 from the graph, 47.4 queue; engine asked for 75.5 barriers and 276.7 section ends, neither encoded; 8097.9 buffer and 2243.0 constant bindings (205740 B), 0.0 with no stated length; 23.72 blocking waits, 57.47 ms
ds4:   expert cache over the last 64 tokens: 239.98 hits, 6.11 misses, 6.11 evictions a token; 6679 of 6679 entries live (100.0%)
ds4:   of the address-table holes repaired a token: 0.00 already resident, 6.11 genuinely absent
ds4:   of the repair a token: readahead 6.72 ms, slot preparation 0.51 ms, reads 3.08 ms, install 0.02 ms, over 6.11 loads
ds4:   Engram rows written at step start in 4352 steps; layer-13 drains 0
ds4:   residency a token: 0.00 adds, 0.00 removes, 0.00 commits
ds4:   decode path so far: 4416 single-row steps (75.0 ms each inside the graph over the last 64), 0 K-row verification steps over 0 positions, 0 batch-fusion sites taken; candidate K none
ds4: gate over tokens 4353-4416: 18.44 command buffers, 6.62 aborts, 240.0 expert ids accounted, 87.95 MiB loaded a token; 0 the gate failed to switch off, 0 it could not gate
ds4:   one token, exclusive, same window: entry 0.00 + encode 1.24 + commit-to-done 52.32 + repair-load 13.78 + accounting 0.04 + tail 2.01 = 69.40 of a 73.87 ms wall, residual 4.47
ds4:   GPU busy 55.18 ms of the token's wall (the union of its buffers' spans), idle 18.68 ms
ds4:   1304.0 gated dispatches a token, 2.9 of them behind an abort; 226.2 sent plain ahead of a buffer's first validate
ds4:   encode-ahead: 10.81 segments used, 6.39 dropped, 4.15 ms a token spent encoding under the GPU
ds4:   concurrent sections: 141.28 attempted, 141.28 opened a token
ds4:   speculation: 0.00 layers a token, 0.00 lanes computed, 0.00 matched, 0.00 GEMVs actually saved, 0.00 left to compute; compared 0.00 lanes, 0.00 floats differ, 0.00 by more than an ulp
ds4:   Metal 4: 25.83 command buffers sent, 2122.6 dispatches a token; 0 pieces of Metal 3 work so far
ds4:   Metal 4 a token: 25.83 contexts in 25.83 command buffers (0.00 split); 2206.9 nodes = 2122.6 dispatches + 84.3 copies; barriers 1624.2 from the graph, 51.7 queue; engine asked for 81.2 barriers and 301.8 section ends, neither encoded; 8802.7 buffer and 2446.4 constant bindings (222875 B), 0.0 with no stated length; 25.83 blocking waits, 53.10 ms
ds4:   expert cache over the last 64 tokens: 239.97 hits, 9.27 misses, 9.27 evictions a token; 6679 of 6679 entries live (100.0%)
ds4:   of the address-table holes repaired a token: 0.00 already resident, 9.27 genuinely absent
ds4:   of the repair a token: readahead 9.19 ms, slot preparation 0.51 ms, reads 3.79 ms, install 0.02 ms, over 9.27 loads
ds4:   Engram rows written at step start in 4416 steps; layer-13 drains 0
ds4:   residency a token: 0.00 adds, 0.00 removes, 0.00 commits
ds4:   decode path so far: 4480 single-row steps (71.3 ms each inside the graph over the last 64), 0 K-row verification steps over 0 positions, 0 batch-fusion sites taken; candidate K none
ds4: gate over tokens 4417-4480: 17.17 command buffers, 4.72 aborts, 240.0 expert ids accounted, 52.95 MiB loaded a token; 0 the gate failed to switch off, 0 it could not gate
ds4:   one token, exclusive, same window: entry 0.00 + encode 1.00 + commit-to-done 53.75 + repair-load 8.94 + accounting 0.04 + tail 2.10 = 65.83 of a 70.07 ms wall, residual 4.24
ds4:   GPU busy 57.32 ms of the token's wall (the union of its buffers' spans), idle 12.75 ms
ds4:   1319.4 gated dispatches a token, 5.3 of them behind an abort; 173.6 sent plain ahead of a buffer's first validate
ds4:   encode-ahead: 11.45 segments used, 4.55 dropped, 3.99 ms a token spent encoding under the GPU
ds4:   concurrent sections: 124.06 attempted, 124.06 opened a token
ds4:   speculation: 0.00 layers a token, 0.00 lanes computed, 0.00 matched, 0.00 GEMVs actually saved, 0.00 left to compute; compared 0.00 lanes, 0.00 floats differ, 0.00 by more than an ulp
ds4:   Metal 4: 22.72 command buffers sent, 1937.5 dispatches a token; 0 pieces of Metal 3 work so far
ds4:   Metal 4 a token: 22.72 contexts in 22.72 command buffers (0.00 split); 2003.4 nodes = 1937.5 dispatches + 65.8 copies; barriers 1452.1 from the graph, 45.4 queue; engine asked for 73.3 barriers and 266.1 section ends, neither encoded; 7935.0 buffer and 2223.2 constant bindings (198953 B), 0.0 with no stated length; 22.72 blocking waits, 54.76 ms
ds4:   expert cache over the last 64 tokens: 240.00 hits, 5.58 misses, 5.58 evictions a token; 6679 of 6679 entries live (100.0%)
ds4:   of the address-table holes repaired a token: 0.00 already resident, 5.58 genuinely absent
ds4:   of the repair a token: readahead 4.73 ms, slot preparation 0.44 ms, reads 3.63 ms, install 0.02 ms, over 5.58 loads
ds4:   Engram rows written at step start in 4480 steps; layer-13 drains 0
ds4:   residency a token: 0.00 adds, 0.00 removes, 0.00 commits
ds4:   decode path so far: 4544 single-row steps (70.5 ms each inside the graph over the last 64), 0 K-row verification steps over 0 positions, 0 batch-fusion sites taken; candidate K none
ds4: gate over tokens 4481-4544: 16.86 command buffers, 4.39 aborts, 240.0 expert ids accounted, 46.27 MiB loaded a token; 0 the gate failed to switch off, 0 it could not gate
ds4:   one token, exclusive, same window: entry 0.00 + encode 0.84 + commit-to-done 54.53 + repair-load 7.10 + accounting 0.04 + tail 2.11 = 64.63 of a 68.45 ms wall, residual 3.82
ds4:   GPU busy 58.01 ms of the token's wall (the union of its buffers' spans), idle 10.44 ms
ds4:   1314.2 gated dispatches a token, 3.4 of them behind an abort; 158.5 sent plain ahead of a buffer's first validate
ds4:   encode-ahead: 11.47 segments used, 4.19 dropped, 3.58 ms a token spent encoding under the GPU
ds4:   concurrent sections: 120.00 attempted, 120.00 opened a token
ds4:   speculation: 0.00 layers a token, 0.00 lanes computed, 0.00 matched, 0.00 GEMVs actually saved, 0.00 left to compute; compared 0.00 lanes, 0.00 floats differ, 0.00 by more than an ulp
ds4:   Metal 4: 22.05 command buffers sent, 1876.0 dispatches a token; 0 pieces of Metal 3 work so far
ds4:   Metal 4 a token: 22.05 contexts in 22.05 command buffers (0.00 split); 1937.0 nodes = 1876.0 dispatches + 61.0 copies; barriers 1405.4 from the graph, 44.1 queue; engine asked for 71.3 barriers and 257.7 section ends, neither encoded; 7682.2 buffer and 2152.6 constant bindings (192575 B), 0.0 with no stated length; 22.05 blocking waits, 55.68 ms
ds4:   expert cache over the last 64 tokens: 240.00 hits, 4.88 misses, 4.88 evictions a token; 6679 of 6679 entries live (100.0%)
ds4:   of the address-table holes repaired a token: 0.00 already resident, 4.88 genuinely absent
ds4:   of the repair a token: readahead 4.23 ms, slot preparation 0.40 ms, reads 2.39 ms, install 0.01 ms, over 4.88 loads
ds4:   Engram rows written at step start in 4544 steps; layer-13 drains 0
ds4:   residency a token: 0.00 adds, 0.00 removes, 0.00 commits
ds4:   decode path so far: 4608 single-row steps (68.2 ms each inside the graph over the last 64), 0 K-row verification steps over 0 positions, 0 batch-fusion sites taken; candidate K none
ds4: gate over tokens 4545-4608: 15.98 command buffers, 2.95 aborts, 240.0 expert ids accounted, 29.96 MiB loaded a token; 0 the gate failed to switch off, 0 it could not gate
ds4:   one token, exclusive, same window: entry 0.00 + encode 0.63 + commit-to-done 55.92 + repair-load 4.13 + accounting 0.05 + tail 2.16 = 62.89 of a 66.44 ms wall, residual 3.55
ds4:   GPU busy 59.79 ms of the token's wall (the union of its buffers' spans), idle 6.66 ms
ds4:   1308.3 gated dispatches a token, 2.4 of them behind an abort; 111.5 sent plain ahead of a buffer's first validate
ds4:   encode-ahead: 12.03 segments used, 2.78 dropped, 3.38 ms a token spent encoding under the GPU
ds4:   concurrent sections: 106.69 attempted, 106.69 opened a token
ds4:   speculation: 0.00 layers a token, 0.00 lanes computed, 0.00 matched, 0.00 GEMVs actually saved, 0.00 left to compute; compared 0.00 lanes, 0.00 floats differ, 0.00 by more than an ulp
ds4:   Metal 4: 19.77 command buffers sent, 1692.8 dispatches a token; 0 pieces of Metal 3 work so far
ds4:   Metal 4 a token: 19.77 contexts in 19.77 command buffers (0.00 split); 1741.1 nodes = 1692.8 dispatches + 48.3 copies; barriers 1269.6 from the graph, 39.5 queue; engine asked for 65.2 barriers and 230.2 section ends, neither encoded; 6930.0 buffer and 1939.8 constant bindings (173606 B), 0.0 with no stated length; 19.77 blocking waits, 57.22 ms
ds4:   expert cache over the last 64 tokens: 240.00 hits, 3.16 misses, 3.16 evictions a token; 6679 of 6679 entries live (100.0%)
ds4:   of the address-table holes repaired a token: 0.00 already resident, 3.16 genuinely absent
ds4:   of the repair a token: readahead 2.30 ms, slot preparation 0.30 ms, reads 1.49 ms, install 0.01 ms, over 3.16 loads
ds4:   Engram rows written at step start in 4608 steps; layer-13 drains 0
ds4:   residency a token: 0.00 adds, 0.00 removes, 0.00 commits
ds4:   decode path so far: 4672 single-row steps (71.9 ms each inside the graph over the last 64), 0 K-row verification steps over 0 positions, 0 batch-fusion sites taken; candidate K none
ds4: gate over tokens 4609-4672: 17.12 command buffers, 4.78 aborts, 240.0 expert ids accounted, 55.77 MiB loaded a token; 0 the gate failed to switch off, 0 it could not gate
ds4:   one token, exclusive, same window: entry 0.00 + encode 0.88 + commit-to-done 54.69 + repair-load 8.13 + accounting 0.04 + tail 2.05 = 65.79 of a 69.62 ms wall, residual 3.82
ds4:   GPU busy 58.00 ms of the token's wall (the union of its buffers' spans), idle 11.61 ms
ds4:   1310.4 gated dispatches a token, 6.3 of them behind an abort; 170.4 sent plain ahead of a buffer's first validate
ds4:   encode-ahead: 11.34 segments used, 4.42 dropped, 3.58 ms a token spent encoding under the GPU
ds4:   concurrent sections: 122.97 attempted, 122.97 opened a token
ds4:   speculation: 0.00 layers a token, 0.00 lanes computed, 0.00 matched, 0.00 GEMVs actually saved, 0.00 left to compute; compared 0.00 lanes, 0.00 floats differ, 0.00 by more than an ulp
ds4:   Metal 4: 22.55 command buffers sent, 1909.7 dispatches a token; 0 pieces of Metal 3 work so far
ds4:   Metal 4 a token: 22.55 contexts in 22.55 command buffers (0.00 split); 1974.4 nodes = 1909.7 dispatches + 64.7 copies; barriers 1432.0 from the graph, 45.1 queue; engine asked for 72.5 barriers and 263.7 section ends, neither encoded; 7830.6 buffer and 2192.8 constant bindings (196355 B), 0.0 with no stated length; 22.55 blocking waits, 55.74 ms
ds4:   expert cache over the last 64 tokens: 239.98 hits, 5.88 misses, 5.88 evictions a token; 6679 of 6679 entries live (100.0%)
ds4:   of the address-table holes repaired a token: 0.00 already resident, 5.88 genuinely absent
ds4:   of the repair a token: readahead 4.81 ms, slot preparation 0.38 ms, reads 2.80 ms, install 0.02 ms, over 5.88 loads
ds4:   Engram rows written at step start in 4672 steps; layer-13 drains 0
ds4:   residency a token: 0.00 adds, 0.00 removes, 0.00 commits
ds4: V4.1 static context buffers 3435.75 MiB (ctx=8192), Engram disk-only
ds4: V4.1 static context buffers 3435.75 MiB (ctx=8192), Engram disk-only
ds4: memory budget: the expert cache returned a slab of 337 experts (3.13 GiB); it now has 6342 slots
ds4: memory budget: the expert cache returned a slab of 431 experts (4.00 GiB); it now has 5911 slots
ds4: V4.1 K-block effective configuration: rows=699 exact_vocab=0 head_tile=0 dense_tile=4 block_kv=1 block_levels=1 block_attn_k=0 block_attn_raw=0 block_low_batch=0 block_attn=0 batch_fuse=0 batch_attn_out=1 batch_stream_experts=1 row_gather=1 moe_expert_major=0 block_txn=0 row_logits_readback=0
ds4: V4.1 block-local KV delta, 699 rows over 127 prefix keys
ds4: V4.1 batch attn_output_b hoisted out of the per-row loop (699 rows)
ds4: V4.1 routed gate/up encode: ds4_gpu_encode_mul_mv_addr_iq2_pair_swiglu
ds4: V4.1 block attention by level, 699 rows, concurrent section open
ds4: V4.1 batch step rows=699 pre 0.0 ms, per-row attention 0.0 ms, moe 0.0 ms, head 0.0 ms, setup 0.0 ms, publish 0.0 ms
ds4: V4.1 prefill of 4096 rows interleaved layer by layer with the 699-row tail after it
ds4: V4.1 prefill tail at position 4096 ran 699 rows as 1 batch steps
ds4: expert cache lent the prefill headroom for decode: 5911 -> 6679 experts
ds4: memory budget: the expert cache returned a slab of 308 experts (2.86 GiB); it now has 5603 slots
ds4: memory budget: the expert cache returned a slab of 431 experts (4.00 GiB); it now has 5172 slots
ds4: memory budget: the expert cache returned a slab of 431 experts (4.00 GiB); it now has 4741 slots
ds4: memory budget: the expert cache returned a slab of 431 experts (4.00 GiB); it now has 4310 slots
ds4: memory budget reached: a cache slab of 4.00 GiB refused with 72.87 GiB allocated and a 7.12 GiB prefill reserve, of a 80.00 GiB budget; the expert cache now evicts to make room
ds4: V4.1 batch step rows=699 pre 0.0 ms, per-row attention 0.0 ms, moe 0.0 ms, head 0.0 ms, setup 0.0 ms, publish 0.0 ms
ds4: V4.1 prefill of 4096 rows interleaved layer by layer with the 699-row tail after it
ds4: V4.1 prefill tail at position 4096 ran 699 rows as 1 batch steps
ds4: expert cache lent the prefill headroom for decode: 5911 -> 6679 experts
ds4:   decode path so far: 4736 single-row steps (88.1 ms each inside the graph over the last 64), 2 K-row verification steps over 1398 positions, 0 batch-fusion sites taken; candidate K 32:2
ds4:   host row loop: 2796 nodes attended one at a time
ds4: gate over tokens 4673-4736: 25.44 command buffers, 17.02 aborts, 240.0 expert ids accounted, 339.35 MiB loaded a token; 0 the gate failed to switch off, 0 it could not gate
ds4:   one token, exclusive, same window: entry 0.00 + encode 2.29 + commit-to-done 53.66 + repair-load 23.03 + accounting 0.04 + tail 1.96 = 80.99 of a 87.27 ms wall, residual 6.28
ds4:   GPU busy 1877.96 ms of the token's wall (the union of its buffers' spans), idle -1790.69 ms
ds4:   1395.2 gated dispatches a token, 8.9 of them behind an abort; 545.8 sent plain ahead of a buffer's first validate
ds4:   encode-ahead: 7.42 segments used, 16.33 dropped, 5.48 ms a token spent encoding under the GPU
ds4:   concurrent sections: 239.72 attempted, 239.72 opened a token
ds4:   speculation: 0.00 layers a token, 0.00 lanes computed, 0.00 matched, 0.00 GEMVs actually saved, 0.00 left to compute; compared 0.00 lanes, 0.00 floats differ, 0.00 by more than an ulp
ds4:   Metal 4: 52.86 command buffers sent, 13927.3 dispatches a token; 0 pieces of Metal 3 work so far
ds4:   Metal 4 a token: 52.86 contexts in 56.98 command buffers (1.38 split); 15997.4 nodes = 13927.3 dispatches + 2070.0 copies; barriers 8518.0 from the graph, 114.0 queue; engine asked for 136.7 barriers and 514.0 section ends, neither encoded; 34705.0 buffer and 14653.7 constant bindings (1154574 B), 0.0 with no stated length; 52.86 blocking waits, 1885.48 ms
ds4:   expert cache over the last 64 tokens: 5227.61 hits, 132.91 misses, 152.94 evictions a token; 5397 of 6679 entries live (80.8%)
ds4:   of the address-table holes repaired a token: 0.00 already resident, 35.75 genuinely absent
ds4:   of the repair a token: readahead 9.68 ms, slot preparation 18.37 ms, reads 9.54 ms, install 0.17 ms, over 132.91 loads
ds4:   Engram rows written at step start in 4736 steps; layer-13 drains 0
ds4:   residency a token: 0.00 adds, 0.00 removes, 0.00 commits
ds4:   decode path so far: 4800 single-row steps (99.1 ms each inside the graph over the last 64), 2 K-row verification steps over 1398 positions, 0 batch-fusion sites taken; candidate K 32:2
ds4:   host row loop: 2796 nodes attended one at a time
ds4: gate over tokens 4737-4800: 28.47 command buffers, 21.61 aborts, 240.0 expert ids accounted, 338.60 MiB loaded a token; 0 the gate failed to switch off, 0 it could not gate
ds4:   one token, exclusive, same window: entry 0.00 + encode 3.53 + commit-to-done 55.00 + repair-load 28.84 + accounting 0.04 + tail 1.95 = 89.36 of a 96.79 ms wall, residual 7.43
ds4:   GPU busy 54.55 ms of the token's wall (the union of its buffers' spans), idle 42.24 ms
ds4:   1414.2 gated dispatches a token, 15.5 of them behind an abort; 695.4 sent plain ahead of a buffer's first validate
ds4:   encode-ahead: 5.86 segments used, 20.73 dropped, 6.50 ms a token spent encoding under the GPU
ds4:   concurrent sections: 281.50 attempted, 281.50 opened a token
ds4:   speculation: 0.00 layers a token, 0.00 lanes computed, 0.00 matched, 0.00 GEMVs actually saved, 0.00 left to compute; compared 0.00 lanes, 0.00 floats differ, 0.00 by more than an ulp
ds4:   Metal 4: 50.20 command buffers sent, 4056.6 dispatches a token; 0 pieces of Metal 3 work so far
ds4:   Metal 4 a token: 50.20 contexts in 50.20 command buffers (0.00 split); 4277.6 nodes = 4056.6 dispatches + 221.0 copies; barriers 3012.9 from the graph, 100.4 queue; engine asked for 145.7 barriers and 591.6 section ends, neither encoded; 16619.5 buffer and 4691.6 constant bindings (418907 B), 0.0 with no stated length; 50.20 blocking waits, 54.43 ms
ds4:   expert cache over the last 64 tokens: 221.52 hits, 35.67 misses, 35.67 evictions a token; 5397 of 6679 entries live (80.8%)
ds4:   of the address-table holes repaired a token: 0.00 already resident, 35.67 genuinely absent
ds4:   of the repair a token: readahead 16.46 ms, slot preparation 2.48 ms, reads 9.76 ms, install 0.09 ms, over 35.67 loads
ds4:   Engram rows written at step start in 4800 steps; layer-13 drains 0
ds4:   residency a token: 0.00 adds, 0.00 removes, 0.00 commits
ds4:   decode path so far: 4864 single-row steps (82.1 ms each inside the graph over the last 64), 2 K-row verification steps over 1398 positions, 0 batch-fusion sites taken; candidate K 32:2
ds4:   host row loop: 2796 nodes attended one at a time
ds4: gate over tokens 4801-4864: 20.11 command buffers, 9.06 aborts, 240.0 expert ids accounted, 112.27 MiB loaded a token; 0 the gate failed to switch off, 0 it could not gate
ds4:   one token, exclusive, same window: entry 0.00 + encode 1.71 + commit-to-done 56.01 + repair-load 15.46 + accounting 0.04 + tail 2.03 = 75.26 of a 80.60 ms wall, residual 5.34
ds4:   GPU busy 58.10 ms of the token's wall (the union of its buffers' spans), idle 22.50 ms
ds4:   1341.1 gated dispatches a token, 5.6 of them behind an abort; 300.3 sent plain ahead of a buffer's first validate
ds4:   encode-ahead: 10.05 segments used, 8.70 dropped, 4.91 ms a token spent encoding under the GPU
ds4:   concurrent sections: 164.75 attempted, 164.75 opened a token
ds4:   speculation: 0.00 layers a token, 0.00 lanes computed, 0.00 matched, 0.00 GEMVs actually saved, 0.00 left to compute; compared 0.00 lanes, 0.00 floats differ, 0.00 by more than an ulp
ds4:   Metal 4: 29.81 command buffers sent, 2461.4 dispatches a token; 0 pieces of Metal 3 work so far
ds4:   Metal 4 a token: 29.81 contexts in 29.81 command buffers (0.00 split); 2561.1 nodes = 2461.4 dispatches + 99.8 copies; barriers 1834.1 from the graph, 59.6 queue; engine asked for 92.1 barriers and 350.2 section ends, neither encoded; 10073.7 buffer and 2837.4 constant bindings (253779 B), 0.0 with no stated length; 29.81 blocking waits, 56.52 ms
ds4:   expert cache over the last 64 tokens: 239.95 hits, 11.83 misses, 11.83 evictions a token; 5397 of 6679 entries live (80.8%)
ds4:   of the address-table holes repaired a token: 0.00 already resident, 11.83 genuinely absent
ds4:   of the repair a token: readahead 9.97 ms, slot preparation 1.02 ms, reads 4.41 ms, install 0.03 ms, over 11.83 loads
ds4:   Engram rows written at step start in 4864 steps; layer-13 drains 0
ds4:   residency a token: 0.00 adds, 0.00 removes, 0.00 commits
ds4:   decode path so far: 4928 single-row steps (80.8 ms each inside the graph over the last 64), 2 K-row verification steps over 1398 positions, 0 batch-fusion sites taken; candidate K 32:2
ds4:   host row loop: 2796 nodes attended one at a time
ds4: gate over tokens 4865-4928: 19.55 command buffers, 8.73 aborts, 240.0 expert ids accounted, 111.98 MiB loaded a token; 0 the gate failed to switch off, 0 it could not gate
ds4:   one token, exclusive, same window: entry 0.00 + encode 1.66 + commit-to-done 54.66 + repair-load 15.77 + accounting 0.04 + tail 1.98 = 74.11 of a 79.25 ms wall, residual 5.14
ds4:   GPU busy 56.51 ms of the token's wall (the union of its buffers' spans), idle 22.74 ms
ds4:   1311.0 gated dispatches a token, 5.6 of them behind an abort; 293.4 sent plain ahead of a buffer's first validate
ds4:   encode-ahead: 9.81 segments used, 8.45 dropped, 4.72 ms a token spent encoding under the GPU
ds4:   concurrent sections: 160.28 attempted, 160.28 opened a token
ds4:   speculation: 0.00 layers a token, 0.00 lanes computed, 0.00 matched, 0.00 GEMVs actually saved, 0.00 left to compute; compared 0.00 lanes, 0.00 floats differ, 0.00 by more than an ulp
ds4:   Metal 4: 29.00 command buffers sent, 2400.9 dispatches a token; 0 pieces of Metal 3 work so far
ds4:   Metal 4 a token: 29.00 contexts in 29.00 command buffers (0.00 split); 2497.9 nodes = 2400.9 dispatches + 97.0 copies; barriers 1788.1 from the graph, 58.0 queue; engine asked for 89.7 barriers and 340.8 section ends, neither encoded; 9815.9 buffer and 2766.8 constant bindings (247283 B), 0.0 with no stated length; 29.00 blocking waits, 55.18 ms
ds4:   expert cache over the last 64 tokens: 240.00 hits, 11.80 misses, 11.80 evictions a token; 5397 of 6679 entries live (80.8%)
ds4:   of the address-table holes repaired a token: 0.00 already resident, 11.80 genuinely absent
ds4:   of the repair a token: readahead 10.41 ms, slot preparation 0.99 ms, reads 4.32 ms, install 0.03 ms, over 11.80 loads
ds4:   Engram rows written at step start in 4928 steps; layer-13 drains 0
ds4:   residency a token: 0.00 adds, 0.00 removes, 0.00 commits
ds4:   decode path so far: 4992 single-row steps (83.7 ms each inside the graph over the last 64), 2 K-row verification steps over 1398 positions, 0 batch-fusion sites taken; candidate K 32:2
ds4:   host row loop: 2796 nodes attended one at a time
ds4: gate over tokens 4929-4992: 20.97 command buffers, 10.47 aborts, 240.0 expert ids accounted, 144.90 MiB loaded a token; 0 the gate failed to switch off, 0 it could not gate
ds4:   one token, exclusive, same window: entry 0.00 + encode 1.85 + commit-to-done 53.22 + repair-load 19.29 + accounting 0.04 + tail 1.90 = 76.30 of a 81.58 ms wall, residual 5.28
ds4:   GPU busy 54.14 ms of the token's wall (the union of its buffers' spans), idle 27.44 ms
ds4:   1334.8 gated dispatches a token, 8.9 of them behind an abort; 346.3 sent plain ahead of a buffer's first validate
ds4:   encode-ahead: 9.50 segments used, 9.95 dropped, 4.84 ms a token spent encoding under the GPU
ds4:   concurrent sections: 176.31 attempted, 176.31 opened a token
ds4:   speculation: 0.00 layers a token, 0.00 lanes computed, 0.00 matched, 0.00 GEMVs actually saved, 0.00 left to compute; compared 0.00 lanes, 0.00 floats differ, 0.00 by more than an ulp
ds4:   Metal 4: 31.92 command buffers sent, 2621.5 dispatches a token; 0 pieces of Metal 3 work so far
ds4:   Metal 4 a token: 31.92 contexts in 31.92 command buffers (0.00 split); 2740.1 nodes = 2621.5 dispatches + 118.6 copies; barriers 1951.3 from the graph, 63.8 queue; engine asked for 97.1 barriers and 374.1 section ends, neither encoded; 10720.0 buffer and 3022.9 constant bindings (270110 B), 0.0 with no stated length; 31.92 blocking waits, 53.49 ms
ds4:   expert cache over the last 64 tokens: 239.92 hits, 15.27 misses, 15.27 evictions a token; 5397 of 6679 entries live (80.8%)
ds4:   of the address-table holes repaired a token: 0.00 already resident, 15.27 genuinely absent
ds4:   of the repair a token: readahead 12.38 ms, slot preparation 1.22 ms, reads 5.63 ms, install 0.04 ms, over 15.27 loads
ds4:   Engram rows written at step start in 4992 steps; layer-13 drains 0
ds4:   residency a token: 0.00 adds, 0.00 removes, 0.00 commits
ds4:   decode path so far: 5056 single-row steps (80.2 ms each inside the graph over the last 64), 2 K-row verification steps over 1398 positions, 0 batch-fusion sites taken; candidate K 32:2
ds4:   host row loop: 2796 nodes attended one at a time
ds4: gate over tokens 4993-5056: 19.42 command buffers, 8.20 aborts, 240.0 expert ids accounted, 98.63 MiB loaded a token; 0 the gate failed to switch off, 0 it could not gate
ds4:   one token, exclusive, same window: entry 0.00 + encode 1.50 + commit-to-done 54.93 + repair-load 15.72 + accounting 0.04 + tail 1.96 = 74.14 of a 79.06 ms wall, residual 4.92
ds4:   GPU busy 56.87 ms of the token's wall (the union of its buffers' spans), idle 22.19 ms
ds4:   1323.4 gated dispatches a token, 3.8 of them behind an abort; 274.7 sent plain ahead of a buffer's first validate
ds4:   encode-ahead: 10.22 segments used, 7.91 dropped, 4.54 ms a token spent encoding under the GPU
ds4:   concurrent sections: 155.94 attempted, 155.94 opened a token
ds4:   speculation: 0.00 layers a token, 0.00 lanes computed, 0.00 matched, 0.00 GEMVs actually saved, 0.00 left to compute; compared 0.00 lanes, 0.00 floats differ, 0.00 by more than an ulp
ds4:   Metal 4: 28.33 command buffers sent, 2343.5 dispatches a token; 0 pieces of Metal 3 work so far
ds4:   Metal 4 a token: 28.33 contexts in 28.33 command buffers (0.00 split); 2440.1 nodes = 2343.5 dispatches + 96.6 copies; barriers 1745.1 from the graph, 56.7 queue; engine asked for 87.9 barriers and 332.0 section ends, neither encoded; 9581.0 buffer and 2699.8 constant bindings (241266 B), 0.0 with no stated length; 28.33 blocking waits, 55.50 ms
ds4:   expert cache over the last 64 tokens: 239.97 hits, 10.39 misses, 10.39 evictions a token; 5397 of 6679 entries live (80.8%)
ds4:   of the address-table holes repaired a token: 0.00 already resident, 10.39 genuinely absent
ds4:   of the repair a token: readahead 9.98 ms, slot preparation 0.91 ms, reads 4.78 ms, install 0.03 ms, over 10.39 loads
ds4:   Engram rows written at step start in 5056 steps; layer-13 drains 0
ds4:   residency a token: 0.00 adds, 0.00 removes, 0.00 commits
ds4:   decode path so far: 5120 single-row steps (89.5 ms each inside the graph over the last 64), 2 K-row verification steps over 1398 positions, 0 batch-fusion sites taken; candidate K 32:2
ds4:   host row loop: 2796 nodes attended one at a time
ds4: gate over tokens 5057-5120: 21.30 command buffers, 10.77 aborts, 240.0 expert ids accounted, 174.86 MiB loaded a token; 0 the gate failed to switch off, 0 it could not gate
ds4:   one token, exclusive, same window: entry 0.00 + encode 1.92 + commit-to-done 55.29 + repair-load 23.58 + accounting 0.04 + tail 1.96 = 82.79 of a 88.24 ms wall, residual 5.45
ds4:   GPU busy 55.61 ms of the token's wall (the union of its buffers' spans), idle 32.64 ms
ds4:   1352.4 gated dispatches a token, 7.5 of them behind an abort; 353.4 sent plain ahead of a buffer's first validate
ds4:   encode-ahead: 9.53 segments used, 10.25 dropped, 4.98 ms a token spent encoding under the GPU
ds4:   concurrent sections: 180.28 attempted, 180.28 opened a token
ds4:   speculation: 0.00 layers a token, 0.00 lanes computed, 0.00 matched, 0.00 GEMVs actually saved, 0.00 left to compute; compared 0.00 lanes, 0.00 floats differ, 0.00 by more than an ulp
ds4:   Metal 4: 32.55 command buffers sent, 2672.8 dispatches a token; 0 pieces of Metal 3 work so far
ds4:   Metal 4 a token: 32.55 contexts in 32.55 command buffers (0.00 split); 2802.5 nodes = 2672.8 dispatches + 129.7 copies; barriers 1990.6 from the graph, 65.1 queue; engine asked for 99.2 barriers and 382.3 section ends, neither encoded; 10940.1 buffer and 3083.2 constant bindings (275679 B), 0.0 with no stated length; 32.55 blocking waits, 55.56 ms
ds4:   expert cache over the last 64 tokens: 239.89 hits, 18.42 misses, 18.42 evictions a token; 5397 of 6679 entries live (80.8%)
ds4:   of the address-table holes repaired a token: 0.00 already resident, 18.42 genuinely absent
ds4:   of the repair a token: readahead 15.58 ms, slot preparation 1.42 ms, reads 6.52 ms, install 0.05 ms, over 18.42 loads
ds4:   Engram rows written at step start in 5120 steps; layer-13 drains 0
ds4:   residency a token: 0.00 adds, 0.00 removes, 0.00 commits
ds4:   decode path so far: 5184 single-row steps (85.8 ms each inside the graph over the last 64), 2 K-row verification steps over 1398 positions, 0 batch-fusion sites taken; candidate K 32:2
ds4:   host row loop: 2796 nodes attended one at a time
ds4: gate over tokens 5121-5184: 21.08 command buffers, 10.59 aborts, 240.0 expert ids accounted, 144.01 MiB loaded a token; 0 the gate failed to switch off, 0 it could not gate
ds4:   one token, exclusive, same window: entry 0.00 + encode 1.87 + commit-to-done 53.42 + repair-load 21.42 + accounting 0.04 + tail 1.91 = 78.65 of a 83.97 ms wall, residual 5.31
ds4:   GPU busy 54.20 ms of the token's wall (the union of its buffers' spans), idle 29.77 ms
ds4:   1339.4 gated dispatches a token, 8.0 of them behind an abort; 344.7 sent plain ahead of a buffer's first validate
ds4:   encode-ahead: 9.48 segments used, 10.11 dropped, 4.86 ms a token spent encoding under the GPU
ds4:   concurrent sections: 177.94 attempted, 177.94 opened a token
ds4:   speculation: 0.00 layers a token, 0.00 lanes computed, 0.00 matched, 0.00 GEMVs actually saved, 0.00 left to compute; compared 0.00 lanes, 0.00 floats differ, 0.00 by more than an ulp
ds4:   Metal 4: 32.19 command buffers sent, 2640.8 dispatches a token; 0 pieces of Metal 3 work so far
ds4:   Metal 4 a token: 32.19 contexts in 32.19 command buffers (0.00 split); 2761.6 nodes = 2640.8 dispatches + 120.8 copies; barriers 1965.0 from the graph, 64.4 queue; engine asked for 98.0 barriers and 377.5 section ends, neither encoded; 10805.1 buffer and 3045.8 constant bindings (272122 B), 0.0 with no stated length; 32.19 blocking waits, 53.69 ms
ds4:   expert cache over the last 64 tokens: 239.83 hits, 15.17 misses, 15.17 evictions a token; 5397 of 6679 entries live (80.8%)
ds4:   of the address-table holes repaired a token: 0.00 already resident, 15.17 genuinely absent
ds4:   of the repair a token: readahead 13.69 ms, slot preparation 1.23 ms, reads 6.45 ms, install 0.04 ms, over 15.17 loads
ds4:   Engram rows written at step start in 5184 steps; layer-13 drains 0
ds4:   residency a token: 0.00 adds, 0.00 removes, 0.00 commits
ds4: V4.1 static context buffers 3435.75 MiB (ctx=8192), Engram disk-only
ds4: memory budget: the expert cache returned a slab of 159 experts (1.48 GiB); it now has 5238 slots
ds4: memory budget: the expert cache returned a slab of 1 experts (0.01 GiB); it now has 5237 slots
ds4: memory budget: the expert cache returned a slab of 65 experts (0.60 GiB); it now has 5172 slots
ds4: memory budget: the expert cache returned a slab of 431 experts (4.00 GiB); it now has 4741 slots
ds4: expert cache lent the prefill headroom for decode: 5911 -> 6679 experts
ds4:   decode path so far: 5248 single-row steps (111.8 ms each inside the graph over the last 64), 2 K-row verification steps over 1398 positions, 0 batch-fusion sites taken; candidate K 32:2
ds4:   host row loop: 2796 nodes attended one at a time
ds4: gate over tokens 5185-5248: 27.34 command buffers, 20.30 aborts, 240.0 expert ids accounted, 335.64 MiB loaded a token; 0 the gate failed to switch off, 0 it could not gate
ds4:   one token, exclusive, same window: entry 0.00 + encode 3.00 + commit-to-done 48.79 + repair-load 47.76 + accounting 0.04 + tail 1.07 = 100.65 of a 107.47 ms wall, residual 6.82
ds4:   GPU busy 45.15 ms of the token's wall (the union of its buffers' spans), idle 62.32 ms
ds4:   1376.0 gated dispatches a token, 15.0 of them behind an abort; 641.8 sent plain ahead of a buffer's first validate
ds4:   encode-ahead: 6.05 segments used, 19.30 dropped, 6.07 ms a token spent encoding under the GPU
ds4:   concurrent sections: 266.34 attempted, 266.34 opened a token
ds4:   speculation: 0.00 layers a token, 0.00 lanes computed, 0.00 matched, 0.00 GEMVs actually saved, 0.00 left to compute; compared 0.00 lanes, 0.00 floats differ, 0.00 by more than an ulp
ds4:   Metal 4: 47.25 command buffers sent, 3789.5 dispatches a token; 0 pieces of Metal 3 work so far
ds4:   Metal 4 a token: 47.25 contexts in 47.25 command buffers (0.00 split); 3987.8 nodes = 3789.5 dispatches + 198.3 copies; barriers 2877.5 from the graph, 94.5 queue; engine asked for 138.2 barriers and 559.6 section ends, neither encoded; 15731.9 buffer and 4390.5 constant bindings (398475 B), 0.0 with no stated length; 47.25 blocking waits, 47.28 ms
ds4:   expert cache over the last 64 tokens: 239.89 hits, 35.36 misses, 35.64 evictions a token; 5379 of 6679 entries live (80.5%)
ds4:   of the address-table holes repaired a token: 0.00 already resident, 35.36 genuinely absent
ds4:   of the repair a token: readahead 20.70 ms, slot preparation 13.55 ms, reads 13.40 ms, install 0.08 ms, over 35.36 loads
ds4:   Engram rows written at step start in 5248 steps; layer-13 drains 0
ds4:   residency a token: 0.00 adds, 0.00 removes, 0.00 commits
ds4: Metal 4 submission 128028 failed: Error Domain=ds4.injected Code=1 "injected failure" UserInfo={NSLocalizedDescription=injected failure}
ds4: V4.1 static context buffers 3435.75 MiB (ctx=8192), Engram disk-only
ds4: memory budget: the expert cache returned a slab of 431 experts (4.00 GiB); it now has 5134 slots
ds4: Metal 4 submission 128030 failed: Error Domain=ds4.injected Code=1 "injected failure" UserInfo={NSLocalizedDescription=injected failure}
ds4: V4.1 static context buffers 3435.75 MiB (ctx=8192), Engram disk-only
ds4: expert cache lent the prefill headroom for decode: 5911 -> 6679 experts
ds4:   decode path so far: 5314 single-row steps (89.8 ms each inside the graph over the last 66), 2 K-row verification steps over 1398 positions, 0 batch-fusion sites taken; candidate K 32:2
ds4:   host row loop: 2796 nodes attended one at a time
ds4: gate over tokens 5249-5312: 22.55 command buffers, 13.08 aborts, 240.0 expert ids accounted, 180.65 MiB loaded a token; 0 the gate failed to switch off, 0 it could not gate
ds4:   one token, exclusive, same window: entry 0.00 + encode 1.94 + commit-to-done 52.90 + repair-load 29.13 + accounting 0.04 + tail 1.06 = 85.06 of a 90.83 ms wall, residual 5.77
ds4:   GPU busy 52.99 ms of the token's wall (the union of its buffers' spans), idle 37.84 ms
ds4:   1324.2 gated dispatches a token, 11.2 of them behind an abort; 418.5 sent plain ahead of a buffer's first validate
ds4:   encode-ahead: 8.47 segments used, 12.48 dropped, 4.72 ms a token spent encoding under the GPU
ds4:   concurrent sections: 200.00 attempted, 200.00 opened a token
ds4:   speculation: 0.00 layers a token, 0.00 lanes computed, 0.00 matched, 0.00 GEMVs actually saved, 0.00 left to compute; compared 0.00 lanes, 0.00 floats differ, 0.00 by more than an ulp
ds4:   Metal 4: 35.70 command buffers sent, 2885.4 dispatches a token; 0 pieces of Metal 3 work so far
ds4:   Metal 4 a token: 35.70 contexts in 35.70 command buffers (0.00 split); 3000.1 nodes = 2885.4 dispatches + 114.7 copies; barriers 2220.0 from the graph, 71.4 queue; engine asked for 107.9 barriers and 422.6 section ends, neither encoded; 12039.6 buffer and 3339.3 constant bindings (305893 B), 0.0 with no stated length; 35.70 blocking waits, 52.62 ms
ds4:   expert cache over the last 64 tokens: 239.98 hits, 19.03 misses, 10.86 evictions a token; 5902 of 6679 entries live (88.4%)
ds4:   of the address-table holes repaired a token: 0.00 already resident, 19.03 genuinely absent
ds4:   of the repair a token: readahead 12.35 ms, slot preparation 11.05 ms, reads 5.65 ms, install 0.04 ms, over 19.03 loads
ds4:   Engram rows written at step start in 5314 steps; layer-13 drains 0
ds4:   residency a token: 0.00 adds, 0.00 removes, 0.00 commits
ds4:   decode path so far: 5378 single-row steps (94.1 ms each inside the graph over the last 64), 2 K-row verification steps over 1398 positions, 0 batch-fusion sites taken; candidate K 32:2
ds4:   host row loop: 2796 nodes attended one at a time
ds4: gate over tokens 5313-5376: 24.83 command buffers, 16.28 aborts, 240.0 expert ids accounted, 205.42 MiB loaded a token; 0 the gate failed to switch off, 0 it could not gate
ds4:   one token, exclusive, same window: entry 0.00 + encode 2.59 + commit-to-done 51.63 + repair-load 30.23 + accounting 0.04 + tail 1.90 = 86.39 of a 92.74 ms wall, residual 6.34
ds4:   GPU busy 51.11 ms of the token's wall (the union of its buffers' spans), idle 41.63 ms
ds4:   1352.4 gated dispatches a token, 13.6 of them behind an abort; 518.8 sent plain ahead of a buffer's first validate
ds4:   encode-ahead: 7.55 segments used, 15.56 dropped, 5.66 ms a token spent encoding under the GPU
ds4:   concurrent sections: 230.38 attempted, 230.38 opened a token
ds4:   speculation: 0.00 layers a token, 0.00 lanes computed, 0.00 matched, 0.00 GEMVs actually saved, 0.00 left to compute; compared 0.00 lanes, 0.00 floats differ, 0.00 by more than an ulp
ds4:   Metal 4: 41.39 command buffers sent, 3299.5 dispatches a token; 0 pieces of Metal 3 work so far
ds4:   Metal 4 a token: 41.39 contexts in 41.39 command buffers (0.00 split); 3468.4 nodes = 3299.5 dispatches + 169.0 copies; barriers 2536.8 from the graph, 82.8 queue; engine asked for 122.0 barriers and 485.9 section ends, neither encoded; 13767.5 buffer and 3820.7 constant bindings (349939 B), 0.0 with no stated length; 41.39 blocking waits, 51.37 ms
ds4:   expert cache over the last 64 tokens: 239.94 hits, 21.64 misses, 21.64 evictions a token; 5902 of 6679 entries live (88.4%)
ds4:   of the address-table holes repaired a token: 0.00 already resident, 21.64 genuinely absent
ds4:   of the repair a token: readahead 19.84 ms, slot preparation 1.80 ms, reads 8.50 ms, install 0.06 ms, over 21.64 loads
ds4:   Engram rows written at step start in 5378 steps; layer-13 drains 0
ds4:   residency a token: 0.00 adds, 0.00 removes, 0.00 commits
ds4: backend test Metal 4 owned batch                    commit=1
ds4: backend test Metal 4 encoder batch                  encoder=12475103
ds4: backend test Metal 4 segment                        commit=133904
ds4: backend test Metal 4 wait                           wait=133904
ds4: backend test Metal 4 tensor_copy                    blit=175326
ds4: backend test Metal 4 tensor_read                    readback=5344
ds4: backend test Metal 4 expert_cache_fill              blit=6218
ds4: backend test totals over 0 tokens (selected Metal 4): M3 commit=0 wait=0 signal=0 evwait=0 blit=0 encoder=0 readback=0 M4 commit=133905 wait=133904 signal=0 evwait=0 blit=181544 encoder=12475103 readback=5344; Metal 3 fallback 0; site table overflow 0
ds4: backend test boundary flush          pc 0x100076c64 97194
ds4: backend test boundary flush          pc 0x100077050 90250
ds4: backend test boundary wait mark      pc 0x100077030 90250
ds4: backend test boundary wait           pc 0x100077138 30799
ds4: backend test boundary wait           pc 0x10007708c 6944
ds4: backend test boundary end            pc 0x1000781f0 5404
ds4: backend test boundary end            pc 0x10007d5a0 5264
ds4: backend test boundary end            pc 0x10017d0e8 160
ds4: backend test boundary end            pc 0x10017e534 160
ds4: backend test boundary end            pc 0x10017ecf8 80
ds4: backend test boundary end            pc 0x100256924 80
ds4: backend test boundary end            pc 0x100259dbc 80
ds4: backend test boundary end            pc 0x1001299c8 80
ds4: backend test boundary end            pc 0x100125600 2
ds4: backend test boundary end            pc 0x100180a80 2
ds4: backend test boundary end            pc 0x10016dd7c 2
ds4: Metal 4 bindings with no stated length: 0 at 0 call sites
ds4: Metal 4 parts: contexts in 1/2/3/4 parts 133816/0/0/88, 12274847 nodes; 88 commit:count: calls with more than one buffer, 134168 command buffers in all; 0 contexts cut short of their parts, 0 empty or mismatched parts
ds4: backend test Metal 4 feedback after completion: 128704 waits, 1838.688 ms
ds4: backend test Metal 3 command execution after Metal 4 selection: 0 (refused 1); Metal 3 queues created before selection 0, after 0; full expert address table uses 0
ds4: backend test background: keepalive M3 0 M4 490, pacer M3 0 M4 0 (cumulative)
ds4: Metal cleanup discarded 1 live tensor handles
ds4: memory budget: peak 83.98 GiB allocated of 80.00 GiB; 13 slab(s) given back, 0 allocation(s) refused, cache growth stopped 14527 time(s)
ds4: expert directory: 0 pinned hits, 0 cache hits, 55402 loads; 0 address mismatches, 0 missing with a non-zero slot, 0 selected and missing; 0 pinned experts given back to the budget
ds4: Metal device Apple M5 Max, 128.00 GiB RAM
ds4: Metal 4 tensor API enabled for Tensor kernels
ds4: drift-patch flags hc_stable=on norm_unify=on kv_raw_f32=off rope_exp2_log2=off math_safe=off tensor_matmul=on
ds4: V4.1 SSD cache fitted from 10268 to 6679 experts for context/runtime headroom
ds4: Metal backend: Metal 4
ds4: Metal SSD streaming mode enabled; full model residency and warmup are skipped
ds4: metal SSD streaming cache target 61.91 GiB; effective 61.91 GiB = 7.12 GiB prefill headroom + 54.79 GiB dynamic cache (5911 experts, 9.49 MiB each)
ds4: Metal SSD static weights locked 9.37 GiB; pageable 0.00 GiB
ds4: SSD streaming initial metal model map (569 spans, 9.37 GiB tensor span)
ds4: metal backend initialized for graph diagnostics
ds4: expert cache prewarmed from the built-in V4.1 hotlist: 5826 experts (0 failed), 54.01 GiB in 5.54 s; stopped where the cache was full
ds4: memory: KV 0.06 GiB (raw 0.01 + compressed 0.05) + buffers 3.30 GiB + resident model 9.37 GiB + expert cache 54.79 GiB + prefill expert reserve 7.12 GiB = 74.64 GiB planned
ds4: memory detail: ctx=8192 prefill_cap=4096 raw_kv_rows=128 compressed_kv_rows=8193 backend=metal
ds4: memory budget: the expert cache returned a slab of 227 experts (2.11 GiB); it now has 5603 slots
ds4: memory budget: the expert cache returned a slab of 431 experts (4.00 GiB); it now has 5172 slots
ds4: V4.1 static context buffers 3435.75 MiB (ctx=8192), Engram disk-only
ds4: memory budget reached: a cache slab of 3.87 GiB refused with 72.88 GiB allocated and a 7.12 GiB prefill reserve, of a 80.00 GiB budget; the expert cache now evicts to make room
ds4: expert cache lent the prefill headroom for decode: 5911 -> 6679 experts
ds4:   decode path so far: 5442 single-row steps (90.2 ms each inside the graph over the last 64), 2 K-row verification steps over 1398 positions, 0 batch-fusion sites taken; candidate K 32:2
ds4:   host row loop: 2796 nodes attended one at a time
ds4: gate over tokens 5377-5440: 28.33 command buffers, 21.36 aborts, 240.0 expert ids accounted, 342.16 MiB loaded a token; 0 the gate failed to switch off, 0 it could not gate
ds4:   one token, exclusive, same window: entry 0.00 + encode 2.50 + commit-to-done 46.92 + repair-load 32.47 + accounting 0.04 + tail 1.09 = 83.03 of a 89.24 ms wall, residual 6.22
ds4:   GPU busy 44.90 ms of the token's wall (the union of its buffers' spans), idle 44.34 ms
ds4:   1420.1 gated dispatches a token, 17.9 of them behind an abort; 676.1 sent plain ahead of a buffer's first validate
ds4:   encode-ahead: 5.97 segments used, 20.34 dropped, 5.46 ms a token spent encoding under the GPU
ds4:   concurrent sections: 278.19 attempted, 278.19 opened a token
ds4:   speculation: 0.00 layers a token, 0.00 lanes computed, 0.00 matched, 0.00 GEMVs actually saved, 0.00 left to compute; compared 0.00 lanes, 0.00 floats differ, 0.00 by more than an ulp
ds4:   Metal 4: 49.28 command buffers sent, 3965.5 dispatches a token; 0 pieces of Metal 3 work so far
ds4:   Metal 4 a token: 49.28 contexts in 49.28 command buffers (0.00 split); 4164.4 nodes = 3965.5 dispatches + 198.9 copies; barriers 3019.7 from the graph, 98.6 queue; engine asked for 144.0 barriers and 584.3 section ends, neither encoded; 16496.9 buffer and 4592.9 constant bindings (417441 B), 0.0 with no stated length; 49.28 blocking waits, 45.97 ms
ds4:   expert cache over the last 64 tokens: 288230376151686752.00 hits, 288230376151711008.00 misses, 288230376151711008.00 evictions a token; 5845 of 6679 entries live (87.5%)
ds4:   of the address-table holes repaired a token: 0.00 already resident, 127.08 genuinely absent
ds4:   of the repair a token: readahead 38.43 ms, slot preparation 42.68 ms, reads 37.68 ms, install 0.17 ms, over 127.08 loads
ds4:   Engram rows written at step start in 5442 steps; layer-13 drains 0
ds4:   residency a token: 0.00 adds, 0.00 removes, 0.00 commits
ds4:   decode path so far: 5506 single-row steps (99.0 ms each inside the graph over the last 64), 2 K-row verification steps over 1398 positions, 0 batch-fusion sites taken; candidate K 32:2
ds4:   host row loop: 2796 nodes attended one at a time
ds4: gate over tokens 5441-5504: 26.86 command buffers, 19.14 aborts, 240.0 expert ids accounted, 249.47 MiB loaded a token; 0 the gate failed to switch off, 0 it could not gate
ds4:   one token, exclusive, same window: entry 0.00 + encode 2.65 + commit-to-done 53.55 + repair-load 33.94 + accounting 0.04 + tail 1.90 = 92.10 of a 98.45 ms wall, residual 6.35
ds4:   GPU busy 53.21 ms of the token's wall (the union of its buffers' spans), idle 45.24 ms
ds4:   1378.6 gated dispatches a token, 18.7 of them behind an abort; 603.4 sent plain ahead of a buffer's first validate
ds4:   encode-ahead: 6.72 segments used, 18.14 dropped, 5.52 ms a token spent encoding under the GPU
ds4:   concurrent sections: 255.91 attempted, 255.91 opened a token
ds4:   speculation: 0.00 layers a token, 0.00 lanes computed, 0.00 matched, 0.00 GEMVs actually saved, 0.00 left to compute; compared 0.00 lanes, 0.00 floats differ, 0.00 by more than an ulp
ds4:   Metal 4: 46.00 command buffers sent, 3631.1 dispatches a token; 0 pieces of Metal 3 work so far
ds4:   Metal 4 a token: 46.00 contexts in 46.00 command buffers (0.00 split); 3805.3 nodes = 3631.1 dispatches + 174.1 copies; barriers 2788.9 from the graph, 92.0 queue; engine asked for 133.7 barriers and 538.7 section ends, neither encoded; 15167.4 buffer and 4208.8 constant bindings (385348 B), 0.0 with no stated length; 46.00 blocking waits, 53.36 ms
ds4:   expert cache over the last 64 tokens: 239.98 hits, 26.28 misses, 19.78 evictions a token; 6261 of 6679 entries live (93.7%)
ds4:   of the address-table holes repaired a token: 0.00 already resident, 26.28 genuinely absent
ds4:   of the repair a token: readahead 19.85 ms, slot preparation 4.57 ms, reads 9.43 ms, install 0.06 ms, over 26.28 loads
ds4:   Engram rows written at step start in 5506 steps; layer-13 drains 0
ds4:   residency a token: 0.00 adds, 0.00 removes, 0.00 commits
ds4:   decode path so far: 5570 single-row steps (82.3 ms each inside the graph over the last 64), 2 K-row verification steps over 1398 positions, 0 batch-fusion sites taken; candidate K 32:2
ds4:   host row loop: 2796 nodes attended one at a time
ds4: gate over tokens 5505-5568: 22.52 command buffers, 12.80 aborts, 240.0 expert ids accounted, 145.94 MiB loaded a token; 0 the gate failed to switch off, 0 it could not gate
ds4:   one token, exclusive, same window: entry 0.00 + encode 1.97 + commit-to-done 52.18 + repair-load 19.37 + accounting 0.04 + tail 1.93 = 75.49 of a 81.29 ms wall, residual 5.80
ds4:   GPU busy 54.64 ms of the token's wall (the union of its buffers' spans), idle 26.65 ms
ds4:   1356.7 gated dispatches a token, 11.4 of them behind an abort; 415.4 sent plain ahead of a buffer's first validate
ds4:   encode-ahead: 8.72 segments used, 12.28 dropped, 5.17 ms a token spent encoding under the GPU
ds4:   concurrent sections: 198.66 attempted, 198.66 opened a token
ds4:   speculation: 0.00 layers a token, 0.00 lanes computed, 0.00 matched, 0.00 GEMVs actually saved, 0.00 left to compute; compared 0.00 lanes, 0.00 floats differ, 0.00 by more than an ulp
ds4:   Metal 4: 35.80 command buffers sent, 2924.1 dispatches a token; 0 pieces of Metal 3 work so far
ds4:   Metal 4 a token: 35.80 contexts in 35.80 command buffers (0.00 split); 3058.2 nodes = 2924.1 dispatches + 134.1 copies; barriers 2211.0 from the graph, 71.6 queue; engine asked for 107.5 barriers and 420.3 section ends, neither encoded; 12086.8 buffer and 3375.2 constant bindings (304812 B), 0.0 with no stated length; 35.80 blocking waits, 52.49 ms
ds4:   expert cache over the last 64 tokens: 239.98 hits, 15.38 misses, 15.38 evictions a token; 6261 of 6679 entries live (93.7%)
ds4:   of the address-table holes repaired a token: 0.00 already resident, 15.38 genuinely absent
ds4:   of the repair a token: readahead 9.95 ms, slot preparation 1.33 ms, reads 8.02 ms, install 0.04 ms, over 15.38 loads
ds4:   Engram rows written at step start in 5570 steps; layer-13 drains 0
ds4:   residency a token: 0.00 adds, 0.00 removes, 0.00 commits
ds4:   decode path so far: 5634 single-row steps (78.2 ms each inside the graph over the last 64), 2 K-row verification steps over 1398 positions, 0 batch-fusion sites taken; candidate K 32:2
ds4:   host row loop: 2796 nodes attended one at a time
ds4: gate over tokens 5569-5632: 20.58 command buffers, 9.86 aborts, 240.0 expert ids accounted, 108.86 MiB loaded a token; 0 the gate failed to switch off, 0 it could not gate
ds4:   one token, exclusive, same window: entry 0.00 + encode 1.58 + commit-to-done 52.85 + repair-load 15.70 + accounting 0.04 + tail 2.00 = 72.17 of a 77.43 ms wall, residual 5.26
ds4:   GPU busy 56.01 ms of the token's wall (the union of its buffers' spans), idle 21.42 ms
ds4:   1350.7 gated dispatches a token, 12.6 of them behind an abort; 329.3 sent plain ahead of a buffer's first validate
ds4:   encode-ahead: 9.72 segments used, 9.30 dropped, 4.74 ms a token spent encoding under the GPU
ds4:   concurrent sections: 170.41 attempted, 170.41 opened a token
ds4:   speculation: 0.00 layers a token, 0.00 lanes computed, 0.00 matched, 0.00 GEMVs actually saved, 0.00 left to compute; compared 0.00 lanes, 0.00 floats differ, 0.00 by more than an ulp
ds4:   Metal 4: 30.88 command buffers sent, 2570.0 dispatches a token; 0 pieces of Metal 3 work so far
ds4:   Metal 4 a token: 30.88 contexts in 30.88 command buffers (0.00 split); 2678.7 nodes = 2570.0 dispatches + 108.7 copies; barriers 1920.5 from the graph, 61.8 queue; engine asked for 94.4 barriers and 361.8 section ends, neither encoded; 10547.8 buffer and 2958.3 constant bindings (264478 B), 0.0 with no stated length; 30.88 blocking waits, 53.46 ms
ds4:   expert cache over the last 64 tokens: 239.98 hits, 11.47 misses, 11.47 evictions a token; 6261 of 6679 entries live (93.7%)
ds4:   of the address-table holes repaired a token: 0.00 already resident, 11.47 genuinely absent
ds4:   of the repair a token: readahead 9.71 ms, slot preparation 1.04 ms, reads 4.90 ms, install 0.03 ms, over 11.47 loads
ds4:   Engram rows written at step start in 5634 steps; layer-13 drains 0
ds4:   residency a token: 0.00 adds, 0.00 removes, 0.00 commits
ds4:   decode path so far: 5698 single-row steps (77.2 ms each inside the graph over the last 64), 2 K-row verification steps over 1398 positions, 0 batch-fusion sites taken; candidate K 32:2
ds4:   host row loop: 2796 nodes attended one at a time
ds4: gate over tokens 5633-5696: 19.73 command buffers, 8.50 aborts, 240.0 expert ids accounted, 95.66 MiB loaded a token; 0 the gate failed to switch off, 0 it could not gate
ds4:   one token, exclusive, same window: entry 0.00 + encode 1.41 + commit-to-done 53.56 + repair-load 14.15 + accounting 0.04 + tail 2.01 = 71.18 of a 76.15 ms wall, residual 4.97
ds4:   GPU busy 56.67 ms of the token's wall (the union of its buffers' spans), idle 19.48 ms
ds4:   1338.3 gated dispatches a token, 8.7 of them behind an abort; 285.2 sent plain ahead of a buffer's first validate
ds4:   encode-ahead: 10.23 segments used, 8.02 dropped, 4.51 ms a token spent encoding under the GPU
ds4:   concurrent sections: 157.19 attempted, 157.19 opened a token
ds4:   speculation: 0.00 layers a token, 0.00 lanes computed, 0.00 matched, 0.00 GEMVs actually saved, 0.00 left to compute; compared 0.00 lanes, 0.00 floats differ, 0.00 by more than an ulp
ds4:   Metal 4: 28.75 command buffers sent, 2383.9 dispatches a token; 0 pieces of Metal 3 work so far
ds4:   Metal 4 a token: 28.75 contexts in 28.75 command buffers (0.00 split); 2481.5 nodes = 2383.9 dispatches + 97.6 copies; barriers 1783.8 from the graph, 57.5 queue; engine asked for 88.3 barriers and 334.6 section ends, neither encoded; 9784.0 buffer and 2742.6 constant bindings (245367 B), 0.0 with no stated length; 28.75 blocking waits, 54.31 ms
ds4:   expert cache over the last 64 tokens: 239.98 hits, 10.08 misses, 10.08 evictions a token; 6261 of 6679 entries live (93.7%)
ds4:   of the address-table holes repaired a token: 0.00 already resident, 10.08 genuinely absent
ds4:   of the repair a token: readahead 8.51 ms, slot preparation 0.92 ms, reads 4.68 ms, install 0.03 ms, over 10.08 loads
ds4:   Engram rows written at step start in 5698 steps; layer-13 drains 0
ds4:   residency a token: 0.00 adds, 0.00 removes, 0.00 commits
ds4:   decode path so far: 5762 single-row steps (78.2 ms each inside the graph over the last 64), 2 K-row verification steps over 1398 positions, 0 batch-fusion sites taken; candidate K 32:2
ds4:   host row loop: 2796 nodes attended one at a time
ds4: gate over tokens 5697-5760: 19.70 command buffers, 8.77 aborts, 240.0 expert ids accounted, 94.92 MiB loaded a token; 0 the gate failed to switch off, 0 it could not gate
ds4:   one token, exclusive, same window: entry 0.00 + encode 1.47 + commit-to-done 53.66 + repair-load 15.26 + accounting 0.04 + tail 1.99 = 72.43 of a 77.45 ms wall, residual 5.03
ds4:   GPU busy 56.33 ms of the token's wall (the union of its buffers' spans), idle 21.12 ms
ds4:   1331.2 gated dispatches a token, 7.3 of them behind an abort; 298.2 sent plain ahead of a buffer's first validate
ds4:   encode-ahead: 9.94 segments used, 8.36 dropped, 4.56 ms a token spent encoding under the GPU
ds4:   concurrent sections: 160.25 attempted, 160.25 opened a token
ds4:   speculation: 0.00 layers a token, 0.00 lanes computed, 0.00 matched, 0.00 GEMVs actually saved, 0.00 left to compute; compared 0.00 lanes, 0.00 floats differ, 0.00 by more than an ulp
ds4:   Metal 4: 29.06 command buffers sent, 2432.6 dispatches a token; 0 pieces of Metal 3 work so far
ds4:   Metal 4 a token: 29.06 contexts in 29.06 command buffers (0.00 split); 2533.2 nodes = 2432.6 dispatches + 100.5 copies; barriers 1819.8 from the graph, 58.1 queue; engine asked for 89.7 barriers and 340.8 section ends, neither encoded; 9976.1 buffer and 2798.4 constant bindings (250267 B), 0.0 with no stated length; 29.06 blocking waits, 54.34 ms
ds4:   expert cache over the last 64 tokens: 240.00 hits, 10.00 misses, 10.00 evictions a token; 6261 of 6679 entries live (93.7%)
ds4:   of the address-table holes repaired a token: 0.00 already resident, 10.00 genuinely absent
ds4:   of the repair a token: readahead 9.76 ms, slot preparation 0.94 ms, reads 4.51 ms, install 0.03 ms, over 10.00 loads
ds4:   Engram rows written at step start in 5762 steps; layer-13 drains 0
ds4:   residency a token: 0.00 adds, 0.00 removes, 0.00 commits
ds4:   decode path so far: 5826 single-row steps (77.1 ms each inside the graph over the last 64), 2 K-row verification steps over 1398 positions, 0 batch-fusion sites taken; candidate K 32:2
ds4:   host row loop: 2796 nodes attended one at a time
ds4: gate over tokens 5761-5824: 19.41 command buffers, 8.23 aborts, 240.0 expert ids accounted, 90.62 MiB loaded a token; 0 the gate failed to switch off, 0 it could not gate
ds4:   one token, exclusive, same window: entry 0.00 + encode 1.40 + commit-to-done 53.58 + repair-load 14.26 + accounting 0.04 + tail 2.05 = 71.33 of a 76.30 ms wall, residual 4.97
ds4:   GPU busy 56.40 ms of the token's wall (the union of its buffers' spans), idle 19.90 ms
ds4:   1341.6 gated dispatches a token, 12.1 of them behind an abort; 280.9 sent plain ahead of a buffer's first validate
ds4:   encode-ahead: 10.17 segments used, 7.81 dropped, 4.53 ms a token spent encoding under the GPU
ds4:   concurrent sections: 155.88 attempted, 155.88 opened a token
ds4:   speculation: 0.00 layers a token, 0.00 lanes computed, 0.00 matched, 0.00 GEMVs actually saved, 0.00 left to compute; compared 0.00 lanes, 0.00 floats differ, 0.00 by more than an ulp
ds4:   Metal 4: 28.22 command buffers sent, 2368.3 dispatches a token; 0 pieces of Metal 3 work so far
ds4:   Metal 4 a token: 28.22 contexts in 28.22 command buffers (0.00 split); 2463.1 nodes = 2368.3 dispatches + 94.9 copies; barriers 1771.8 from the graph, 56.4 queue; engine asked for 87.7 barriers and 331.7 section ends, neither encoded; 9720.2 buffer and 2724.5 constant bindings (243719 B), 0.0 with no stated length; 28.22 blocking waits, 54.34 ms
ds4:   expert cache over the last 64 tokens: 239.98 hits, 9.55 misses, 9.55 evictions a token; 6261 of 6679 entries live (93.7%)
ds4:   of the address-table holes repaired a token: 0.00 already resident, 9.55 genuinely absent
ds4:   of the repair a token: readahead 9.09 ms, slot preparation 0.90 ms, reads 4.22 ms, install 0.03 ms, over 9.55 loads
ds4:   Engram rows written at step start in 5826 steps; layer-13 drains 0
ds4:   residency a token: 0.00 adds, 0.00 removes, 0.00 commits
ds4:   decode path so far: 5890 single-row steps (82.4 ms each inside the graph over the last 64), 2 K-row verification steps over 1398 positions, 0 batch-fusion sites taken; candidate K 32:2
ds4:   host row loop: 2796 nodes attended one at a time
ds4: gate over tokens 5825-5888: 21.56 command buffers, 11.38 aborts, 240.0 expert ids accounted, 140.31 MiB loaded a token; 0 the gate failed to switch off, 0 it could not gate
ds4:   one token, exclusive, same window: entry 0.00 + encode 1.77 + commit-to-done 53.99 + repair-load 18.34 + accounting 0.04 + tail 2.00 = 76.15 of a 81.51 ms wall, residual 5.36
ds4:   GPU busy 56.01 ms of the token's wall (the union of its buffers' spans), idle 25.50 ms
ds4:   1357.2 gated dispatches a token, 10.6 of them behind an abort; 375.8 sent plain ahead of a buffer's first validate
ds4:   encode-ahead: 9.19 segments used, 10.73 dropped, 4.82 ms a token spent encoding under the GPU
ds4:   concurrent sections: 183.94 attempted, 183.94 opened a token
ds4:   speculation: 0.00 layers a token, 0.00 lanes computed, 0.00 matched, 0.00 GEMVs actually saved, 0.00 left to compute; compared 0.00 lanes, 0.00 floats differ, 0.00 by more than an ulp
ds4:   Metal 4: 33.30 command buffers sent, 2749.5 dispatches a token; 0 pieces of Metal 3 work so far
ds4:   Metal 4 a token: 33.30 contexts in 33.30 command buffers (0.00 split); 2874.0 nodes = 2749.5 dispatches + 124.5 copies; barriers 2052.9 from the graph, 66.6 queue; engine asked for 100.5 barriers and 389.8 section ends, neither encoded; 11294.9 buffer and 3167.6 constant bindings (283094 B), 0.0 with no stated length; 33.30 blocking waits, 54.45 ms
ds4:   expert cache over the last 64 tokens: 239.91 hits, 14.78 misses, 14.78 evictions a token; 6261 of 6679 entries live (93.7%)
ds4:   of the address-table holes repaired a token: 0.00 already resident, 14.78 genuinely absent
ds4:   of the repair a token: readahead 11.39 ms, slot preparation 1.25 ms, reads 5.63 ms, install 0.04 ms, over 14.78 loads
ds4:   Engram rows written at step start in 5890 steps; layer-13 drains 0
ds4:   residency a token: 0.00 adds, 0.00 removes, 0.00 commits
ds4:   decode path so far: 5954 single-row steps (78.6 ms each inside the graph over the last 64), 2 K-row verification steps over 1398 positions, 0 batch-fusion sites taken; candidate K 32:2
ds4:   host row loop: 2796 nodes attended one at a time
ds4: gate over tokens 5889-5952: 20.58 command buffers, 9.78 aborts, 240.0 expert ids accounted, 111.98 MiB loaded a token; 0 the gate failed to switch off, 0 it could not gate
ds4:   one token, exclusive, same window: entry 0.00 + encode 1.57 + commit-to-done 54.50 + repair-load 14.74 + accounting 0.04 + tail 1.99 = 72.84 of a 78.00 ms wall, residual 5.16
ds4:   GPU busy 57.56 ms of the token's wall (the union of its buffers' spans), idle 20.44 ms
ds4:   1348.2 gated dispatches a token, 10.5 of them behind an abort; 322.8 sent plain ahead of a buffer's first validate
ds4:   encode-ahead: 9.80 segments used, 9.28 dropped, 4.63 ms a token spent encoding under the GPU
ds4:   concurrent sections: 169.81 attempted, 169.81 opened a token
ds4:   speculation: 0.00 layers a token, 0.00 lanes computed, 0.00 matched, 0.00 GEMVs actually saved, 0.00 left to compute; compared 0.00 lanes, 0.00 floats differ, 0.00 by more than an ulp
ds4:   Metal 4: 30.86 command buffers sent, 2537.2 dispatches a token; 0 pieces of Metal 3 work so far
ds4:   Metal 4 a token: 30.86 contexts in 30.86 command buffers (0.00 split); 2647.7 nodes = 2537.2 dispatches + 110.5 copies; barriers 1891.5 from the graph, 61.7 queue; engine asked for 94.2 barriers and 360.7 section ends, neither encoded; 10418.4 buffer and 2924.1 constant bindings (261201 B), 0.0 with no stated length; 30.86 blocking waits, 55.14 ms
ds4:   expert cache over the last 64 tokens: 239.91 hits, 11.80 misses, 11.80 evictions a token; 6261 of 6679 entries live (93.7%)
ds4:   of the address-table holes repaired a token: 0.00 already resident, 11.80 genuinely absent
ds4:   of the repair a token: readahead 8.84 ms, slot preparation 1.06 ms, reads 4.79 ms, install 0.03 ms, over 11.80 loads
ds4:   Engram rows written at step start in 5954 steps; layer-13 drains 0
ds4:   residency a token: 0.00 adds, 0.00 removes, 0.00 commits
ds4:   decode path so far: 6018 single-row steps (78.7 ms each inside the graph over the last 64), 2 K-row verification steps over 1398 positions, 0 batch-fusion sites taken; candidate K 32:2
ds4:   host row loop: 2796 nodes attended one at a time
ds4: gate over tokens 5953-6016: 20.66 command buffers, 10.12 aborts, 240.0 expert ids accounted, 113.91 MiB loaded a token; 0 the gate failed to switch off, 0 it could not gate
ds4:   one token, exclusive, same window: entry 0.00 + encode 1.61 + commit-to-done 53.72 + repair-load 15.15 + accounting 0.04 + tail 2.01 = 72.54 of a 77.64 ms wall, residual 5.10
ds4:   GPU busy 56.66 ms of the token's wall (the union of its buffers' spans), idle 20.98 ms
ds4:   1322.1 gated dispatches a token, 8.4 of them behind an abort; 332.7 sent plain ahead of a buffer's first validate
ds4:   encode-ahead: 9.53 segments used, 9.59 dropped, 4.59 ms a token spent encoding under the GPU
ds4:   concurrent sections: 172.38 attempted, 172.38 opened a token
ds4:   speculation: 0.00 layers a token, 0.00 lanes computed, 0.00 matched, 0.00 GEMVs actually saved, 0.00 left to compute; compared 0.00 lanes, 0.00 floats differ, 0.00 by more than an ulp
ds4:   Metal 4: 31.25 command buffers sent, 2554.7 dispatches a token; 0 pieces of Metal 3 work so far
ds4:   Metal 4 a token: 31.25 contexts in 31.25 command buffers (0.00 split); 2665.2 nodes = 2554.7 dispatches + 110.5 copies; barriers 1898.9 from the graph, 62.5 queue; engine asked for 95.2 barriers and 365.9 section ends, neither encoded; 10492.9 buffer and 2947.3 constant bindings (262900 B), 0.0 with no stated length; 31.25 blocking waits, 54.33 ms
ds4:   expert cache over the last 64 tokens: 239.95 hits, 12.00 misses, 12.00 evictions a token; 6261 of 6679 entries live (93.7%)
ds4:   of the address-table holes repaired a token: 0.00 already resident, 12.00 genuinely absent
ds4:   of the repair a token: readahead 8.98 ms, slot preparation 1.07 ms, reads 5.05 ms, install 0.03 ms, over 12.00 loads
ds4:   Engram rows written at step start in 6018 steps; layer-13 drains 0
ds4:   residency a token: 0.00 adds, 0.00 removes, 0.00 commits
ds4:   decode path so far: 6082 single-row steps (80.7 ms each inside the graph over the last 64), 2 K-row verification steps over 1398 positions, 0 batch-fusion sites taken; candidate K 32:2
ds4:   host row loop: 2796 nodes attended one at a time
ds4: gate over tokens 6017-6080: 21.19 command buffers, 10.95 aborts, 240.0 expert ids accounted, 121.92 MiB loaded a token; 0 the gate failed to switch off, 0 it could not gate
ds4:   one token, exclusive, same window: entry 0.00 + encode 1.73 + commit-to-done 54.49 + repair-load 15.62 + accounting 0.04 + tail 1.97 = 73.85 of a 79.17 ms wall, residual 5.32
ds4:   GPU busy 57.13 ms of the token's wall (the union of its buffers' spans), idle 22.04 ms
ds4:   1327.0 gated dispatches a token, 6.1 of them behind an abort; 356.7 sent plain ahead of a buffer's first validate
ds4:   encode-ahead: 9.23 segments used, 10.47 dropped, 4.76 ms a token spent encoding under the GPU
ds4:   concurrent sections: 180.25 attempted, 180.25 opened a token
ds4:   speculation: 0.00 layers a token, 0.00 lanes computed, 0.00 matched, 0.00 GEMVs actually saved, 0.00 left to compute; compared 0.00 lanes, 0.00 floats differ, 0.00 by more than an ulp
ds4:   Metal 4: 32.66 command buffers sent, 2664.1 dispatches a token; 0 pieces of Metal 3 work so far
ds4:   Metal 4 a token: 32.66 contexts in 32.66 command buffers (0.00 split); 2782.7 nodes = 2664.1 dispatches + 118.6 copies; barriers 1981.3 from the graph, 65.3 queue; engine asked for 98.9 barriers and 382.2 section ends, neither encoded; 10943.3 buffer and 3074.1 constant bindings (274335 B), 0.0 with no stated length; 32.66 blocking waits, 55.00 ms
ds4:   expert cache over the last 64 tokens: 239.91 hits, 12.84 misses, 12.84 evictions a token; 6261 of 6679 entries live (93.7%)
ds4:   of the address-table holes repaired a token: 0.00 already resident, 12.84 genuinely absent
ds4:   of the repair a token: readahead 9.39 ms, slot preparation 1.14 ms, reads 5.04 ms, install 0.03 ms, over 12.84 loads
ds4:   Engram rows written at step start in 6082 steps; layer-13 drains 0
ds4:   residency a token: 0.00 adds, 0.00 removes, 0.00 commits
ds4:   decode path so far: 6146 single-row steps (78.6 ms each inside the graph over the last 64), 2 K-row verification steps over 1398 positions, 0 batch-fusion sites taken; candidate K 32:2
ds4:   host row loop: 2796 nodes attended one at a time
ds4: gate over tokens 6081-6144: 20.19 command buffers, 9.23 aborts, 240.0 expert ids accounted, 98.63 MiB loaded a token; 0 the gate failed to switch off, 0 it could not gate
ds4:   one token, exclusive, same window: entry 0.00 + encode 1.51 + commit-to-done 54.67 + repair-load 14.04 + accounting 0.04 + tail 2.05 = 72.31 of a 77.25 ms wall, residual 4.94
ds4:   GPU busy 57.27 ms of the token's wall (the union of its buffers' spans), idle 19.99 ms
ds4:   1335.8 gated dispatches a token, 11.7 of them behind an abort; 306.4 sent plain ahead of a buffer's first validate
ds4:   encode-ahead: 9.95 segments used, 8.70 dropped, 4.48 ms a token spent encoding under the GPU
ds4:   concurrent sections: 165.31 attempted, 165.31 opened a token
ds4:   speculation: 0.00 layers a token, 0.00 lanes computed, 0.00 matched, 0.00 GEMVs actually saved, 0.00 left to compute; compared 0.00 lanes, 0.00 floats differ, 0.00 by more than an ulp
ds4:   Metal 4: 29.89 command buffers sent, 2464.0 dispatches a token; 0 pieces of Metal 3 work so far
ds4:   Metal 4 a token: 29.89 contexts in 29.89 command buffers (0.00 split); 2567.6 nodes = 2464.0 dispatches + 103.6 copies; barriers 1832.4 from the graph, 59.8 queue; engine asked for 92.1 barriers and 351.3 section ends, neither encoded; 10116.3 buffer and 2841.1 constant bindings (253488 B), 0.0 with no stated length; 29.89 blocking waits, 55.38 ms
ds4:   expert cache over the last 64 tokens: 239.98 hits, 10.39 misses, 10.39 evictions a token; 6261 of 6679 entries live (93.7%)
ds4:   of the address-table holes repaired a token: 0.00 already resident, 10.39 genuinely absent
ds4:   of the repair a token: readahead 8.69 ms, slot preparation 0.95 ms, reads 4.35 ms, install 0.03 ms, over 10.39 loads
ds4:   Engram rows written at step start in 6146 steps; layer-13 drains 0
ds4:   residency a token: 0.00 adds, 0.00 removes, 0.00 commits
ds4:   decode path so far: 6210 single-row steps (78.5 ms each inside the graph over the last 64), 2 K-row verification steps over 1398 positions, 0 batch-fusion sites taken; candidate K 32:2
ds4:   host row loop: 2796 nodes attended one at a time
ds4: gate over tokens 6145-6208: 19.77 command buffers, 8.91 aborts, 240.0 expert ids accounted, 98.48 MiB loaded a token; 0 the gate failed to switch off, 0 it could not gate
ds4:   one token, exclusive, same window: entry 0.00 + encode 1.45 + commit-to-done 54.98 + repair-load 14.21 + accounting 0.05 + tail 1.98 = 72.67 of a 77.58 ms wall, residual 4.90
ds4:   GPU busy 57.52 ms of the token's wall (the union of its buffers' spans), idle 20.06 ms
ds4:   1310.6 gated dispatches a token, 5.2 of them behind an abort; 298.3 sent plain ahead of a buffer's first validate
ds4:   encode-ahead: 9.86 segments used, 8.64 dropped, 4.42 ms a token spent encoding under the GPU
ds4:   concurrent sections: 162.12 attempted, 162.12 opened a token
ds4:   speculation: 0.00 layers a token, 0.00 lanes computed, 0.00 matched, 0.00 GEMVs actually saved, 0.00 left to compute; compared 0.00 lanes, 0.00 floats differ, 0.00 by more than an ulp
ds4:   Metal 4: 29.41 command buffers sent, 2419.5 dispatches a token; 0 pieces of Metal 3 work so far
ds4:   Metal 4 a token: 29.41 contexts in 29.41 command buffers (0.00 split); 2520.9 nodes = 2419.5 dispatches + 101.4 copies; barriers 1801.0 from the graph, 58.8 queue; engine asked for 90.7 barriers and 344.8 section ends, neither encoded; 9933.5 buffer and 2789.5 constant bindings (249005 B), 0.0 with no stated length; 29.41 blocking waits, 55.65 ms
ds4:   expert cache over the last 64 tokens: 240.00 hits, 10.38 misses, 10.38 evictions a token; 6261 of 6679 entries live (93.7%)
ds4:   of the address-table holes repaired a token: 0.00 already resident, 10.38 genuinely absent
ds4:   of the repair a token: readahead 8.90 ms, slot preparation 0.95 ms, reads 4.31 ms, install 0.03 ms, over 10.38 loads
ds4:   Engram rows written at step start in 6210 steps; layer-13 drains 0
ds4:   residency a token: 0.00 adds, 0.00 removes, 0.00 commits
ds4:   decode path so far: 6274 single-row steps (75.4 ms each inside the graph over the last 64), 2 K-row verification steps over 1398 positions, 0 batch-fusion sites taken; candidate K 32:2
ds4:   host row loop: 2796 nodes attended one at a time
ds4: gate over tokens 6209-6272: 18.97 command buffers, 7.20 aborts, 240.0 expert ids accounted, 74.90 MiB loaded a token; 0 the gate failed to switch off, 0 it could not gate
ds4:   one token, exclusive, same window: entry 0.00 + encode 1.19 + commit-to-done 55.75 + repair-load 10.90 + accounting 0.04 + tail 2.10 = 69.97 of a 74.53 ms wall, residual 4.56
ds4:   GPU busy 59.24 ms of the token's wall (the union of its buffers' spans), idle 15.29 ms
ds4:   1325.5 gated dispatches a token, 10.3 of them behind an abort; 241.6 sent plain ahead of a buffer's first validate
ds4:   encode-ahead: 10.77 segments used, 6.75 dropped, 4.14 ms a token spent encoding under the GPU
ds4:   concurrent sections: 146.44 attempted, 146.44 opened a token
ds4:   speculation: 0.00 layers a token, 0.00 lanes computed, 0.00 matched, 0.00 GEMVs actually saved, 0.00 left to compute; compared 0.00 lanes, 0.00 floats differ, 0.00 by more than an ulp
ds4:   Metal 4: 26.72 command buffers sent, 2206.3 dispatches a token; 0 pieces of Metal 3 work so far
ds4:   Metal 4 a token: 26.72 contexts in 26.72 command buffers (0.00 split); 2290.4 nodes = 2206.3 dispatches + 84.2 copies; barriers 1641.4 from the graph, 53.4 queue; engine asked for 83.5 barriers and 312.4 section ends, neither encoded; 9054.3 buffer and 2541.4 constant bindings (226736 B), 0.0 with no stated length; 26.72 blocking waits, 56.75 ms
ds4:   expert cache over the last 64 tokens: 239.98 hits, 7.89 misses, 7.89 evictions a token; 6261 of 6679 entries live (93.7%)
ds4:   of the address-table holes repaired a token: 0.00 already resident, 7.89 genuinely absent
ds4:   of the repair a token: readahead 6.82 ms, slot preparation 0.74 ms, reads 3.31 ms, install 0.02 ms, over 7.89 loads
ds4:   Engram rows written at step start in 6274 steps; layer-13 drains 0
ds4:   residency a token: 0.00 adds, 0.00 removes, 0.00 commits
ds4:   decode path so far: 6338 single-row steps (78.2 ms each inside the graph over the last 64), 2 K-row verification steps over 1398 positions, 0 batch-fusion sites taken; candidate K 32:2
ds4:   host row loop: 2796 nodes attended one at a time
ds4: gate over tokens 6273-6336: 19.70 command buffers, 8.41 aborts, 240.0 expert ids accounted, 90.32 MiB loaded a token; 0 the gate failed to switch off, 0 it could not gate
ds4:   one token, exclusive, same window: entry 0.00 + encode 1.38 + commit-to-done 56.40 + repair-load 12.40 + accounting 0.04 + tail 2.10 = 72.31 of a 77.16 ms wall, residual 4.85
ds4:   GPU busy 59.69 ms of the token's wall (the union of its buffers' spans), idle 17.47 ms
ds4:   1328.1 gated dispatches a token, 6.1 of them behind an abort; 281.8 sent plain ahead of a buffer's first validate
ds4:   encode-ahead: 10.30 segments used, 7.98 dropped, 4.37 ms a token spent encoding under the GPU
ds4:   concurrent sections: 157.97 attempted, 157.97 opened a token
ds4:   speculation: 0.00 layers a token, 0.00 lanes computed, 0.00 matched, 0.00 GEMVs actually saved, 0.00 left to compute; compared 0.00 lanes, 0.00 floats differ, 0.00 by more than an ulp
ds4:   Metal 4: 28.69 command buffers sent, 2367.8 dispatches a token; 0 pieces of Metal 3 work so far
ds4:   Metal 4 a token: 28.69 contexts in 28.69 command buffers (0.00 split); 2464.9 nodes = 2367.8 dispatches + 97.1 copies; barriers 1763.2 from the graph, 57.4 queue; engine asked for 88.9 barriers and 336.2 section ends, neither encoded; 9715.2 buffer and 2728.6 constant bindings (243608 B), 0.0 with no stated length; 28.69 blocking waits, 57.25 ms
ds4:   expert cache over the last 64 tokens: 239.95 hits, 9.52 misses, 9.52 evictions a token; 6261 of 6679 entries live (93.7%)
ds4:   of the address-table holes repaired a token: 0.00 already resident, 9.52 genuinely absent
ds4:   of the repair a token: readahead 7.58 ms, slot preparation 0.88 ms, reads 3.89 ms, install 0.03 ms, over 9.52 loads
ds4:   Engram rows written at step start in 6338 steps; layer-13 drains 0
ds4:   residency a token: 0.00 adds, 0.00 removes, 0.00 commits
ds4:   decode path so far: 6402 single-row steps (78.4 ms each inside the graph over the last 64), 2 K-row verification steps over 1398 positions, 0 batch-fusion sites taken; candidate K 32:2
ds4:   host row loop: 2796 nodes attended one at a time
ds4: gate over tokens 6337-6400: 20.06 command buffers, 9.30 aborts, 240.0 expert ids accounted, 106.49 MiB loaded a token; 0 the gate failed to switch off, 0 it could not gate
ds4:   one token, exclusive, same window: entry 0.00 + encode 1.49 + commit-to-done 55.71 + repair-load 13.78 + accounting 0.04 + tail 2.03 = 73.05 of a 77.95 ms wall, residual 4.90
ds4:   GPU busy 58.60 ms of the token's wall (the union of its buffers' spans), idle 19.34 ms
ds4:   1323.3 gated dispatches a token, 6.1 of them behind an abort; 309.2 sent plain ahead of a buffer's first validate
ds4:   encode-ahead: 9.77 segments used, 8.88 dropped, 4.39 ms a token spent encoding under the GPU
ds4:   concurrent sections: 165.09 attempted, 165.09 opened a token
ds4:   speculation: 0.00 layers a token, 0.00 lanes computed, 0.00 matched, 0.00 GEMVs actually saved, 0.00 left to compute; compared 0.00 lanes, 0.00 floats differ, 0.00 by more than an ulp
ds4:   Metal 4: 29.94 command buffers sent, 2457.4 dispatches a token; 0 pieces of Metal 3 work so far
ds4:   Metal 4 a token: 29.94 contexts in 29.94 command buffers (0.00 split); 2562.8 nodes = 2457.4 dispatches + 105.4 copies; barriers 1827.5 from the graph, 59.9 queue; engine asked for 91.9 barriers and 350.8 section ends, neither encoded; 10093.1 buffer and 2833.9 constant bindings (252850 B), 0.0 with no stated length; 29.94 blocking waits, 56.40 ms
ds4:   expert cache over the last 64 tokens: 239.98 hits, 11.22 misses, 11.22 evictions a token; 6261 of 6679 entries live (93.7%)
ds4:   of the address-table holes repaired a token: 0.00 already resident, 11.22 genuinely absent
ds4:   of the repair a token: readahead 8.46 ms, slot preparation 1.00 ms, reads 4.26 ms, install 0.03 ms, over 11.22 loads
ds4:   Engram rows written at step start in 6402 steps; layer-13 drains 0
ds4:   residency a token: 0.00 adds, 0.00 removes, 0.00 commits
ds4:   decode path so far: 6466 single-row steps (80.6 ms each inside the graph over the last 64), 2 K-row verification steps over 1398 positions, 0 batch-fusion sites taken; candidate K 32:2
ds4:   host row loop: 2796 nodes attended one at a time
ds4: gate over tokens 6401-6464: 21.14 command buffers, 10.88 aborts, 240.0 expert ids accounted, 121.77 MiB loaded a token; 0 the gate failed to switch off, 0 it could not gate
ds4:   one token, exclusive, same window: entry 0.00 + encode 1.65 + commit-to-done 55.27 + repair-load 15.52 + accounting 0.04 + tail 2.02 = 74.50 of a 79.62 ms wall, residual 5.11
ds4:   GPU busy 57.87 ms of the token's wall (the union of its buffers' spans), idle 21.75 ms
ds4:   1317.0 gated dispatches a token, 8.4 of them behind an abort; 350.8 sent plain ahead of a buffer's first validate
ds4:   encode-ahead: 9.27 segments used, 10.28 dropped, 4.57 ms a token spent encoding under the GPU
ds4:   concurrent sections: 178.56 attempted, 178.56 opened a token
ds4:   speculation: 0.00 layers a token, 0.00 lanes computed, 0.00 matched, 0.00 GEMVs actually saved, 0.00 left to compute; compared 0.00 lanes, 0.00 floats differ, 0.00 by more than an ulp
ds4:   Metal 4: 32.42 command buffers sent, 2621.3 dispatches a token; 0 pieces of Metal 3 work so far
ds4:   Metal 4 a token: 32.42 contexts in 32.42 command buffers (0.00 split); 2739.7 nodes = 2621.3 dispatches + 118.5 copies; barriers 1944.5 from the graph, 64.8 queue; engine asked for 98.0 barriers and 378.7 section ends, neither encoded; 10764.6 buffer and 3027.4 constant bindings (269933 B), 0.0 with no stated length; 32.42 blocking waits, 55.84 ms
ds4:   expert cache over the last 64 tokens: 239.97 hits, 12.83 misses, 12.83 evictions a token; 6261 of 6679 entries live (93.7%)
ds4:   of the address-table holes repaired a token: 0.00 already resident, 12.83 genuinely absent
ds4:   of the repair a token: readahead 9.53 ms, slot preparation 1.11 ms, reads 4.82 ms, install 0.03 ms, over 12.83 loads
ds4:   Engram rows written at step start in 6466 steps; layer-13 drains 0
ds4:   residency a token: 0.00 adds, 0.00 removes, 0.00 commits
ds4:   decode path so far: 6530 single-row steps (78.1 ms each inside the graph over the last 64), 2 K-row verification steps over 1398 positions, 0 batch-fusion sites taken; candidate K 32:2
ds4:   host row loop: 2796 nodes attended one at a time
ds4: gate over tokens 6465-6528: 20.12 command buffers, 8.98 aborts, 240.0 expert ids accounted, 95.22 MiB loaded a token; 0 the gate failed to switch off, 0 it could not gate
ds4:   one token, exclusive, same window: entry 0.00 + encode 1.45 + commit-to-done 54.31 + repair-load 14.07 + accounting 0.04 + tail 1.98 = 71.87 of a 76.85 ms wall, residual 4.98
ds4:   GPU busy 57.25 ms of the token's wall (the union of its buffers' spans), idle 19.60 ms
ds4:   1320.6 gated dispatches a token, 8.0 of them behind an abort; 297.6 sent plain ahead of a buffer's first validate
ds4:   encode-ahead: 10.14 segments used, 8.55 dropped, 4.53 ms a token spent encoding under the GPU
ds4:   concurrent sections: 162.78 attempted, 162.78 opened a token
ds4:   speculation: 0.00 layers a token, 0.00 lanes computed, 0.00 matched, 0.00 GEMVs actually saved, 0.00 left to compute; compared 0.00 lanes, 0.00 floats differ, 0.00 by more than an ulp
ds4:   Metal 4: 29.67 command buffers sent, 2405.8 dispatches a token; 0 pieces of Metal 3 work so far
ds4:   Metal 4 a token: 29.67 contexts in 29.67 command buffers (0.00 split); 2506.8 nodes = 2405.8 dispatches + 101.0 copies; barriers 1783.2 from the graph, 59.3 queue; engine asked for 91.1 barriers and 346.2 section ends, neither encoded; 9870.7 buffer and 2777.1 constant bindings (247500 B), 0.0 with no stated length; 29.67 blocking waits, 54.96 ms
ds4:   expert cache over the last 64 tokens: 239.94 hits, 10.03 misses, 10.03 evictions a token; 6261 of 6679 entries live (93.7%)
ds4:   of the address-table holes repaired a token: 0.00 already resident, 10.03 genuinely absent
ds4:   of the repair a token: readahead 9.15 ms, slot preparation 0.92 ms, reads 3.95 ms, install 0.03 ms, over 10.03 loads
ds4:   Engram rows written at step start in 6530 steps; layer-13 drains 0
ds4:   residency a token: 0.00 adds, 0.00 removes, 0.00 commits
ds4:   decode path so far: 6594 single-row steps (77.6 ms each inside the graph over the last 64), 2 K-row verification steps over 1398 positions, 0 batch-fusion sites taken; candidate K 32:2
ds4:   host row loop: 2796 nodes attended one at a time
ds4: gate over tokens 6529-6592: 19.66 command buffers, 8.27 aborts, 240.0 expert ids accounted, 88.69 MiB loaded a token; 0 the gate failed to switch off, 0 it could not gate
ds4:   one token, exclusive, same window: entry 0.00 + encode 1.37 + commit-to-done 55.25 + repair-load 13.25 + accounting 0.04 + tail 2.04 = 71.96 of a 76.82 ms wall, residual 4.86
ds4:   GPU busy 57.94 ms of the token's wall (the union of its buffers' spans), idle 18.88 ms
ds4:   1323.8 gated dispatches a token, 8.4 of them behind an abort; 273.7 sent plain ahead of a buffer's first validate
ds4:   encode-ahead: 10.39 segments used, 7.78 dropped, 4.44 ms a token spent encoding under the GPU
ds4:   concurrent sections: 156.41 attempted, 156.41 opened a token
ds4:   speculation: 0.00 layers a token, 0.00 lanes computed, 0.00 matched, 0.00 GEMVs actually saved, 0.00 left to compute; compared 0.00 lanes, 0.00 floats differ, 0.00 by more than an ulp
ds4:   Metal 4: 28.44 command buffers sent, 2322.2 dispatches a token; 0 pieces of Metal 3 work so far
ds4:   Metal 4 a token: 28.44 contexts in 28.44 command buffers (0.00 split); 2417.2 nodes = 2322.2 dispatches + 95.0 copies; barriers 1722.9 from the graph, 56.9 queue; engine asked for 88.1 barriers and 333.0 section ends, neither encoded; 9524.5 buffer and 2679.5 constant bindings (238922 B), 0.0 with no stated length; 28.44 blocking waits, 55.98 ms
ds4:   expert cache over the last 64 tokens: 239.97 hits, 9.34 misses, 9.34 evictions a token; 6261 of 6679 entries live (93.7%)
ds4:   of the address-table holes repaired a token: 0.00 already resident, 9.34 genuinely absent
ds4:   of the repair a token: readahead 8.27 ms, slot preparation 0.87 ms, reads 4.06 ms, install 0.03 ms, over 9.34 loads
ds4:   Engram rows written at step start in 6594 steps; layer-13 drains 0
ds4:   residency a token: 0.00 adds, 0.00 removes, 0.00 commits
ds4:   decode path so far: 6658 single-row steps (78.5 ms each inside the graph over the last 64), 2 K-row verification steps over 1398 positions, 0 batch-fusion sites taken; candidate K 32:2
ds4:   host row loop: 2796 nodes attended one at a time
ds4: gate over tokens 6593-6656: 20.05 command buffers, 9.05 aborts, 240.0 expert ids accounted, 97.59 MiB loaded a token; 0 the gate failed to switch off, 0 it could not gate
ds4:   one token, exclusive, same window: entry 0.00 + encode 1.43 + commit-to-done 55.16 + repair-load 14.06 + accounting 0.05 + tail 2.03 = 72.72 of a 77.53 ms wall, residual 4.81
ds4:   GPU busy 57.81 ms of the token's wall (the union of its buffers' spans), idle 19.71 ms
ds4:   1316.7 gated dispatches a token, 7.5 of them behind an abort; 296.3 sent plain ahead of a buffer's first validate
ds4:   encode-ahead: 10.00 segments used, 8.59 dropped, 4.36 ms a token spent encoding under the GPU
ds4:   concurrent sections: 163.28 attempted, 163.28 opened a token
ds4:   speculation: 0.00 layers a token, 0.00 lanes computed, 0.00 matched, 0.00 GEMVs actually saved, 0.00 left to compute; compared 0.00 lanes, 0.00 floats differ, 0.00 by more than an ulp
ds4:   Metal 4: 29.64 command buffers sent, 2410.8 dispatches a token; 0 pieces of Metal 3 work so far
ds4:   Metal 4 a token: 29.64 contexts in 29.64 command buffers (0.00 split); 2512.5 nodes = 2410.8 dispatches + 101.8 copies; barriers 1787.2 from the graph, 59.3 queue; engine asked for 91.2 barriers and 347.2 section ends, neither encoded; 9894.2 buffer and 2783.3 constant bindings (248073 B), 0.0 with no stated length; 29.64 blocking waits, 55.87 ms
ds4:   expert cache over the last 64 tokens: 239.97 hits, 10.28 misses, 10.28 evictions a token; 6261 of 6679 entries live (93.7%)
ds4:   of the address-table holes repaired a token: 0.00 already resident, 10.28 genuinely absent
ds4:   of the repair a token: readahead 8.94 ms, slot preparation 0.93 ms, reads 4.14 ms, install 0.03 ms, over 10.28 loads
ds4:   Engram rows written at step start in 6658 steps; layer-13 drains 0
ds4:   residency a token: 0.00 adds, 0.00 removes, 0.00 commits
ds4:   decode path so far: 6722 single-row steps (77.1 ms each inside the graph over the last 64), 2 K-row verification steps over 1398 positions, 0 batch-fusion sites taken; candidate K 32:2
ds4:   host row loop: 2796 nodes attended one at a time
ds4: gate over tokens 6657-6720: 19.67 command buffers, 8.30 aborts, 240.0 expert ids accounted, 91.36 MiB loaded a token; 0 the gate failed to switch off, 0 it could not gate
ds4:   one token, exclusive, same window: entry 0.00 + encode 1.37 + commit-to-done 54.41 + repair-load 13.38 + accounting 0.04 + tail 2.05 = 71.25 of a 76.08 ms wall, residual 4.82
ds4:   GPU busy 57.58 ms of the token's wall (the union of its buffers' spans), idle 18.49 ms
ds4:   1317.8 gated dispatches a token, 8.9 of them behind an abort; 277.0 sent plain ahead of a buffer's first validate
ds4:   encode-ahead: 10.38 segments used, 7.83 dropped, 4.39 ms a token spent encoding under the GPU
ds4:   concurrent sections: 156.62 attempted, 156.62 opened a token
ds4:   speculation: 0.00 layers a token, 0.00 lanes computed, 0.00 matched, 0.00 GEMVs actually saved, 0.00 left to compute; compared 0.00 lanes, 0.00 floats differ, 0.00 by more than an ulp
ds4:   Metal 4: 28.50 command buffers sent, 2324.2 dispatches a token; 0 pieces of Metal 3 work so far
ds4:   Metal 4 a token: 28.50 contexts in 28.50 command buffers (0.00 split); 2420.7 nodes = 2324.2 dispatches + 96.5 copies; barriers 1725.4 from the graph, 57.0 queue; engine asked for 88.2 barriers and 333.5 section ends, neither encoded; 9533.7 buffer and 2682.0 constant bindings (239231 B), 0.0 with no stated length; 28.50 blocking waits, 55.21 ms
ds4:   expert cache over the last 64 tokens: 240.00 hits, 9.62 misses, 9.62 evictions a token; 6261 of 6679 entries live (93.7%)
ds4:   of the address-table holes repaired a token: 0.00 already resident, 9.62 genuinely absent
ds4:   of the repair a token: readahead 8.42 ms, slot preparation 0.88 ms, reads 4.03 ms, install 0.03 ms, over 9.62 loads
ds4:   Engram rows written at step start in 6722 steps; layer-13 drains 0
ds4:   residency a token: 0.00 adds, 0.00 removes, 0.00 commits
ds4:   decode path so far: 6786 single-row steps (74.8 ms each inside the graph over the last 64), 2 K-row verification steps over 1398 positions, 0 batch-fusion sites taken; candidate K 32:2
ds4:   host row loop: 2796 nodes attended one at a time
ds4: gate over tokens 6721-6784: 18.23 command buffers, 6.25 aborts, 240.0 expert ids accounted, 65.11 MiB loaded a token; 0 the gate failed to switch off, 0 it could not gate
ds4:   one token, exclusive, same window: entry 0.00 + encode 1.07 + commit-to-done 56.17 + repair-load 10.07 + accounting 0.05 + tail 2.08 = 69.44 of a 73.88 ms wall, residual 4.44
ds4:   GPU busy 59.70 ms of the token's wall (the union of its buffers' spans), idle 14.18 ms
ds4:   1306.0 gated dispatches a token, 1.4 of them behind an abort; 214.0 sent plain ahead of a buffer's first validate
ds4:   encode-ahead: 10.98 segments used, 6.06 dropped, 4.08 ms a token spent encoding under the GPU
ds4:   concurrent sections: 138.25 attempted, 138.25 opened a token
ds4:   speculation: 0.00 layers a token, 0.00 lanes computed, 0.00 matched, 0.00 GEMVs actually saved, 0.00 left to compute; compared 0.00 lanes, 0.00 floats differ, 0.00 by more than an ulp
ds4:   Metal 4: 25.30 command buffers sent, 2080.8 dispatches a token; 0 pieces of Metal 3 work so far
ds4:   Metal 4 a token: 25.30 contexts in 25.30 command buffers (0.00 split); 2158.6 nodes = 2080.8 dispatches + 77.8 copies; barriers 1544.8 from the graph, 50.6 queue; engine asked for 79.9 barriers and 295.5 section ends, neither encoded; 8525.6 buffer and 2397.8 constant bindings (213799 B), 0.0 with no stated length; 25.30 blocking waits, 57.16 ms
ds4:   expert cache over the last 64 tokens: 240.00 hits, 6.86 misses, 6.86 evictions a token; 6261 of 6679 entries live (93.7%)
ds4:   of the address-table holes repaired a token: 0.00 already resident, 6.86 genuinely absent
ds4:   of the repair a token: readahead 6.34 ms, slot preparation 0.66 ms, reads 3.04 ms, install 0.02 ms, over 6.86 loads
ds4:   Engram rows written at step start in 6786 steps; layer-13 drains 0
ds4:   residency a token: 0.00 adds, 0.00 removes, 0.00 commits
ds4:   decode path so far: 6850 single-row steps (74.8 ms each inside the graph over the last 64), 2 K-row verification steps over 1398 positions, 0 batch-fusion sites taken; candidate K 32:2
ds4:   host row loop: 2796 nodes attended one at a time
ds4: gate over tokens 6785-6848: 18.56 command buffers, 6.61 aborts, 240.0 expert ids accounted, 73.27 MiB loaded a token; 0 the gate failed to switch off, 0 it could not gate
ds4:   one token, exclusive, same window: entry 0.00 + encode 1.07 + commit-to-done 55.47 + repair-load 10.92 + accounting 0.05 + tail 2.07 = 69.57 of a 73.88 ms wall, residual 4.31
ds4:   GPU busy 58.95 ms of the token's wall (the union of its buffers' spans), idle 14.93 ms
ds4:   1303.7 gated dispatches a token, 4.7 of them behind an abort; 219.8 sent plain ahead of a buffer's first validate
ds4:   encode-ahead: 10.95 segments used, 6.17 dropped, 3.94 ms a token spent encoding under the GPU
ds4:   concurrent sections: 140.09 attempted, 140.09 opened a token
ds4:   speculation: 0.00 layers a token, 0.00 lanes computed, 0.00 matched, 0.00 GEMVs actually saved, 0.00 left to compute; compared 0.00 lanes, 0.00 floats differ, 0.00 by more than an ulp
ds4:   Metal 4: 25.73 command buffers sent, 2101.6 dispatches a token; 0 pieces of Metal 3 work so far
ds4:   Metal 4 a token: 25.73 contexts in 25.73 command buffers (0.00 split); 2182.6 nodes = 2101.6 dispatches + 81.0 copies; barriers 1560.8 from the graph, 51.5 queue; engine asked for 80.6 barriers and 299.3 section ends, neither encoded; 8613.0 buffer and 2422.5 constant bindings (216068 B), 0.0 with no stated length; 25.73 blocking waits, 56.46 ms
ds4:   expert cache over the last 64 tokens: 239.97 hits, 7.72 misses, 7.72 evictions a token; 6261 of 6679 entries live (93.7%)
ds4:   of the address-table holes repaired a token: 0.00 already resident, 7.72 genuinely absent
ds4:   of the repair a token: readahead 6.95 ms, slot preparation 0.72 ms, reads 3.22 ms, install 0.02 ms, over 7.72 loads
ds4:   Engram rows written at step start in 6850 steps; layer-13 drains 0
ds4:   residency a token: 0.00 adds, 0.00 removes, 0.00 commits
ds4:   decode path so far: 6914 single-row steps (80.3 ms each inside the graph over the last 64), 2 K-row verification steps over 1398 positions, 0 batch-fusion sites taken; candidate K 32:2
ds4:   host row loop: 2796 nodes attended one at a time
ds4: gate over tokens 6849-6912: 18.28 command buffers, 6.47 aborts, 240.0 expert ids accounted, 69.71 MiB loaded a token; 0 the gate failed to switch off, 0 it could not gate
ds4:   one token, exclusive, same window: entry 0.00 + encode 1.17 + commit-to-done 60.28 + repair-load 10.85 + accounting 0.04 + tail 2.24 = 74.59 of a 79.22 ms wall, residual 4.63
ds4:   GPU busy 64.02 ms of the token's wall (the union of its buffers' spans), idle 15.20 ms
ds4:   1292.3 gated dispatches a token, 7.0 of them behind an abort; 218.9 sent plain ahead of a buffer's first validate
ds4:   encode-ahead: 10.81 segments used, 6.12 dropped, 4.23 ms a token spent encoding under the GPU
ds4:   concurrent sections: 139.31 attempted, 139.31 opened a token
ds4:   speculation: 0.00 layers a token, 0.00 lanes computed, 0.00 matched, 0.00 GEMVs actually saved, 0.00 left to compute; compared 0.00 lanes, 0.00 floats differ, 0.00 by more than an ulp
ds4:   Metal 4: 25.41 command buffers sent, 2088.3 dispatches a token; 0 pieces of Metal 3 work so far
ds4:   Metal 4 a token: 25.41 contexts in 25.41 command buffers (0.00 split); 2167.2 nodes = 2088.3 dispatches + 78.8 copies; barriers 1549.5 from the graph, 50.8 queue; engine asked for 80.1 barriers and 297.6 section ends, neither encoded; 8563.7 buffer and 2407.8 constant bindings (214641 B), 0.0 with no stated length; 25.41 blocking waits, 61.38 ms
ds4:   expert cache over the last 64 tokens: 240.00 hits, 7.34 misses, 7.34 evictions a token; 6261 of 6679 entries live (93.7%)
ds4:   of the address-table holes repaired a token: 0.00 already resident, 7.34 genuinely absent
ds4:   of the repair a token: readahead 6.98 ms, slot preparation 0.74 ms, reads 3.09 ms, install 0.02 ms, over 7.34 loads
ds4:   Engram rows written at step start in 6914 steps; layer-13 drains 0
ds4:   residency a token: 0.00 adds, 0.00 removes, 0.00 commits
ds4:   decode path so far: 6978 single-row steps (75.7 ms each inside the graph over the last 64), 2 K-row verification steps over 1398 positions, 0 batch-fusion sites taken; candidate K 32:2
ds4:   host row loop: 2796 nodes attended one at a time
ds4: gate over tokens 6913-6976: 18.67 command buffers, 6.80 aborts, 240.0 expert ids accounted, 72.97 MiB loaded a token; 0 the gate failed to switch off, 0 it could not gate
ds4:   one token, exclusive, same window: entry 0.00 + encode 1.15 + commit-to-done 55.96 + repair-load 10.85 + accounting 0.04 + tail 2.11 = 70.11 of a 74.66 ms wall, residual 4.56
ds4:   GPU busy 59.34 ms of the token's wall (the union of its buffers' spans), idle 15.32 ms
ds4:   1319.9 gated dispatches a token, 6.1 of them behind an abort; 229.2 sent plain ahead of a buffer's first validate
ds4:   encode-ahead: 10.88 segments used, 6.50 dropped, 4.15 ms a token spent encoding under the GPU
ds4:   concurrent sections: 144.16 attempted, 144.16 opened a token
ds4:   speculation: 0.00 layers a token, 0.00 lanes computed, 0.00 matched, 0.00 GEMVs actually saved, 0.00 left to compute; compared 0.00 lanes, 0.00 floats differ, 0.00 by more than an ulp
ds4:   Metal 4: 26.17 command buffers sent, 2158.4 dispatches a token; 0 pieces of Metal 3 work so far
ds4:   Metal 4 a token: 26.17 contexts in 26.17 command buffers (0.00 split); 2240.9 nodes = 2158.4 dispatches + 82.5 copies; barriers 1602.5 from the graph, 52.3 queue; engine asked for 82.7 barriers and 307.7 section ends, neither encoded; 8852.2 buffer and 2488.8 constant bindings (221980 B), 0.0 with no stated length; 26.17 blocking waits, 56.98 ms
ds4:   expert cache over the last 64 tokens: 240.00 hits, 7.69 misses, 7.69 evictions a token; 6261 of 6679 entries live (93.7%)
ds4:   of the address-table holes repaired a token: 0.00 already resident, 7.69 genuinely absent
ds4:   of the repair a token: readahead 6.88 ms, slot preparation 0.70 ms, reads 3.23 ms, install 0.02 ms, over 7.69 loads
ds4:   Engram rows written at step start in 6978 steps; layer-13 drains 0
ds4:   residency a token: 0.00 adds, 0.00 removes, 0.00 commits
ds4:   decode path so far: 7042 single-row steps (77.8 ms each inside the graph over the last 64), 2 K-row verification steps over 1398 positions, 0 batch-fusion sites taken; candidate K 32:2
ds4:   host row loop: 2796 nodes attended one at a time
ds4: gate over tokens 6977-7040: 19.50 command buffers, 8.47 aborts, 240.0 expert ids accounted, 92.85 MiB loaded a token; 0 the gate failed to switch off, 0 it could not gate
ds4:   one token, exclusive, same window: entry 0.00 + encode 1.38 + commit-to-done 55.11 + repair-load 13.70 + accounting 0.04 + tail 2.05 = 72.27 of a 77.05 ms wall, residual 4.78
ds4:   GPU busy 58.10 ms of the token's wall (the union of its buffers' spans), idle 18.95 ms
ds4:   1297.0 gated dispatches a token, 6.1 of them behind an abort; 276.1 sent plain ahead of a buffer's first validate
ds4:   encode-ahead: 10.03 segments used, 8.11 dropped, 4.30 ms a token spent encoding under the GPU
ds4:   concurrent sections: 157.03 attempted, 157.03 opened a token
ds4:   speculation: 0.00 layers a token, 0.00 lanes computed, 0.00 matched, 0.00 GEMVs actually saved, 0.00 left to compute; compared 0.00 lanes, 0.00 floats differ, 0.00 by more than an ulp
ds4:   Metal 4: 28.61 command buffers sent, 2326.1 dispatches a token; 0 pieces of Metal 3 work so far
ds4:   Metal 4 a token: 28.61 contexts in 28.61 command buffers (0.00 split); 2423.1 nodes = 2326.1 dispatches + 97.0 copies; barriers 1724.7 from the graph, 57.2 queue; engine asked for 88.2 barriers and 334.2 section ends, neither encoded; 9542.0 buffer and 2684.6 constant bindings (239266 B), 0.0 with no stated length; 28.61 blocking waits, 55.95 ms
ds4:   expert cache over the last 64 tokens: 239.95 hits, 9.78 misses, 9.78 evictions a token; 6261 of 6679 entries live (93.7%)
ds4:   of the address-table holes repaired a token: 0.00 already resident, 9.78 genuinely absent
ds4:   of the repair a token: readahead 8.53 ms, slot preparation 0.88 ms, reads 4.24 ms, install 0.03 ms, over 9.78 loads
ds4:   Engram rows written at step start in 7042 steps; layer-13 drains 0
ds4:   residency a token: 0.00 adds, 0.00 removes, 0.00 commits
ds4:   decode path so far: 7106 single-row steps (79.7 ms each inside the graph over the last 64), 2 K-row verification steps over 1398 positions, 0 batch-fusion sites taken; candidate K 32:2
ds4:   host row loop: 2796 nodes attended one at a time
ds4: gate over tokens 7041-7104: 19.41 command buffers, 8.14 aborts, 240.0 expert ids accounted, 91.51 MiB loaded a token; 0 the gate failed to switch off, 0 it could not gate
ds4:   one token, exclusive, same window: entry 0.00 + encode 1.33 + commit-to-done 56.51 + repair-load 13.42 + accounting 0.04 + tail 2.10 = 73.40 of a 78.13 ms wall, residual 4.73
ds4:   GPU busy 59.40 ms of the token's wall (the union of its buffers' spans), idle 18.73 ms
ds4:   1306.3 gated dispatches a token, 7.0 of them behind an abort; 268.3 sent plain ahead of a buffer's first validate
ds4:   encode-ahead: 10.27 segments used, 7.67 dropped, 4.29 ms a token spent encoding under the GPU
ds4:   concurrent sections: 154.25 attempted, 154.25 opened a token
ds4:   speculation: 0.00 layers a token, 0.00 lanes computed, 0.00 matched, 0.00 GEMVs actually saved, 0.00 left to compute; compared 0.00 lanes, 0.00 floats differ, 0.00 by more than an ulp
ds4:   Metal 4: 28.08 command buffers sent, 2290.1 dispatches a token; 0 pieces of Metal 3 work so far
ds4:   Metal 4 a token: 28.08 contexts in 28.08 command buffers (0.00 split); 2385.2 nodes = 2290.1 dispatches + 95.1 copies; barriers 1699.4 from the graph, 56.2 queue; engine asked for 86.9 barriers and 328.4 section ends, neither encoded; 9392.5 buffer and 2642.5 constant bindings (235627 B), 0.0 with no stated length; 28.08 blocking waits, 57.36 ms
ds4:   expert cache over the last 64 tokens: 239.94 hits, 9.64 misses, 9.64 evictions a token; 6261 of 6679 entries live (93.7%)
ds4:   of the address-table holes repaired a token: 0.00 already resident, 9.64 genuinely absent
ds4:   of the repair a token: readahead 7.34 ms, slot preparation 0.89 ms, reads 5.15 ms, install 0.03 ms, over 9.64 loads
ds4:   Engram rows written at step start in 7106 steps; layer-13 drains 0
ds4:   residency a token: 0.00 adds, 0.00 removes, 0.00 commits
ds4:   decode path so far: 7170 single-row steps (92.7 ms each inside the graph over the last 64), 2 K-row verification steps over 1398 positions, 0 batch-fusion sites taken; candidate K 32:2
ds4:   host row loop: 2796 nodes attended one at a time
ds4: gate over tokens 7105-7168: 24.89 command buffers, 16.36 aborts, 240.0 expert ids accounted, 244.28 MiB loaded a token; 0 the gate failed to switch off, 0 it could not gate
ds4:   one token, exclusive, same window: entry 0.00 + encode 2.52 + commit-to-done 52.23 + repair-load 29.85 + accounting 0.04 + tail 1.88 = 86.52 of a 92.72 ms wall, residual 6.20
ds4:   GPU busy 52.44 ms of the token's wall (the union of its buffers' spans), idle 40.28 ms
ds4:   1361.1 gated dispatches a token, 14.5 of them behind an abort; 519.5 sent plain ahead of a buffer's first validate
ds4:   encode-ahead: 7.53 segments used, 15.50 dropped, 5.61 ms a token spent encoding under the GPU
ds4:   concurrent sections: 230.31 attempted, 230.31 opened a token
ds4:   speculation: 0.00 layers a token, 0.00 lanes computed, 0.00 matched, 0.00 GEMVs actually saved, 0.00 left to compute; compared 0.00 lanes, 0.00 floats differ, 0.00 by more than an ulp
ds4:   Metal 4: 41.39 command buffers sent, 3310.6 dispatches a token; 0 pieces of Metal 3 work so far
ds4:   Metal 4 a token: 41.39 contexts in 41.39 command buffers (0.00 split); 3493.6 nodes = 3310.6 dispatches + 183.0 copies; barriers 2449.8 from the graph, 82.8 queue; engine asked for 121.8 barriers and 485.7 section ends, neither encoded; 13604.4 buffer and 3831.6 constant bindings (341331 B), 0.0 with no stated length; 41.39 blocking waits, 51.95 ms
ds4:   expert cache over the last 64 tokens: 239.91 hits, 25.73 misses, 25.73 evictions a token; 6261 of 6679 entries live (93.7%)
ds4:   of the address-table holes repaired a token: 0.00 already resident, 25.73 genuinely absent
ds4:   of the repair a token: readahead 19.31 ms, slot preparation 2.03 ms, reads 8.41 ms, install 0.06 ms, over 25.73 loads
ds4:   Engram rows written at step start in 7170 steps; layer-13 drains 0
ds4:   residency a token: 0.00 adds, 0.00 removes, 0.00 commits
ds4:   decode path so far: 7234 single-row steps (92.1 ms each inside the graph over the last 64), 2 K-row verification steps over 1398 positions, 0 batch-fusion sites taken; candidate K 32:2
ds4:   host row loop: 2796 nodes attended one at a time
ds4: gate over tokens 7169-7232: 25.48 command buffers, 17.39 aborts, 240.0 expert ids accounted, 209.57 MiB loaded a token; 0 the gate failed to switch off, 0 it could not gate
ds4:   one token, exclusive, same window: entry 0.00 + encode 2.83 + commit-to-done 48.70 + repair-load 30.56 + accounting 0.04 + tail 1.77 = 83.91 of a 90.69 ms wall, residual 6.78
ds4:   GPU busy 49.04 ms of the token's wall (the union of its buffers' spans), idle 41.65 ms
ds4:   1357.6 gated dispatches a token, 15.0 of them behind an abort; 551.5 sent plain ahead of a buffer's first validate
ds4:   encode-ahead: 7.09 segments used, 16.50 dropped, 6.18 ms a token spent encoding under the GPU
ds4:   concurrent sections: 238.91 attempted, 238.91 opened a token
ds4:   speculation: 0.00 layers a token, 0.00 lanes computed, 0.00 matched, 0.00 GEMVs actually saved, 0.00 left to compute; compared 0.00 lanes, 0.00 floats differ, 0.00 by more than an ulp
ds4:   Metal 4: 42.98 command buffers sent, 3422.7 dispatches a token; 0 pieces of Metal 3 work so far
ds4:   Metal 4 a token: 42.98 contexts in 42.98 command buffers (0.00 split); 3600.4 nodes = 3422.7 dispatches + 177.8 copies; barriers 2533.4 from the graph, 86.0 queue; engine asked for 125.7 barriers and 503.4 section ends, neither encoded; 14070.3 buffer and 3962.6 constant bindings (353105 B), 0.0 with no stated length; 42.98 blocking waits, 48.13 ms
ds4:   expert cache over the last 64 tokens: 239.89 hits, 22.08 misses, 22.08 evictions a token; 6261 of 6679 entries live (93.7%)
ds4:   of the address-table holes repaired a token: 0.00 already resident, 22.08 genuinely absent
ds4:   of the repair a token: readahead 19.82 ms, slot preparation 1.96 ms, reads 8.68 ms, install 0.06 ms, over 22.08 loads
ds4:   Engram rows written at step start in 7234 steps; layer-13 drains 0
ds4:   residency a token: 0.00 adds, 0.00 removes, 0.00 commits
ds4:   decode path so far: 7298 single-row steps (88.6 ms each inside the graph over the last 64), 2 K-row verification steps over 1398 positions, 0 batch-fusion sites taken; candidate K 32:2
ds4:   host row loop: 2796 nodes attended one at a time
ds4: gate over tokens 7233-7296: 23.44 command buffers, 14.30 aborts, 240.0 expert ids accounted, 168.19 MiB loaded a token; 0 the gate failed to switch off, 0 it could not gate
ds4:   one token, exclusive, same window: entry 0.00 + encode 2.44 + commit-to-done 51.99 + repair-load 25.03 + accounting 0.04 + tail 1.94 = 81.45 of a 87.93 ms wall, residual 6.48
ds4:   GPU busy 53.29 ms of the token's wall (the union of its buffers' spans), idle 34.64 ms
ds4:   1333.4 gated dispatches a token, 11.2 of them behind an abort; 458.3 sent plain ahead of a buffer's first validate
ds4:   encode-ahead: 8.14 segments used, 13.64 dropped, 5.89 ms a token spent encoding under the GPU
ds4:   concurrent sections: 211.88 attempted, 211.88 opened a token
ds4:   speculation: 0.00 layers a token, 0.00 lanes computed, 0.00 matched, 0.00 GEMVs actually saved, 0.00 left to compute; compared 0.00 lanes, 0.00 floats differ, 0.00 by more than an ulp
ds4:   Metal 4: 38.08 command buffers sent, 3068.7 dispatches a token; 0 pieces of Metal 3 work so far
ds4:   Metal 4 a token: 38.08 contexts in 38.08 command buffers (0.00 split); 3218.1 nodes = 3068.7 dispatches + 149.4 copies; barriers 2272.2 from the graph, 76.2 queue; engine asked for 113.4 barriers and 447.5 section ends, neither encoded; 12599.1 buffer and 3549.0 constant bindings (316186 B), 0.0 with no stated length; 38.08 blocking waits, 51.91 ms
ds4:   expert cache over the last 64 tokens: 239.94 hits, 17.72 misses, 17.72 evictions a token; 6261 of 6679 entries live (93.7%)
ds4:   of the address-table holes repaired a token: 0.00 already resident, 17.72 genuinely absent
ds4:   of the repair a token: readahead 15.91 ms, slot preparation 1.66 ms, reads 7.38 ms, install 0.05 ms, over 17.72 loads
ds4:   Engram rows written at step start in 7298 steps; layer-13 drains 0
ds4:   residency a token: 0.00 adds, 0.00 removes, 0.00 commits
ds4:   decode path so far: 7362 single-row steps (85.3 ms each inside the graph over the last 64), 2 K-row verification steps over 1398 positions, 0 batch-fusion sites taken; candidate K 32:2
ds4:   host row loop: 2796 nodes attended one at a time
ds4: gate over tokens 7297-7360: 23.09 command buffers, 13.66 aborts, 240.0 expert ids accounted, 156.62 MiB loaded a token; 0 the gate failed to switch off, 0 it could not gate
ds4:   one token, exclusive, same window: entry 0.00 + encode 2.32 + commit-to-done 49.90 + repair-load 23.56 + accounting 0.05 + tail 1.82 = 77.63 of a 83.93 ms wall, residual 6.29
ds4:   GPU busy 51.16 ms of the token's wall (the union of its buffers' spans), idle 32.77 ms
ds4:   1345.8 gated dispatches a token, 8.9 of them behind an abort; 439.6 sent plain ahead of a buffer's first validate
ds4:   encode-ahead: 8.44 segments used, 13.12 dropped, 5.76 ms a token spent encoding under the GPU
ds4:   concurrent sections: 206.88 attempted, 206.88 opened a token
ds4:   speculation: 0.00 layers a token, 0.00 lanes computed, 0.00 matched, 0.00 GEMVs actually saved, 0.00 left to compute; compared 0.00 lanes, 0.00 floats differ, 0.00 by more than an ulp
ds4:   Metal 4: 37.22 command buffers sent, 2999.0 dispatches a token; 0 pieces of Metal 3 work so far
ds4:   Metal 4 a token: 37.22 contexts in 37.22 command buffers (0.00 split); 3142.6 nodes = 2999.0 dispatches + 143.6 copies; barriers 2221.3 from the graph, 74.4 queue; engine asked for 111.3 barriers and 437.3 section ends, neither encoded; 12320.3 buffer and 3468.3 constant bindings (309104 B), 0.0 with no stated length; 37.22 blocking waits, 49.73 ms
ds4:   expert cache over the last 64 tokens: 239.95 hits, 16.50 misses, 16.50 evictions a token; 6261 of 6679 entries live (93.7%)
ds4:   of the address-table holes repaired a token: 0.00 already resident, 16.50 genuinely absent
ds4:   of the repair a token: readahead 14.64 ms, slot preparation 1.54 ms, reads 7.30 ms, install 0.05 ms, over 16.50 loads
ds4:   Engram rows written at step start in 7362 steps; layer-13 drains 0
ds4:   residency a token: 0.00 adds, 0.00 removes, 0.00 commits
ds4:   decode path so far: 7426 single-row steps (85.0 ms each inside the graph over the last 64), 2 K-row verification steps over 1398 positions, 0 batch-fusion sites taken; candidate K 32:2
ds4:   host row loop: 2796 nodes attended one at a time
ds4: gate over tokens 7361-7424: 23.05 command buffers, 13.86 aborts, 240.0 expert ids accounted, 163.59 MiB loaded a token; 0 the gate failed to switch off, 0 it could not gate
ds4:   one token, exclusive, same window: entry 0.00 + encode 2.32 + commit-to-done 51.04 + repair-load 22.91 + accounting 0.04 + tail 1.89 = 78.21 of a 84.34 ms wall, residual 6.13
ds4:   GPU busy 52.22 ms of the token's wall (the union of its buffers' spans), idle 32.12 ms
ds4:   1327.0 gated dispatches a token, 11.2 of them behind an abort; 441.9 sent plain ahead of a buffer's first validate
ds4:   encode-ahead: 8.19 segments used, 13.06 dropped, 5.57 ms a token spent encoding under the GPU
ds4:   concurrent sections: 206.09 attempted, 206.09 opened a token
ds4:   speculation: 0.00 layers a token, 0.00 lanes computed, 0.00 matched, 0.00 GEMVs actually saved, 0.00 left to compute; compared 0.00 lanes, 0.00 floats differ, 0.00 by more than an ulp
ds4:   Metal 4: 37.11 command buffers sent, 2982.6 dispatches a token; 0 pieces of Metal 3 work so far
ds4:   Metal 4 a token: 37.11 contexts in 37.11 command buffers (0.00 split); 3128.4 nodes = 2982.6 dispatches + 145.9 copies; barriers 2207.7 from the graph, 74.2 queue; engine asked for 110.4 barriers and 435.4 section ends, neither encoded; 12251.4 buffer and 3449.8 constant bindings (307326 B), 0.0 with no stated length; 37.11 blocking waits, 50.99 ms
ds4:   expert cache over the last 64 tokens: 239.97 hits, 17.23 misses, 17.23 evictions a token; 6261 of 6679 entries live (93.7%)
ds4:   of the address-table holes repaired a token: 0.00 already resident, 17.23 genuinely absent
ds4:   of the repair a token: readahead 14.45 ms, slot preparation 1.55 ms, reads 6.84 ms, install 0.05 ms, over 17.23 loads
ds4:   Engram rows written at step start in 7426 steps; layer-13 drains 0
ds4:   residency a token: 0.00 adds, 0.00 removes, 0.00 commits
ds4: memory budget: peak 80.00 GiB allocated of 80.00 GiB; 2 slab(s) given back, 0 allocation(s) refused, cache growth stopped 26389 time(s)
ds4: expert directory: 0 pinned hits, 0 cache hits, 33304 loads; 0 address mismatches, 0 missing with a non-zero slot, 0 selected and missing; 0 pinned experts given back to the budget
warmup     model views touched: ok; Metal 4 commits +1, encoders +2; Metal 3 commands +0
refusal    a Metal 3-only call returned 0; refusals +1, Metal 3 commands +0
short      prompt    26 tokens,  2048 steps: logits differ at 0 of 2049 evaluations (first -1), tokens first differ at -1, ids 13607d993a447227 / 13607d993a447227
haiku      prompt    21 tokens,   256 steps: logits differ at 0 of 257 evaluations (first -1), tokens first differ at -1, ids 8f561a8abb7bba25 / 8f561a8abb7bba25
long       prompt  4795 tokens,   256 steps: logits differ at 0 of 257 evaluations (first -1), tokens first differ at -1, ids e197891559449b7b / e197891559449b7b
injected   decode failure: eval returned 1 (V4.1 decode failed at position 34)
injected   prefill failure: sync returned 1 (V4.1 prefill failed at position 0)
after      a fresh session matches the reference for 128 of 128 tokens
fallback   Metal 3 work noted under the Metal 4 backend: 0
health     Metal 4: 133904 commits, 133904 feedback, 2 errors (the injected ones), residency held 0 entries 0.0 MiB, peak 61031.7 MiB, 12237535 adds, 12237535 releases
reopen     an engine opened after the first closed matches the reference for 2048 of 2048 tokens
closed     after the second close: residency held 0 entries
m3api      Metal 3 command execution after Metal 4 selection: 0; refused 1 (the deliberate one); Metal 3 queues created before selection 0, after 0
fulltable  full expert address table uses 0; expert cache hits 1613604, misses 55402
PASS
