ds4: abort gate on for the first 40 layers
ds4: Metal device Apple M5 Max, 128.00 GiB RAM
ds4: Metal 4 tensor API enabled for Tensor kernels
ds4: drift-patch flags hc_stable=on norm_unify=on kv_raw_f32=off rope_exp2_log2=off math_safe=off tensor_matmul=on
ds4: Metal SSD streaming mode enabled; full model residency and warmup are skipped
ds4: SSD streaming auto cache budget
ds4:   metal recommends 107.52 GiB working set
ds4:   using 84% total for model + cached experts: 90.00 GiB
ds4:   non-routed weights: 9.37 GiB
ds4:   routed expert size: 9.49 MiB
ds4:   expert budget before prefill reserve: 8698 (80.63 GiB)
ds4: metal SSD streaming cache target 80.63 GiB; effective 80.63 GiB = 7.12 GiB prefill headroom + 73.51 GiB dynamic cache (7930 experts, 9.49 MiB each)
ds4: Metal SSD static weights locked 9.37 GiB; pageable 0.00 GiB
ds4: SSD streaming initial metal model map (569 spans, 9.37 GiB tensor span)
ds4: metal backend initialized for graph diagnostics
ds4: memory: KV 0.06 GiB (raw 0.01 + compressed 0.05) + buffers 3.27 GiB + resident model 9.37 GiB + expert cache 73.51 GiB + prefill expert reserve 7.12 GiB = 93.33 GiB planned
ds4: memory detail: ctx=8192 prefill_cap=4096 raw_kv_rows=128 compressed_kv_rows=8193 backend=metal
0925 00:05:05 ds4-server: context buffers 3411.39 MiB (ctx=8192, backend=metal, prefill_chunk=4096, raw_kv_rows=128, compressed_kv_rows=8193)
ds4: V4.1 static context buffers 3411.39 MiB (ctx=8192), Engram disk-only
0925 00:05:05 ds4-server: listening on http://127.0.0.1:8016
0925 00:05:08 ds4-server: chat ctx=0..31:31 prompt start
ds4: shared/routed FFN overlap ran, mode 1
ds4: expert residency set on the queue
0925 00:05:08 ds4-server: chat ctx=0..31:31 prefill chunk 1/31 (3.2%) chunk=0.00 t/s avg=4.07 t/s 0.246s
0925 00:05:08 ds4-server: chat ctx=0..31:31 prefill chunk 2/31 (6.5%) chunk=6.39 t/s avg=4.97 t/s 0.402s
0925 00:05:08 ds4-server: chat ctx=0..31:31 prefill chunk 3/31 (9.7%) chunk=11.53 t/s avg=6.14 t/s 0.489s
0925 00:05:08 ds4-server: chat ctx=0..31:31 prefill chunk 4/31 (12.9%) chunk=13.56 t/s avg=7.11 t/s 0.563s
0925 00:05:08 ds4-server: chat ctx=0..31:31 prefill chunk 5/31 (16.1%) chunk=13.51 t/s avg=7.86 t/s 0.637s
0925 00:05:08 ds4-server: chat ctx=0..31:31 prefill chunk 6/31 (19.4%) chunk=15.52 t/s avg=8.56 t/s 0.701s
0925 00:05:08 ds4-server: chat ctx=0..31:31 prefill chunk 7/31 (22.6%) chunk=14.64 t/s avg=9.10 t/s 0.769s
0925 00:05:08 ds4-server: chat ctx=0..31:31 prefill chunk 8/31 (25.8%) chunk=15.00 t/s avg=9.57 t/s 0.836s
0925 00:05:09 ds4-server: chat ctx=0..31:31 prefill chunk 9/31 (29.0%) chunk=13.81 t/s avg=9.91 t/s 0.908s
0925 00:05:09 ds4-server: chat ctx=0..31:31 prefill chunk 10/31 (32.3%) chunk=15.27 t/s avg=10.27 t/s 0.974s
0925 00:05:09 ds4-server: chat ctx=0..31:31 prefill chunk 11/31 (35.5%) chunk=14.14 t/s avg=10.53 t/s 1.045s
0925 00:05:09 ds4-server: chat ctx=0..31:31 prefill chunk 12/31 (38.7%) chunk=16.81 t/s avg=10.87 t/s 1.104s
0925 00:05:09 ds4-server: chat ctx=0..31:31 prefill chunk 13/31 (41.9%) chunk=14.29 t/s avg=11.07 t/s 1.174s
0925 00:05:09 ds4-server: chat ctx=0..31:31 prefill chunk 14/31 (45.2%) chunk=16.39 t/s avg=11.34 t/s 1.235s
0925 00:05:09 ds4-server: chat ctx=0..31:31 prefill chunk 15/31 (48.4%) chunk=18.18 t/s avg=11.63 t/s 1.290s
0925 00:05:09 ds4-server: chat ctx=0..31:31 prefill chunk 16/31 (51.6%) chunk=14.64 t/s avg=11.78 t/s 1.358s
0925 00:05:09 ds4-server: chat ctx=0..31:31 prefill chunk 17/31 (54.8%) chunk=15.75 t/s avg=11.96 t/s 1.422s
0925 00:05:09 ds4-server: chat ctx=0..31:31 prefill chunk 18/31 (58.1%) chunk=14.31 t/s avg=12.07 t/s 1.492s
0925 00:05:09 ds4-server: chat ctx=0..31:31 prefill chunk 19/31 (61.3%) chunk=16.04 t/s avg=12.23 t/s 1.554s
0925 00:05:09 ds4-server: chat ctx=0..31:31 prefill chunk 20/31 (64.5%) chunk=17.14 t/s avg=12.40 t/s 1.612s
0925 00:05:09 ds4-server: chat ctx=0..31:31 prefill chunk 21/31 (67.7%) chunk=18.23 t/s avg=12.60 t/s 1.667s
0925 00:05:09 ds4-server: chat ctx=0..31:31 prefill chunk 22/31 (71.0%) chunk=16.87 t/s avg=12.74 t/s 1.726s
0925 00:05:09 ds4-server: chat ctx=0..31:31 prefill chunk 23/31 (74.2%) chunk=17.97 t/s avg=12.91 t/s 1.782s
0925 00:05:09 ds4-server: chat ctx=0..31:31 prefill chunk 24/31 (77.4%) chunk=15.68 t/s avg=13.00 t/s 1.846s
0925 00:05:10 ds4-server: chat ctx=0..31:31 prefill chunk 25/31 (80.6%) chunk=19.13 t/s avg=13.17 t/s 1.898s
0925 00:05:10 ds4-server: chat ctx=0..31:31 prefill chunk 26/31 (83.9%) chunk=20.07 t/s avg=13.35 t/s 1.948s
0925 00:05:10 ds4-server: chat ctx=0..31:31 prefill chunk 27/31 (87.1%) chunk=17.72 t/s avg=13.47 t/s 2.004s
0925 00:05:10 ds4-server: chat ctx=0..31:31 prefill chunk 28/31 (90.3%) chunk=15.98 t/s avg=13.55 t/s 2.067s
0925 00:05:10 ds4-server: chat ctx=0..31:31 prefill chunk 29/31 (93.5%) chunk=16.64 t/s avg=13.63 t/s 2.127s
0925 00:05:10 ds4-server: chat ctx=0..31:31 prefill chunk 30/31 (96.8%) chunk=17.17 t/s avg=13.73 t/s 2.185s
0925 00:05:10 ds4-server: chat ctx=0..31:31 prefill chunk 31/31 (100.0%) chunk=17.72 t/s avg=13.83 t/s 2.242s
0925 00:05:10 ds4-server: chat ctx=0..31:31 prompt done 2.244s
ds4: gate over tokens 1-64: 34.33 command buffers, 30.23 aborts, 240.0 expert ids accounted, 656.74 MiB loaded a token; 0 the gate failed to switch off, 0 it could not gate
ds4:   one token, exclusive, same window: entry 0.00 + encode 3.08 + commit-to-done 36.70 + repair-load 14.90 + accounting 0.03 + tail 0.72 = 55.43 of a 59.43 ms wall, residual 4.00
ds4:   of the commit-to-done: GPU running 33.37 ms, GPU not running 3.33 ms
ds4:   2038.6 gated dispatches a token, 69.6 of them behind an abort; 2808.7 sent plain ahead of a buffer's first validate
ds4:   encode-ahead: 2.09 segments used, 27.23 dropped, 3.74 ms a token spent encoding under the GPU
ds4:   concurrent sections: 350.53 attempted, 350.53 opened a token
ds4:   speculation: 0.00 layers a token, 0.00 lanes computed, 0.00 matched, 0.00 GEMVs actually saved, 0.00 left to compute; compared 0.00 lanes, 0.00 floats differ, 0.00 by more than an ulp
ds4:   expert cache over the last 64 tokens: 240.00 hits, 69.19 misses, 0.00 evictions a token; 4428 of 7930 entries live (55.8%)
ds4:   of the address-table holes repaired a token: 0.00 already resident, 69.19 genuinely absent
ds4:   residency a token: 69.19 adds, 0.00 removes, 69.19 commits
ds4: V4.1 block-local KV delta, 8 rows over 31 prefix keys
ds4: V4.1 batch attn_output_b hoisted out of the per-row loop (8 rows)
ds4: V4.1 moe split layer=0 rows=8 router=0.785 ms
ds4: V4.1 moe split layer=0 rows=8 shared=0.655 ms
ds4: V4.1 moe split layer=0 rows=8 routed=10.660 ms
ds4: V4.1 moe split layer=1 rows=8 router=1.302 ms
ds4: V4.1 moe split layer=1 rows=8 shared=1.286 ms
ds4: V4.1 moe split layer=1 rows=8 routed=3.731 ms
ds4: V4.1 block attention by level, 8 rows, concurrent section open
ds4: V4.1 moe split layer=2 rows=8 router=1.188 ms
ds4: V4.1 moe split layer=2 rows=8 shared=0.529 ms
ds4: V4.1 moe split layer=2 rows=8 routed=3.226 ms
ds4: V4.1 moe split layer=3 rows=8 router=1.132 ms
ds4: V4.1 moe split layer=3 rows=8 shared=0.493 ms
ds4: V4.1 moe split layer=3 rows=8 routed=2.317 ms
ds4: V4.1 moe split layer=4 rows=8 router=0.385 ms
ds4: V4.1 moe split layer=4 rows=8 shared=0.512 ms
ds4: V4.1 moe split layer=4 rows=8 routed=3.179 ms
ds4: V4.1 moe split layer=5 rows=8 router=0.440 ms
ds4: V4.1 moe split layer=5 rows=8 shared=0.570 ms
ds4: V4.1 moe split layer=5 rows=8 routed=3.020 ms
ds4: V4.1 moe split layer=6 rows=8 router=0.438 ms
ds4: V4.1 moe split layer=6 rows=8 shared=0.624 ms
ds4: V4.1 moe split layer=6 rows=8 routed=3.157 ms
ds4: V4.1 moe split layer=7 rows=8 router=0.446 ms
ds4: V4.1 moe split layer=7 rows=8 shared=0.583 ms
ds4: V4.1 moe split layer=7 rows=8 routed=3.027 ms
ds4: V4.1 moe split layer=8 rows=8 router=0.423 ms
ds4: V4.1 moe split layer=8 rows=8 shared=0.596 ms
ds4: V4.1 moe split layer=8 rows=8 routed=3.456 ms
ds4: V4.1 moe split layer=9 rows=8 router=0.420 ms
ds4: V4.1 moe split layer=9 rows=8 shared=0.564 ms
ds4: V4.1 moe split layer=9 rows=8 routed=3.016 ms
ds4: V4.1 moe split layer=10 rows=8 router=0.559 ms
ds4: V4.1 moe split layer=10 rows=8 shared=0.639 ms
ds4: V4.1 moe split layer=10 rows=8 routed=2.998 ms
ds4: V4.1 moe split layer=11 rows=8 router=0.481 ms
ds4: V4.1 moe split layer=11 rows=8 shared=0.619 ms
ds4: V4.1 moe split layer=11 rows=8 routed=3.028 ms
ds4: V4.1 moe split layer=12 rows=8 router=0.514 ms
ds4: V4.1 moe split layer=12 rows=8 shared=0.649 ms
ds4: V4.1 moe split layer=12 rows=8 routed=2.483 ms
ds4: V4.1 moe split layer=13 rows=8 router=0.456 ms
ds4: V4.1 moe split layer=13 rows=8 shared=0.508 ms
ds4: V4.1 moe split layer=13 rows=8 routed=2.262 ms
ds4: V4.1 moe split layer=14 rows=8 router=0.394 ms
ds4: V4.1 moe split layer=14 rows=8 shared=0.523 ms
ds4: V4.1 moe split layer=14 rows=8 routed=2.196 ms
ds4: V4.1 moe split layer=15 rows=8 router=0.374 ms
ds4: V4.1 moe split layer=15 rows=8 shared=0.447 ms
ds4: V4.1 moe split layer=15 rows=8 routed=1.899 ms
ds4: V4.1 moe split layer=16 rows=8 router=0.348 ms
ds4: V4.1 moe split layer=16 rows=8 shared=0.384 ms
ds4: V4.1 moe split layer=16 rows=8 routed=1.845 ms
ds4: V4.1 moe split layer=17 rows=8 router=0.391 ms
ds4: V4.1 moe split layer=17 rows=8 shared=0.381 ms
ds4: V4.1 moe split layer=17 rows=8 routed=1.914 ms
ds4: V4.1 moe split layer=18 rows=8 router=0.382 ms
ds4: V4.1 moe split layer=18 rows=8 shared=0.389 ms
ds4: V4.1 moe split layer=18 rows=8 routed=1.732 ms
ds4: V4.1 moe split layer=19 rows=8 router=0.298 ms
ds4: V4.1 moe split layer=19 rows=8 shared=0.339 ms
ds4: V4.1 moe split layer=19 rows=8 routed=1.575 ms
ds4: V4.1 moe split layer=20 rows=8 router=0.265 ms
ds4: V4.1 moe split layer=20 rows=8 shared=0.380 ms
ds4: V4.1 moe split layer=20 rows=8 routed=1.539 ms
ds4: V4.1 moe split layer=21 rows=8 router=0.303 ms
ds4: V4.1 moe split layer=21 rows=8 shared=0.330 ms
ds4: V4.1 moe split layer=21 rows=8 routed=1.586 ms
ds4: V4.1 moe split layer=22 rows=8 router=0.273 ms
ds4: V4.1 moe split layer=22 rows=8 shared=0.331 ms
ds4: V4.1 moe split layer=22 rows=8 routed=1.520 ms
ds4: V4.1 moe split layer=23 rows=8 router=0.378 ms
ds4: V4.1 moe split layer=23 rows=8 shared=0.312 ms
ds4: V4.1 moe split layer=23 rows=8 routed=1.444 ms
ds4: V4.1 moe split layer=24 rows=8 router=0.337 ms
ds4: V4.1 moe split layer=24 rows=8 shared=0.315 ms
ds4: V4.1 moe split layer=24 rows=8 routed=1.461 ms
ds4: V4.1 moe split layer=25 rows=8 router=0.274 ms
ds4: V4.1 moe split layer=25 rows=8 shared=0.330 ms
ds4: V4.1 moe split layer=25 rows=8 routed=1.369 ms
ds4: V4.1 moe split layer=26 rows=8 router=0.248 ms
ds4: V4.1 moe split layer=26 rows=8 shared=0.321 ms
ds4: V4.1 moe split layer=26 rows=8 routed=1.366 ms
ds4: V4.1 moe split layer=27 rows=8 router=0.340 ms
ds4: V4.1 moe split layer=27 rows=8 shared=0.351 ms
ds4: V4.1 moe split layer=27 rows=8 routed=1.342 ms
ds4: V4.1 moe split layer=28 rows=8 router=0.304 ms
ds4: V4.1 moe split layer=28 rows=8 shared=0.308 ms
ds4: V4.1 moe split layer=28 rows=8 routed=1.298 ms
ds4: V4.1 moe split layer=29 rows=8 router=0.286 ms
ds4: V4.1 moe split layer=29 rows=8 shared=0.352 ms
ds4: V4.1 moe split layer=29 rows=8 routed=1.342 ms
ds4: V4.1 moe split layer=30 rows=8 router=0.283 ms
ds4: V4.1 moe split layer=30 rows=8 shared=0.333 ms
ds4: V4.1 moe split layer=30 rows=8 routed=1.331 ms
ds4: V4.1 moe split layer=31 rows=8 router=0.319 ms
ds4: V4.1 moe split layer=31 rows=8 shared=0.334 ms
ds4: V4.1 moe split layer=31 rows=8 routed=1.414 ms
ds4: V4.1 moe split layer=32 rows=8 router=0.344 ms
ds4: V4.1 moe split layer=32 rows=8 shared=0.328 ms
ds4: V4.1 moe split layer=32 rows=8 routed=1.431 ms
ds4: V4.1 moe split layer=33 rows=8 router=0.310 ms
ds4: V4.1 moe split layer=33 rows=8 shared=0.335 ms
ds4: V4.1 moe split layer=33 rows=8 routed=1.364 ms
ds4: V4.1 moe split layer=34 rows=8 router=0.348 ms
ds4: V4.1 moe split layer=34 rows=8 shared=0.308 ms
ds4: V4.1 moe split layer=34 rows=8 routed=1.359 ms
ds4: V4.1 moe split layer=35 rows=8 router=0.341 ms
ds4: V4.1 moe split layer=35 rows=8 shared=0.320 ms
ds4: V4.1 moe split layer=35 rows=8 routed=1.386 ms
ds4: V4.1 moe split layer=36 rows=8 router=0.306 ms
ds4: V4.1 moe split layer=36 rows=8 shared=0.303 ms
ds4: V4.1 moe split layer=36 rows=8 routed=1.344 ms
ds4: V4.1 moe split layer=37 rows=8 router=0.266 ms
ds4: V4.1 moe split layer=37 rows=8 shared=0.314 ms
ds4: V4.1 moe split layer=37 rows=8 routed=1.373 ms
ds4: V4.1 moe split layer=38 rows=8 router=0.288 ms
ds4: V4.1 moe split layer=38 rows=8 shared=0.312 ms
ds4: V4.1 moe split layer=38 rows=8 routed=1.290 ms
ds4: V4.1 moe split layer=39 rows=8 router=0.297 ms
ds4: V4.1 moe split layer=39 rows=8 shared=0.306 ms
ds4: V4.1 moe split layer=39 rows=8 routed=1.308 ms
ds4: V4.1 batch step rows=8 pre 0.0 ms, per-row attention 0.0 ms, moe 0.0 ms, head 0.0 ms, setup 0.0 ms, publish 0.0 ms
ds4: V4.1 moe split layer=0 rows=8 router=0.365 ms
ds4: V4.1 moe split layer=0 rows=8 shared=0.315 ms
ds4: V4.1 moe split layer=0 rows=8 routed=1.374 ms
ds4: V4.1 moe split layer=1 rows=8 router=0.225 ms
ds4: V4.1 moe split layer=1 rows=8 shared=0.308 ms
ds4: V4.1 moe split layer=1 rows=8 routed=1.298 ms
ds4: V4.1 moe split layer=2 rows=8 router=0.303 ms
ds4: V4.1 moe split layer=2 rows=8 shared=0.307 ms
ds4: V4.1 moe split layer=2 rows=8 routed=1.466 ms
ds4: V4.1 moe split layer=3 rows=8 router=0.289 ms
ds4: V4.1 moe split layer=3 rows=8 shared=0.350 ms
ds4: V4.1 moe split layer=3 rows=8 routed=1.465 ms
ds4: V4.1 moe split layer=4 rows=8 router=0.285 ms
ds4: V4.1 moe split layer=4 rows=8 shared=0.334 ms
ds4: V4.1 moe split layer=4 rows=8 routed=1.349 ms
ds4: V4.1 moe split layer=5 rows=8 router=0.328 ms
ds4: V4.1 moe split layer=5 rows=8 shared=0.311 ms
ds4: V4.1 moe split layer=5 rows=8 routed=1.371 ms
ds4: V4.1 moe split layer=6 rows=8 router=0.251 ms
ds4: V4.1 moe split layer=6 rows=8 shared=0.326 ms
ds4: V4.1 moe split layer=6 rows=8 routed=1.312 ms
ds4: V4.1 moe split layer=7 rows=8 router=0.289 ms
ds4: V4.1 moe split layer=7 rows=8 shared=0.319 ms
ds4: V4.1 moe split layer=7 rows=8 routed=1.302 ms
ds4: V4.1 moe split layer=8 rows=8 router=0.321 ms
ds4: V4.1 moe split layer=8 rows=8 shared=0.313 ms
ds4: V4.1 moe split layer=8 rows=8 routed=1.361 ms
ds4: V4.1 moe split layer=9 rows=8 router=0.255 ms
ds4: V4.1 moe split layer=9 rows=8 shared=0.362 ms
ds4: V4.1 moe split layer=9 rows=8 routed=1.392 ms
ds4: V4.1 moe split layer=10 rows=8 router=0.255 ms
ds4: V4.1 moe split layer=10 rows=8 shared=0.312 ms
ds4: V4.1 moe split layer=10 rows=8 routed=1.350 ms
ds4: V4.1 moe split layer=11 rows=8 router=0.360 ms
ds4: V4.1 moe split layer=11 rows=8 shared=0.310 ms
ds4: V4.1 moe split layer=11 rows=8 routed=1.315 ms
ds4: V4.1 moe split layer=12 rows=8 router=0.282 ms
ds4: V4.1 moe split layer=12 rows=8 shared=0.339 ms
ds4: V4.1 moe split layer=12 rows=8 routed=1.267 ms
ds4: V4.1 moe split layer=13 rows=8 router=0.305 ms
ds4: V4.1 moe split layer=13 rows=8 shared=0.342 ms
ds4: V4.1 moe split layer=13 rows=8 routed=1.371 ms
ds4: V4.1 moe split layer=14 rows=8 router=0.315 ms
ds4: V4.1 moe split layer=14 rows=8 shared=0.341 ms
ds4: V4.1 moe split layer=14 rows=8 routed=1.286 ms
ds4: V4.1 moe split layer=15 rows=8 router=0.333 ms
ds4: V4.1 moe split layer=15 rows=8 shared=0.340 ms
ds4: V4.1 moe split layer=15 rows=8 routed=1.369 ms
ds4: V4.1 moe split layer=16 rows=8 router=0.303 ms
ds4: V4.1 moe split layer=16 rows=8 shared=0.325 ms
ds4: V4.1 moe split layer=16 rows=8 routed=1.401 ms
ds4: V4.1 moe split layer=17 rows=8 router=0.275 ms
ds4: V4.1 moe split layer=17 rows=8 shared=0.324 ms
ds4: V4.1 moe split layer=17 rows=8 routed=1.286 ms
ds4: V4.1 moe split layer=18 rows=8 router=0.293 ms
ds4: V4.1 moe split layer=18 rows=8 shared=0.320 ms
ds4: V4.1 moe split layer=18 rows=8 routed=1.318 ms
ds4: V4.1 moe split layer=19 rows=8 router=0.279 ms
ds4: V4.1 moe split layer=19 rows=8 shared=0.320 ms
ds4: V4.1 moe split layer=19 rows=8 routed=1.350 ms
ds4: V4.1 moe split layer=20 rows=8 router=0.274 ms
ds4: V4.1 moe split layer=20 rows=8 shared=0.308 ms
ds4: V4.1 moe split layer=20 rows=8 routed=1.313 ms
ds4: V4.1 moe split layer=21 rows=8 router=0.338 ms
ds4: V4.1 moe split layer=21 rows=8 shared=0.332 ms
ds4: V4.1 moe split layer=21 rows=8 routed=1.324 ms
ds4: V4.1 moe split layer=22 rows=8 router=0.345 ms
ds4: V4.1 moe split layer=22 rows=8 shared=0.331 ms
ds4: V4.1 moe split layer=22 rows=8 routed=1.383 ms
ds4: V4.1 moe split layer=23 rows=8 router=0.284 ms
ds4: V4.1 moe split layer=23 rows=8 shared=0.333 ms
ds4: V4.1 moe split layer=23 rows=8 routed=1.387 ms
ds4: V4.1 moe split layer=24 rows=8 router=0.345 ms
ds4: V4.1 moe split layer=24 rows=8 shared=0.306 ms
ds4: V4.1 moe split layer=24 rows=8 routed=1.350 ms
ds4: V4.1 moe split layer=25 rows=8 router=0.335 ms
ds4: V4.1 moe split layer=25 rows=8 shared=0.348 ms
ds4: V4.1 moe split layer=25 rows=8 routed=1.324 ms
ds4: V4.1 moe split layer=26 rows=8 router=0.258 ms
ds4: V4.1 moe split layer=26 rows=8 shared=0.317 ms
ds4: V4.1 moe split layer=26 rows=8 routed=1.384 ms
ds4: V4.1 moe split layer=27 rows=8 router=0.286 ms
ds4: V4.1 moe split layer=27 rows=8 shared=0.299 ms
ds4: V4.1 moe split layer=27 rows=8 routed=1.388 ms
ds4: V4.1 moe split layer=28 rows=8 router=0.342 ms
ds4: V4.1 moe split layer=28 rows=8 shared=0.318 ms
ds4: V4.1 moe split layer=28 rows=8 routed=1.416 ms
ds4: V4.1 moe split layer=29 rows=8 router=0.291 ms
ds4: V4.1 moe split layer=29 rows=8 shared=0.336 ms
ds4: V4.1 moe split layer=29 rows=8 routed=1.301 ms
ds4: V4.1 moe split layer=30 rows=8 router=0.303 ms
ds4: V4.1 moe split layer=30 rows=8 shared=0.337 ms
ds4: V4.1 moe split layer=30 rows=8 routed=1.340 ms
ds4: V4.1 moe split layer=31 rows=8 router=0.298 ms
ds4: V4.1 moe split layer=31 rows=8 shared=0.313 ms
ds4: V4.1 moe split layer=31 rows=8 routed=1.413 ms
ds4: V4.1 moe split layer=32 rows=8 router=0.340 ms
ds4: V4.1 moe split layer=32 rows=8 shared=0.352 ms
ds4: V4.1 moe split layer=32 rows=8 routed=1.293 ms
ds4: V4.1 moe split layer=33 rows=8 router=0.323 ms
ds4: V4.1 moe split layer=33 rows=8 shared=0.339 ms
ds4: V4.1 moe split layer=33 rows=8 routed=1.366 ms
ds4: V4.1 moe split layer=34 rows=8 router=0.391 ms
ds4: V4.1 moe split layer=34 rows=8 shared=0.294 ms
ds4: V4.1 moe split layer=34 rows=8 routed=1.399 ms
ds4: V4.1 moe split layer=35 rows=8 router=0.331 ms
ds4: V4.1 moe split layer=35 rows=8 shared=0.322 ms
ds4: V4.1 moe split layer=35 rows=8 routed=1.369 ms
ds4: V4.1 moe split layer=36 rows=8 router=0.292 ms
ds4: V4.1 moe split layer=36 rows=8 shared=0.305 ms
ds4: V4.1 moe split layer=36 rows=8 routed=1.370 ms
ds4: V4.1 moe split layer=37 rows=8 router=0.295 ms
ds4: V4.1 moe split layer=37 rows=8 shared=0.364 ms
ds4: V4.1 moe split layer=37 rows=8 routed=1.336 ms
ds4: V4.1 moe split layer=38 rows=8 router=0.320 ms
ds4: V4.1 moe split layer=38 rows=8 shared=0.307 ms
ds4: V4.1 moe split layer=38 rows=8 routed=1.364 ms
ds4: V4.1 moe split layer=39 rows=8 router=0.336 ms
ds4: V4.1 moe split layer=39 rows=8 shared=0.303 ms
ds4: V4.1 moe split layer=39 rows=8 routed=1.371 ms
ds4: V4.1 batch step rows=8 pre 0.0 ms, per-row attention 0.0 ms, moe 0.0 ms, head 0.0 ms, setup 0.0 ms, publish 0.0 ms
ds4: V4.1 moe split layer=0 rows=8 router=0.398 ms
ds4: V4.1 moe split layer=0 rows=8 shared=0.454 ms
ds4: V4.1 moe split layer=0 rows=8 routed=2.282 ms
ds4: V4.1 moe split layer=1 rows=8 router=0.427 ms
ds4: V4.1 moe split layer=1 rows=8 shared=0.426 ms
ds4: V4.1 moe split layer=1 rows=8 routed=1.751 ms
ds4: V4.1 moe split layer=2 rows=8 router=0.262 ms
ds4: V4.1 moe split layer=2 rows=8 shared=0.314 ms
ds4: V4.1 moe split layer=2 rows=8 routed=1.279 ms
ds4: V4.1 moe split layer=3 rows=8 router=0.337 ms
ds4: V4.1 moe split layer=3 rows=8 shared=0.297 ms
ds4: V4.1 moe split layer=3 rows=8 routed=1.334 ms
ds4: V4.1 moe split layer=4 rows=8 router=0.300 ms
ds4: V4.1 moe split layer=4 rows=8 shared=0.298 ms
ds4: V4.1 moe split layer=4 rows=8 routed=1.347 ms
ds4: V4.1 moe split layer=5 rows=8 router=0.283 ms
ds4: V4.1 moe split layer=5 rows=8 shared=0.311 ms
ds4: V4.1 moe split layer=5 rows=8 routed=1.321 ms
ds4: V4.1 moe split layer=6 rows=8 router=0.285 ms
ds4: V4.1 moe split layer=6 rows=8 shared=0.341 ms
ds4: V4.1 moe split layer=6 rows=8 routed=1.290 ms
ds4: V4.1 moe split layer=7 rows=8 router=0.244 ms
ds4: V4.1 moe split layer=7 rows=8 shared=0.298 ms
ds4: V4.1 moe split layer=7 rows=8 routed=1.262 ms
ds4: V4.1 moe split layer=8 rows=8 router=0.307 ms
ds4: V4.1 moe split layer=8 rows=8 shared=0.310 ms
ds4: V4.1 moe split layer=8 rows=8 routed=1.367 ms
ds4: V4.1 moe split layer=9 rows=8 router=0.283 ms
ds4: V4.1 moe split layer=9 rows=8 shared=0.307 ms
ds4: V4.1 moe split layer=9 rows=8 routed=1.339 ms
ds4: V4.1 moe split layer=10 rows=8 router=0.290 ms
ds4: V4.1 moe split layer=10 rows=8 shared=0.304 ms
ds4: V4.1 moe split layer=10 rows=8 routed=1.287 ms
ds4: V4.1 moe split layer=11 rows=8 router=0.238 ms
ds4: V4.1 moe split layer=11 rows=8 shared=0.316 ms
ds4: V4.1 moe split layer=11 rows=8 routed=1.375 ms
ds4: V4.1 moe split layer=12 rows=8 router=0.309 ms
ds4: V4.1 moe split layer=12 rows=8 shared=0.302 ms
ds4: V4.1 moe split layer=12 rows=8 routed=1.331 ms
ds4: V4.1 moe split layer=13 rows=8 router=0.336 ms
ds4: V4.1 moe split layer=13 rows=8 shared=0.341 ms
ds4: V4.1 moe split layer=13 rows=8 routed=1.327 ms
ds4: V4.1 moe split layer=14 rows=8 router=0.284 ms
ds4: V4.1 moe split layer=14 rows=8 shared=0.304 ms
ds4: V4.1 moe split layer=14 rows=8 routed=1.353 ms
ds4: V4.1 moe split layer=15 rows=8 router=0.301 ms
ds4: V4.1 moe split layer=15 rows=8 shared=0.332 ms
ds4: V4.1 moe split layer=15 rows=8 routed=1.376 ms
ds4: V4.1 moe split layer=16 rows=8 router=0.300 ms
ds4: V4.1 moe split layer=16 rows=8 shared=0.340 ms
ds4: V4.1 moe split layer=16 rows=8 routed=1.373 ms
ds4: V4.1 moe split layer=17 rows=8 router=0.291 ms
ds4: V4.1 moe split layer=17 rows=8 shared=0.306 ms
ds4: V4.1 moe split layer=17 rows=8 routed=1.319 ms
ds4: V4.1 moe split layer=18 rows=8 router=0.301 ms
ds4: V4.1 moe split layer=18 rows=8 shared=0.317 ms
ds4: V4.1 moe split layer=18 rows=8 routed=1.403 ms
ds4: V4.1 moe split layer=19 rows=8 router=0.286 ms
ds4: V4.1 moe split layer=19 rows=8 shared=0.311 ms
ds4: V4.1 moe split layer=19 rows=8 routed=1.357 ms
ds4: V4.1 moe split layer=20 rows=8 router=0.297 ms
ds4: V4.1 moe split layer=20 rows=8 shared=0.306 ms
ds4: V4.1 moe split layer=20 rows=8 routed=1.348 ms
ds4: V4.1 moe split layer=21 rows=8 router=0.238 ms
ds4: V4.1 moe split layer=21 rows=8 shared=0.335 ms
ds4: V4.1 moe split layer=21 rows=8 routed=1.351 ms
ds4: V4.1 moe split layer=22 rows=8 router=0.374 ms
ds4: V4.1 moe split layer=22 rows=8 shared=0.291 ms
ds4: V4.1 moe split layer=22 rows=8 routed=1.298 ms
ds4: V4.1 moe split layer=23 rows=8 router=0.317 ms
ds4: V4.1 moe split layer=23 rows=8 shared=0.307 ms
ds4: V4.1 moe split layer=23 rows=8 routed=1.310 ms
ds4: V4.1 moe split layer=24 rows=8 router=0.242 ms
ds4: V4.1 moe split layer=24 rows=8 shared=0.311 ms
ds4: V4.1 moe split layer=24 rows=8 routed=1.372 ms
ds4: V4.1 moe split layer=25 rows=8 router=0.329 ms
ds4: V4.1 moe split layer=25 rows=8 shared=0.302 ms
ds4: V4.1 moe split layer=25 rows=8 routed=1.363 ms
ds4: V4.1 moe split layer=26 rows=8 router=0.317 ms
ds4: V4.1 moe split layer=26 rows=8 shared=0.310 ms
ds4: V4.1 moe split layer=26 rows=8 routed=1.360 ms
ds4: V4.1 moe split layer=27 rows=8 router=0.291 ms
ds4: V4.1 moe split layer=27 rows=8 shared=0.340 ms
ds4: V4.1 moe split layer=27 rows=8 routed=1.361 ms
ds4: V4.1 moe split layer=28 rows=8 router=0.339 ms
ds4: V4.1 moe split layer=28 rows=8 shared=0.350 ms
ds4: V4.1 moe split layer=28 rows=8 routed=1.366 ms
ds4: V4.1 moe split layer=29 rows=8 router=0.339 ms
ds4: V4.1 moe split layer=29 rows=8 shared=0.307 ms
ds4: V4.1 moe split layer=29 rows=8 routed=1.346 ms
ds4: V4.1 moe split layer=30 rows=8 router=0.289 ms
ds4: V4.1 moe split layer=30 rows=8 shared=0.310 ms
ds4: V4.1 moe split layer=30 rows=8 routed=1.343 ms
ds4: V4.1 moe split layer=31 rows=8 router=0.335 ms
ds4: V4.1 moe split layer=31 rows=8 shared=0.314 ms
ds4: V4.1 moe split layer=31 rows=8 routed=1.334 ms
ds4: V4.1 moe split layer=32 rows=8 router=0.304 ms
ds4: V4.1 moe split layer=32 rows=8 shared=0.307 ms
ds4: V4.1 moe split layer=32 rows=8 routed=1.354 ms
ds4: V4.1 moe split layer=33 rows=8 router=0.420 ms
ds4: V4.1 moe split layer=33 rows=8 shared=0.324 ms
ds4: V4.1 moe split layer=33 rows=8 routed=1.288 ms
ds4: V4.1 moe split layer=34 rows=8 router=0.309 ms
ds4: V4.1 moe split layer=34 rows=8 shared=0.316 ms
ds4: V4.1 moe split layer=34 rows=8 routed=1.414 ms
ds4: V4.1 moe split layer=35 rows=8 router=0.343 ms
ds4: V4.1 moe split layer=35 rows=8 shared=0.316 ms
ds4: V4.1 moe split layer=35 rows=8 routed=1.348 ms
ds4: V4.1 moe split layer=36 rows=8 router=0.299 ms
ds4: V4.1 moe split layer=36 rows=8 shared=0.320 ms
ds4: V4.1 moe split layer=36 rows=8 routed=1.350 ms
ds4: V4.1 moe split layer=37 rows=8 router=0.343 ms
ds4: V4.1 moe split layer=37 rows=8 shared=0.306 ms
ds4: V4.1 moe split layer=37 rows=8 routed=1.311 ms
ds4: V4.1 moe split layer=38 rows=8 router=0.370 ms
ds4: V4.1 moe split layer=38 rows=8 shared=0.337 ms
ds4: V4.1 moe split layer=38 rows=8 routed=1.357 ms
ds4: V4.1 moe split layer=39 rows=8 router=0.281 ms
ds4: V4.1 moe split layer=39 rows=8 shared=0.342 ms
ds4: V4.1 moe split layer=39 rows=8 routed=1.413 ms
ds4: V4.1 batch step rows=8 pre 0.0 ms, per-row attention 0.0 ms, moe 0.0 ms, head 0.0 ms, setup 0.0 ms, publish 0.0 ms
ds4: V4.1 moe split layer=0 rows=8 router=0.331 ms
ds4: V4.1 moe split layer=0 rows=8 shared=0.313 ms
ds4: V4.1 moe split layer=0 rows=8 routed=1.310 ms
ds4: V4.1 moe split layer=1 rows=8 router=0.327 ms
ds4: V4.1 moe split layer=1 rows=8 shared=0.331 ms
ds4: V4.1 moe split layer=1 rows=8 routed=1.365 ms
ds4: V4.1 moe split layer=2 rows=8 router=0.236 ms
ds4: V4.1 moe split layer=2 rows=8 shared=0.580 ms
ds4: V4.1 moe split layer=2 rows=8 routed=2.295 ms
ds4: V4.1 moe split layer=3 rows=8 router=0.345 ms
ds4: V4.1 moe split layer=3 rows=8 shared=0.470 ms
ds4: V4.1 moe split layer=3 rows=8 routed=2.235 ms
ds4: V4.1 moe split layer=4 rows=8 router=0.386 ms
ds4: V4.1 moe split layer=4 rows=8 shared=0.509 ms
ds4: V4.1 moe split layer=4 rows=8 routed=2.076 ms
ds4: V4.1 moe split layer=5 rows=8 router=0.443 ms
ds4: V4.1 moe split layer=5 rows=8 shared=0.440 ms
ds4: V4.1 moe split layer=5 rows=8 routed=1.511 ms
ds4: V4.1 moe split layer=6 rows=8 router=0.333 ms
ds4: V4.1 moe split layer=6 rows=8 shared=0.292 ms
ds4: V4.1 moe split layer=6 rows=8 routed=1.288 ms
ds4: V4.1 moe split layer=7 rows=8 router=0.277 ms
ds4: V4.1 moe split layer=7 rows=8 shared=0.301 ms
ds4: V4.1 moe split layer=7 rows=8 routed=1.366 ms
ds4: V4.1 moe split layer=8 rows=8 router=0.260 ms
ds4: V4.1 moe split layer=8 rows=8 shared=0.321 ms
ds4: V4.1 moe split layer=8 rows=8 routed=1.330 ms
ds4: V4.1 moe split layer=9 rows=8 router=0.290 ms
ds4: V4.1 moe split layer=9 rows=8 shared=0.348 ms
ds4: V4.1 moe split layer=9 rows=8 routed=1.270 ms
ds4: V4.1 moe split layer=10 rows=8 router=0.283 ms
ds4: V4.1 moe split layer=10 rows=8 shared=0.328 ms
ds4: V4.1 moe split layer=10 rows=8 routed=1.262 ms
ds4: V4.1 moe split layer=11 rows=8 router=0.282 ms
ds4: V4.1 moe split layer=11 rows=8 shared=0.300 ms
ds4: V4.1 moe split layer=11 rows=8 routed=1.323 ms
ds4: V4.1 moe split layer=12 rows=8 router=0.331 ms
ds4: V4.1 moe split layer=12 rows=8 shared=0.297 ms
ds4: V4.1 moe split layer=12 rows=8 routed=1.355 ms
ds4: V4.1 moe split layer=13 rows=8 router=0.261 ms
ds4: V4.1 moe split layer=13 rows=8 shared=0.313 ms
ds4: V4.1 moe split layer=13 rows=8 routed=1.312 ms
ds4: V4.1 moe split layer=14 rows=8 router=0.304 ms
ds4: V4.1 moe split layer=14 rows=8 shared=0.343 ms
ds4: V4.1 moe split layer=14 rows=8 routed=1.362 ms
ds4: V4.1 moe split layer=15 rows=8 router=0.339 ms
ds4: V4.1 moe split layer=15 rows=8 shared=0.302 ms
ds4: V4.1 moe split layer=15 rows=8 routed=1.357 ms
ds4: V4.1 moe split layer=16 rows=8 router=0.259 ms
ds4: V4.1 moe split layer=16 rows=8 shared=0.310 ms
ds4: V4.1 moe split layer=16 rows=8 routed=1.377 ms
ds4: V4.1 moe split layer=17 rows=8 router=0.314 ms
ds4: V4.1 moe split layer=17 rows=8 shared=0.322 ms
ds4: V4.1 moe split layer=17 rows=8 routed=1.276 ms
ds4: V4.1 moe split layer=18 rows=8 router=0.323 ms
ds4: V4.1 moe split layer=18 rows=8 shared=0.308 ms
ds4: V4.1 moe split layer=18 rows=8 routed=1.347 ms
ds4: V4.1 moe split layer=19 rows=8 router=0.343 ms
ds4: V4.1 moe split layer=19 rows=8 shared=0.308 ms
ds4: V4.1 moe split layer=19 rows=8 routed=1.383 ms
ds4: V4.1 moe split layer=20 rows=8 router=0.288 ms
ds4: V4.1 moe split layer=20 rows=8 shared=0.306 ms
ds4: V4.1 moe split layer=20 rows=8 routed=1.324 ms
ds4: V4.1 moe split layer=21 rows=8 router=0.249 ms
ds4: V4.1 moe split layer=21 rows=8 shared=0.343 ms
ds4: V4.1 moe split layer=21 rows=8 routed=1.312 ms
ds4: V4.1 moe split layer=22 rows=8 router=0.260 ms
ds4: V4.1 moe split layer=22 rows=8 shared=0.312 ms
ds4: V4.1 moe split layer=22 rows=8 routed=1.399 ms
ds4: V4.1 moe split layer=23 rows=8 router=0.294 ms
ds4: V4.1 moe split layer=23 rows=8 shared=0.329 ms
ds4: V4.1 moe split layer=23 rows=8 routed=1.374 ms
ds4: V4.1 moe split layer=24 rows=8 router=0.327 ms
ds4: V4.1 moe split layer=24 rows=8 shared=0.317 ms
ds4: V4.1 moe split layer=24 rows=8 routed=1.342 ms
ds4: V4.1 moe split layer=25 rows=8 router=0.321 ms
ds4: V4.1 moe split layer=25 rows=8 shared=0.306 ms
ds4: V4.1 moe split layer=25 rows=8 routed=1.419 ms
ds4: V4.1 moe split layer=26 rows=8 router=0.290 ms
ds4: V4.1 moe split layer=26 rows=8 shared=0.321 ms
ds4: V4.1 moe split layer=26 rows=8 routed=1.387 ms
ds4: V4.1 moe split layer=27 rows=8 router=0.289 ms
ds4: V4.1 moe split layer=27 rows=8 shared=0.314 ms
ds4: V4.1 moe split layer=27 rows=8 routed=1.319 ms
ds4: V4.1 moe split layer=28 rows=8 router=0.273 ms
ds4: V4.1 moe split layer=28 rows=8 shared=0.338 ms
ds4: V4.1 moe split layer=28 rows=8 routed=1.297 ms
ds4: V4.1 moe split layer=29 rows=8 router=0.317 ms
ds4: V4.1 moe split layer=29 rows=8 shared=0.341 ms
ds4: V4.1 moe split layer=29 rows=8 routed=1.300 ms
ds4: V4.1 moe split layer=30 rows=8 router=0.341 ms
ds4: V4.1 moe split layer=30 rows=8 shared=0.303 ms
ds4: V4.1 moe split layer=30 rows=8 routed=1.267 ms
ds4: V4.1 moe split layer=31 rows=8 router=0.312 ms
ds4: V4.1 moe split layer=31 rows=8 shared=0.336 ms
ds4: V4.1 moe split layer=31 rows=8 routed=1.302 ms
ds4: V4.1 moe split layer=32 rows=8 router=0.306 ms
ds4: V4.1 moe split layer=32 rows=8 shared=0.322 ms
ds4: V4.1 moe split layer=32 rows=8 routed=1.360 ms
ds4: V4.1 moe split layer=33 rows=8 router=0.252 ms
ds4: V4.1 moe split layer=33 rows=8 shared=0.330 ms
ds4: V4.1 moe split layer=33 rows=8 routed=1.352 ms
ds4: V4.1 moe split layer=34 rows=8 router=0.316 ms
ds4: V4.1 moe split layer=34 rows=8 shared=0.317 ms
ds4: V4.1 moe split layer=34 rows=8 routed=1.331 ms
ds4: V4.1 moe split layer=35 rows=8 router=0.245 ms
ds4: V4.1 moe split layer=35 rows=8 shared=0.321 ms
ds4: V4.1 moe split layer=35 rows=8 routed=1.294 ms
ds4: V4.1 moe split layer=36 rows=8 router=0.350 ms
ds4: V4.1 moe split layer=36 rows=8 shared=0.302 ms
ds4: V4.1 moe split layer=36 rows=8 routed=1.328 ms
ds4: V4.1 moe split layer=37 rows=8 router=0.342 ms
ds4: V4.1 moe split layer=37 rows=8 shared=0.306 ms
ds4: V4.1 moe split layer=37 rows=8 routed=1.358 ms
ds4: V4.1 moe split layer=38 rows=8 router=0.333 ms
ds4: V4.1 moe split layer=38 rows=8 shared=0.315 ms
ds4: V4.1 moe split layer=38 rows=8 routed=1.285 ms
ds4: V4.1 moe split layer=39 rows=8 router=0.298 ms
ds4: V4.1 moe split layer=39 rows=8 shared=0.343 ms
ds4: V4.1 moe split layer=39 rows=8 routed=1.314 ms
ds4: V4.1 batch step rows=8 pre 0.0 ms, per-row attention 0.0 ms, moe 0.0 ms, head 0.0 ms, setup 0.0 ms, publish 0.0 ms
ds4: V4.1 moe split layer=0 rows=8 router=0.297 ms
ds4: V4.1 moe split layer=0 rows=8 shared=0.360 ms
ds4: V4.1 moe split layer=0 rows=8 routed=1.540 ms
ds4: V4.1 moe split layer=1 rows=8 router=0.306 ms
ds4: V4.1 moe split layer=1 rows=8 shared=0.311 ms
ds4: V4.1 moe split layer=1 rows=8 routed=1.476 ms
ds4: V4.1 moe split layer=2 rows=8 router=0.290 ms
ds4: V4.1 moe split layer=2 rows=8 shared=0.350 ms
ds4: V4.1 moe split layer=2 rows=8 routed=1.358 ms
ds4: V4.1 moe split layer=3 rows=8 router=0.286 ms
ds4: V4.1 moe split layer=3 rows=8 shared=0.306 ms
ds4: V4.1 moe split layer=3 rows=8 routed=1.360 ms
ds4: V4.1 moe split layer=4 rows=8 router=0.324 ms
ds4: V4.1 moe split layer=4 rows=8 shared=0.329 ms
ds4: V4.1 moe split layer=4 rows=8 routed=1.267 ms
ds4: V4.1 moe split layer=5 rows=8 router=0.235 ms
ds4: V4.1 moe split layer=5 rows=8 shared=0.330 ms
ds4: V4.1 moe split layer=5 rows=8 routed=1.356 ms
ds4: V4.1 moe split layer=6 rows=8 router=0.299 ms
ds4: V4.1 moe split layer=6 rows=8 shared=0.323 ms
ds4: V4.1 moe split layer=6 rows=8 routed=1.349 ms
ds4: V4.1 moe split layer=7 rows=8 router=0.295 ms
ds4: V4.1 moe split layer=7 rows=8 shared=0.366 ms
ds4: V4.1 moe split layer=7 rows=8 routed=1.437 ms
ds4: V4.1 moe split layer=8 rows=8 router=0.326 ms
ds4: V4.1 moe split layer=8 rows=8 shared=0.318 ms
ds4: V4.1 moe split layer=8 rows=8 routed=1.288 ms
ds4: V4.1 moe split layer=9 rows=8 router=0.305 ms
ds4: V4.1 moe split layer=9 rows=8 shared=0.306 ms
ds4: V4.1 moe split layer=9 rows=8 routed=1.294 ms
ds4: V4.1 moe split layer=10 rows=8 router=0.284 ms
ds4: V4.1 moe split layer=10 rows=8 shared=0.320 ms
ds4: V4.1 moe split layer=10 rows=8 routed=1.354 ms
ds4: V4.1 moe split layer=11 rows=8 router=0.232 ms
ds4: V4.1 moe split layer=11 rows=8 shared=0.341 ms
ds4: V4.1 moe split layer=11 rows=8 routed=1.350 ms
ds4: V4.1 moe split layer=12 rows=8 router=0.326 ms
ds4: V4.1 moe split layer=12 rows=8 shared=0.302 ms
ds4: V4.1 moe split layer=12 rows=8 routed=1.355 ms
ds4: V4.1 moe split layer=13 rows=8 router=0.261 ms
ds4: V4.1 moe split layer=13 rows=8 shared=0.331 ms
ds4: V4.1 moe split layer=13 rows=8 routed=1.361 ms
ds4: V4.1 moe split layer=14 rows=8 router=0.296 ms
ds4: V4.1 moe split layer=14 rows=8 shared=0.296 ms
ds4: V4.1 moe split layer=14 rows=8 routed=1.445 ms
ds4: V4.1 moe split layer=15 rows=8 router=0.349 ms
ds4: V4.1 moe split layer=15 rows=8 shared=0.308 ms
ds4: V4.1 moe split layer=15 rows=8 routed=1.390 ms
ds4: V4.1 moe split layer=16 rows=8 router=0.259 ms
ds4: V4.1 moe split layer=16 rows=8 shared=0.314 ms
ds4: V4.1 moe split layer=16 rows=8 routed=1.373 ms
ds4: V4.1 moe split layer=17 rows=8 router=0.340 ms
ds4: V4.1 moe split layer=17 rows=8 shared=0.300 ms
ds4: V4.1 moe split layer=17 rows=8 routed=1.289 ms
ds4: V4.1 moe split layer=18 rows=8 router=0.328 ms
ds4: V4.1 moe split layer=18 rows=8 shared=0.327 ms
ds4: V4.1 moe split layer=18 rows=8 routed=1.342 ms
ds4: V4.1 moe split layer=19 rows=8 router=0.297 ms
ds4: V4.1 moe split layer=19 rows=8 shared=0.311 ms
ds4: V4.1 moe split layer=19 rows=8 routed=1.429 ms
ds4: V4.1 moe split layer=20 rows=8 router=0.306 ms
ds4: V4.1 moe split layer=20 rows=8 shared=0.315 ms
ds4: V4.1 moe split layer=20 rows=8 routed=1.293 ms
ds4: V4.1 moe split layer=21 rows=8 router=0.299 ms
ds4: V4.1 moe split layer=21 rows=8 shared=0.323 ms
ds4: V4.1 moe split layer=21 rows=8 routed=1.373 ms
ds4: V4.1 moe split layer=22 rows=8 router=0.345 ms
ds4: V4.1 moe split layer=22 rows=8 shared=0.305 ms
ds4: V4.1 moe split layer=22 rows=8 routed=1.403 ms
ds4: V4.1 moe split layer=23 rows=8 router=0.319 ms
ds4: V4.1 moe split layer=23 rows=8 shared=0.309 ms
ds4: V4.1 moe split layer=23 rows=8 routed=1.363 ms
ds4: V4.1 moe split layer=24 rows=8 router=0.338 ms
ds4: V4.1 moe split layer=24 rows=8 shared=0.306 ms
ds4: V4.1 moe split layer=24 rows=8 routed=1.377 ms
ds4: V4.1 moe split layer=25 rows=8 router=0.328 ms
ds4: V4.1 moe split layer=25 rows=8 shared=0.342 ms
ds4: V4.1 moe split layer=25 rows=8 routed=1.371 ms
ds4: V4.1 moe split layer=26 rows=8 router=0.325 ms
ds4: V4.1 moe split layer=26 rows=8 shared=0.333 ms
ds4: V4.1 moe split layer=26 rows=8 routed=1.348 ms
ds4: V4.1 moe split layer=27 rows=8 router=0.328 ms
ds4: V4.1 moe split layer=27 rows=8 shared=0.313 ms
ds4: V4.1 moe split layer=27 rows=8 routed=1.337 ms
ds4: V4.1 moe split layer=28 rows=8 router=0.317 ms
ds4: V4.1 moe split layer=28 rows=8 shared=0.334 ms
ds4: V4.1 moe split layer=28 rows=8 routed=1.408 ms
ds4: V4.1 moe split layer=29 rows=8 router=0.330 ms
ds4: V4.1 moe split layer=29 rows=8 shared=0.313 ms
ds4: V4.1 moe split layer=29 rows=8 routed=1.381 ms
ds4: V4.1 moe split layer=30 rows=8 router=0.329 ms
ds4: V4.1 moe split layer=30 rows=8 shared=0.301 ms
ds4: V4.1 moe split layer=30 rows=8 routed=1.330 ms
ds4: V4.1 moe split layer=31 rows=8 router=0.329 ms
ds4: V4.1 moe split layer=31 rows=8 shared=0.312 ms
ds4: V4.1 moe split layer=31 rows=8 routed=1.353 ms
ds4: V4.1 moe split layer=32 rows=8 router=0.325 ms
ds4: V4.1 moe split layer=32 rows=8 shared=0.311 ms
ds4: V4.1 moe split layer=32 rows=8 routed=1.323 ms
ds4: V4.1 moe split layer=33 rows=8 router=0.291 ms
ds4: V4.1 moe split layer=33 rows=8 shared=0.341 ms
ds4: V4.1 moe split layer=33 rows=8 routed=1.364 ms
ds4: V4.1 moe split layer=34 rows=8 router=0.229 ms
ds4: V4.1 moe split layer=34 rows=8 shared=0.306 ms
ds4: V4.1 moe split layer=34 rows=8 routed=1.320 ms
ds4: V4.1 moe split layer=35 rows=8 router=0.313 ms
ds4: V4.1 moe split layer=35 rows=8 shared=0.300 ms
ds4: V4.1 moe split layer=35 rows=8 routed=1.320 ms
ds4: V4.1 moe split layer=36 rows=8 router=0.293 ms
ds4: V4.1 moe split layer=36 rows=8 shared=0.318 ms
ds4: V4.1 moe split layer=36 rows=8 routed=1.325 ms
ds4: V4.1 moe split layer=37 rows=8 router=0.335 ms
ds4: V4.1 moe split layer=37 rows=8 shared=0.370 ms
ds4: V4.1 moe split layer=37 rows=8 routed=1.319 ms
ds4: V4.1 moe split layer=38 rows=8 router=0.242 ms
ds4: V4.1 moe split layer=38 rows=8 shared=0.318 ms
ds4: V4.1 moe split layer=38 rows=8 routed=1.338 ms
ds4: V4.1 moe split layer=39 rows=8 router=0.278 ms
ds4: V4.1 moe split layer=39 rows=8 shared=0.311 ms
ds4: V4.1 moe split layer=39 rows=8 routed=1.321 ms
ds4: V4.1 batch step rows=8 pre 0.0 ms, per-row attention 0.0 ms, moe 0.0 ms, head 0.0 ms, setup 0.0 ms, publish 0.0 ms
ds4: V4.1 moe split layer=0 rows=8 router=0.289 ms
ds4: V4.1 moe split layer=0 rows=8 shared=0.334 ms
ds4: V4.1 moe split layer=0 rows=8 routed=1.300 ms
ds4: V4.1 moe split layer=1 rows=8 router=0.314 ms
ds4: V4.1 moe split layer=1 rows=8 shared=0.302 ms
ds4: V4.1 moe split layer=1 rows=8 routed=1.389 ms
ds4: V4.1 moe split layer=2 rows=8 router=0.272 ms
ds4: V4.1 moe split layer=2 rows=8 shared=0.340 ms
ds4: V4.1 moe split layer=2 rows=8 routed=1.402 ms
ds4: V4.1 moe split layer=3 rows=8 router=0.309 ms
ds4: V4.1 moe split layer=3 rows=8 shared=0.331 ms
ds4: V4.1 moe split layer=3 rows=8 routed=1.373 ms
ds4: V4.1 moe split layer=4 rows=8 router=0.336 ms
ds4: V4.1 moe split layer=4 rows=8 shared=0.332 ms
ds4: V4.1 moe split layer=4 rows=8 routed=1.361 ms
ds4: V4.1 moe split layer=5 rows=8 router=0.278 ms
ds4: V4.1 moe split layer=5 rows=8 shared=0.316 ms
ds4: V4.1 moe split layer=5 rows=8 routed=1.348 ms
ds4: V4.1 moe split layer=6 rows=8 router=0.285 ms
ds4: V4.1 moe split layer=6 rows=8 shared=0.331 ms
ds4: V4.1 moe split layer=6 rows=8 routed=1.420 ms
ds4: V4.1 moe split layer=7 rows=8 router=0.335 ms
ds4: V4.1 moe split layer=7 rows=8 shared=0.334 ms
ds4: V4.1 moe split layer=7 rows=8 routed=1.332 ms
ds4: V4.1 moe split layer=8 rows=8 router=0.326 ms
ds4: V4.1 moe split layer=8 rows=8 shared=0.330 ms
ds4: V4.1 moe split layer=8 rows=8 routed=1.314 ms
ds4: V4.1 moe split layer=9 rows=8 router=0.286 ms
ds4: V4.1 moe split layer=9 rows=8 shared=0.296 ms
ds4: V4.1 moe split layer=9 rows=8 routed=1.471 ms
ds4: V4.1 moe split layer=10 rows=8 router=0.338 ms
ds4: V4.1 moe split layer=10 rows=8 shared=0.343 ms
ds4: V4.1 moe split layer=10 rows=8 routed=1.341 ms
ds4: V4.1 moe split layer=11 rows=8 router=0.235 ms
ds4: V4.1 moe split layer=11 rows=8 shared=0.307 ms
ds4: V4.1 moe split layer=11 rows=8 routed=1.365 ms
ds4: V4.1 moe split layer=12 rows=8 router=0.291 ms
ds4: V4.1 moe split layer=12 rows=8 shared=0.311 ms
ds4: V4.1 moe split layer=12 rows=8 routed=1.348 ms
ds4: V4.1 moe split layer=13 rows=8 router=0.290 ms
ds4: V4.1 moe split layer=13 rows=8 shared=0.333 ms
ds4: V4.1 moe split layer=13 rows=8 routed=1.366 ms
ds4: V4.1 moe split layer=14 rows=8 router=0.291 ms
ds4: V4.1 moe split layer=14 rows=8 shared=0.345 ms
ds4: V4.1 moe split layer=14 rows=8 routed=1.356 ms
ds4: V4.1 moe split layer=15 rows=8 router=0.268 ms
ds4: V4.1 moe split layer=15 rows=8 shared=0.324 ms
ds4: V4.1 moe split layer=15 rows=8 routed=1.346 ms
ds4: V4.1 moe split layer=16 rows=8 router=0.309 ms
ds4: V4.1 moe split layer=16 rows=8 shared=0.308 ms
ds4: V4.1 moe split layer=16 rows=8 routed=1.344 ms
ds4: V4.1 moe split layer=17 rows=8 router=0.341 ms
ds4: V4.1 moe split layer=17 rows=8 shared=0.297 ms
ds4: V4.1 moe split layer=17 rows=8 routed=1.294 ms
ds4: V4.1 moe split layer=18 rows=8 router=0.294 ms
ds4: V4.1 moe split layer=18 rows=8 shared=0.345 ms
ds4: V4.1 moe split layer=18 rows=8 routed=1.368 ms
ds4: V4.1 moe split layer=19 rows=8 router=0.297 ms
ds4: V4.1 moe split layer=19 rows=8 shared=0.343 ms
ds4: V4.1 moe split layer=19 rows=8 routed=1.363 ms
ds4: V4.1 moe split layer=20 rows=8 router=0.299 ms
ds4: V4.1 moe split layer=20 rows=8 shared=0.314 ms
ds4: V4.1 moe split layer=20 rows=8 routed=1.363 ms
ds4: V4.1 moe split layer=21 rows=8 router=0.330 ms
ds4: V4.1 moe split layer=21 rows=8 shared=0.300 ms
ds4: V4.1 moe split layer=21 rows=8 routed=1.358 ms
ds4: V4.1 moe split layer=22 rows=8 router=0.303 ms
ds4: V4.1 moe split layer=22 rows=8 shared=0.312 ms
ds4: V4.1 moe split layer=22 rows=8 routed=1.287 ms
ds4: V4.1 moe split layer=23 rows=8 router=0.347 ms
ds4: V4.1 moe split layer=23 rows=8 shared=0.305 ms
ds4: V4.1 moe split layer=23 rows=8 routed=1.282 ms
ds4: V4.1 moe split layer=24 rows=8 router=0.340 ms
ds4: V4.1 moe split layer=24 rows=8 shared=0.330 ms
ds4: V4.1 moe split layer=24 rows=8 routed=1.354 ms
ds4: V4.1 moe split layer=25 rows=8 router=0.285 ms
ds4: V4.1 moe split layer=25 rows=8 shared=0.330 ms
ds4: V4.1 moe split layer=25 rows=8 routed=1.347 ms
ds4: V4.1 moe split layer=26 rows=8 router=0.317 ms
ds4: V4.1 moe split layer=26 rows=8 shared=0.305 ms
ds4: V4.1 moe split layer=26 rows=8 routed=1.321 ms
ds4: V4.1 moe split layer=27 rows=8 router=0.288 ms
ds4: V4.1 moe split layer=27 rows=8 shared=0.319 ms
ds4: V4.1 moe split layer=27 rows=8 routed=1.411 ms
ds4: V4.1 moe split layer=28 rows=8 router=0.326 ms
ds4: V4.1 moe split layer=28 rows=8 shared=0.306 ms
ds4: V4.1 moe split layer=28 rows=8 routed=1.416 ms
ds4: V4.1 moe split layer=29 rows=8 router=0.293 ms
ds4: V4.1 moe split layer=29 rows=8 shared=0.314 ms
ds4: V4.1 moe split layer=29 rows=8 routed=1.298 ms
ds4: V4.1 moe split layer=30 rows=8 router=0.350 ms
ds4: V4.1 moe split layer=30 rows=8 shared=0.302 ms
ds4: V4.1 moe split layer=30 rows=8 routed=1.350 ms
ds4: V4.1 moe split layer=31 rows=8 router=0.298 ms
ds4: V4.1 moe split layer=31 rows=8 shared=0.329 ms
ds4: V4.1 moe split layer=31 rows=8 routed=1.377 ms
ds4: V4.1 moe split layer=32 rows=8 router=0.324 ms
ds4: V4.1 moe split layer=32 rows=8 shared=0.298 ms
ds4: V4.1 moe split layer=32 rows=8 routed=1.293 ms
ds4: V4.1 moe split layer=33 rows=8 router=0.294 ms
ds4: V4.1 moe split layer=33 rows=8 shared=0.317 ms
ds4: V4.1 moe split layer=33 rows=8 routed=1.340 ms
ds4: V4.1 moe split layer=34 rows=8 router=0.328 ms
ds4: V4.1 moe split layer=34 rows=8 shared=0.347 ms
ds4: V4.1 moe split layer=34 rows=8 routed=1.364 ms
ds4: V4.1 moe split layer=35 rows=8 router=0.302 ms
ds4: V4.1 moe split layer=35 rows=8 shared=0.305 ms
ds4: V4.1 moe split layer=35 rows=8 routed=1.346 ms
ds4: V4.1 moe split layer=36 rows=8 router=0.278 ms
ds4: V4.1 moe split layer=36 rows=8 shared=0.334 ms
ds4: V4.1 moe split layer=36 rows=8 routed=1.403 ms
ds4: V4.1 moe split layer=37 rows=8 router=0.273 ms
ds4: V4.1 moe split layer=37 rows=8 shared=0.355 ms
ds4: V4.1 moe split layer=37 rows=8 routed=1.339 ms
ds4: V4.1 moe split layer=38 rows=8 router=0.267 ms
ds4: V4.1 moe split layer=38 rows=8 shared=0.308 ms
ds4: V4.1 moe split layer=38 rows=8 routed=1.349 ms
ds4: V4.1 moe split layer=39 rows=8 router=0.307 ms
ds4: V4.1 moe split layer=39 rows=8 shared=0.353 ms
ds4: V4.1 moe split layer=39 rows=8 routed=1.336 ms
ds4: V4.1 batch step rows=8 pre 0.0 ms, per-row attention 0.0 ms, moe 0.0 ms, head 0.0 ms, setup 0.0 ms, publish 0.0 ms
ds4: V4.1 moe split layer=0 rows=8 router=0.409 ms
ds4: V4.1 moe split layer=0 rows=8 shared=0.547 ms
ds4: V4.1 moe split layer=0 rows=8 routed=2.184 ms
ds4: V4.1 moe split layer=1 rows=8 router=0.430 ms
ds4: V4.1 moe split layer=1 rows=8 shared=0.428 ms
ds4: V4.1 moe split layer=1 rows=8 routed=2.046 ms
ds4: V4.1 moe split layer=2 rows=8 router=0.321 ms
ds4: V4.1 moe split layer=2 rows=8 shared=0.538 ms
ds4: V4.1 moe split layer=2 rows=8 routed=2.071 ms
ds4: V4.1 moe split layer=3 rows=8 router=0.310 ms
ds4: V4.1 moe split layer=3 rows=8 shared=0.322 ms
ds4: V4.1 moe split layer=3 rows=8 routed=1.392 ms
ds4: V4.1 moe split layer=4 rows=8 router=0.298 ms
ds4: V4.1 moe split layer=4 rows=8 shared=0.311 ms
ds4: V4.1 moe split layer=4 rows=8 routed=1.296 ms
ds4: V4.1 moe split layer=5 rows=8 router=0.335 ms
ds4: V4.1 moe split layer=5 rows=8 shared=0.347 ms
ds4: V4.1 moe split layer=5 rows=8 routed=1.392 ms
ds4: V4.1 moe split layer=6 rows=8 router=0.330 ms
ds4: V4.1 moe split layer=6 rows=8 shared=0.359 ms
ds4: V4.1 moe split layer=6 rows=8 routed=1.328 ms
ds4: V4.1 moe split layer=7 rows=8 router=0.264 ms
ds4: V4.1 moe split layer=7 rows=8 shared=0.320 ms
ds4: V4.1 moe split layer=7 rows=8 routed=1.321 ms
ds4: V4.1 moe split layer=8 rows=8 router=0.301 ms
ds4: V4.1 moe split layer=8 rows=8 shared=0.329 ms
ds4: V4.1 moe split layer=8 rows=8 routed=1.284 ms
ds4: V4.1 moe split layer=9 rows=8 router=0.287 ms
ds4: V4.1 moe split layer=9 rows=8 shared=0.313 ms
ds4: V4.1 moe split layer=9 rows=8 routed=1.296 ms
ds4: V4.1 moe split layer=10 rows=8 router=0.300 ms
ds4: V4.1 moe split layer=10 rows=8 shared=0.318 ms
ds4: V4.1 moe split layer=10 rows=8 routed=1.326 ms
ds4: V4.1 moe split layer=11 rows=8 router=0.283 ms
ds4: V4.1 moe split layer=11 rows=8 shared=0.320 ms
ds4: V4.1 moe split layer=11 rows=8 routed=1.302 ms
ds4: V4.1 moe split layer=12 rows=8 router=0.310 ms
ds4: V4.1 moe split layer=12 rows=8 shared=0.309 ms
ds4: V4.1 moe split layer=12 rows=8 routed=1.365 ms
ds4: V4.1 moe split layer=13 rows=8 router=0.366 ms
ds4: V4.1 moe split layer=13 rows=8 shared=0.303 ms
ds4: V4.1 moe split layer=13 rows=8 routed=1.351 ms
ds4: V4.1 moe split layer=14 rows=8 router=0.302 ms
ds4: V4.1 moe split layer=14 rows=8 shared=0.314 ms
ds4: V4.1 moe split layer=14 rows=8 routed=1.345 ms
ds4: V4.1 moe split layer=15 rows=8 router=0.343 ms
ds4: V4.1 moe split layer=15 rows=8 shared=0.317 ms
ds4: V4.1 moe split layer=15 rows=8 routed=1.360 ms
ds4: V4.1 moe split layer=16 rows=8 router=0.235 ms
ds4: V4.1 moe split layer=16 rows=8 shared=0.309 ms
ds4: V4.1 moe split layer=16 rows=8 routed=1.487 ms
ds4: V4.1 moe split layer=17 rows=8 router=0.299 ms
ds4: V4.1 moe split layer=17 rows=8 shared=0.318 ms
ds4: V4.1 moe split layer=17 rows=8 routed=1.312 ms
ds4: V4.1 moe split layer=18 rows=8 router=0.269 ms
ds4: V4.1 moe split layer=18 rows=8 shared=0.313 ms
ds4: V4.1 moe split layer=18 rows=8 routed=1.366 ms
ds4: V4.1 moe split layer=19 rows=8 router=0.341 ms
ds4: V4.1 moe split layer=19 rows=8 shared=0.355 ms
ds4: V4.1 moe split layer=19 rows=8 routed=1.372 ms
ds4: V4.1 moe split layer=20 rows=8 router=0.304 ms
ds4: V4.1 moe split layer=20 rows=8 shared=0.337 ms
ds4: V4.1 moe split layer=20 rows=8 routed=1.367 ms
ds4: V4.1 moe split layer=21 rows=8 router=0.297 ms
ds4: V4.1 moe split layer=21 rows=8 shared=0.309 ms
ds4: V4.1 moe split layer=21 rows=8 routed=1.278 ms
ds4: V4.1 moe split layer=22 rows=8 router=0.292 ms
ds4: V4.1 moe split layer=22 rows=8 shared=0.349 ms
ds4: V4.1 moe split layer=22 rows=8 routed=1.357 ms
ds4: V4.1 moe split layer=23 rows=8 router=0.288 ms
ds4: V4.1 moe split layer=23 rows=8 shared=0.305 ms
ds4: V4.1 moe split layer=23 rows=8 routed=1.376 ms
ds4: V4.1 moe split layer=24 rows=8 router=0.360 ms
ds4: V4.1 moe split layer=24 rows=8 shared=0.315 ms
ds4: V4.1 moe split layer=24 rows=8 routed=1.278 ms
ds4: V4.1 moe split layer=25 rows=8 router=0.243 ms
ds4: V4.1 moe split layer=25 rows=8 shared=0.345 ms
ds4: V4.1 moe split layer=25 rows=8 routed=1.316 ms
ds4: V4.1 moe split layer=26 rows=8 router=0.267 ms
ds4: V4.1 moe split layer=26 rows=8 shared=0.326 ms
ds4: V4.1 moe split layer=26 rows=8 routed=1.309 ms
ds4: V4.1 moe split layer=27 rows=8 router=0.254 ms
ds4: V4.1 moe split layer=27 rows=8 shared=0.363 ms
ds4: V4.1 moe split layer=27 rows=8 routed=1.316 ms
ds4: V4.1 moe split layer=28 rows=8 router=0.326 ms
ds4: V4.1 moe split layer=28 rows=8 shared=0.347 ms
ds4: V4.1 moe split layer=28 rows=8 routed=1.357 ms
ds4: V4.1 moe split layer=29 rows=8 router=0.285 ms
ds4: V4.1 moe split layer=29 rows=8 shared=0.347 ms
ds4: V4.1 moe split layer=29 rows=8 routed=1.394 ms
ds4: V4.1 moe split layer=30 rows=8 router=0.356 ms
ds4: V4.1 moe split layer=30 rows=8 shared=0.393 ms
ds4: V4.1 moe split layer=30 rows=8 routed=1.490 ms
ds4: V4.1 moe split layer=31 rows=8 router=0.360 ms
ds4: V4.1 moe split layer=31 rows=8 shared=0.372 ms
ds4: V4.1 moe split layer=31 rows=8 routed=1.523 ms
ds4: V4.1 moe split layer=32 rows=8 router=0.354 ms
ds4: V4.1 moe split layer=32 rows=8 shared=0.338 ms
ds4: V4.1 moe split layer=32 rows=8 routed=1.440 ms
ds4: V4.1 moe split layer=33 rows=8 router=0.292 ms
ds4: V4.1 moe split layer=33 rows=8 shared=0.390 ms
ds4: V4.1 moe split layer=33 rows=8 routed=1.466 ms
ds4: V4.1 moe split layer=34 rows=8 router=0.339 ms
ds4: V4.1 moe split layer=34 rows=8 shared=0.553 ms
ds4: V4.1 moe split layer=34 rows=8 routed=1.363 ms
ds4: V4.1 moe split layer=35 rows=8 router=0.297 ms
ds4: V4.1 moe split layer=35 rows=8 shared=0.316 ms
ds4: V4.1 moe split layer=35 rows=8 routed=1.351 ms
ds4: V4.1 moe split layer=36 rows=8 router=0.337 ms
ds4: V4.1 moe split layer=36 rows=8 shared=0.312 ms
ds4: V4.1 moe split layer=36 rows=8 routed=1.307 ms
ds4: V4.1 moe split layer=37 rows=8 router=0.249 ms
ds4: V4.1 moe split layer=37 rows=8 shared=0.341 ms
ds4: V4.1 moe split layer=37 rows=8 routed=1.389 ms
ds4: V4.1 moe split layer=38 rows=8 router=0.270 ms
ds4: V4.1 moe split layer=38 rows=8 shared=0.303 ms
ds4: V4.1 moe split layer=38 rows=8 routed=1.340 ms
ds4: V4.1 moe split layer=39 rows=8 router=0.315 ms
ds4: V4.1 moe split layer=39 rows=8 shared=0.318 ms
ds4: V4.1 moe split layer=39 rows=8 routed=1.376 ms
ds4: V4.1 batch step rows=8 pre 0.0 ms, per-row attention 0.0 ms, moe 0.0 ms, head 0.0 ms, setup 0.0 ms, publish 0.0 ms
ds4: V4.1 moe split layer=0 rows=8 router=0.319 ms
ds4: V4.1 moe split layer=0 rows=8 shared=0.332 ms
ds4: V4.1 moe split layer=0 rows=8 routed=1.365 ms
ds4: V4.1 moe split layer=1 rows=8 router=0.327 ms
ds4: V4.1 moe split layer=1 rows=8 shared=0.307 ms
ds4: V4.1 moe split layer=1 rows=8 routed=1.280 ms
ds4: V4.1 moe split layer=2 rows=8 router=0.287 ms
ds4: V4.1 moe split layer=2 rows=8 shared=0.342 ms
ds4: V4.1 moe split layer=2 rows=8 routed=1.316 ms
ds4: V4.1 moe split layer=3 rows=8 router=0.293 ms
ds4: V4.1 moe split layer=3 rows=8 shared=0.331 ms
ds4: V4.1 moe split layer=3 rows=8 routed=1.386 ms
ds4: V4.1 moe split layer=4 rows=8 router=0.298 ms
ds4: V4.1 moe split layer=4 rows=8 shared=0.348 ms
ds4: V4.1 moe split layer=4 rows=8 routed=1.309 ms
ds4: V4.1 moe split layer=5 rows=8 router=0.290 ms
ds4: V4.1 moe split layer=5 rows=8 shared=0.314 ms
ds4: V4.1 moe split layer=5 rows=8 routed=1.331 ms
ds4: V4.1 moe split layer=6 rows=8 router=0.279 ms
ds4: V4.1 moe split layer=6 rows=8 shared=0.326 ms
ds4: V4.1 moe split layer=6 rows=8 routed=1.368 ms
ds4: V4.1 moe split layer=7 rows=8 router=0.326 ms
ds4: V4.1 moe split layer=7 rows=8 shared=0.302 ms
ds4: V4.1 moe split layer=7 rows=8 routed=1.336 ms
ds4: V4.1 moe split layer=8 rows=8 router=0.259 ms
ds4: V4.1 moe split layer=8 rows=8 shared=0.306 ms
ds4: V4.1 moe split layer=8 rows=8 routed=1.350 ms
ds4: V4.1 moe split layer=9 rows=8 router=0.277 ms
ds4: V4.1 moe split layer=9 rows=8 shared=0.314 ms
ds4: V4.1 moe split layer=9 rows=8 routed=1.382 ms
ds4: V4.1 moe split layer=10 rows=8 router=0.326 ms
ds4: V4.1 moe split layer=10 rows=8 shared=0.305 ms
ds4: V4.1 moe split layer=10 rows=8 routed=1.347 ms
ds4: V4.1 moe split layer=11 rows=8 router=0.266 ms
ds4: V4.1 moe split layer=11 rows=8 shared=0.339 ms
ds4: V4.1 moe split layer=11 rows=8 routed=1.335 ms
ds4: V4.1 moe split layer=12 rows=8 router=0.344 ms
ds4: V4.1 moe split layer=12 rows=8 shared=0.300 ms
ds4: V4.1 moe split layer=12 rows=8 routed=1.286 ms
ds4: V4.1 moe split layer=13 rows=8 router=0.287 ms
ds4: V4.1 moe split layer=13 rows=8 shared=0.330 ms
ds4: V4.1 moe split layer=13 rows=8 routed=1.329 ms
ds4: V4.1 moe split layer=14 rows=8 router=0.319 ms
ds4: V4.1 moe split layer=14 rows=8 shared=0.333 ms
ds4: V4.1 moe split layer=14 rows=8 routed=1.330 ms
ds4: V4.1 moe split layer=15 rows=8 router=0.343 ms
ds4: V4.1 moe split layer=15 rows=8 shared=0.302 ms
ds4: V4.1 moe split layer=15 rows=8 routed=1.331 ms
ds4: V4.1 moe split layer=16 rows=8 router=0.256 ms
ds4: V4.1 moe split layer=16 rows=8 shared=0.373 ms
ds4: V4.1 moe split layer=16 rows=8 routed=1.378 ms
ds4: V4.1 moe split layer=17 rows=8 router=0.284 ms
ds4: V4.1 moe split layer=17 rows=8 shared=0.319 ms
ds4: V4.1 moe split layer=17 rows=8 routed=1.293 ms
ds4: V4.1 moe split layer=18 rows=8 router=0.341 ms
ds4: V4.1 moe split layer=18 rows=8 shared=0.337 ms
ds4: V4.1 moe split layer=18 rows=8 routed=1.439 ms
ds4: V4.1 moe split layer=19 rows=8 router=0.332 ms
ds4: V4.1 moe split layer=19 rows=8 shared=0.329 ms
ds4: V4.1 moe split layer=19 rows=8 routed=1.320 ms
ds4: V4.1 moe split layer=20 rows=8 router=0.294 ms
ds4: V4.1 moe split layer=20 rows=8 shared=0.362 ms
ds4: V4.1 moe split layer=20 rows=8 routed=1.338 ms
ds4: V4.1 moe split layer=21 rows=8 router=0.332 ms
ds4: V4.1 moe split layer=21 rows=8 shared=0.309 ms
ds4: V4.1 moe split layer=21 rows=8 routed=1.301 ms
ds4: V4.1 moe split layer=22 rows=8 router=0.239 ms
ds4: V4.1 moe split layer=22 rows=8 shared=0.306 ms
ds4: V4.1 moe split layer=22 rows=8 routed=1.449 ms
ds4: V4.1 moe split layer=23 rows=8 router=0.299 ms
ds4: V4.1 moe split layer=23 rows=8 shared=0.340 ms
ds4: V4.1 moe split layer=23 rows=8 routed=1.367 ms
ds4: V4.1 moe split layer=24 rows=8 router=0.319 ms
ds4: V4.1 moe split layer=24 rows=8 shared=0.309 ms
ds4: V4.1 moe split layer=24 rows=8 routed=1.377 ms
ds4: V4.1 moe split layer=25 rows=8 router=0.282 ms
ds4: V4.1 moe split layer=25 rows=8 shared=0.311 ms
ds4: V4.1 moe split layer=25 rows=8 routed=1.357 ms
ds4: V4.1 moe split layer=26 rows=8 router=0.324 ms
ds4: V4.1 moe split layer=26 rows=8 shared=0.340 ms
ds4: V4.1 moe split layer=26 rows=8 routed=1.282 ms
ds4: V4.1 moe split layer=27 rows=8 router=0.295 ms
ds4: V4.1 moe split layer=27 rows=8 shared=0.307 ms
ds4: V4.1 moe split layer=27 rows=8 routed=1.356 ms
ds4: V4.1 moe split layer=28 rows=8 router=0.297 ms
ds4: V4.1 moe split layer=28 rows=8 shared=0.317 ms
ds4: V4.1 moe split layer=28 rows=8 routed=1.359 ms
ds4: V4.1 moe split layer=29 rows=8 router=0.363 ms
ds4: V4.1 moe split layer=29 rows=8 shared=0.306 ms
ds4: V4.1 moe split layer=29 rows=8 routed=1.282 ms
ds4: V4.1 moe split layer=30 rows=8 router=0.349 ms
ds4: V4.1 moe split layer=30 rows=8 shared=0.309 ms
ds4: V4.1 moe split layer=30 rows=8 routed=1.351 ms
ds4: V4.1 moe split layer=31 rows=8 router=0.331 ms
ds4: V4.1 moe split layer=31 rows=8 shared=0.310 ms
ds4: V4.1 moe split layer=31 rows=8 routed=1.350 ms
ds4: V4.1 moe split layer=32 rows=8 router=0.357 ms
ds4: V4.1 moe split layer=32 rows=8 shared=0.320 ms
ds4: V4.1 moe split layer=32 rows=8 routed=1.323 ms
ds4: V4.1 moe split layer=33 rows=8 router=0.292 ms
ds4: V4.1 moe split layer=33 rows=8 shared=0.316 ms
ds4: V4.1 moe split layer=33 rows=8 routed=1.410 ms
ds4: V4.1 moe split layer=34 rows=8 router=0.348 ms
ds4: V4.1 moe split layer=34 rows=8 shared=0.345 ms
ds4: V4.1 moe split layer=34 rows=8 routed=1.372 ms
ds4: V4.1 moe split layer=35 rows=8 router=0.345 ms
ds4: V4.1 moe split layer=35 rows=8 shared=0.312 ms
ds4: V4.1 moe split layer=35 rows=8 routed=1.298 ms
ds4: V4.1 moe split layer=36 rows=8 router=0.296 ms
ds4: V4.1 moe split layer=36 rows=8 shared=0.312 ms
ds4: V4.1 moe split layer=36 rows=8 routed=1.426 ms
ds4: V4.1 moe split layer=37 rows=8 router=0.344 ms
ds4: V4.1 moe split layer=37 rows=8 shared=0.312 ms
ds4: V4.1 moe split layer=37 rows=8 routed=1.353 ms
ds4: V4.1 moe split layer=38 rows=8 router=0.267 ms
ds4: V4.1 moe split layer=38 rows=8 shared=0.298 ms
ds4: V4.1 moe split layer=38 rows=8 routed=1.372 ms
ds4: V4.1 moe split layer=39 rows=8 router=0.293 ms
ds4: V4.1 moe split layer=39 rows=8 shared=0.317 ms
ds4: V4.1 moe split layer=39 rows=8 routed=1.288 ms
ds4: V4.1 batch step rows=8 pre 0.0 ms, per-row attention 0.0 ms, moe 0.0 ms, head 0.0 ms, setup 0.0 ms, publish 0.0 ms
ds4: gate over tokens 65-128: 22.31 command buffers, 12.45 aborts, 240.0 expert ids accounted, 193.40 MiB loaded a token; 0 the gate failed to switch off, 0 it could not gate
ds4:   one token, exclusive, same window: entry 0.00 + encode 1.39 + commit-to-done 31.72 + repair-load 5.82 + accounting 0.03 + tail 1.39 = 40.34 of a 43.08 ms wall, residual 2.74
ds4:   of the commit-to-done: GPU running 47.00 ms, GPU not running -15.28 ms
ds4:   1681.7 gated dispatches a token, 27.5 of them behind an abort; 1516.1 sent plain ahead of a buffer's first validate
ds4:   encode-ahead: 7.86 segments used, 11.23 dropped, 2.60 ms a token spent encoding under the GPU
ds4:   concurrent sections: 195.50 attempted, 195.50 opened a token
ds4:   speculation: 0.00 layers a token, 0.00 lanes computed, 0.00 matched, 0.00 GEMVs actually saved, 0.00 left to compute; compared 0.00 lanes, 0.00 floats differ, 0.00 by more than an ulp
ds4:   expert cache over the last 64 tokens: 480.00 hits, 20.38 misses, 0.00 evictions a token; 5732 of 7930 entries live (72.3%)
ds4:   of the address-table holes repaired a token: 0.00 already resident, 20.38 genuinely absent
ds4:   residency a token: 20.38 adds, 0.00 removes, 20.38 commits
ds4: V4.1 moe split layer=0 rows=8 router=0.440 ms
ds4: V4.1 moe split layer=0 rows=8 shared=0.372 ms
ds4: V4.1 moe split layer=0 rows=8 routed=3.900 ms
ds4: V4.1 moe split layer=1 rows=8 router=0.327 ms
ds4: V4.1 moe split layer=1 rows=8 shared=0.337 ms
ds4: V4.1 moe split layer=1 rows=8 routed=1.352 ms
ds4: V4.1 moe split layer=2 rows=8 router=0.273 ms
ds4: V4.1 moe split layer=2 rows=8 shared=0.320 ms
ds4: V4.1 moe split layer=2 rows=8 routed=1.281 ms
ds4: V4.1 moe split layer=3 rows=8 router=0.264 ms
ds4: V4.1 moe split layer=3 rows=8 shared=0.358 ms
ds4: V4.1 moe split layer=3 rows=8 routed=1.374 ms
ds4: V4.1 moe split layer=4 rows=8 router=0.292 ms
ds4: V4.1 moe split layer=4 rows=8 shared=0.311 ms
ds4: V4.1 moe split layer=4 rows=8 routed=1.339 ms
ds4: V4.1 moe split layer=5 rows=8 router=1.012 ms
ds4: V4.1 moe split layer=5 rows=8 shared=0.384 ms
ds4: V4.1 moe split layer=5 rows=8 routed=1.284 ms
ds4: V4.1 moe split layer=6 rows=8 router=0.237 ms
ds4: V4.1 moe split layer=6 rows=8 shared=0.334 ms
ds4: V4.1 moe split layer=6 rows=8 routed=1.334 ms
ds4: V4.1 moe split layer=7 rows=8 router=0.236 ms
ds4: V4.1 moe split layer=7 rows=8 shared=0.338 ms
ds4: V4.1 moe split layer=7 rows=8 routed=1.348 ms
ds4: V4.1 moe split layer=8 rows=8 router=0.292 ms
ds4: V4.1 moe split layer=8 rows=8 shared=0.323 ms
ds4: V4.1 moe split layer=8 rows=8 routed=1.354 ms
ds4: V4.1 moe split layer=9 rows=8 router=0.277 ms
ds4: V4.1 moe split layer=9 rows=8 shared=0.299 ms
ds4: V4.1 moe split layer=9 rows=8 routed=1.368 ms
ds4: V4.1 moe split layer=10 rows=8 router=0.323 ms
ds4: V4.1 moe split layer=10 rows=8 shared=0.308 ms
ds4: V4.1 moe split layer=10 rows=8 routed=1.285 ms
ds4: V4.1 moe split layer=11 rows=8 router=0.325 ms
ds4: V4.1 moe split layer=11 rows=8 shared=0.310 ms
ds4: V4.1 moe split layer=11 rows=8 routed=1.285 ms
ds4: V4.1 moe split layer=12 rows=8 router=0.320 ms
ds4: V4.1 moe split layer=12 rows=8 shared=0.314 ms
ds4: V4.1 moe split layer=12 rows=8 routed=1.352 ms
ds4: V4.1 moe split layer=13 rows=8 router=0.335 ms
ds4: V4.1 moe split layer=13 rows=8 shared=0.306 ms
ds4: V4.1 moe split layer=13 rows=8 routed=1.434 ms
ds4: V4.1 moe split layer=14 rows=8 router=0.281 ms
ds4: V4.1 moe split layer=14 rows=8 shared=0.304 ms
ds4: V4.1 moe split layer=14 rows=8 routed=1.332 ms
ds4: V4.1 moe split layer=15 rows=8 router=0.284 ms
ds4: V4.1 moe split layer=15 rows=8 shared=0.328 ms
ds4: V4.1 moe split layer=15 rows=8 routed=1.378 ms
ds4: V4.1 moe split layer=16 rows=8 router=0.230 ms
ds4: V4.1 moe split layer=16 rows=8 shared=0.338 ms
ds4: V4.1 moe split layer=16 rows=8 routed=1.345 ms
ds4: V4.1 moe split layer=17 rows=8 router=0.255 ms
ds4: V4.1 moe split layer=17 rows=8 shared=4.283 ms
ds4: V4.1 moe split layer=17 rows=8 routed=10.777 ms
ds4: V4.1 moe split layer=18 rows=8 router=0.297 ms
ds4: V4.1 moe split layer=18 rows=8 shared=0.299 ms
ds4: V4.1 moe split layer=18 rows=8 routed=1.279 ms
ds4: V4.1 moe split layer=19 rows=8 router=0.317 ms
ds4: V4.1 moe split layer=19 rows=8 shared=0.309 ms
ds4: V4.1 moe split layer=19 rows=8 routed=1.387 ms
ds4: V4.1 moe split layer=20 rows=8 router=0.258 ms
ds4: V4.1 moe split layer=20 rows=8 shared=0.337 ms
ds4: V4.1 moe split layer=20 rows=8 routed=1.309 ms
ds4: V4.1 moe split layer=21 rows=8 router=0.274 ms
ds4: V4.1 moe split layer=21 rows=8 shared=0.310 ms
ds4: V4.1 moe split layer=21 rows=8 routed=1.334 ms
ds4: V4.1 moe split layer=22 rows=8 router=0.335 ms
ds4: V4.1 moe split layer=22 rows=8 shared=0.338 ms
ds4: V4.1 moe split layer=22 rows=8 routed=1.365 ms
ds4: V4.1 moe split layer=23 rows=8 router=0.263 ms
ds4: V4.1 moe split layer=23 rows=8 shared=0.324 ms
ds4: V4.1 moe split layer=23 rows=8 routed=1.356 ms
ds4: V4.1 moe split layer=24 rows=8 router=0.312 ms
ds4: V4.1 moe split layer=24 rows=8 shared=0.307 ms
ds4: V4.1 moe split layer=24 rows=8 routed=1.342 ms
ds4: V4.1 moe split layer=25 rows=8 router=0.263 ms
ds4: V4.1 moe split layer=25 rows=8 shared=0.303 ms
ds4: V4.1 moe split layer=25 rows=8 routed=1.351 ms
ds4: V4.1 moe split layer=26 rows=8 router=0.237 ms
ds4: V4.1 moe split layer=26 rows=8 shared=0.313 ms
ds4: V4.1 moe split layer=26 rows=8 routed=1.316 ms
ds4: V4.1 moe split layer=27 rows=8 router=0.341 ms
ds4: V4.1 moe split layer=27 rows=8 shared=0.322 ms
ds4: V4.1 moe split layer=27 rows=8 routed=1.304 ms
ds4: V4.1 moe split layer=28 rows=8 router=0.331 ms
ds4: V4.1 moe split layer=28 rows=8 shared=0.348 ms
ds4: V4.1 moe split layer=28 rows=8 routed=1.317 ms
ds4: V4.1 moe split layer=29 rows=8 router=0.256 ms
ds4: V4.1 moe split layer=29 rows=8 shared=0.350 ms
ds4: V4.1 moe split layer=29 rows=8 routed=1.337 ms
ds4: V4.1 moe split layer=30 rows=8 router=0.324 ms
ds4: V4.1 moe split layer=30 rows=8 shared=0.350 ms
ds4: V4.1 moe split layer=30 rows=8 routed=1.322 ms
ds4: V4.1 moe split layer=31 rows=8 router=0.326 ms
ds4: V4.1 moe split layer=31 rows=8 shared=0.329 ms
ds4: V4.1 moe split layer=31 rows=8 routed=1.346 ms
ds4: V4.1 moe split layer=32 rows=8 router=0.242 ms
ds4: V4.1 moe split layer=32 rows=8 shared=0.352 ms
ds4: V4.1 moe split layer=32 rows=8 routed=1.290 ms
ds4: V4.1 moe split layer=33 rows=8 router=0.294 ms
ds4: V4.1 moe split layer=33 rows=8 shared=0.391 ms
ds4: V4.1 moe split layer=33 rows=8 routed=1.296 ms
ds4: V4.1 moe split layer=34 rows=8 router=0.248 ms
ds4: V4.1 moe split layer=34 rows=8 shared=0.319 ms
ds4: V4.1 moe split layer=34 rows=8 routed=1.309 ms
ds4: V4.1 moe split layer=35 rows=8 router=0.260 ms
ds4: V4.1 moe split layer=35 rows=8 shared=0.325 ms
ds4: V4.1 moe split layer=35 rows=8 routed=1.346 ms
ds4: V4.1 moe split layer=36 rows=8 router=0.272 ms
ds4: V4.1 moe split layer=36 rows=8 shared=0.327 ms
ds4: V4.1 moe split layer=36 rows=8 routed=1.307 ms
ds4: V4.1 moe split layer=37 rows=8 router=0.279 ms
ds4: V4.1 moe split layer=37 rows=8 shared=0.368 ms
ds4: V4.1 moe split layer=37 rows=8 routed=1.303 ms
ds4: V4.1 moe split layer=38 rows=8 router=0.296 ms
ds4: V4.1 moe split layer=38 rows=8 shared=0.352 ms
ds4: V4.1 moe split layer=38 rows=8 routed=1.324 ms
ds4: V4.1 moe split layer=39 rows=8 router=0.269 ms
ds4: V4.1 moe split layer=39 rows=8 shared=0.312 ms
ds4: V4.1 moe split layer=39 rows=8 routed=1.303 ms
ds4: V4.1 batch step rows=8 pre 0.0 ms, per-row attention 0.0 ms, moe 0.0 ms, head 0.0 ms, setup 0.0 ms, publish 0.0 ms
ds4: V4.1 moe split layer=0 rows=8 router=0.310 ms
ds4: V4.1 moe split layer=0 rows=8 shared=0.311 ms
ds4: V4.1 moe split layer=0 rows=8 routed=1.427 ms
ds4: V4.1 moe split layer=1 rows=8 router=0.330 ms
ds4: V4.1 moe split layer=1 rows=8 shared=0.354 ms
ds4: V4.1 moe split layer=1 rows=8 routed=1.380 ms
ds4: V4.1 moe split layer=2 rows=8 router=0.270 ms
ds4: V4.1 moe split layer=2 rows=8 shared=0.309 ms
ds4: V4.1 moe split layer=2 rows=8 routed=1.348 ms
ds4: V4.1 moe split layer=3 rows=8 router=0.277 ms
ds4: V4.1 moe split layer=3 rows=8 shared=0.303 ms
ds4: V4.1 moe split layer=3 rows=8 routed=1.296 ms
ds4: V4.1 moe split layer=4 rows=8 router=0.334 ms
ds4: V4.1 moe split layer=4 rows=8 shared=0.316 ms
ds4: V4.1 moe split layer=4 rows=8 routed=1.379 ms
ds4: V4.1 moe split layer=5 rows=8 router=0.276 ms
ds4: V4.1 moe split layer=5 rows=8 shared=0.314 ms
ds4: V4.1 moe split layer=5 rows=8 routed=1.309 ms
ds4: V4.1 moe split layer=6 rows=8 router=0.279 ms
ds4: V4.1 moe split layer=6 rows=8 shared=0.311 ms
ds4: V4.1 moe split layer=6 rows=8 routed=1.279 ms
ds4: V4.1 moe split layer=7 rows=8 router=0.330 ms
ds4: V4.1 moe split layer=7 rows=8 shared=0.329 ms
ds4: V4.1 moe split layer=7 rows=8 routed=1.368 ms
ds4: V4.1 moe split layer=8 rows=8 router=0.237 ms
ds4: V4.1 moe split layer=8 rows=8 shared=0.304 ms
ds4: V4.1 moe split layer=8 rows=8 routed=1.399 ms
ds4: V4.1 moe split layer=9 rows=8 router=0.296 ms
ds4: V4.1 moe split layer=9 rows=8 shared=0.305 ms
ds4: V4.1 moe split layer=9 rows=8 routed=1.288 ms
ds4: V4.1 moe split layer=10 rows=8 router=0.281 ms
ds4: V4.1 moe split layer=10 rows=8 shared=0.305 ms
ds4: V4.1 moe split layer=10 rows=8 routed=1.298 ms
ds4: V4.1 moe split layer=11 rows=8 router=0.293 ms
ds4: V4.1 moe split layer=11 rows=8 shared=0.354 ms
ds4: V4.1 moe split layer=11 rows=8 routed=1.346 ms
ds4: V4.1 moe split layer=12 rows=8 router=0.337 ms
ds4: V4.1 moe split layer=12 rows=8 shared=0.334 ms
ds4: V4.1 moe split layer=12 rows=8 routed=1.330 ms
ds4: V4.1 moe split layer=13 rows=8 router=0.276 ms
ds4: V4.1 moe split layer=13 rows=8 shared=0.303 ms
ds4: V4.1 moe split layer=13 rows=8 routed=1.398 ms
ds4: V4.1 moe split layer=14 rows=8 router=0.281 ms
ds4: V4.1 moe split layer=14 rows=8 shared=0.309 ms
ds4: V4.1 moe split layer=14 rows=8 routed=1.346 ms
ds4: V4.1 moe split layer=15 rows=8 router=0.321 ms
ds4: V4.1 moe split layer=15 rows=8 shared=0.330 ms
ds4: V4.1 moe split layer=15 rows=8 routed=1.363 ms
ds4: V4.1 moe split layer=16 rows=8 router=0.316 ms
ds4: V4.1 moe split layer=16 rows=8 shared=0.308 ms
ds4: V4.1 moe split layer=16 rows=8 routed=1.329 ms
ds4: V4.1 moe split layer=17 rows=8 router=0.332 ms
ds4: V4.1 moe split layer=17 rows=8 shared=0.295 ms
ds4: V4.1 moe split layer=17 rows=8 routed=1.365 ms
ds4: V4.1 moe split layer=18 rows=8 router=0.339 ms
ds4: V4.1 moe split layer=18 rows=8 shared=0.304 ms
ds4: V4.1 moe split layer=18 rows=8 routed=1.374 ms
ds4: V4.1 moe split layer=19 rows=8 router=0.280 ms
ds4: V4.1 moe split layer=19 rows=8 shared=0.333 ms
ds4: V4.1 moe split layer=19 rows=8 routed=1.285 ms
ds4: V4.1 moe split layer=20 rows=8 router=0.293 ms
ds4: V4.1 moe split layer=20 rows=8 shared=0.305 ms
ds4: V4.1 moe split layer=20 rows=8 routed=1.349 ms
ds4: V4.1 moe split layer=21 rows=8 router=0.302 ms
ds4: V4.1 moe split layer=21 rows=8 shared=0.308 ms
ds4: V4.1 moe split layer=21 rows=8 routed=1.346 ms
ds4: V4.1 moe split layer=22 rows=8 router=0.283 ms
ds4: V4.1 moe split layer=22 rows=8 shared=0.302 ms
ds4: V4.1 moe split layer=22 rows=8 routed=1.305 ms
ds4: V4.1 moe split layer=23 rows=8 router=0.301 ms
ds4: V4.1 moe split layer=23 rows=8 shared=0.344 ms
ds4: V4.1 moe split layer=23 rows=8 routed=1.420 ms
ds4: V4.1 moe split layer=24 rows=8 router=0.340 ms
ds4: V4.1 moe split layer=24 rows=8 shared=0.360 ms
ds4: V4.1 moe split layer=24 rows=8 routed=1.398 ms
ds4: V4.1 moe split layer=25 rows=8 router=0.292 ms
ds4: V4.1 moe split layer=25 rows=8 shared=0.298 ms
ds4: V4.1 moe split layer=25 rows=8 routed=1.360 ms
ds4: V4.1 moe split layer=26 rows=8 router=0.244 ms
ds4: V4.1 moe split layer=26 rows=8 shared=0.309 ms
ds4: V4.1 moe split layer=26 rows=8 routed=1.336 ms
ds4: V4.1 moe split layer=27 rows=8 router=0.290 ms
ds4: V4.1 moe split layer=27 rows=8 shared=0.302 ms
ds4: V4.1 moe split layer=27 rows=8 routed=1.352 ms
ds4: V4.1 moe split layer=28 rows=8 router=0.279 ms
ds4: V4.1 moe split layer=28 rows=8 shared=0.320 ms
ds4: V4.1 moe split layer=28 rows=8 routed=1.305 ms
ds4: V4.1 moe split layer=29 rows=8 router=0.292 ms
ds4: V4.1 moe split layer=29 rows=8 shared=0.318 ms
ds4: V4.1 moe split layer=29 rows=8 routed=1.310 ms
ds4: V4.1 moe split layer=30 rows=8 router=0.329 ms
ds4: V4.1 moe split layer=30 rows=8 shared=0.341 ms
ds4: V4.1 moe split layer=30 rows=8 routed=1.330 ms
ds4: V4.1 moe split layer=31 rows=8 router=0.293 ms
ds4: V4.1 moe split layer=31 rows=8 shared=0.324 ms
ds4: V4.1 moe split layer=31 rows=8 routed=1.365 ms
ds4: V4.1 moe split layer=32 rows=8 router=0.237 ms
ds4: V4.1 moe split layer=32 rows=8 shared=0.312 ms
ds4: V4.1 moe split layer=32 rows=8 routed=1.317 ms
ds4: V4.1 moe split layer=33 rows=8 router=0.278 ms
ds4: V4.1 moe split layer=33 rows=8 shared=0.304 ms
ds4: V4.1 moe split layer=33 rows=8 routed=1.371 ms
ds4: V4.1 moe split layer=34 rows=8 router=0.235 ms
ds4: V4.1 moe split layer=34 rows=8 shared=0.301 ms
ds4: V4.1 moe split layer=34 rows=8 routed=1.348 ms
ds4: V4.1 moe split layer=35 rows=8 router=0.265 ms
ds4: V4.1 moe split layer=35 rows=8 shared=0.306 ms
ds4: V4.1 moe split layer=35 rows=8 routed=1.333 ms
ds4: V4.1 moe split layer=36 rows=8 router=0.277 ms
ds4: V4.1 moe split layer=36 rows=8 shared=0.383 ms
ds4: V4.1 moe split layer=36 rows=8 routed=1.325 ms
ds4: V4.1 moe split layer=37 rows=8 router=0.340 ms
ds4: V4.1 moe split layer=37 rows=8 shared=0.342 ms
ds4: V4.1 moe split layer=37 rows=8 routed=1.306 ms
ds4: V4.1 moe split layer=38 rows=8 router=0.307 ms
ds4: V4.1 moe split layer=38 rows=8 shared=0.302 ms
ds4: V4.1 moe split layer=38 rows=8 routed=1.358 ms
ds4: V4.1 moe split layer=39 rows=8 router=0.334 ms
ds4: V4.1 moe split layer=39 rows=8 shared=0.312 ms
ds4: V4.1 moe split layer=39 rows=8 routed=1.389 ms
ds4: V4.1 batch step rows=8 pre 0.0 ms, per-row attention 0.0 ms, moe 0.0 ms, head 0.0 ms, setup 0.0 ms, publish 0.0 ms
ds4: V4.1 moe split layer=0 rows=8 router=0.318 ms
ds4: V4.1 moe split layer=0 rows=8 shared=0.315 ms
ds4: V4.1 moe split layer=0 rows=8 routed=1.356 ms
ds4: V4.1 moe split layer=1 rows=8 router=0.356 ms
ds4: V4.1 moe split layer=1 rows=8 shared=0.318 ms
ds4: V4.1 moe split layer=1 rows=8 routed=1.365 ms
ds4: V4.1 moe split layer=2 rows=8 router=0.341 ms
ds4: V4.1 moe split layer=2 rows=8 shared=0.310 ms
ds4: V4.1 moe split layer=2 rows=8 routed=1.346 ms
ds4: V4.1 moe split layer=3 rows=8 router=0.240 ms
ds4: V4.1 moe split layer=3 rows=8 shared=0.336 ms
ds4: V4.1 moe split layer=3 rows=8 routed=1.387 ms
ds4: V4.1 moe split layer=4 rows=8 router=0.290 ms
ds4: V4.1 moe split layer=4 rows=8 shared=0.303 ms
ds4: V4.1 moe split layer=4 rows=8 routed=1.318 ms
ds4: V4.1 moe split layer=5 rows=8 router=0.299 ms
ds4: V4.1 moe split layer=5 rows=8 shared=0.339 ms
ds4: V4.1 moe split layer=5 rows=8 routed=1.332 ms
ds4: V4.1 moe split layer=6 rows=8 router=0.259 ms
ds4: V4.1 moe split layer=6 rows=8 shared=0.333 ms
ds4: V4.1 moe split layer=6 rows=8 routed=1.344 ms
ds4: V4.1 moe split layer=7 rows=8 router=0.335 ms
ds4: V4.1 moe split layer=7 rows=8 shared=0.317 ms
ds4: V4.1 moe split layer=7 rows=8 routed=1.344 ms
ds4: V4.1 moe split layer=8 rows=8 router=0.344 ms
ds4: V4.1 moe split layer=8 rows=8 shared=0.310 ms
ds4: V4.1 moe split layer=8 rows=8 routed=1.343 ms
ds4: V4.1 moe split layer=9 rows=8 router=0.306 ms
ds4: V4.1 moe split layer=9 rows=8 shared=0.312 ms
ds4: V4.1 moe split layer=9 rows=8 routed=1.352 ms
ds4: V4.1 moe split layer=10 rows=8 router=0.238 ms
ds4: V4.1 moe split layer=10 rows=8 shared=0.329 ms
ds4: V4.1 moe split layer=10 rows=8 routed=1.388 ms
ds4: V4.1 moe split layer=11 rows=8 router=0.357 ms
ds4: V4.1 moe split layer=11 rows=8 shared=0.271 ms
ds4: V4.1 moe split layer=11 rows=8 routed=1.351 ms
ds4: V4.1 moe split layer=12 rows=8 router=0.324 ms
ds4: V4.1 moe split layer=12 rows=8 shared=0.303 ms
ds4: V4.1 moe split layer=12 rows=8 routed=1.370 ms
ds4: V4.1 moe split layer=13 rows=8 router=0.309 ms
ds4: V4.1 moe split layer=13 rows=8 shared=0.335 ms
ds4: V4.1 moe split layer=13 rows=8 routed=1.293 ms
ds4: V4.1 moe split layer=14 rows=8 router=0.311 ms
ds4: V4.1 moe split layer=14 rows=8 shared=0.308 ms
ds4: V4.1 moe split layer=14 rows=8 routed=1.289 ms
ds4: V4.1 moe split layer=15 rows=8 router=0.289 ms
ds4: V4.1 moe split layer=15 rows=8 shared=0.337 ms
ds4: V4.1 moe split layer=15 rows=8 routed=1.324 ms
ds4: V4.1 moe split layer=16 rows=8 router=0.246 ms
ds4: V4.1 moe split layer=16 rows=8 shared=0.319 ms
ds4: V4.1 moe split layer=16 rows=8 routed=1.377 ms
ds4: V4.1 moe split layer=17 rows=8 router=0.244 ms
ds4: V4.1 moe split layer=17 rows=8 shared=0.311 ms
ds4: V4.1 moe split layer=17 rows=8 routed=1.296 ms
ds4: V4.1 moe split layer=18 rows=8 router=0.340 ms
ds4: V4.1 moe split layer=18 rows=8 shared=0.318 ms
ds4: V4.1 moe split layer=18 rows=8 routed=1.389 ms
ds4: V4.1 moe split layer=19 rows=8 router=0.309 ms
ds4: V4.1 moe split layer=19 rows=8 shared=0.319 ms
ds4: V4.1 moe split layer=19 rows=8 routed=1.349 ms
ds4: V4.1 moe split layer=20 rows=8 router=0.272 ms
ds4: V4.1 moe split layer=20 rows=8 shared=0.321 ms
ds4: V4.1 moe split layer=20 rows=8 routed=1.340 ms
ds4: V4.1 moe split layer=21 rows=8 router=0.329 ms
ds4: V4.1 moe split layer=21 rows=8 shared=0.296 ms
ds4: V4.1 moe split layer=21 rows=8 routed=1.387 ms
ds4: V4.1 moe split layer=22 rows=8 router=0.295 ms
ds4: V4.1 moe split layer=22 rows=8 shared=0.356 ms
ds4: V4.1 moe split layer=22 rows=8 routed=1.385 ms
ds4: V4.1 moe split layer=23 rows=8 router=0.327 ms
ds4: V4.1 moe split layer=23 rows=8 shared=0.313 ms
ds4: V4.1 moe split layer=23 rows=8 routed=1.361 ms
ds4: V4.1 moe split layer=24 rows=8 router=0.327 ms
ds4: V4.1 moe split layer=24 rows=8 shared=0.327 ms
ds4: V4.1 moe split layer=24 rows=8 routed=1.294 ms
ds4: V4.1 moe split layer=25 rows=8 router=0.242 ms
ds4: V4.1 moe split layer=25 rows=8 shared=0.350 ms
ds4: V4.1 moe split layer=25 rows=8 routed=1.345 ms
ds4: V4.1 moe split layer=26 rows=8 router=0.342 ms
ds4: V4.1 moe split layer=26 rows=8 shared=0.297 ms
ds4: V4.1 moe split layer=26 rows=8 routed=1.311 ms
ds4: V4.1 moe split layer=27 rows=8 router=0.320 ms
ds4: V4.1 moe split layer=27 rows=8 shared=0.311 ms
ds4: V4.1 moe split layer=27 rows=8 routed=1.399 ms
ds4: V4.1 moe split layer=28 rows=8 router=0.299 ms
ds4: V4.1 moe split layer=28 rows=8 shared=0.303 ms
ds4: V4.1 moe split layer=28 rows=8 routed=1.282 ms
ds4: V4.1 moe split layer=29 rows=8 router=0.296 ms
ds4: V4.1 moe split layer=29 rows=8 shared=0.314 ms
ds4: V4.1 moe split layer=29 rows=8 routed=1.367 ms
ds4: V4.1 moe split layer=30 rows=8 router=0.295 ms
ds4: V4.1 moe split layer=30 rows=8 shared=0.320 ms
ds4: V4.1 moe split layer=30 rows=8 routed=1.346 ms
ds4: V4.1 moe split layer=31 rows=8 router=0.338 ms
ds4: V4.1 moe split layer=31 rows=8 shared=0.356 ms
ds4: V4.1 moe split layer=31 rows=8 routed=1.345 ms
ds4: V4.1 moe split layer=32 rows=8 router=0.321 ms
ds4: V4.1 moe split layer=32 rows=8 shared=0.356 ms
ds4: V4.1 moe split layer=32 rows=8 routed=1.326 ms
ds4: V4.1 moe split layer=33 rows=8 router=0.256 ms
ds4: V4.1 moe split layer=33 rows=8 shared=0.330 ms
ds4: V4.1 moe split layer=33 rows=8 routed=1.393 ms
ds4: V4.1 moe split layer=34 rows=8 router=0.301 ms
ds4: V4.1 moe split layer=34 rows=8 shared=0.316 ms
ds4: V4.1 moe split layer=34 rows=8 routed=1.301 ms
ds4: V4.1 moe split layer=35 rows=8 router=0.306 ms
ds4: V4.1 moe split layer=35 rows=8 shared=0.310 ms
ds4: V4.1 moe split layer=35 rows=8 routed=1.359 ms
ds4: V4.1 moe split layer=36 rows=8 router=0.239 ms
ds4: V4.1 moe split layer=36 rows=8 shared=0.306 ms
ds4: V4.1 moe split layer=36 rows=8 routed=1.347 ms
ds4: V4.1 moe split layer=37 rows=8 router=0.355 ms
ds4: V4.1 moe split layer=37 rows=8 shared=0.301 ms
ds4: V4.1 moe split layer=37 rows=8 routed=1.343 ms
ds4: V4.1 moe split layer=38 rows=8 router=0.329 ms
ds4: V4.1 moe split layer=38 rows=8 shared=0.306 ms
ds4: V4.1 moe split layer=38 rows=8 routed=1.398 ms
ds4: V4.1 moe split layer=39 rows=8 router=0.353 ms
ds4: V4.1 moe split layer=39 rows=8 shared=0.314 ms
ds4: V4.1 moe split layer=39 rows=8 routed=1.384 ms
ds4: V4.1 batch step rows=8 pre 0.0 ms, per-row attention 0.0 ms, moe 0.0 ms, head 0.0 ms, setup 0.0 ms, publish 0.0 ms
ds4: V4.1 moe split layer=0 rows=8 router=0.323 ms
ds4: V4.1 moe split layer=0 rows=8 shared=0.296 ms
ds4: V4.1 moe split layer=0 rows=8 routed=1.318 ms
ds4: V4.1 moe split layer=1 rows=8 router=0.287 ms
ds4: V4.1 moe split layer=1 rows=8 shared=0.331 ms
ds4: V4.1 moe split layer=1 rows=8 routed=1.359 ms
ds4: V4.1 moe split layer=2 rows=8 router=0.275 ms
ds4: V4.1 moe split layer=2 rows=8 shared=0.323 ms
ds4: V4.1 moe split layer=2 rows=8 routed=1.356 ms
ds4: V4.1 moe split layer=3 rows=8 router=0.292 ms
ds4: V4.1 moe split layer=3 rows=8 shared=0.293 ms
ds4: V4.1 moe split layer=3 rows=8 routed=1.431 ms
ds4: V4.1 moe split layer=4 rows=8 router=0.326 ms
ds4: V4.1 moe split layer=4 rows=8 shared=0.332 ms
ds4: V4.1 moe split layer=4 rows=8 routed=1.318 ms
ds4: V4.1 moe split layer=5 rows=8 router=0.288 ms
ds4: V4.1 moe split layer=5 rows=8 shared=0.306 ms
ds4: V4.1 moe split layer=5 rows=8 routed=1.393 ms
ds4: V4.1 moe split layer=6 rows=8 router=0.282 ms
ds4: V4.1 moe split layer=6 rows=8 shared=0.302 ms
ds4: V4.1 moe split layer=6 rows=8 routed=1.282 ms
ds4: V4.1 moe split layer=7 rows=8 router=0.285 ms
ds4: V4.1 moe split layer=7 rows=8 shared=0.297 ms
ds4: V4.1 moe split layer=7 rows=8 routed=1.312 ms
ds4: V4.1 moe split layer=8 rows=8 router=0.334 ms
ds4: V4.1 moe split layer=8 rows=8 shared=0.297 ms
ds4: V4.1 moe split layer=8 rows=8 routed=1.391 ms
ds4: V4.1 moe split layer=9 rows=8 router=0.284 ms
ds4: V4.1 moe split layer=9 rows=8 shared=0.304 ms
ds4: V4.1 moe split layer=9 rows=8 routed=1.410 ms
ds4: V4.1 moe split layer=10 rows=8 router=0.266 ms
ds4: V4.1 moe split layer=10 rows=8 shared=0.350 ms
ds4: V4.1 moe split layer=10 rows=8 routed=1.350 ms
ds4: V4.1 moe split layer=11 rows=8 router=0.283 ms
ds4: V4.1 moe split layer=11 rows=8 shared=0.318 ms
ds4: V4.1 moe split layer=11 rows=8 routed=1.307 ms
ds4: V4.1 moe split layer=12 rows=8 router=0.328 ms
ds4: V4.1 moe split layer=12 rows=8 shared=0.300 ms
ds4: V4.1 moe split layer=12 rows=8 routed=1.344 ms
ds4: V4.1 moe split layer=13 rows=8 router=0.255 ms
ds4: V4.1 moe split layer=13 rows=8 shared=0.361 ms
ds4: V4.1 moe split layer=13 rows=8 routed=1.350 ms
ds4: V4.1 moe split layer=14 rows=8 router=0.296 ms
ds4: V4.1 moe split layer=14 rows=8 shared=0.342 ms
ds4: V4.1 moe split layer=14 rows=8 routed=1.376 ms
ds4: V4.1 moe split layer=15 rows=8 router=0.320 ms
ds4: V4.1 moe split layer=15 rows=8 shared=0.340 ms
ds4: V4.1 moe split layer=15 rows=8 routed=1.381 ms
ds4: V4.1 moe split layer=16 rows=8 router=0.337 ms
ds4: V4.1 moe split layer=16 rows=8 shared=0.305 ms
ds4: V4.1 moe split layer=16 rows=8 routed=1.300 ms
ds4: V4.1 moe split layer=17 rows=8 router=0.325 ms
ds4: V4.1 moe split layer=17 rows=8 shared=0.305 ms
ds4: V4.1 moe split layer=17 rows=8 routed=1.276 ms
ds4: V4.1 moe split layer=18 rows=8 router=0.323 ms
ds4: V4.1 moe split layer=18 rows=8 shared=0.309 ms
ds4: V4.1 moe split layer=18 rows=8 routed=1.284 ms
ds4: V4.1 moe split layer=19 rows=8 router=0.301 ms
ds4: V4.1 moe split layer=19 rows=8 shared=0.342 ms
ds4: V4.1 moe split layer=19 rows=8 routed=1.412 ms
ds4: V4.1 moe split layer=20 rows=8 router=0.269 ms
ds4: V4.1 moe split layer=20 rows=8 shared=0.314 ms
ds4: V4.1 moe split layer=20 rows=8 routed=1.397 ms
ds4: V4.1 moe split layer=21 rows=8 router=0.344 ms
ds4: V4.1 moe split layer=21 rows=8 shared=0.314 ms
ds4: V4.1 moe split layer=21 rows=8 routed=1.287 ms
ds4: V4.1 moe split layer=22 rows=8 router=0.306 ms
ds4: V4.1 moe split layer=22 rows=8 shared=0.331 ms
ds4: V4.1 moe split layer=22 rows=8 routed=1.413 ms
ds4: V4.1 moe split layer=23 rows=8 router=0.292 ms
ds4: V4.1 moe split layer=23 rows=8 shared=0.318 ms
ds4: V4.1 moe split layer=23 rows=8 routed=1.281 ms
ds4: V4.1 moe split layer=24 rows=8 router=0.295 ms
ds4: V4.1 moe split layer=24 rows=8 shared=0.319 ms
ds4: V4.1 moe split layer=24 rows=8 routed=1.340 ms
ds4: V4.1 moe split layer=25 rows=8 router=0.336 ms
ds4: V4.1 moe split layer=25 rows=8 shared=0.304 ms
ds4: V4.1 moe split layer=25 rows=8 routed=1.374 ms
ds4: V4.1 moe split layer=26 rows=8 router=0.340 ms
ds4: V4.1 moe split layer=26 rows=8 shared=0.359 ms
ds4: V4.1 moe split layer=26 rows=8 routed=1.340 ms
ds4: V4.1 moe split layer=27 rows=8 router=0.324 ms
ds4: V4.1 moe split layer=27 rows=8 shared=0.313 ms
ds4: V4.1 moe split layer=27 rows=8 routed=1.346 ms
ds4: V4.1 moe split layer=28 rows=8 router=0.329 ms
ds4: V4.1 moe split layer=28 rows=8 shared=0.332 ms
ds4: V4.1 moe split layer=28 rows=8 routed=1.407 ms
ds4: V4.1 moe split layer=29 rows=8 router=0.280 ms
ds4: V4.1 moe split layer=29 rows=8 shared=0.326 ms
ds4: V4.1 moe split layer=29 rows=8 routed=1.334 ms
ds4: V4.1 moe split layer=30 rows=8 router=0.266 ms
ds4: V4.1 moe split layer=30 rows=8 shared=0.329 ms
ds4: V4.1 moe split layer=30 rows=8 routed=1.421 ms
ds4: V4.1 moe split layer=31 rows=8 router=0.301 ms
ds4: V4.1 moe split layer=31 rows=8 shared=0.313 ms
ds4: V4.1 moe split layer=31 rows=8 routed=1.368 ms
ds4: V4.1 moe split layer=32 rows=8 router=0.376 ms
ds4: V4.1 moe split layer=32 rows=8 shared=0.338 ms
ds4: V4.1 moe split layer=32 rows=8 routed=1.297 ms
ds4: V4.1 moe split layer=33 rows=8 router=0.289 ms
ds4: V4.1 moe split layer=33 rows=8 shared=0.338 ms
ds4: V4.1 moe split layer=33 rows=8 routed=1.309 ms
ds4: V4.1 moe split layer=34 rows=8 router=0.305 ms
ds4: V4.1 moe split layer=34 rows=8 shared=0.303 ms
ds4: V4.1 moe split layer=34 rows=8 routed=1.376 ms
ds4: V4.1 moe split layer=35 rows=8 router=0.331 ms
ds4: V4.1 moe split layer=35 rows=8 shared=0.344 ms
ds4: V4.1 moe split layer=35 rows=8 routed=1.376 ms
ds4: V4.1 moe split layer=36 rows=8 router=0.285 ms
ds4: V4.1 moe split layer=36 rows=8 shared=0.316 ms
ds4: V4.1 moe split layer=36 rows=8 routed=1.367 ms
ds4: V4.1 moe split layer=37 rows=8 router=0.337 ms
ds4: V4.1 moe split layer=37 rows=8 shared=0.331 ms
ds4: V4.1 moe split layer=37 rows=8 routed=1.354 ms
ds4: V4.1 moe split layer=38 rows=8 router=0.301 ms
ds4: V4.1 moe split layer=38 rows=8 shared=0.305 ms
ds4: V4.1 moe split layer=38 rows=8 routed=1.276 ms
ds4: V4.1 moe split layer=39 rows=8 router=0.331 ms
ds4: V4.1 moe split layer=39 rows=8 shared=0.317 ms
ds4: V4.1 moe split layer=39 rows=8 routed=1.289 ms
ds4: V4.1 batch step rows=8 pre 0.0 ms, per-row attention 0.0 ms, moe 0.0 ms, head 0.0 ms, setup 0.0 ms, publish 0.0 ms
ds4: V4.1 moe split layer=0 rows=8 router=0.317 ms
ds4: V4.1 moe split layer=0 rows=8 shared=0.300 ms
ds4: V4.1 moe split layer=0 rows=8 routed=1.428 ms
ds4: V4.1 moe split layer=1 rows=8 router=0.338 ms
ds4: V4.1 moe split layer=1 rows=8 shared=0.323 ms
ds4: V4.1 moe split layer=1 rows=8 routed=1.325 ms
ds4: V4.1 moe split layer=2 rows=8 router=0.297 ms
ds4: V4.1 moe split layer=2 rows=8 shared=0.325 ms
ds4: V4.1 moe split layer=2 rows=8 routed=1.344 ms
ds4: V4.1 moe split layer=3 rows=8 router=0.231 ms
ds4: V4.1 moe split layer=3 rows=8 shared=0.316 ms
ds4: V4.1 moe split layer=3 rows=8 routed=1.331 ms
ds4: V4.1 moe split layer=4 rows=8 router=0.287 ms
ds4: V4.1 moe split layer=4 rows=8 shared=0.303 ms
ds4: V4.1 moe split layer=4 rows=8 routed=1.393 ms
ds4: V4.1 moe split layer=5 rows=8 router=0.328 ms
ds4: V4.1 moe split layer=5 rows=8 shared=0.328 ms
ds4: V4.1 moe split layer=5 rows=8 routed=1.324 ms
ds4: V4.1 moe split layer=6 rows=8 router=0.288 ms
ds4: V4.1 moe split layer=6 rows=8 shared=0.324 ms
ds4: V4.1 moe split layer=6 rows=8 routed=1.382 ms
ds4: V4.1 moe split layer=7 rows=8 router=0.310 ms
ds4: V4.1 moe split layer=7 rows=8 shared=0.309 ms
ds4: V4.1 moe split layer=7 rows=8 routed=1.291 ms
ds4: V4.1 moe split layer=8 rows=8 router=0.300 ms
ds4: V4.1 moe split layer=8 rows=8 shared=0.360 ms
ds4: V4.1 moe split layer=8 rows=8 routed=1.328 ms
ds4: V4.1 moe split layer=9 rows=8 router=0.359 ms
ds4: V4.1 moe split layer=9 rows=8 shared=0.303 ms
ds4: V4.1 moe split layer=9 rows=8 routed=1.385 ms
ds4: V4.1 moe split layer=10 rows=8 router=0.319 ms
ds4: V4.1 moe split layer=10 rows=8 shared=0.296 ms
ds4: V4.1 moe split layer=10 rows=8 routed=1.348 ms
ds4: V4.1 moe split layer=11 rows=8 router=0.323 ms
ds4: V4.1 moe split layer=11 rows=8 shared=0.296 ms
ds4: V4.1 moe split layer=11 rows=8 routed=1.301 ms
ds4: V4.1 moe split layer=12 rows=8 router=0.248 ms
ds4: V4.1 moe split layer=12 rows=8 shared=0.319 ms
ds4: V4.1 moe split layer=12 rows=8 routed=1.370 ms
ds4: V4.1 moe split layer=13 rows=8 router=0.249 ms
ds4: V4.1 moe split layer=13 rows=8 shared=0.326 ms
ds4: V4.1 moe split layer=13 rows=8 routed=1.344 ms
ds4: V4.1 moe split layer=14 rows=8 router=0.290 ms
ds4: V4.1 moe split layer=14 rows=8 shared=0.317 ms
ds4: V4.1 moe split layer=14 rows=8 routed=1.378 ms
ds4: V4.1 moe split layer=15 rows=8 router=0.331 ms
ds4: V4.1 moe split layer=15 rows=8 shared=0.318 ms
ds4: V4.1 moe split layer=15 rows=8 routed=1.355 ms
ds4: V4.1 moe split layer=16 rows=8 router=0.295 ms
ds4: V4.1 moe split layer=16 rows=8 shared=0.300 ms
ds4: V4.1 moe split layer=16 rows=8 routed=1.379 ms
ds4: V4.1 moe split layer=17 rows=8 router=0.287 ms
ds4: V4.1 moe split layer=17 rows=8 shared=0.294 ms
ds4: V4.1 moe split layer=17 rows=8 routed=1.301 ms
ds4: V4.1 moe split layer=18 rows=8 router=0.267 ms
ds4: V4.1 moe split layer=18 rows=8 shared=0.325 ms
ds4: V4.1 moe split layer=18 rows=8 routed=1.378 ms
ds4: V4.1 moe split layer=19 rows=8 router=0.315 ms
ds4: V4.1 moe split layer=19 rows=8 shared=0.338 ms
ds4: V4.1 moe split layer=19 rows=8 routed=1.358 ms
ds4: V4.1 moe split layer=20 rows=8 router=0.280 ms
ds4: V4.1 moe split layer=20 rows=8 shared=0.318 ms
ds4: V4.1 moe split layer=20 rows=8 routed=1.380 ms
ds4: V4.1 moe split layer=21 rows=8 router=0.336 ms
ds4: V4.1 moe split layer=21 rows=8 shared=0.305 ms
ds4: V4.1 moe split layer=21 rows=8 routed=1.374 ms
ds4: V4.1 moe split layer=22 rows=8 router=0.290 ms
ds4: V4.1 moe split layer=22 rows=8 shared=0.303 ms
ds4: V4.1 moe split layer=22 rows=8 routed=1.376 ms
ds4: V4.1 moe split layer=23 rows=8 router=0.300 ms
ds4: V4.1 moe split layer=23 rows=8 shared=0.309 ms
ds4: V4.1 moe split layer=23 rows=8 routed=1.288 ms
ds4: V4.1 moe split layer=24 rows=8 router=0.298 ms
ds4: V4.1 moe split layer=24 rows=8 shared=0.303 ms
ds4: V4.1 moe split layer=24 rows=8 routed=1.394 ms
ds4: V4.1 moe split layer=25 rows=8 router=0.345 ms
ds4: V4.1 moe split layer=25 rows=8 shared=0.345 ms
ds4: V4.1 moe split layer=25 rows=8 routed=1.358 ms
ds4: V4.1 moe split layer=26 rows=8 router=0.352 ms
ds4: V4.1 moe split layer=26 rows=8 shared=0.311 ms
ds4: V4.1 moe split layer=26 rows=8 routed=1.332 ms
ds4: V4.1 moe split layer=27 rows=8 router=0.291 ms
ds4: V4.1 moe split layer=27 rows=8 shared=0.339 ms
ds4: V4.1 moe split layer=27 rows=8 routed=1.289 ms
ds4: V4.1 moe split layer=28 rows=8 router=0.315 ms
ds4: V4.1 moe split layer=28 rows=8 shared=0.314 ms
ds4: V4.1 moe split layer=28 rows=8 routed=1.351 ms
ds4: V4.1 moe split layer=29 rows=8 router=0.325 ms
ds4: V4.1 moe split layer=29 rows=8 shared=0.325 ms
ds4: V4.1 moe split layer=29 rows=8 routed=1.304 ms
ds4: V4.1 moe split layer=30 rows=8 router=0.299 ms
ds4: V4.1 moe split layer=30 rows=8 shared=0.354 ms
ds4: V4.1 moe split layer=30 rows=8 routed=1.293 ms
ds4: V4.1 moe split layer=31 rows=8 router=0.298 ms
ds4: V4.1 moe split layer=31 rows=8 shared=0.316 ms
ds4: V4.1 moe split layer=31 rows=8 routed=1.379 ms
ds4: V4.1 moe split layer=32 rows=8 router=0.304 ms
ds4: V4.1 moe split layer=32 rows=8 shared=0.295 ms
ds4: V4.1 moe split layer=32 rows=8 routed=1.360 ms
ds4: V4.1 moe split layer=33 rows=8 router=0.338 ms
ds4: V4.1 moe split layer=33 rows=8 shared=0.318 ms
ds4: V4.1 moe split layer=33 rows=8 routed=1.295 ms
ds4: V4.1 moe split layer=34 rows=8 router=0.272 ms
ds4: V4.1 moe split layer=34 rows=8 shared=0.321 ms
ds4: V4.1 moe split layer=34 rows=8 routed=1.359 ms
ds4: V4.1 moe split layer=35 rows=8 router=0.292 ms
ds4: V4.1 moe split layer=35 rows=8 shared=0.309 ms
ds4: V4.1 moe split layer=35 rows=8 routed=1.347 ms
ds4: V4.1 moe split layer=36 rows=8 router=0.310 ms
ds4: V4.1 moe split layer=36 rows=8 shared=0.310 ms
ds4: V4.1 moe split layer=36 rows=8 routed=1.316 ms
ds4: V4.1 moe split layer=37 rows=8 router=0.274 ms
ds4: V4.1 moe split layer=37 rows=8 shared=0.363 ms
ds4: V4.1 moe split layer=37 rows=8 routed=1.367 ms
ds4: V4.1 moe split layer=38 rows=8 router=0.358 ms
ds4: V4.1 moe split layer=38 rows=8 shared=0.305 ms
ds4: V4.1 moe split layer=38 rows=8 routed=1.408 ms
ds4: V4.1 moe split layer=39 rows=8 router=0.294 ms
ds4: V4.1 moe split layer=39 rows=8 shared=0.338 ms
ds4: V4.1 moe split layer=39 rows=8 routed=1.363 ms
ds4: V4.1 batch step rows=8 pre 0.0 ms, per-row attention 0.0 ms, moe 0.0 ms, head 0.0 ms, setup 0.0 ms, publish 0.0 ms
ds4: V4.1 moe split layer=0 rows=8 router=0.317 ms
ds4: V4.1 moe split layer=0 rows=8 shared=0.351 ms
ds4: V4.1 moe split layer=0 rows=8 routed=1.286 ms
ds4: V4.1 moe split layer=1 rows=8 router=0.326 ms
ds4: V4.1 moe split layer=1 rows=8 shared=0.346 ms
ds4: V4.1 moe split layer=1 rows=8 routed=1.303 ms
ds4: V4.1 moe split layer=2 rows=8 router=0.290 ms
ds4: V4.1 moe split layer=2 rows=8 shared=0.315 ms
ds4: V4.1 moe split layer=2 rows=8 routed=1.416 ms
ds4: V4.1 moe split layer=3 rows=8 router=0.282 ms
ds4: V4.1 moe split layer=3 rows=8 shared=0.353 ms
ds4: V4.1 moe split layer=3 rows=8 routed=1.374 ms
ds4: V4.1 moe split layer=4 rows=8 router=0.342 ms
ds4: V4.1 moe split layer=4 rows=8 shared=0.315 ms
ds4: V4.1 moe split layer=4 rows=8 routed=1.356 ms
ds4: V4.1 moe split layer=5 rows=8 router=0.333 ms
ds4: V4.1 moe split layer=5 rows=8 shared=0.320 ms
ds4: V4.1 moe split layer=5 rows=8 routed=1.375 ms
ds4: V4.1 moe split layer=6 rows=8 router=0.237 ms
ds4: V4.1 moe split layer=6 rows=8 shared=0.340 ms
ds4: V4.1 moe split layer=6 rows=8 routed=1.381 ms
ds4: V4.1 moe split layer=7 rows=8 router=0.331 ms
ds4: V4.1 moe split layer=7 rows=8 shared=0.321 ms
ds4: V4.1 moe split layer=7 rows=8 routed=1.265 ms
ds4: V4.1 moe split layer=8 rows=8 router=0.284 ms
ds4: V4.1 moe split layer=8 rows=8 shared=0.309 ms
ds4: V4.1 moe split layer=8 rows=8 routed=1.345 ms
ds4: V4.1 moe split layer=9 rows=8 router=0.313 ms
ds4: V4.1 moe split layer=9 rows=8 shared=0.309 ms
ds4: V4.1 moe split layer=9 rows=8 routed=1.369 ms
ds4: V4.1 moe split layer=10 rows=8 router=0.279 ms
ds4: V4.1 moe split layer=10 rows=8 shared=0.317 ms
ds4: V4.1 moe split layer=10 rows=8 routed=1.274 ms
ds4: V4.1 moe split layer=11 rows=8 router=0.394 ms
ds4: V4.1 moe split layer=11 rows=8 shared=0.315 ms
ds4: V4.1 moe split layer=11 rows=8 routed=1.332 ms
ds4: V4.1 moe split layer=12 rows=8 router=0.286 ms
ds4: V4.1 moe split layer=12 rows=8 shared=0.308 ms
ds4: V4.1 moe split layer=12 rows=8 routed=1.391 ms
ds4: V4.1 moe split layer=13 rows=8 router=0.308 ms
ds4: V4.1 moe split layer=13 rows=8 shared=0.332 ms
ds4: V4.1 moe split layer=13 rows=8 routed=1.360 ms
ds4: V4.1 moe split layer=14 rows=8 router=0.301 ms
ds4: V4.1 moe split layer=14 rows=8 shared=0.364 ms
ds4: V4.1 moe split layer=14 rows=8 routed=1.298 ms
ds4: V4.1 moe split layer=15 rows=8 router=0.377 ms
ds4: V4.1 moe split layer=15 rows=8 shared=0.319 ms
ds4: V4.1 moe split layer=15 rows=8 routed=1.304 ms
ds4: V4.1 moe split layer=16 rows=8 router=0.247 ms
ds4: V4.1 moe split layer=16 rows=8 shared=0.311 ms
ds4: V4.1 moe split layer=16 rows=8 routed=1.358 ms
ds4: V4.1 moe split layer=17 rows=8 router=0.279 ms
ds4: V4.1 moe split layer=17 rows=8 shared=0.315 ms
ds4: V4.1 moe split layer=17 rows=8 routed=1.291 ms
ds4: V4.1 moe split layer=18 rows=8 router=0.332 ms
ds4: V4.1 moe split layer=18 rows=8 shared=0.355 ms
ds4: V4.1 moe split layer=18 rows=8 routed=1.367 ms
ds4: V4.1 moe split layer=19 rows=8 router=0.341 ms
ds4: V4.1 moe split layer=19 rows=8 shared=0.297 ms
ds4: V4.1 moe split layer=19 rows=8 routed=1.323 ms
ds4: V4.1 moe split layer=20 rows=8 router=0.332 ms
ds4: V4.1 moe split layer=20 rows=8 shared=0.314 ms
ds4: V4.1 moe split layer=20 rows=8 routed=1.331 ms
ds4: V4.1 moe split layer=21 rows=8 router=0.323 ms
ds4: V4.1 moe split layer=21 rows=8 shared=0.309 ms
ds4: V4.1 moe split layer=21 rows=8 routed=1.399 ms
ds4: V4.1 moe split layer=22 rows=8 router=0.283 ms
ds4: V4.1 moe split layer=22 rows=8 shared=0.345 ms
ds4: V4.1 moe split layer=22 rows=8 routed=1.365 ms
ds4: V4.1 moe split layer=23 rows=8 router=0.322 ms
ds4: V4.1 moe split layer=23 rows=8 shared=0.333 ms
ds4: V4.1 moe split layer=23 rows=8 routed=1.356 ms
ds4: V4.1 moe split layer=24 rows=8 router=0.328 ms
ds4: V4.1 moe split layer=24 rows=8 shared=0.304 ms
ds4: V4.1 moe split layer=24 rows=8 routed=1.446 ms
ds4: V4.1 moe split layer=25 rows=8 router=0.339 ms
ds4: V4.1 moe split layer=25 rows=8 shared=0.304 ms
ds4: V4.1 moe split layer=25 rows=8 routed=1.361 ms
ds4: V4.1 moe split layer=26 rows=8 router=0.338 ms
ds4: V4.1 moe split layer=26 rows=8 shared=0.301 ms
ds4: V4.1 moe split layer=26 rows=8 routed=1.368 ms
ds4: V4.1 moe split layer=27 rows=8 router=0.264 ms
ds4: V4.1 moe split layer=27 rows=8 shared=0.312 ms
ds4: V4.1 moe split layer=27 rows=8 routed=1.376 ms
ds4: V4.1 moe split layer=28 rows=8 router=0.321 ms
ds4: V4.1 moe split layer=28 rows=8 shared=0.312 ms
ds4: V4.1 moe split layer=28 rows=8 routed=1.341 ms
ds4: V4.1 moe split layer=29 rows=8 router=0.304 ms
ds4: V4.1 moe split layer=29 rows=8 shared=0.325 ms
ds4: V4.1 moe split layer=29 rows=8 routed=1.378 ms
ds4: V4.1 moe split layer=30 rows=8 router=0.338 ms
ds4: V4.1 moe split layer=30 rows=8 shared=0.303 ms
ds4: V4.1 moe split layer=30 rows=8 routed=1.337 ms
ds4: V4.1 moe split layer=31 rows=8 router=0.343 ms
ds4: V4.1 moe split layer=31 rows=8 shared=0.359 ms
ds4: V4.1 moe split layer=31 rows=8 routed=1.301 ms
ds4: V4.1 moe split layer=32 rows=8 router=0.297 ms
ds4: V4.1 moe split layer=32 rows=8 shared=0.303 ms
ds4: V4.1 moe split layer=32 rows=8 routed=1.344 ms
ds4: V4.1 moe split layer=33 rows=8 router=0.296 ms
ds4: V4.1 moe split layer=33 rows=8 shared=0.343 ms
ds4: V4.1 moe split layer=33 rows=8 routed=1.366 ms
ds4: V4.1 moe split layer=34 rows=8 router=0.297 ms
ds4: V4.1 moe split layer=34 rows=8 shared=0.297 ms
ds4: V4.1 moe split layer=34 rows=8 routed=1.308 ms
ds4: V4.1 moe split layer=35 rows=8 router=0.307 ms
ds4: V4.1 moe split layer=35 rows=8 shared=0.325 ms
ds4: V4.1 moe split layer=35 rows=8 routed=1.365 ms
ds4: V4.1 moe split layer=36 rows=8 router=0.335 ms
ds4: V4.1 moe split layer=36 rows=8 shared=0.299 ms
ds4: V4.1 moe split layer=36 rows=8 routed=1.377 ms
ds4: V4.1 moe split layer=37 rows=8 router=0.329 ms
ds4: V4.1 moe split layer=37 rows=8 shared=0.303 ms
ds4: V4.1 moe split layer=37 rows=8 routed=1.382 ms
ds4: V4.1 moe split layer=38 rows=8 router=0.332 ms
ds4: V4.1 moe split layer=38 rows=8 shared=0.310 ms
ds4: V4.1 moe split layer=38 rows=8 routed=1.361 ms
ds4: V4.1 moe split layer=39 rows=8 router=0.338 ms
ds4: V4.1 moe split layer=39 rows=8 shared=0.292 ms
ds4: V4.1 moe split layer=39 rows=8 routed=1.324 ms
ds4: V4.1 batch step rows=8 pre 0.0 ms, per-row attention 0.0 ms, moe 0.0 ms, head 0.0 ms, setup 0.0 ms, publish 0.0 ms
ds4: V4.1 moe split layer=0 rows=8 router=0.327 ms
ds4: V4.1 moe split layer=0 rows=8 shared=0.339 ms
ds4: V4.1 moe split layer=0 rows=8 routed=1.432 ms
ds4: V4.1 moe split layer=1 rows=8 router=0.314 ms
ds4: V4.1 moe split layer=1 rows=8 shared=0.323 ms
ds4: V4.1 moe split layer=1 rows=8 routed=1.408 ms
ds4: V4.1 moe split layer=2 rows=8 router=0.292 ms
ds4: V4.1 moe split layer=2 rows=8 shared=0.300 ms
ds4: V4.1 moe split layer=2 rows=8 routed=1.342 ms
ds4: V4.1 moe split layer=3 rows=8 router=0.292 ms
ds4: V4.1 moe split layer=3 rows=8 shared=0.293 ms
ds4: V4.1 moe split layer=3 rows=8 routed=1.356 ms
ds4: V4.1 moe split layer=4 rows=8 router=0.333 ms
ds4: V4.1 moe split layer=4 rows=8 shared=0.310 ms
ds4: V4.1 moe split layer=4 rows=8 routed=1.292 ms
ds4: V4.1 moe split layer=5 rows=8 router=0.291 ms
ds4: V4.1 moe split layer=5 rows=8 shared=0.317 ms
ds4: V4.1 moe split layer=5 rows=8 routed=1.347 ms
ds4: V4.1 moe split layer=6 rows=8 router=0.290 ms
ds4: V4.1 moe split layer=6 rows=8 shared=0.312 ms
ds4: V4.1 moe split layer=6 rows=8 routed=1.393 ms
ds4: V4.1 moe split layer=7 rows=8 router=0.281 ms
ds4: V4.1 moe split layer=7 rows=8 shared=0.323 ms
ds4: V4.1 moe split layer=7 rows=8 routed=1.347 ms
ds4: V4.1 moe split layer=8 rows=8 router=0.274 ms
ds4: V4.1 moe split layer=8 rows=8 shared=0.317 ms
ds4: V4.1 moe split layer=8 rows=8 routed=1.328 ms
ds4: V4.1 moe split layer=9 rows=8 router=0.329 ms
ds4: V4.1 moe split layer=9 rows=8 shared=0.312 ms
ds4: V4.1 moe split layer=9 rows=8 routed=1.347 ms
ds4: V4.1 moe split layer=10 rows=8 router=0.306 ms
ds4: V4.1 moe split layer=10 rows=8 shared=0.349 ms
ds4: V4.1 moe split layer=10 rows=8 routed=1.358 ms
ds4: V4.1 moe split layer=11 rows=8 router=0.319 ms
ds4: V4.1 moe split layer=11 rows=8 shared=0.308 ms
ds4: V4.1 moe split layer=11 rows=8 routed=1.321 ms
ds4: V4.1 moe split layer=12 rows=8 router=0.306 ms
ds4: V4.1 moe split layer=12 rows=8 shared=0.363 ms
ds4: V4.1 moe split layer=12 rows=8 routed=1.347 ms
ds4: V4.1 moe split layer=13 rows=8 router=0.266 ms
ds4: V4.1 moe split layer=13 rows=8 shared=0.307 ms
ds4: V4.1 moe split layer=13 rows=8 routed=1.338 ms
ds4: V4.1 moe split layer=14 rows=8 router=0.302 ms
ds4: V4.1 moe split layer=14 rows=8 shared=0.307 ms
ds4: V4.1 moe split layer=14 rows=8 routed=1.327 ms
ds4: V4.1 moe split layer=15 rows=8 router=0.320 ms
ds4: V4.1 moe split layer=15 rows=8 shared=0.307 ms
ds4: V4.1 moe split layer=15 rows=8 routed=1.373 ms
ds4: V4.1 moe split layer=16 rows=8 router=0.297 ms
ds4: V4.1 moe split layer=16 rows=8 shared=0.383 ms
ds4: V4.1 moe split layer=16 rows=8 routed=1.378 ms
ds4: V4.1 moe split layer=17 rows=8 router=0.282 ms
ds4: V4.1 moe split layer=17 rows=8 shared=0.304 ms
ds4: V4.1 moe split layer=17 rows=8 routed=1.356 ms
ds4: V4.1 moe split layer=18 rows=8 router=0.339 ms
ds4: V4.1 moe split layer=18 rows=8 shared=0.310 ms
ds4: V4.1 moe split layer=18 rows=8 routed=1.308 ms
ds4: V4.1 moe split layer=19 rows=8 router=0.363 ms
ds4: V4.1 moe split layer=19 rows=8 shared=0.306 ms
ds4: V4.1 moe split layer=19 rows=8 routed=1.285 ms
ds4: V4.1 moe split layer=20 rows=8 router=0.296 ms
ds4: V4.1 moe split layer=20 rows=8 shared=0.363 ms
ds4: V4.1 moe split layer=20 rows=8 routed=1.288 ms
ds4: V4.1 moe split layer=21 rows=8 router=0.300 ms
ds4: V4.1 moe split layer=21 rows=8 shared=0.311 ms
ds4: V4.1 moe split layer=21 rows=8 routed=1.357 ms
ds4: V4.1 moe split layer=22 rows=8 router=0.344 ms
ds4: V4.1 moe split layer=22 rows=8 shared=0.312 ms
ds4: V4.1 moe split layer=22 rows=8 routed=1.342 ms
ds4: V4.1 moe split layer=23 rows=8 router=0.347 ms
ds4: V4.1 moe split layer=23 rows=8 shared=0.379 ms
ds4: V4.1 moe split layer=23 rows=8 routed=1.370 ms
ds4: V4.1 moe split layer=24 rows=8 router=0.331 ms
ds4: V4.1 moe split layer=24 rows=8 shared=0.314 ms
ds4: V4.1 moe split layer=24 rows=8 routed=1.355 ms
ds4: V4.1 moe split layer=25 rows=8 router=0.316 ms
ds4: V4.1 moe split layer=25 rows=8 shared=0.308 ms
ds4: V4.1 moe split layer=25 rows=8 routed=1.488 ms
ds4: V4.1 moe split layer=26 rows=8 router=0.279 ms
ds4: V4.1 moe split layer=26 rows=8 shared=0.315 ms
ds4: V4.1 moe split layer=26 rows=8 routed=1.343 ms
ds4: V4.1 moe split layer=27 rows=8 router=0.260 ms
ds4: V4.1 moe split layer=27 rows=8 shared=0.314 ms
ds4: V4.1 moe split layer=27 rows=8 routed=1.403 ms
ds4: V4.1 moe split layer=28 rows=8 router=0.340 ms
ds4: V4.1 moe split layer=28 rows=8 shared=0.309 ms
ds4: V4.1 moe split layer=28 rows=8 routed=1.351 ms
ds4: V4.1 moe split layer=29 rows=8 router=0.290 ms
ds4: V4.1 moe split layer=29 rows=8 shared=0.305 ms
ds4: V4.1 moe split layer=29 rows=8 routed=1.350 ms
ds4: V4.1 moe split layer=30 rows=8 router=0.331 ms
ds4: V4.1 moe split layer=30 rows=8 shared=0.356 ms
ds4: V4.1 moe split layer=30 rows=8 routed=1.358 ms
ds4: V4.1 moe split layer=31 rows=8 router=0.291 ms
ds4: V4.1 moe split layer=31 rows=8 shared=0.315 ms
ds4: V4.1 moe split layer=31 rows=8 routed=1.369 ms
ds4: V4.1 moe split layer=32 rows=8 router=0.339 ms
ds4: V4.1 moe split layer=32 rows=8 shared=0.362 ms
ds4: V4.1 moe split layer=32 rows=8 routed=1.343 ms
ds4: V4.1 moe split layer=33 rows=8 router=0.296 ms
ds4: V4.1 moe split layer=33 rows=8 shared=0.317 ms
ds4: V4.1 moe split layer=33 rows=8 routed=1.285 ms
ds4: V4.1 moe split layer=34 rows=8 router=0.286 ms
ds4: V4.1 moe split layer=34 rows=8 shared=0.358 ms
ds4: V4.1 moe split layer=34 rows=8 routed=1.358 ms
ds4: V4.1 moe split layer=35 rows=8 router=0.281 ms
ds4: V4.1 moe split layer=35 rows=8 shared=0.319 ms
ds4: V4.1 moe split layer=35 rows=8 routed=1.334 ms
ds4: V4.1 moe split layer=36 rows=8 router=0.278 ms
ds4: V4.1 moe split layer=36 rows=8 shared=0.319 ms
ds4: V4.1 moe split layer=36 rows=8 routed=1.350 ms
ds4: V4.1 moe split layer=37 rows=8 router=0.284 ms
ds4: V4.1 moe split layer=37 rows=8 shared=0.318 ms
ds4: V4.1 moe split layer=37 rows=8 routed=1.304 ms
ds4: V4.1 moe split layer=38 rows=8 router=0.347 ms
ds4: V4.1 moe split layer=38 rows=8 shared=0.299 ms
ds4: V4.1 moe split layer=38 rows=8 routed=1.393 ms
ds4: V4.1 moe split layer=39 rows=8 router=0.248 ms
ds4: V4.1 moe split layer=39 rows=8 shared=0.311 ms
ds4: V4.1 moe split layer=39 rows=8 routed=1.363 ms
ds4: V4.1 batch step rows=8 pre 0.0 ms, per-row attention 0.0 ms, moe 0.0 ms, head 0.0 ms, setup 0.0 ms, publish 0.0 ms
ds4: V4.1 moe split layer=0 rows=8 router=0.332 ms
ds4: V4.1 moe split layer=0 rows=8 shared=0.339 ms
ds4: V4.1 moe split layer=0 rows=8 routed=1.367 ms
ds4: V4.1 moe split layer=1 rows=8 router=0.334 ms
ds4: V4.1 moe split layer=1 rows=8 shared=0.310 ms
ds4: V4.1 moe split layer=1 rows=8 routed=1.272 ms
ds4: V4.1 moe split layer=2 rows=8 router=0.285 ms
ds4: V4.1 moe split layer=2 rows=8 shared=0.331 ms
ds4: V4.1 moe split layer=2 rows=8 routed=1.353 ms
ds4: V4.1 moe split layer=3 rows=8 router=0.324 ms
ds4: V4.1 moe split layer=3 rows=8 shared=0.298 ms
ds4: V4.1 moe split layer=3 rows=8 routed=1.353 ms
ds4: V4.1 moe split layer=4 rows=8 router=0.240 ms
ds4: V4.1 moe split layer=4 rows=8 shared=0.314 ms
ds4: V4.1 moe split layer=4 rows=8 routed=1.369 ms
ds4: V4.1 moe split layer=5 rows=8 router=0.288 ms
ds4: V4.1 moe split layer=5 rows=8 shared=0.322 ms
ds4: V4.1 moe split layer=5 rows=8 routed=1.263 ms
ds4: V4.1 moe split layer=6 rows=8 router=0.266 ms
ds4: V4.1 moe split layer=6 rows=8 shared=0.302 ms
ds4: V4.1 moe split layer=6 rows=8 routed=1.268 ms
ds4: V4.1 moe split layer=7 rows=8 router=0.297 ms
ds4: V4.1 moe split layer=7 rows=8 shared=0.334 ms
ds4: V4.1 moe split layer=7 rows=8 routed=1.320 ms
ds4: V4.1 moe split layer=8 rows=8 router=0.279 ms
ds4: V4.1 moe split layer=8 rows=8 shared=0.317 ms
ds4: V4.1 moe split layer=8 rows=8 routed=1.344 ms
ds4: V4.1 moe split layer=9 rows=8 router=0.331 ms
ds4: V4.1 moe split layer=9 rows=8 shared=0.318 ms
ds4: V4.1 moe split layer=9 rows=8 routed=1.328 ms
ds4: V4.1 moe split layer=10 rows=8 router=0.305 ms
ds4: V4.1 moe split layer=10 rows=8 shared=0.326 ms
ds4: V4.1 moe split layer=10 rows=8 routed=1.367 ms
ds4: V4.1 moe split layer=11 rows=8 router=0.309 ms
ds4: V4.1 moe split layer=11 rows=8 shared=0.307 ms
ds4: V4.1 moe split layer=11 rows=8 routed=1.367 ms
ds4: V4.1 moe split layer=12 rows=8 router=0.254 ms
ds4: V4.1 moe split layer=12 rows=8 shared=0.307 ms
ds4: V4.1 moe split layer=12 rows=8 routed=1.344 ms
ds4: V4.1 moe split layer=13 rows=8 router=0.297 ms
ds4: V4.1 moe split layer=13 rows=8 shared=0.292 ms
ds4: V4.1 moe split layer=13 rows=8 routed=1.406 ms
ds4: V4.1 moe split layer=14 rows=8 router=0.243 ms
ds4: V4.1 moe split layer=14 rows=8 shared=0.356 ms
ds4: V4.1 moe split layer=14 rows=8 routed=1.310 ms
ds4: V4.1 moe split layer=15 rows=8 router=0.277 ms
ds4: V4.1 moe split layer=15 rows=8 shared=0.304 ms
ds4: V4.1 moe split layer=15 rows=8 routed=1.352 ms
ds4: V4.1 moe split layer=16 rows=8 router=0.286 ms
ds4: V4.1 moe split layer=16 rows=8 shared=0.304 ms
ds4: V4.1 moe split layer=16 rows=8 routed=1.282 ms
ds4: V4.1 moe split layer=17 rows=8 router=0.291 ms
ds4: V4.1 moe split layer=17 rows=8 shared=0.315 ms
ds4: V4.1 moe split layer=17 rows=8 routed=1.312 ms
ds4: V4.1 moe split layer=18 rows=8 router=0.278 ms
ds4: V4.1 moe split layer=18 rows=8 shared=0.301 ms
ds4: V4.1 moe split layer=18 rows=8 routed=1.297 ms
ds4: V4.1 moe split layer=19 rows=8 router=0.284 ms
ds4: V4.1 moe split layer=19 rows=8 shared=0.303 ms
ds4: V4.1 moe split layer=19 rows=8 routed=1.349 ms
ds4: V4.1 moe split layer=20 rows=8 router=0.252 ms
ds4: V4.1 moe split layer=20 rows=8 shared=0.306 ms
ds4: V4.1 moe split layer=20 rows=8 routed=1.335 ms
ds4: V4.1 moe split layer=21 rows=8 router=0.305 ms
ds4: V4.1 moe split layer=21 rows=8 shared=0.314 ms
ds4: V4.1 moe split layer=21 rows=8 routed=1.362 ms
ds4: V4.1 moe split layer=22 rows=8 router=0.244 ms
ds4: V4.1 moe split layer=22 rows=8 shared=0.315 ms
ds4: V4.1 moe split layer=22 rows=8 routed=1.292 ms
ds4: V4.1 moe split layer=23 rows=8 router=0.254 ms
ds4: V4.1 moe split layer=23 rows=8 shared=0.308 ms
ds4: V4.1 moe split layer=23 rows=8 routed=1.311 ms
ds4: V4.1 moe split layer=24 rows=8 router=0.347 ms
ds4: V4.1 moe split layer=24 rows=8 shared=0.325 ms
ds4: V4.1 moe split layer=24 rows=8 routed=1.343 ms
ds4: V4.1 moe split layer=25 rows=8 router=0.319 ms
ds4: V4.1 moe split layer=25 rows=8 shared=0.315 ms
ds4: V4.1 moe split layer=25 rows=8 routed=1.430 ms
ds4: V4.1 moe split layer=26 rows=8 router=0.297 ms
ds4: V4.1 moe split layer=26 rows=8 shared=0.313 ms
ds4: V4.1 moe split layer=26 rows=8 routed=1.294 ms
ds4: V4.1 moe split layer=27 rows=8 router=0.320 ms
ds4: V4.1 moe split layer=27 rows=8 shared=0.308 ms
ds4: V4.1 moe split layer=27 rows=8 routed=1.412 ms
ds4: V4.1 moe split layer=28 rows=8 router=0.321 ms
ds4: V4.1 moe split layer=28 rows=8 shared=0.334 ms
ds4: V4.1 moe split layer=28 rows=8 routed=1.400 ms
ds4: V4.1 moe split layer=29 rows=8 router=0.276 ms
ds4: V4.1 moe split layer=29 rows=8 shared=0.341 ms
ds4: V4.1 moe split layer=29 rows=8 routed=1.307 ms
ds4: V4.1 moe split layer=30 rows=8 router=0.312 ms
ds4: V4.1 moe split layer=30 rows=8 shared=0.332 ms
ds4: V4.1 moe split layer=30 rows=8 routed=1.401 ms
ds4: V4.1 moe split layer=31 rows=8 router=0.292 ms
ds4: V4.1 moe split layer=31 rows=8 shared=0.318 ms
ds4: V4.1 moe split layer=31 rows=8 routed=1.361 ms
ds4: V4.1 moe split layer=32 rows=8 router=0.236 ms
ds4: V4.1 moe split layer=32 rows=8 shared=0.311 ms
ds4: V4.1 moe split layer=32 rows=8 routed=1.392 ms
ds4: V4.1 moe split layer=33 rows=8 router=0.288 ms
ds4: V4.1 moe split layer=33 rows=8 shared=0.333 ms
ds4: V4.1 moe split layer=33 rows=8 routed=1.360 ms
ds4: V4.1 moe split layer=34 rows=8 router=0.289 ms
ds4: V4.1 moe split layer=34 rows=8 shared=0.303 ms
ds4: V4.1 moe split layer=34 rows=8 routed=1.338 ms
ds4: V4.1 moe split layer=35 rows=8 router=0.280 ms
ds4: V4.1 moe split layer=35 rows=8 shared=0.317 ms
ds4: V4.1 moe split layer=35 rows=8 routed=1.285 ms
ds4: V4.1 moe split layer=36 rows=8 router=0.308 ms
ds4: V4.1 moe split layer=36 rows=8 shared=0.315 ms
ds4: V4.1 moe split layer=36 rows=8 routed=1.375 ms
ds4: V4.1 moe split layer=37 rows=8 router=0.248 ms
ds4: V4.1 moe split layer=37 rows=8 shared=0.321 ms
ds4: V4.1 moe split layer=37 rows=8 routed=1.393 ms
ds4: V4.1 moe split layer=38 rows=8 router=0.327 ms
ds4: V4.1 moe split layer=38 rows=8 shared=0.370 ms
ds4: V4.1 moe split layer=38 rows=8 routed=1.407 ms
ds4: V4.1 moe split layer=39 rows=8 router=0.295 ms
ds4: V4.1 moe split layer=39 rows=8 shared=0.324 ms
ds4: V4.1 moe split layer=39 rows=8 routed=1.395 ms
ds4: V4.1 batch step rows=8 pre 0.0 ms, per-row attention 0.0 ms, moe 0.0 ms, head 0.0 ms, setup 0.0 ms, publish 0.0 ms
ds4: V4.1 verify selftest k=8, 64 positions from 31 (odd start, pair carry restored), 1 alternating rounds
  round 0: single 34.83 ms/token, batch 198.83 ms/step
ds4: gate over tokens 129-192: 14.00 command buffers, 0.00 aborts, 240.0 expert ids accounted, 0.00 MiB loaded a token; 0 the gate failed to switch off, 0 it could not gate
ds4:   one token, exclusive, same window: entry -0.00 + encode 0.32 + commit-to-done 30.43 + repair-load 0.00 + accounting 0.03 + tail 1.40 = 32.17 of a 34.10 ms wall, residual 1.93
ds4:   of the commit-to-done: GPU running 44.95 ms, GPU not running -14.52 ms
ds4:   1429.8 gated dispatches a token, 0.0 of them behind an abort; 610.3 sent plain ahead of a buffer's first validate
ds4:   encode-ahead: 12.00 segments used, 0.00 dropped, 1.88 ms a token spent encoding under the GPU
ds4:   concurrent sections: 84.75 attempted, 84.75 opened a token
ds4:   speculation: 0.00 layers a token, 0.00 lanes computed, 0.00 matched, 0.00 GEMVs actually saved, 0.00 left to compute; compared 0.00 lanes, 0.00 floats differ, 0.00 by more than an ulp
ds4:   expert cache over the last 64 tokens: 480.00 hits, 0.00 misses, 0.00 evictions a token; 5732 of 7930 entries live (72.3%)
ds4:   of the address-table holes repaired a token: 0.00 already resident, 0.00 genuinely absent
ds4:   residency a token: 0.00 adds, 0.00 removes, 0.00 commits
ds4: selftest control: a second single pass differs from the reference in 0 of 8273920 logits
  median single    : 34.83 ms/token
  median 8-row step: 198.83 ms = 5.71x one single step
  perfect-draft ceiling: 40.23 tok/s (100 tok/s requires <= 80.00 ms/step)
  block width      : 1.40x of 8 (needs 3.48x for 100 tok/s)
  concurrent       : 42850 sections opened of 42850 asked
  marginal row cost: 23.43 ms = 67% of a standalone token
  rollback         : reproduces its own output
  batch vs single  : identical argmax (64 rows checked)
  batch logits     : identical to the single pass
  break-even       : accept 71% of drafted tokens to beat single
  rolled-back passes agree with each other: yes
0925 00:05:21 ds4-server: chat ctx=31..35:4 gen=4 THINKING decoding chunk=0.36 t/s avg=0.36 t/s 11.250s
ds4-server: thinking not closed, ignoring incomplete DSML in reasoning
0925 00:05:21 ds4-server: chat ctx=0..31:31 gen=4 THINKING finish=length 13.493s
0925 00:05:23 ds4-server: shutdown requested, draining requests
