ds4: abort gate on for the first 40 layers
ds4: Metal device Apple M5 Max, 128.00 GiB RAM
ds4: Metal 4 tensor API enabled for Tensor kernels
ds4: drift-patch flags hc_stable=on norm_unify=on kv_raw_f32=off rope_exp2_log2=off math_safe=off tensor_matmul=on
ds4: Metal SSD streaming mode enabled; full model residency and warmup are skipped
ds4: SSD streaming auto cache budget
ds4:   metal recommends 107.52 GiB working set
ds4:   using 84% total for model + cached experts: 90.00 GiB
ds4:   non-routed weights: 9.37 GiB
ds4:   routed expert size: 9.49 MiB
ds4:   expert budget before prefill reserve: 8698 (80.63 GiB)
ds4: metal SSD streaming cache target 80.63 GiB; effective 80.63 GiB = 7.12 GiB prefill headroom + 73.51 GiB dynamic cache (7930 experts, 9.49 MiB each)
ds4: Metal SSD static weights locked 9.37 GiB; pageable 0.00 GiB
ds4: SSD streaming initial metal model map (569 spans, 9.37 GiB tensor span)
ds4: metal backend initialized for graph diagnostics
ds4: memory: KV 0.06 GiB (raw 0.01 + compressed 0.05) + buffers 3.27 GiB + resident model 9.37 GiB + expert cache 73.51 GiB + prefill expert reserve 7.12 GiB = 93.33 GiB planned
ds4: memory detail: ctx=8192 prefill_cap=4096 raw_kv_rows=128 compressed_kv_rows=8193 backend=metal
0925 00:04:51 ds4-server: context buffers 3411.39 MiB (ctx=8192, backend=metal, prefill_chunk=4096, raw_kv_rows=128, compressed_kv_rows=8193)
ds4: V4.1 static context buffers 3411.39 MiB (ctx=8192), Engram disk-only
0925 00:04:51 ds4-server: listening on http://127.0.0.1:8016
0925 00:04:53 ds4-server: chat ctx=0..31:31 prompt start
ds4: shared/routed FFN overlap ran, mode 1
ds4: expert residency set on the queue
0925 00:04:54 ds4-server: chat ctx=0..31:31 prefill chunk 1/31 (3.2%) chunk=0.00 t/s avg=4.54 t/s 0.220s
0925 00:04:54 ds4-server: chat ctx=0..31:31 prefill chunk 2/31 (6.5%) chunk=5.25 t/s avg=4.87 t/s 0.411s
0925 00:04:54 ds4-server: chat ctx=0..31:31 prefill chunk 3/31 (9.7%) chunk=11.71 t/s avg=6.05 t/s 0.496s
0925 00:04:54 ds4-server: chat ctx=0..31:31 prefill chunk 4/31 (12.9%) chunk=13.05 t/s avg=6.98 t/s 0.573s
0925 00:04:54 ds4-server: chat ctx=0..31:31 prefill chunk 5/31 (16.1%) chunk=12.78 t/s avg=7.68 t/s 0.651s
0925 00:04:54 ds4-server: chat ctx=0..31:31 prefill chunk 6/31 (19.4%) chunk=15.76 t/s avg=8.40 t/s 0.714s
0925 00:04:54 ds4-server: chat ctx=0..31:31 prefill chunk 7/31 (22.6%) chunk=14.72 t/s avg=8.95 t/s 0.782s
0925 00:04:54 ds4-server: chat ctx=0..31:31 prefill chunk 8/31 (25.8%) chunk=14.83 t/s avg=9.41 t/s 0.850s
0925 00:04:54 ds4-server: chat ctx=0..31:31 prefill chunk 9/31 (29.0%) chunk=13.94 t/s avg=9.77 t/s 0.922s
0925 00:04:54 ds4-server: chat ctx=0..31:31 prefill chunk 10/31 (32.3%) chunk=15.17 t/s avg=10.13 t/s 0.988s
0925 00:04:55 ds4-server: chat ctx=0..31:31 prefill chunk 11/31 (35.5%) chunk=14.16 t/s avg=10.40 t/s 1.058s
0925 00:04:55 ds4-server: chat ctx=0..31:31 prefill chunk 12/31 (38.7%) chunk=16.81 t/s avg=10.74 t/s 1.118s
0925 00:04:55 ds4-server: chat ctx=0..31:31 prefill chunk 13/31 (41.9%) chunk=14.15 t/s avg=10.94 t/s 1.188s
0925 00:04:55 ds4-server: chat ctx=0..31:31 prefill chunk 14/31 (45.2%) chunk=17.10 t/s avg=11.23 t/s 1.247s
0925 00:04:55 ds4-server: chat ctx=0..31:31 prefill chunk 15/31 (48.4%) chunk=18.00 t/s avg=11.52 t/s 1.302s
0925 00:04:55 ds4-server: chat ctx=0..31:31 prefill chunk 16/31 (51.6%) chunk=14.64 t/s avg=11.67 t/s 1.371s
0925 00:04:55 ds4-server: chat ctx=0..31:31 prefill chunk 17/31 (54.8%) chunk=15.92 t/s avg=11.86 t/s 1.433s
0925 00:04:55 ds4-server: chat ctx=0..31:31 prefill chunk 18/31 (58.1%) chunk=14.35 t/s avg=11.97 t/s 1.503s
0925 00:04:55 ds4-server: chat ctx=0..31:31 prefill chunk 19/31 (61.3%) chunk=16.77 t/s avg=12.16 t/s 1.563s
0925 00:04:55 ds4-server: chat ctx=0..31:31 prefill chunk 20/31 (64.5%) chunk=17.22 t/s avg=12.34 t/s 1.621s
0925 00:04:55 ds4-server: chat ctx=0..31:31 prefill chunk 21/31 (67.7%) chunk=18.30 t/s avg=12.53 t/s 1.675s
0925 00:04:55 ds4-server: chat ctx=0..31:31 prefill chunk 22/31 (71.0%) chunk=18.43 t/s avg=12.72 t/s 1.730s
0925 00:04:55 ds4-server: chat ctx=0..31:31 prefill chunk 23/31 (74.2%) chunk=18.02 t/s avg=12.88 t/s 1.785s
0925 00:04:55 ds4-server: chat ctx=0..31:31 prefill chunk 24/31 (77.4%) chunk=15.58 t/s avg=12.98 t/s 1.849s
0925 00:04:55 ds4-server: chat ctx=0..31:31 prefill chunk 25/31 (80.6%) chunk=19.07 t/s avg=13.14 t/s 1.902s
0925 00:04:55 ds4-server: chat ctx=0..31:31 prefill chunk 26/31 (83.9%) chunk=20.43 t/s avg=13.33 t/s 1.951s
0925 00:04:55 ds4-server: chat ctx=0..31:31 prefill chunk 27/31 (87.1%) chunk=17.69 t/s avg=13.45 t/s 2.007s
0925 00:04:56 ds4-server: chat ctx=0..31:31 prefill chunk 28/31 (90.3%) chunk=16.36 t/s avg=13.54 t/s 2.068s
0925 00:04:56 ds4-server: chat ctx=0..31:31 prefill chunk 29/31 (93.5%) chunk=15.71 t/s avg=13.60 t/s 2.132s
0925 00:04:56 ds4-server: chat ctx=0..31:31 prefill chunk 30/31 (96.8%) chunk=17.00 t/s avg=13.69 t/s 2.191s
0925 00:04:56 ds4-server: chat ctx=0..31:31 prefill chunk 31/31 (100.0%) chunk=18.93 t/s avg=13.82 t/s 2.244s
0925 00:04:56 ds4-server: chat ctx=0..31:31 prompt done 2.245s
ds4: V4.1 block-local KV delta, 4 rows over 31 prefix keys
ds4: V4.1 batch attn_output_b hoisted out of the per-row loop (4 rows)
ds4: V4.1 moe split layer=0 rows=4 router=0.643 ms
ds4: V4.1 moe split layer=0 rows=4 shared=0.307 ms
ds4: V4.1 moe split layer=0 rows=4 routed=8.242 ms
ds4: V4.1 moe split layer=1 rows=4 router=0.283 ms
ds4: V4.1 moe split layer=1 rows=4 shared=0.267 ms
ds4: V4.1 moe split layer=1 rows=4 routed=0.875 ms
ds4: V4.1 block attention by level, 4 rows, concurrent section open
ds4: V4.1 moe split layer=2 rows=4 router=0.283 ms
ds4: V4.1 moe split layer=2 rows=4 shared=0.297 ms
ds4: V4.1 moe split layer=2 rows=4 routed=1.748 ms
ds4: V4.1 moe split layer=3 rows=4 router=0.272 ms
ds4: V4.1 moe split layer=3 rows=4 shared=0.292 ms
ds4: V4.1 moe split layer=3 rows=4 routed=0.986 ms
ds4: V4.1 moe split layer=4 rows=4 router=1.306 ms
ds4: V4.1 moe split layer=4 rows=4 shared=0.325 ms
ds4: V4.1 moe split layer=4 rows=4 routed=0.955 ms
ds4: V4.1 moe split layer=5 rows=4 router=0.268 ms
ds4: V4.1 moe split layer=5 rows=4 shared=0.320 ms
ds4: V4.1 moe split layer=5 rows=4 routed=0.913 ms
ds4: V4.1 moe split layer=6 rows=4 router=0.262 ms
ds4: V4.1 moe split layer=6 rows=4 shared=0.278 ms
ds4: V4.1 moe split layer=6 rows=4 routed=0.826 ms
ds4: V4.1 moe split layer=7 rows=4 router=0.282 ms
ds4: V4.1 moe split layer=7 rows=4 shared=0.290 ms
ds4: V4.1 moe split layer=7 rows=4 routed=0.853 ms
ds4: V4.1 moe split layer=8 rows=4 router=0.267 ms
ds4: V4.1 moe split layer=8 rows=4 shared=0.292 ms
ds4: V4.1 moe split layer=8 rows=4 routed=0.828 ms
ds4: V4.1 moe split layer=9 rows=4 router=0.300 ms
ds4: V4.1 moe split layer=9 rows=4 shared=0.253 ms
ds4: V4.1 moe split layer=9 rows=4 routed=0.934 ms
ds4: V4.1 moe split layer=10 rows=4 router=0.286 ms
ds4: V4.1 moe split layer=10 rows=4 shared=0.307 ms
ds4: V4.1 moe split layer=10 rows=4 routed=0.882 ms
ds4: V4.1 moe split layer=11 rows=4 router=0.269 ms
ds4: V4.1 moe split layer=11 rows=4 shared=0.285 ms
ds4: V4.1 moe split layer=11 rows=4 routed=0.909 ms
ds4: V4.1 moe split layer=12 rows=4 router=0.237 ms
ds4: V4.1 moe split layer=12 rows=4 shared=0.276 ms
ds4: V4.1 moe split layer=12 rows=4 routed=0.857 ms
ds4: V4.1 moe split layer=13 rows=4 router=0.231 ms
ds4: V4.1 moe split layer=13 rows=4 shared=0.292 ms
ds4: V4.1 moe split layer=13 rows=4 routed=0.891 ms
ds4: V4.1 moe split layer=14 rows=4 router=0.217 ms
ds4: V4.1 moe split layer=14 rows=4 shared=0.309 ms
ds4: V4.1 moe split layer=14 rows=4 routed=0.910 ms
ds4: V4.1 moe split layer=15 rows=4 router=0.222 ms
ds4: V4.1 moe split layer=15 rows=4 shared=0.281 ms
ds4: V4.1 moe split layer=15 rows=4 routed=0.871 ms
ds4: V4.1 moe split layer=16 rows=4 router=0.228 ms
ds4: V4.1 moe split layer=16 rows=4 shared=0.299 ms
ds4: V4.1 moe split layer=16 rows=4 routed=0.990 ms
ds4: V4.1 moe split layer=17 rows=4 router=0.262 ms
ds4: V4.1 moe split layer=17 rows=4 shared=0.349 ms
ds4: V4.1 moe split layer=17 rows=4 routed=0.836 ms
ds4: V4.1 moe split layer=18 rows=4 router=0.224 ms
ds4: V4.1 moe split layer=18 rows=4 shared=0.262 ms
ds4: V4.1 moe split layer=18 rows=4 routed=0.823 ms
ds4: V4.1 moe split layer=19 rows=4 router=0.274 ms
ds4: V4.1 moe split layer=19 rows=4 shared=0.304 ms
ds4: V4.1 moe split layer=19 rows=4 routed=0.886 ms
ds4: V4.1 moe split layer=20 rows=4 router=0.270 ms
ds4: V4.1 moe split layer=20 rows=4 shared=0.286 ms
ds4: V4.1 moe split layer=20 rows=4 routed=0.922 ms
ds4: V4.1 moe split layer=21 rows=4 router=0.390 ms
ds4: V4.1 moe split layer=21 rows=4 shared=0.301 ms
ds4: V4.1 moe split layer=21 rows=4 routed=0.894 ms
ds4: V4.1 moe split layer=22 rows=4 router=0.272 ms
ds4: V4.1 moe split layer=22 rows=4 shared=0.265 ms
ds4: V4.1 moe split layer=22 rows=4 routed=0.875 ms
ds4: V4.1 moe split layer=23 rows=4 router=0.292 ms
ds4: V4.1 moe split layer=23 rows=4 shared=0.293 ms
ds4: V4.1 moe split layer=23 rows=4 routed=0.935 ms
ds4: V4.1 moe split layer=24 rows=4 router=0.302 ms
ds4: V4.1 moe split layer=24 rows=4 shared=0.287 ms
ds4: V4.1 moe split layer=24 rows=4 routed=0.915 ms
ds4: V4.1 moe split layer=25 rows=4 router=0.284 ms
ds4: V4.1 moe split layer=25 rows=4 shared=0.266 ms
ds4: V4.1 moe split layer=25 rows=4 routed=0.935 ms
ds4: V4.1 moe split layer=26 rows=4 router=0.268 ms
ds4: V4.1 moe split layer=26 rows=4 shared=0.297 ms
ds4: V4.1 moe split layer=26 rows=4 routed=0.893 ms
ds4: V4.1 moe split layer=27 rows=4 router=0.273 ms
ds4: V4.1 moe split layer=27 rows=4 shared=0.295 ms
ds4: V4.1 moe split layer=27 rows=4 routed=0.858 ms
ds4: V4.1 moe split layer=28 rows=4 router=0.210 ms
ds4: V4.1 moe split layer=28 rows=4 shared=0.257 ms
ds4: V4.1 moe split layer=28 rows=4 routed=0.892 ms
ds4: V4.1 moe split layer=29 rows=4 router=0.249 ms
ds4: V4.1 moe split layer=29 rows=4 shared=0.298 ms
ds4: V4.1 moe split layer=29 rows=4 routed=0.913 ms
ds4: V4.1 moe split layer=30 rows=4 router=0.248 ms
ds4: V4.1 moe split layer=30 rows=4 shared=0.251 ms
ds4: V4.1 moe split layer=30 rows=4 routed=0.944 ms
ds4: V4.1 moe split layer=31 rows=4 router=0.262 ms
ds4: V4.1 moe split layer=31 rows=4 shared=0.264 ms
ds4: V4.1 moe split layer=31 rows=4 routed=0.890 ms
ds4: V4.1 moe split layer=32 rows=4 router=0.293 ms
ds4: V4.1 moe split layer=32 rows=4 shared=0.303 ms
ds4: V4.1 moe split layer=32 rows=4 routed=0.922 ms
ds4: V4.1 moe split layer=33 rows=4 router=0.267 ms
ds4: V4.1 moe split layer=33 rows=4 shared=0.302 ms
ds4: V4.1 moe split layer=33 rows=4 routed=0.875 ms
ds4: V4.1 moe split layer=34 rows=4 router=0.221 ms
ds4: V4.1 moe split layer=34 rows=4 shared=0.330 ms
ds4: V4.1 moe split layer=34 rows=4 routed=0.982 ms
ds4: V4.1 moe split layer=35 rows=4 router=0.296 ms
ds4: V4.1 moe split layer=35 rows=4 shared=0.299 ms
ds4: V4.1 moe split layer=35 rows=4 routed=0.976 ms
ds4: V4.1 moe split layer=36 rows=4 router=0.250 ms
ds4: V4.1 moe split layer=36 rows=4 shared=0.303 ms
ds4: V4.1 moe split layer=36 rows=4 routed=1.042 ms
ds4: V4.1 moe split layer=37 rows=4 router=0.300 ms
ds4: V4.1 moe split layer=37 rows=4 shared=0.280 ms
ds4: V4.1 moe split layer=37 rows=4 routed=0.912 ms
ds4: V4.1 moe split layer=38 rows=4 router=0.268 ms
ds4: V4.1 moe split layer=38 rows=4 shared=0.298 ms
ds4: V4.1 moe split layer=38 rows=4 routed=0.895 ms
ds4: V4.1 moe split layer=39 rows=4 router=0.273 ms
ds4: V4.1 moe split layer=39 rows=4 shared=0.295 ms
ds4: V4.1 moe split layer=39 rows=4 routed=0.961 ms
ds4: V4.1 batch step rows=4 pre 0.0 ms, per-row attention 0.0 ms, moe 0.0 ms, head 0.0 ms, setup 0.0 ms, publish 0.0 ms
ds4: V4.1 moe split layer=0 rows=4 router=0.299 ms
ds4: V4.1 moe split layer=0 rows=4 shared=0.292 ms
ds4: V4.1 moe split layer=0 rows=4 routed=1.073 ms
ds4: V4.1 moe split layer=1 rows=4 router=0.207 ms
ds4: V4.1 moe split layer=1 rows=4 shared=0.265 ms
ds4: V4.1 moe split layer=1 rows=4 routed=0.949 ms
ds4: V4.1 moe split layer=2 rows=4 router=0.258 ms
ds4: V4.1 moe split layer=2 rows=4 shared=0.300 ms
ds4: V4.1 moe split layer=2 rows=4 routed=0.951 ms
ds4: V4.1 moe split layer=3 rows=4 router=0.268 ms
ds4: V4.1 moe split layer=3 rows=4 shared=0.284 ms
ds4: V4.1 moe split layer=3 rows=4 routed=0.913 ms
ds4: V4.1 moe split layer=4 rows=4 router=0.243 ms
ds4: V4.1 moe split layer=4 rows=4 shared=0.307 ms
ds4: V4.1 moe split layer=4 rows=4 routed=1.127 ms
ds4: V4.1 moe split layer=5 rows=4 router=0.246 ms
ds4: V4.1 moe split layer=5 rows=4 shared=0.292 ms
ds4: V4.1 moe split layer=5 rows=4 routed=0.982 ms
ds4: V4.1 moe split layer=6 rows=4 router=0.233 ms
ds4: V4.1 moe split layer=6 rows=4 shared=0.277 ms
ds4: V4.1 moe split layer=6 rows=4 routed=1.034 ms
ds4: V4.1 moe split layer=7 rows=4 router=0.264 ms
ds4: V4.1 moe split layer=7 rows=4 shared=0.348 ms
ds4: V4.1 moe split layer=7 rows=4 routed=0.957 ms
ds4: V4.1 moe split layer=8 rows=4 router=0.274 ms
ds4: V4.1 moe split layer=8 rows=4 shared=0.282 ms
ds4: V4.1 moe split layer=8 rows=4 routed=0.995 ms
ds4: V4.1 moe split layer=9 rows=4 router=0.241 ms
ds4: V4.1 moe split layer=9 rows=4 shared=0.316 ms
ds4: V4.1 moe split layer=9 rows=4 routed=0.922 ms
ds4: V4.1 moe split layer=10 rows=4 router=0.211 ms
ds4: V4.1 moe split layer=10 rows=4 shared=0.274 ms
ds4: V4.1 moe split layer=10 rows=4 routed=0.906 ms
ds4: V4.1 moe split layer=11 rows=4 router=0.264 ms
ds4: V4.1 moe split layer=11 rows=4 shared=0.313 ms
ds4: V4.1 moe split layer=11 rows=4 routed=0.980 ms
ds4: V4.1 moe split layer=12 rows=4 router=0.279 ms
ds4: V4.1 moe split layer=12 rows=4 shared=0.259 ms
ds4: V4.1 moe split layer=12 rows=4 routed=0.935 ms
ds4: V4.1 moe split layer=13 rows=4 router=0.233 ms
ds4: V4.1 moe split layer=13 rows=4 shared=0.256 ms
ds4: V4.1 moe split layer=13 rows=4 routed=0.919 ms
ds4: V4.1 moe split layer=14 rows=4 router=0.235 ms
ds4: V4.1 moe split layer=14 rows=4 shared=0.282 ms
ds4: V4.1 moe split layer=14 rows=4 routed=0.936 ms
ds4: V4.1 moe split layer=15 rows=4 router=0.199 ms
ds4: V4.1 moe split layer=15 rows=4 shared=0.294 ms
ds4: V4.1 moe split layer=15 rows=4 routed=0.913 ms
ds4: V4.1 moe split layer=16 rows=4 router=0.257 ms
ds4: V4.1 moe split layer=16 rows=4 shared=0.282 ms
ds4: V4.1 moe split layer=16 rows=4 routed=0.950 ms
ds4: V4.1 moe split layer=17 rows=4 router=0.219 ms
ds4: V4.1 moe split layer=17 rows=4 shared=0.285 ms
ds4: V4.1 moe split layer=17 rows=4 routed=0.962 ms
ds4: V4.1 moe split layer=18 rows=4 router=0.231 ms
ds4: V4.1 moe split layer=18 rows=4 shared=0.337 ms
ds4: V4.1 moe split layer=18 rows=4 routed=0.979 ms
ds4: V4.1 moe split layer=19 rows=4 router=0.221 ms
ds4: V4.1 moe split layer=19 rows=4 shared=0.315 ms
ds4: V4.1 moe split layer=19 rows=4 routed=0.899 ms
ds4: V4.1 moe split layer=20 rows=4 router=0.243 ms
ds4: V4.1 moe split layer=20 rows=4 shared=0.288 ms
ds4: V4.1 moe split layer=20 rows=4 routed=0.960 ms
ds4: V4.1 moe split layer=21 rows=4 router=0.230 ms
ds4: V4.1 moe split layer=21 rows=4 shared=0.275 ms
ds4: V4.1 moe split layer=21 rows=4 routed=0.898 ms
ds4: V4.1 moe split layer=22 rows=4 router=0.241 ms
ds4: V4.1 moe split layer=22 rows=4 shared=0.280 ms
ds4: V4.1 moe split layer=22 rows=4 routed=0.912 ms
ds4: V4.1 moe split layer=23 rows=4 router=0.304 ms
ds4: V4.1 moe split layer=23 rows=4 shared=0.240 ms
ds4: V4.1 moe split layer=23 rows=4 routed=0.805 ms
ds4: V4.1 moe split layer=24 rows=4 router=0.249 ms
ds4: V4.1 moe split layer=24 rows=4 shared=0.285 ms
ds4: V4.1 moe split layer=24 rows=4 routed=0.801 ms
ds4: V4.1 moe split layer=25 rows=4 router=0.252 ms
ds4: V4.1 moe split layer=25 rows=4 shared=0.292 ms
ds4: V4.1 moe split layer=25 rows=4 routed=0.804 ms
ds4: V4.1 moe split layer=26 rows=4 router=0.245 ms
ds4: V4.1 moe split layer=26 rows=4 shared=0.270 ms
ds4: V4.1 moe split layer=26 rows=4 routed=0.806 ms
ds4: V4.1 moe split layer=27 rows=4 router=0.306 ms
ds4: V4.1 moe split layer=27 rows=4 shared=0.262 ms
ds4: V4.1 moe split layer=27 rows=4 routed=0.794 ms
ds4: V4.1 moe split layer=28 rows=4 router=0.213 ms
ds4: V4.1 moe split layer=28 rows=4 shared=0.307 ms
ds4: V4.1 moe split layer=28 rows=4 routed=0.907 ms
ds4: V4.1 moe split layer=29 rows=4 router=0.229 ms
ds4: V4.1 moe split layer=29 rows=4 shared=0.266 ms
ds4: V4.1 moe split layer=29 rows=4 routed=0.875 ms
ds4: V4.1 moe split layer=30 rows=4 router=0.431 ms
ds4: V4.1 moe split layer=30 rows=4 shared=0.298 ms
ds4: V4.1 moe split layer=30 rows=4 routed=0.746 ms
ds4: V4.1 moe split layer=31 rows=4 router=0.249 ms
ds4: V4.1 moe split layer=31 rows=4 shared=0.248 ms
ds4: V4.1 moe split layer=31 rows=4 routed=0.866 ms
ds4: V4.1 moe split layer=32 rows=4 router=0.227 ms
ds4: V4.1 moe split layer=32 rows=4 shared=0.262 ms
ds4: V4.1 moe split layer=32 rows=4 routed=0.809 ms
ds4: V4.1 moe split layer=33 rows=4 router=0.222 ms
ds4: V4.1 moe split layer=33 rows=4 shared=0.263 ms
ds4: V4.1 moe split layer=33 rows=4 routed=0.904 ms
ds4: V4.1 moe split layer=34 rows=4 router=0.325 ms
ds4: V4.1 moe split layer=34 rows=4 shared=0.239 ms
ds4: V4.1 moe split layer=34 rows=4 routed=0.802 ms
ds4: V4.1 moe split layer=35 rows=4 router=0.264 ms
ds4: V4.1 moe split layer=35 rows=4 shared=0.304 ms
ds4: V4.1 moe split layer=35 rows=4 routed=0.770 ms
ds4: V4.1 moe split layer=36 rows=4 router=0.264 ms
ds4: V4.1 moe split layer=36 rows=4 shared=0.285 ms
ds4: V4.1 moe split layer=36 rows=4 routed=0.843 ms
ds4: V4.1 moe split layer=37 rows=4 router=0.355 ms
ds4: V4.1 moe split layer=37 rows=4 shared=0.280 ms
ds4: V4.1 moe split layer=37 rows=4 routed=0.900 ms
ds4: V4.1 moe split layer=38 rows=4 router=0.275 ms
ds4: V4.1 moe split layer=38 rows=4 shared=0.285 ms
ds4: V4.1 moe split layer=38 rows=4 routed=0.802 ms
ds4: V4.1 moe split layer=39 rows=4 router=0.232 ms
ds4: V4.1 moe split layer=39 rows=4 shared=0.292 ms
ds4: V4.1 moe split layer=39 rows=4 routed=0.802 ms
ds4: V4.1 batch step rows=4 pre 0.0 ms, per-row attention 0.0 ms, moe 0.0 ms, head 0.0 ms, setup 0.0 ms, publish 0.0 ms
ds4: V4.1 moe split layer=0 rows=4 router=0.294 ms
ds4: V4.1 moe split layer=0 rows=4 shared=0.292 ms
ds4: V4.1 moe split layer=0 rows=4 routed=0.800 ms
ds4: V4.1 moe split layer=1 rows=4 router=0.233 ms
ds4: V4.1 moe split layer=1 rows=4 shared=0.254 ms
ds4: V4.1 moe split layer=1 rows=4 routed=0.792 ms
ds4: V4.1 moe split layer=2 rows=4 router=0.223 ms
ds4: V4.1 moe split layer=2 rows=4 shared=0.238 ms
ds4: V4.1 moe split layer=2 rows=4 routed=0.849 ms
ds4: V4.1 moe split layer=3 rows=4 router=0.252 ms
ds4: V4.1 moe split layer=3 rows=4 shared=0.259 ms
ds4: V4.1 moe split layer=3 rows=4 routed=0.774 ms
ds4: V4.1 moe split layer=4 rows=4 router=0.286 ms
ds4: V4.1 moe split layer=4 rows=4 shared=0.275 ms
ds4: V4.1 moe split layer=4 rows=4 routed=0.792 ms
ds4: V4.1 moe split layer=5 rows=4 router=0.249 ms
ds4: V4.1 moe split layer=5 rows=4 shared=0.273 ms
ds4: V4.1 moe split layer=5 rows=4 routed=0.768 ms
ds4: V4.1 moe split layer=6 rows=4 router=0.283 ms
ds4: V4.1 moe split layer=6 rows=4 shared=0.270 ms
ds4: V4.1 moe split layer=6 rows=4 routed=0.784 ms
ds4: V4.1 moe split layer=7 rows=4 router=0.214 ms
ds4: V4.1 moe split layer=7 rows=4 shared=0.260 ms
ds4: V4.1 moe split layer=7 rows=4 routed=0.765 ms
ds4: V4.1 moe split layer=8 rows=4 router=0.254 ms
ds4: V4.1 moe split layer=8 rows=4 shared=0.265 ms
ds4: V4.1 moe split layer=8 rows=4 routed=0.782 ms
ds4: V4.1 moe split layer=9 rows=4 router=0.248 ms
ds4: V4.1 moe split layer=9 rows=4 shared=0.293 ms
ds4: V4.1 moe split layer=9 rows=4 routed=0.814 ms
ds4: V4.1 moe split layer=10 rows=4 router=0.260 ms
ds4: V4.1 moe split layer=10 rows=4 shared=0.281 ms
ds4: V4.1 moe split layer=10 rows=4 routed=0.807 ms
ds4: V4.1 moe split layer=11 rows=4 router=0.247 ms
ds4: V4.1 moe split layer=11 rows=4 shared=0.258 ms
ds4: V4.1 moe split layer=11 rows=4 routed=0.763 ms
ds4: V4.1 moe split layer=12 rows=4 router=0.295 ms
ds4: V4.1 moe split layer=12 rows=4 shared=0.276 ms
ds4: V4.1 moe split layer=12 rows=4 routed=0.775 ms
ds4: V4.1 moe split layer=13 rows=4 router=0.294 ms
ds4: V4.1 moe split layer=13 rows=4 shared=0.278 ms
ds4: V4.1 moe split layer=13 rows=4 routed=0.893 ms
ds4: V4.1 moe split layer=14 rows=4 router=0.266 ms
ds4: V4.1 moe split layer=14 rows=4 shared=0.285 ms
ds4: V4.1 moe split layer=14 rows=4 routed=0.847 ms
ds4: V4.1 moe split layer=15 rows=4 router=0.257 ms
ds4: V4.1 moe split layer=15 rows=4 shared=0.258 ms
ds4: V4.1 moe split layer=15 rows=4 routed=0.802 ms
ds4: V4.1 moe split layer=16 rows=4 router=0.281 ms
ds4: V4.1 moe split layer=16 rows=4 shared=0.263 ms
ds4: V4.1 moe split layer=16 rows=4 routed=0.801 ms
ds4: V4.1 moe split layer=17 rows=4 router=0.285 ms
ds4: V4.1 moe split layer=17 rows=4 shared=0.309 ms
ds4: V4.1 moe split layer=17 rows=4 routed=0.866 ms
ds4: V4.1 moe split layer=18 rows=4 router=0.290 ms
ds4: V4.1 moe split layer=18 rows=4 shared=0.292 ms
ds4: V4.1 moe split layer=18 rows=4 routed=0.841 ms
ds4: V4.1 moe split layer=19 rows=4 router=0.262 ms
ds4: V4.1 moe split layer=19 rows=4 shared=0.307 ms
ds4: V4.1 moe split layer=19 rows=4 routed=0.907 ms
ds4: V4.1 moe split layer=20 rows=4 router=0.264 ms
ds4: V4.1 moe split layer=20 rows=4 shared=0.259 ms
ds4: V4.1 moe split layer=20 rows=4 routed=0.790 ms
ds4: V4.1 moe split layer=21 rows=4 router=0.257 ms
ds4: V4.1 moe split layer=21 rows=4 shared=0.286 ms
ds4: V4.1 moe split layer=21 rows=4 routed=0.751 ms
ds4: V4.1 moe split layer=22 rows=4 router=0.264 ms
ds4: V4.1 moe split layer=22 rows=4 shared=0.280 ms
ds4: V4.1 moe split layer=22 rows=4 routed=0.760 ms
ds4: V4.1 moe split layer=23 rows=4 router=0.262 ms
ds4: V4.1 moe split layer=23 rows=4 shared=0.257 ms
ds4: V4.1 moe split layer=23 rows=4 routed=0.897 ms
ds4: V4.1 moe split layer=24 rows=4 router=0.284 ms
ds4: V4.1 moe split layer=24 rows=4 shared=0.263 ms
ds4: V4.1 moe split layer=24 rows=4 routed=0.784 ms
ds4: V4.1 moe split layer=25 rows=4 router=0.292 ms
ds4: V4.1 moe split layer=25 rows=4 shared=0.281 ms
ds4: V4.1 moe split layer=25 rows=4 routed=0.776 ms
ds4: V4.1 moe split layer=26 rows=4 router=0.257 ms
ds4: V4.1 moe split layer=26 rows=4 shared=0.268 ms
ds4: V4.1 moe split layer=26 rows=4 routed=0.764 ms
ds4: V4.1 moe split layer=27 rows=4 router=0.254 ms
ds4: V4.1 moe split layer=27 rows=4 shared=0.245 ms
ds4: V4.1 moe split layer=27 rows=4 routed=0.790 ms
ds4: V4.1 moe split layer=28 rows=4 router=0.255 ms
ds4: V4.1 moe split layer=28 rows=4 shared=0.250 ms
ds4: V4.1 moe split layer=28 rows=4 routed=0.835 ms
ds4: V4.1 moe split layer=29 rows=4 router=0.305 ms
ds4: V4.1 moe split layer=29 rows=4 shared=0.292 ms
ds4: V4.1 moe split layer=29 rows=4 routed=0.904 ms
ds4: V4.1 moe split layer=30 rows=4 router=0.254 ms
ds4: V4.1 moe split layer=30 rows=4 shared=0.286 ms
ds4: V4.1 moe split layer=30 rows=4 routed=0.780 ms
ds4: V4.1 moe split layer=31 rows=4 router=0.230 ms
ds4: V4.1 moe split layer=31 rows=4 shared=0.262 ms
ds4: V4.1 moe split layer=31 rows=4 routed=0.783 ms
ds4: V4.1 moe split layer=32 rows=4 router=0.258 ms
ds4: V4.1 moe split layer=32 rows=4 shared=0.279 ms
ds4: V4.1 moe split layer=32 rows=4 routed=0.770 ms
ds4: V4.1 moe split layer=33 rows=4 router=0.257 ms
ds4: V4.1 moe split layer=33 rows=4 shared=0.252 ms
ds4: V4.1 moe split layer=33 rows=4 routed=0.937 ms
ds4: V4.1 moe split layer=34 rows=4 router=0.281 ms
ds4: V4.1 moe split layer=34 rows=4 shared=0.284 ms
ds4: V4.1 moe split layer=34 rows=4 routed=0.893 ms
ds4: V4.1 moe split layer=35 rows=4 router=0.250 ms
ds4: V4.1 moe split layer=35 rows=4 shared=0.253 ms
ds4: V4.1 moe split layer=35 rows=4 routed=0.774 ms
ds4: V4.1 moe split layer=36 rows=4 router=0.268 ms
ds4: V4.1 moe split layer=36 rows=4 shared=0.282 ms
ds4: V4.1 moe split layer=36 rows=4 routed=0.776 ms
ds4: V4.1 moe split layer=37 rows=4 router=0.256 ms
ds4: V4.1 moe split layer=37 rows=4 shared=0.290 ms
ds4: V4.1 moe split layer=37 rows=4 routed=0.849 ms
ds4: V4.1 moe split layer=38 rows=4 router=0.251 ms
ds4: V4.1 moe split layer=38 rows=4 shared=0.256 ms
ds4: V4.1 moe split layer=38 rows=4 routed=0.844 ms
ds4: V4.1 moe split layer=39 rows=4 router=0.258 ms
ds4: V4.1 moe split layer=39 rows=4 shared=0.281 ms
ds4: V4.1 moe split layer=39 rows=4 routed=0.784 ms
ds4: V4.1 batch step rows=4 pre 0.0 ms, per-row attention 0.0 ms, moe 0.0 ms, head 0.0 ms, setup 0.0 ms, publish 0.0 ms
ds4: V4.1 moe split layer=0 rows=4 router=0.275 ms
ds4: V4.1 moe split layer=0 rows=4 shared=0.284 ms
ds4: V4.1 moe split layer=0 rows=4 routed=0.850 ms
ds4: V4.1 moe split layer=1 rows=4 router=0.274 ms
ds4: V4.1 moe split layer=1 rows=4 shared=0.260 ms
ds4: V4.1 moe split layer=1 rows=4 routed=0.805 ms
ds4: V4.1 moe split layer=2 rows=4 router=0.264 ms
ds4: V4.1 moe split layer=2 rows=4 shared=0.273 ms
ds4: V4.1 moe split layer=2 rows=4 routed=0.804 ms
ds4: V4.1 moe split layer=3 rows=4 router=0.256 ms
ds4: V4.1 moe split layer=3 rows=4 shared=0.256 ms
ds4: V4.1 moe split layer=3 rows=4 routed=0.786 ms
ds4: V4.1 moe split layer=4 rows=4 router=0.318 ms
ds4: V4.1 moe split layer=4 rows=4 shared=0.273 ms
ds4: V4.1 moe split layer=4 rows=4 routed=0.796 ms
ds4: V4.1 moe split layer=5 rows=4 router=0.303 ms
ds4: V4.1 moe split layer=5 rows=4 shared=0.280 ms
ds4: V4.1 moe split layer=5 rows=4 routed=0.794 ms
ds4: V4.1 moe split layer=6 rows=4 router=0.268 ms
ds4: V4.1 moe split layer=6 rows=4 shared=0.249 ms
ds4: V4.1 moe split layer=6 rows=4 routed=0.840 ms
ds4: V4.1 moe split layer=7 rows=4 router=0.243 ms
ds4: V4.1 moe split layer=7 rows=4 shared=0.264 ms
ds4: V4.1 moe split layer=7 rows=4 routed=0.850 ms
ds4: V4.1 moe split layer=8 rows=4 router=0.257 ms
ds4: V4.1 moe split layer=8 rows=4 shared=0.279 ms
ds4: V4.1 moe split layer=8 rows=4 routed=0.809 ms
ds4: V4.1 moe split layer=9 rows=4 router=0.202 ms
ds4: V4.1 moe split layer=9 rows=4 shared=0.298 ms
ds4: V4.1 moe split layer=9 rows=4 routed=0.823 ms
ds4: V4.1 moe split layer=10 rows=4 router=0.259 ms
ds4: V4.1 moe split layer=10 rows=4 shared=0.263 ms
ds4: V4.1 moe split layer=10 rows=4 routed=0.791 ms
ds4: V4.1 moe split layer=11 rows=4 router=0.297 ms
ds4: V4.1 moe split layer=11 rows=4 shared=0.305 ms
ds4: V4.1 moe split layer=11 rows=4 routed=0.758 ms
ds4: V4.1 moe split layer=12 rows=4 router=0.230 ms
ds4: V4.1 moe split layer=12 rows=4 shared=0.256 ms
ds4: V4.1 moe split layer=12 rows=4 routed=0.790 ms
ds4: V4.1 moe split layer=13 rows=4 router=0.278 ms
ds4: V4.1 moe split layer=13 rows=4 shared=0.271 ms
ds4: V4.1 moe split layer=13 rows=4 routed=0.784 ms
ds4: V4.1 moe split layer=14 rows=4 router=0.221 ms
ds4: V4.1 moe split layer=14 rows=4 shared=0.261 ms
ds4: V4.1 moe split layer=14 rows=4 routed=0.784 ms
ds4: V4.1 moe split layer=15 rows=4 router=0.265 ms
ds4: V4.1 moe split layer=15 rows=4 shared=0.260 ms
ds4: V4.1 moe split layer=15 rows=4 routed=0.842 ms
ds4: V4.1 moe split layer=16 rows=4 router=0.269 ms
ds4: V4.1 moe split layer=16 rows=4 shared=0.254 ms
ds4: V4.1 moe split layer=16 rows=4 routed=0.791 ms
ds4: V4.1 moe split layer=17 rows=4 router=0.230 ms
ds4: V4.1 moe split layer=17 rows=4 shared=0.262 ms
ds4: V4.1 moe split layer=17 rows=4 routed=0.796 ms
ds4: V4.1 moe split layer=18 rows=4 router=0.268 ms
ds4: V4.1 moe split layer=18 rows=4 shared=0.261 ms
ds4: V4.1 moe split layer=18 rows=4 routed=0.762 ms
ds4: V4.1 moe split layer=19 rows=4 router=0.259 ms
ds4: V4.1 moe split layer=19 rows=4 shared=0.253 ms
ds4: V4.1 moe split layer=19 rows=4 routed=0.758 ms
ds4: V4.1 moe split layer=20 rows=4 router=0.238 ms
ds4: V4.1 moe split layer=20 rows=4 shared=0.263 ms
ds4: V4.1 moe split layer=20 rows=4 routed=0.786 ms
ds4: V4.1 moe split layer=21 rows=4 router=0.255 ms
ds4: V4.1 moe split layer=21 rows=4 shared=0.251 ms
ds4: V4.1 moe split layer=21 rows=4 routed=0.773 ms
ds4: V4.1 moe split layer=22 rows=4 router=0.257 ms
ds4: V4.1 moe split layer=22 rows=4 shared=0.255 ms
ds4: V4.1 moe split layer=22 rows=4 routed=0.813 ms
ds4: V4.1 moe split layer=23 rows=4 router=0.273 ms
ds4: V4.1 moe split layer=23 rows=4 shared=0.259 ms
ds4: V4.1 moe split layer=23 rows=4 routed=0.871 ms
ds4: V4.1 moe split layer=24 rows=4 router=0.254 ms
ds4: V4.1 moe split layer=24 rows=4 shared=0.288 ms
ds4: V4.1 moe split layer=24 rows=4 routed=0.800 ms
ds4: V4.1 moe split layer=25 rows=4 router=0.220 ms
ds4: V4.1 moe split layer=25 rows=4 shared=0.260 ms
ds4: V4.1 moe split layer=25 rows=4 routed=0.817 ms
ds4: V4.1 moe split layer=26 rows=4 router=0.205 ms
ds4: V4.1 moe split layer=26 rows=4 shared=0.258 ms
ds4: V4.1 moe split layer=26 rows=4 routed=0.850 ms
ds4: V4.1 moe split layer=27 rows=4 router=0.284 ms
ds4: V4.1 moe split layer=27 rows=4 shared=0.277 ms
ds4: V4.1 moe split layer=27 rows=4 routed=0.791 ms
ds4: V4.1 moe split layer=28 rows=4 router=0.265 ms
ds4: V4.1 moe split layer=28 rows=4 shared=0.285 ms
ds4: V4.1 moe split layer=28 rows=4 routed=0.855 ms
ds4: V4.1 moe split layer=29 rows=4 router=0.227 ms
ds4: V4.1 moe split layer=29 rows=4 shared=0.286 ms
ds4: V4.1 moe split layer=29 rows=4 routed=0.914 ms
ds4: V4.1 moe split layer=30 rows=4 router=0.287 ms
ds4: V4.1 moe split layer=30 rows=4 shared=0.255 ms
ds4: V4.1 moe split layer=30 rows=4 routed=0.832 ms
ds4: V4.1 moe split layer=31 rows=4 router=0.247 ms
ds4: V4.1 moe split layer=31 rows=4 shared=0.248 ms
ds4: V4.1 moe split layer=31 rows=4 routed=0.792 ms
ds4: V4.1 moe split layer=32 rows=4 router=0.249 ms
ds4: V4.1 moe split layer=32 rows=4 shared=0.258 ms
ds4: V4.1 moe split layer=32 rows=4 routed=0.782 ms
ds4: V4.1 moe split layer=33 rows=4 router=0.227 ms
ds4: V4.1 moe split layer=33 rows=4 shared=0.251 ms
ds4: V4.1 moe split layer=33 rows=4 routed=0.783 ms
ds4: V4.1 moe split layer=34 rows=4 router=0.259 ms
ds4: V4.1 moe split layer=34 rows=4 shared=0.257 ms
ds4: V4.1 moe split layer=34 rows=4 routed=0.800 ms
ds4: V4.1 moe split layer=35 rows=4 router=0.264 ms
ds4: V4.1 moe split layer=35 rows=4 shared=0.274 ms
ds4: V4.1 moe split layer=35 rows=4 routed=0.794 ms
ds4: V4.1 moe split layer=36 rows=4 router=0.262 ms
ds4: V4.1 moe split layer=36 rows=4 shared=0.251 ms
ds4: V4.1 moe split layer=36 rows=4 routed=0.822 ms
ds4: V4.1 moe split layer=37 rows=4 router=0.283 ms
ds4: V4.1 moe split layer=37 rows=4 shared=0.289 ms
ds4: V4.1 moe split layer=37 rows=4 routed=0.795 ms
ds4: V4.1 moe split layer=38 rows=4 router=0.255 ms
ds4: V4.1 moe split layer=38 rows=4 shared=0.307 ms
ds4: V4.1 moe split layer=38 rows=4 routed=0.753 ms
ds4: V4.1 moe split layer=39 rows=4 router=0.261 ms
ds4: V4.1 moe split layer=39 rows=4 shared=0.266 ms
ds4: V4.1 moe split layer=39 rows=4 routed=0.796 ms
ds4: V4.1 batch step rows=4 pre 0.0 ms, per-row attention 0.0 ms, moe 0.0 ms, head 0.0 ms, setup 0.0 ms, publish 0.0 ms
ds4: V4.1 moe split layer=0 rows=4 router=0.268 ms
ds4: V4.1 moe split layer=0 rows=4 shared=0.246 ms
ds4: V4.1 moe split layer=0 rows=4 routed=0.910 ms
ds4: V4.1 moe split layer=1 rows=4 router=0.274 ms
ds4: V4.1 moe split layer=1 rows=4 shared=0.250 ms
ds4: V4.1 moe split layer=1 rows=4 routed=0.919 ms
ds4: V4.1 moe split layer=2 rows=4 router=0.287 ms
ds4: V4.1 moe split layer=2 rows=4 shared=0.257 ms
ds4: V4.1 moe split layer=2 rows=4 routed=0.841 ms
ds4: V4.1 moe split layer=3 rows=4 router=0.311 ms
ds4: V4.1 moe split layer=3 rows=4 shared=0.256 ms
ds4: V4.1 moe split layer=3 rows=4 routed=0.851 ms
ds4: V4.1 moe split layer=4 rows=4 router=0.268 ms
ds4: V4.1 moe split layer=4 rows=4 shared=0.259 ms
ds4: V4.1 moe split layer=4 rows=4 routed=0.769 ms
ds4: V4.1 moe split layer=5 rows=4 router=0.294 ms
ds4: V4.1 moe split layer=5 rows=4 shared=0.274 ms
ds4: V4.1 moe split layer=5 rows=4 routed=0.786 ms
ds4: V4.1 moe split layer=6 rows=4 router=0.249 ms
ds4: V4.1 moe split layer=6 rows=4 shared=0.244 ms
ds4: V4.1 moe split layer=6 rows=4 routed=0.787 ms
ds4: V4.1 moe split layer=7 rows=4 router=0.261 ms
ds4: V4.1 moe split layer=7 rows=4 shared=0.281 ms
ds4: V4.1 moe split layer=7 rows=4 routed=0.755 ms
ds4: V4.1 moe split layer=8 rows=4 router=0.250 ms
ds4: V4.1 moe split layer=8 rows=4 shared=0.262 ms
ds4: V4.1 moe split layer=8 rows=4 routed=0.805 ms
ds4: V4.1 moe split layer=9 rows=4 router=0.231 ms
ds4: V4.1 moe split layer=9 rows=4 shared=0.292 ms
ds4: V4.1 moe split layer=9 rows=4 routed=0.894 ms
ds4: V4.1 moe split layer=10 rows=4 router=0.263 ms
ds4: V4.1 moe split layer=10 rows=4 shared=0.260 ms
ds4: V4.1 moe split layer=10 rows=4 routed=0.789 ms
ds4: V4.1 moe split layer=11 rows=4 router=0.269 ms
ds4: V4.1 moe split layer=11 rows=4 shared=0.302 ms
ds4: V4.1 moe split layer=11 rows=4 routed=0.817 ms
ds4: V4.1 moe split layer=12 rows=4 router=0.264 ms
ds4: V4.1 moe split layer=12 rows=4 shared=0.278 ms
ds4: V4.1 moe split layer=12 rows=4 routed=0.787 ms
ds4: V4.1 moe split layer=13 rows=4 router=0.304 ms
ds4: V4.1 moe split layer=13 rows=4 shared=0.283 ms
ds4: V4.1 moe split layer=13 rows=4 routed=0.789 ms
ds4: V4.1 moe split layer=14 rows=4 router=0.293 ms
ds4: V4.1 moe split layer=14 rows=4 shared=0.274 ms
ds4: V4.1 moe split layer=14 rows=4 routed=0.888 ms
ds4: V4.1 moe split layer=15 rows=4 router=0.288 ms
ds4: V4.1 moe split layer=15 rows=4 shared=0.253 ms
ds4: V4.1 moe split layer=15 rows=4 routed=0.884 ms
ds4: V4.1 moe split layer=16 rows=4 router=0.290 ms
ds4: V4.1 moe split layer=16 rows=4 shared=0.250 ms
ds4: V4.1 moe split layer=16 rows=4 routed=0.790 ms
ds4: V4.1 moe split layer=17 rows=4 router=0.260 ms
ds4: V4.1 moe split layer=17 rows=4 shared=0.278 ms
ds4: V4.1 moe split layer=17 rows=4 routed=0.783 ms
ds4: V4.1 moe split layer=18 rows=4 router=0.217 ms
ds4: V4.1 moe split layer=18 rows=4 shared=0.273 ms
ds4: V4.1 moe split layer=18 rows=4 routed=0.748 ms
ds4: V4.1 moe split layer=19 rows=4 router=0.266 ms
ds4: V4.1 moe split layer=19 rows=4 shared=0.284 ms
ds4: V4.1 moe split layer=19 rows=4 routed=0.770 ms
ds4: V4.1 moe split layer=20 rows=4 router=0.242 ms
ds4: V4.1 moe split layer=20 rows=4 shared=0.269 ms
ds4: V4.1 moe split layer=20 rows=4 routed=0.779 ms
ds4: V4.1 moe split layer=21 rows=4 router=0.254 ms
ds4: V4.1 moe split layer=21 rows=4 shared=0.290 ms
ds4: V4.1 moe split layer=21 rows=4 routed=0.772 ms
ds4: V4.1 moe split layer=22 rows=4 router=0.263 ms
ds4: V4.1 moe split layer=22 rows=4 shared=0.330 ms
ds4: V4.1 moe split layer=22 rows=4 routed=0.912 ms
ds4: V4.1 moe split layer=23 rows=4 router=0.269 ms
ds4: V4.1 moe split layer=23 rows=4 shared=0.281 ms
ds4: V4.1 moe split layer=23 rows=4 routed=0.896 ms
ds4: V4.1 moe split layer=24 rows=4 router=0.268 ms
ds4: V4.1 moe split layer=24 rows=4 shared=0.251 ms
ds4: V4.1 moe split layer=24 rows=4 routed=0.756 ms
ds4: V4.1 moe split layer=25 rows=4 router=0.262 ms
ds4: V4.1 moe split layer=25 rows=4 shared=0.255 ms
ds4: V4.1 moe split layer=25 rows=4 routed=0.778 ms
ds4: V4.1 moe split layer=26 rows=4 router=0.271 ms
ds4: V4.1 moe split layer=26 rows=4 shared=0.282 ms
ds4: V4.1 moe split layer=26 rows=4 routed=0.789 ms
ds4: V4.1 moe split layer=27 rows=4 router=0.285 ms
ds4: V4.1 moe split layer=27 rows=4 shared=0.273 ms
ds4: V4.1 moe split layer=27 rows=4 routed=0.870 ms
ds4: V4.1 moe split layer=28 rows=4 router=0.237 ms
ds4: V4.1 moe split layer=28 rows=4 shared=0.284 ms
ds4: V4.1 moe split layer=28 rows=4 routed=0.825 ms
ds4: V4.1 moe split layer=29 rows=4 router=0.281 ms
ds4: V4.1 moe split layer=29 rows=4 shared=0.245 ms
ds4: V4.1 moe split layer=29 rows=4 routed=0.784 ms
ds4: V4.1 moe split layer=30 rows=4 router=0.338 ms
ds4: V4.1 moe split layer=30 rows=4 shared=0.244 ms
ds4: V4.1 moe split layer=30 rows=4 routed=0.822 ms
ds4: V4.1 moe split layer=31 rows=4 router=0.267 ms
ds4: V4.1 moe split layer=31 rows=4 shared=0.255 ms
ds4: V4.1 moe split layer=31 rows=4 routed=0.894 ms
ds4: V4.1 moe split layer=32 rows=4 router=0.286 ms
ds4: V4.1 moe split layer=32 rows=4 shared=0.291 ms
ds4: V4.1 moe split layer=32 rows=4 routed=0.783 ms
ds4: V4.1 moe split layer=33 rows=4 router=0.242 ms
ds4: V4.1 moe split layer=33 rows=4 shared=0.290 ms
ds4: V4.1 moe split layer=33 rows=4 routed=0.768 ms
ds4: V4.1 moe split layer=34 rows=4 router=0.255 ms
ds4: V4.1 moe split layer=34 rows=4 shared=0.257 ms
ds4: V4.1 moe split layer=34 rows=4 routed=0.771 ms
ds4: V4.1 moe split layer=35 rows=4 router=0.258 ms
ds4: V4.1 moe split layer=35 rows=4 shared=0.259 ms
ds4: V4.1 moe split layer=35 rows=4 routed=0.780 ms
ds4: V4.1 moe split layer=36 rows=4 router=0.264 ms
ds4: V4.1 moe split layer=36 rows=4 shared=0.247 ms
ds4: V4.1 moe split layer=36 rows=4 routed=0.766 ms
ds4: V4.1 moe split layer=37 rows=4 router=0.268 ms
ds4: V4.1 moe split layer=37 rows=4 shared=0.263 ms
ds4: V4.1 moe split layer=37 rows=4 routed=0.783 ms
ds4: V4.1 moe split layer=38 rows=4 router=0.269 ms
ds4: V4.1 moe split layer=38 rows=4 shared=0.250 ms
ds4: V4.1 moe split layer=38 rows=4 routed=0.795 ms
ds4: V4.1 moe split layer=39 rows=4 router=0.271 ms
ds4: V4.1 moe split layer=39 rows=4 shared=0.311 ms
ds4: V4.1 moe split layer=39 rows=4 routed=0.889 ms
ds4: V4.1 batch step rows=4 pre 0.0 ms, per-row attention 0.0 ms, moe 0.0 ms, head 0.0 ms, setup 0.0 ms, publish 0.0 ms
ds4: V4.1 moe split layer=0 rows=4 router=0.266 ms
ds4: V4.1 moe split layer=0 rows=4 shared=0.300 ms
ds4: V4.1 moe split layer=0 rows=4 routed=0.794 ms
ds4: V4.1 moe split layer=1 rows=4 router=0.278 ms
ds4: V4.1 moe split layer=1 rows=4 shared=0.283 ms
ds4: V4.1 moe split layer=1 rows=4 routed=0.928 ms
ds4: V4.1 moe split layer=2 rows=4 router=0.229 ms
ds4: V4.1 moe split layer=2 rows=4 shared=0.297 ms
ds4: V4.1 moe split layer=2 rows=4 routed=0.766 ms
ds4: V4.1 moe split layer=3 rows=4 router=0.285 ms
ds4: V4.1 moe split layer=3 rows=4 shared=0.288 ms
ds4: V4.1 moe split layer=3 rows=4 routed=0.845 ms
ds4: V4.1 moe split layer=4 rows=4 router=0.221 ms
ds4: V4.1 moe split layer=4 rows=4 shared=0.269 ms
ds4: V4.1 moe split layer=4 rows=4 routed=0.818 ms
ds4: V4.1 moe split layer=5 rows=4 router=0.251 ms
ds4: V4.1 moe split layer=5 rows=4 shared=0.246 ms
ds4: V4.1 moe split layer=5 rows=4 routed=0.816 ms
ds4: V4.1 moe split layer=6 rows=4 router=0.242 ms
ds4: V4.1 moe split layer=6 rows=4 shared=0.253 ms
ds4: V4.1 moe split layer=6 rows=4 routed=0.842 ms
ds4: V4.1 moe split layer=7 rows=4 router=0.240 ms
ds4: V4.1 moe split layer=7 rows=4 shared=0.263 ms
ds4: V4.1 moe split layer=7 rows=4 routed=0.725 ms
ds4: V4.1 moe split layer=8 rows=4 router=0.254 ms
ds4: V4.1 moe split layer=8 rows=4 shared=0.255 ms
ds4: V4.1 moe split layer=8 rows=4 routed=0.877 ms
ds4: V4.1 moe split layer=9 rows=4 router=0.248 ms
ds4: V4.1 moe split layer=9 rows=4 shared=0.253 ms
ds4: V4.1 moe split layer=9 rows=4 routed=0.756 ms
ds4: V4.1 moe split layer=10 rows=4 router=0.204 ms
ds4: V4.1 moe split layer=10 rows=4 shared=0.299 ms
ds4: V4.1 moe split layer=10 rows=4 routed=0.851 ms
ds4: V4.1 moe split layer=11 rows=4 router=0.237 ms
ds4: V4.1 moe split layer=11 rows=4 shared=0.251 ms
ds4: V4.1 moe split layer=11 rows=4 routed=0.823 ms
ds4: V4.1 moe split layer=12 rows=4 router=0.264 ms
ds4: V4.1 moe split layer=12 rows=4 shared=0.254 ms
ds4: V4.1 moe split layer=12 rows=4 routed=0.765 ms
ds4: V4.1 moe split layer=13 rows=4 router=0.216 ms
ds4: V4.1 moe split layer=13 rows=4 shared=0.250 ms
ds4: V4.1 moe split layer=13 rows=4 routed=0.767 ms
ds4: V4.1 moe split layer=14 rows=4 router=0.275 ms
ds4: V4.1 moe split layer=14 rows=4 shared=0.260 ms
ds4: V4.1 moe split layer=14 rows=4 routed=0.791 ms
ds4: V4.1 moe split layer=15 rows=4 router=0.246 ms
ds4: V4.1 moe split layer=15 rows=4 shared=0.252 ms
ds4: V4.1 moe split layer=15 rows=4 routed=0.785 ms
ds4: V4.1 moe split layer=16 rows=4 router=0.248 ms
ds4: V4.1 moe split layer=16 rows=4 shared=0.285 ms
ds4: V4.1 moe split layer=16 rows=4 routed=0.779 ms
ds4: V4.1 moe split layer=17 rows=4 router=0.231 ms
ds4: V4.1 moe split layer=17 rows=4 shared=0.264 ms
ds4: V4.1 moe split layer=17 rows=4 routed=0.785 ms
ds4: V4.1 moe split layer=18 rows=4 router=0.266 ms
ds4: V4.1 moe split layer=18 rows=4 shared=0.272 ms
ds4: V4.1 moe split layer=18 rows=4 routed=0.757 ms
ds4: V4.1 moe split layer=19 rows=4 router=0.333 ms
ds4: V4.1 moe split layer=19 rows=4 shared=0.270 ms
ds4: V4.1 moe split layer=19 rows=4 routed=0.773 ms
ds4: V4.1 moe split layer=20 rows=4 router=0.234 ms
ds4: V4.1 moe split layer=20 rows=4 shared=0.258 ms
ds4: V4.1 moe split layer=20 rows=4 routed=0.776 ms
ds4: V4.1 moe split layer=21 rows=4 router=0.256 ms
ds4: V4.1 moe split layer=21 rows=4 shared=0.265 ms
ds4: V4.1 moe split layer=21 rows=4 routed=0.787 ms
ds4: V4.1 moe split layer=22 rows=4 router=0.277 ms
ds4: V4.1 moe split layer=22 rows=4 shared=0.268 ms
ds4: V4.1 moe split layer=22 rows=4 routed=0.846 ms
ds4: V4.1 moe split layer=23 rows=4 router=0.222 ms
ds4: V4.1 moe split layer=23 rows=4 shared=0.283 ms
ds4: V4.1 moe split layer=23 rows=4 routed=0.881 ms
ds4: V4.1 moe split layer=24 rows=4 router=0.280 ms
ds4: V4.1 moe split layer=24 rows=4 shared=0.252 ms
ds4: V4.1 moe split layer=24 rows=4 routed=0.773 ms
ds4: V4.1 moe split layer=25 rows=4 router=0.259 ms
ds4: V4.1 moe split layer=25 rows=4 shared=0.279 ms
ds4: V4.1 moe split layer=25 rows=4 routed=0.768 ms
ds4: V4.1 moe split layer=26 rows=4 router=0.275 ms
ds4: V4.1 moe split layer=26 rows=4 shared=0.414 ms
ds4: V4.1 moe split layer=26 rows=4 routed=0.796 ms
ds4: V4.1 moe split layer=27 rows=4 router=0.249 ms
ds4: V4.1 moe split layer=27 rows=4 shared=0.252 ms
ds4: V4.1 moe split layer=27 rows=4 routed=0.809 ms
ds4: V4.1 moe split layer=28 rows=4 router=0.282 ms
ds4: V4.1 moe split layer=28 rows=4 shared=0.261 ms
ds4: V4.1 moe split layer=28 rows=4 routed=0.823 ms
ds4: V4.1 moe split layer=29 rows=4 router=0.267 ms
ds4: V4.1 moe split layer=29 rows=4 shared=0.271 ms
ds4: V4.1 moe split layer=29 rows=4 routed=0.803 ms
ds4: V4.1 moe split layer=30 rows=4 router=0.277 ms
ds4: V4.1 moe split layer=30 rows=4 shared=0.289 ms
ds4: V4.1 moe split layer=30 rows=4 routed=0.763 ms
ds4: V4.1 moe split layer=31 rows=4 router=0.298 ms
ds4: V4.1 moe split layer=31 rows=4 shared=0.279 ms
ds4: V4.1 moe split layer=31 rows=4 routed=0.910 ms
ds4: V4.1 moe split layer=32 rows=4 router=0.255 ms
ds4: V4.1 moe split layer=32 rows=4 shared=0.304 ms
ds4: V4.1 moe split layer=32 rows=4 routed=0.847 ms
ds4: V4.1 moe split layer=33 rows=4 router=0.287 ms
ds4: V4.1 moe split layer=33 rows=4 shared=0.305 ms
ds4: V4.1 moe split layer=33 rows=4 routed=0.905 ms
ds4: V4.1 moe split layer=34 rows=4 router=0.295 ms
ds4: V4.1 moe split layer=34 rows=4 shared=0.266 ms
ds4: V4.1 moe split layer=34 rows=4 routed=0.904 ms
ds4: V4.1 moe split layer=35 rows=4 router=0.294 ms
ds4: V4.1 moe split layer=35 rows=4 shared=0.283 ms
ds4: V4.1 moe split layer=35 rows=4 routed=0.780 ms
ds4: V4.1 moe split layer=36 rows=4 router=0.255 ms
ds4: V4.1 moe split layer=36 rows=4 shared=0.307 ms
ds4: V4.1 moe split layer=36 rows=4 routed=0.794 ms
ds4: V4.1 moe split layer=37 rows=4 router=0.228 ms
ds4: V4.1 moe split layer=37 rows=4 shared=0.317 ms
ds4: V4.1 moe split layer=37 rows=4 routed=0.763 ms
ds4: V4.1 moe split layer=38 rows=4 router=0.257 ms
ds4: V4.1 moe split layer=38 rows=4 shared=0.257 ms
ds4: V4.1 moe split layer=38 rows=4 routed=0.856 ms
ds4: V4.1 moe split layer=39 rows=4 router=0.263 ms
ds4: V4.1 moe split layer=39 rows=4 shared=0.263 ms
ds4: V4.1 moe split layer=39 rows=4 routed=0.767 ms
ds4: V4.1 batch step rows=4 pre 0.0 ms, per-row attention 0.0 ms, moe 0.0 ms, head 0.0 ms, setup 0.0 ms, publish 0.0 ms
ds4: V4.1 moe split layer=0 rows=4 router=0.268 ms
ds4: V4.1 moe split layer=0 rows=4 shared=0.259 ms
ds4: V4.1 moe split layer=0 rows=4 routed=0.928 ms
ds4: V4.1 moe split layer=1 rows=4 router=0.302 ms
ds4: V4.1 moe split layer=1 rows=4 shared=0.252 ms
ds4: V4.1 moe split layer=1 rows=4 routed=0.919 ms
ds4: V4.1 moe split layer=2 rows=4 router=0.240 ms
ds4: V4.1 moe split layer=2 rows=4 shared=0.277 ms
ds4: V4.1 moe split layer=2 rows=4 routed=1.020 ms
ds4: V4.1 moe split layer=3 rows=4 router=0.251 ms
ds4: V4.1 moe split layer=3 rows=4 shared=0.274 ms
ds4: V4.1 moe split layer=3 rows=4 routed=0.798 ms
ds4: V4.1 moe split layer=4 rows=4 router=0.260 ms
ds4: V4.1 moe split layer=4 rows=4 shared=0.267 ms
ds4: V4.1 moe split layer=4 rows=4 routed=0.781 ms
ds4: V4.1 moe split layer=5 rows=4 router=0.292 ms
ds4: V4.1 moe split layer=5 rows=4 shared=0.257 ms
ds4: V4.1 moe split layer=5 rows=4 routed=0.896 ms
ds4: V4.1 moe split layer=6 rows=4 router=0.287 ms
ds4: V4.1 moe split layer=6 rows=4 shared=0.281 ms
ds4: V4.1 moe split layer=6 rows=4 routed=0.796 ms
ds4: V4.1 moe split layer=7 rows=4 router=0.217 ms
ds4: V4.1 moe split layer=7 rows=4 shared=0.254 ms
ds4: V4.1 moe split layer=7 rows=4 routed=0.773 ms
ds4: V4.1 moe split layer=8 rows=4 router=0.287 ms
ds4: V4.1 moe split layer=8 rows=4 shared=0.282 ms
ds4: V4.1 moe split layer=8 rows=4 routed=0.823 ms
ds4: V4.1 moe split layer=9 rows=4 router=0.346 ms
ds4: V4.1 moe split layer=9 rows=4 shared=0.253 ms
ds4: V4.1 moe split layer=9 rows=4 routed=0.840 ms
ds4: V4.1 moe split layer=10 rows=4 router=0.254 ms
ds4: V4.1 moe split layer=10 rows=4 shared=0.266 ms
ds4: V4.1 moe split layer=10 rows=4 routed=0.747 ms
ds4: V4.1 moe split layer=11 rows=4 router=0.256 ms
ds4: V4.1 moe split layer=11 rows=4 shared=0.293 ms
ds4: V4.1 moe split layer=11 rows=4 routed=0.767 ms
ds4: V4.1 moe split layer=12 rows=4 router=0.284 ms
ds4: V4.1 moe split layer=12 rows=4 shared=0.286 ms
ds4: V4.1 moe split layer=12 rows=4 routed=0.884 ms
ds4: V4.1 moe split layer=13 rows=4 router=0.265 ms
ds4: V4.1 moe split layer=13 rows=4 shared=0.270 ms
ds4: V4.1 moe split layer=13 rows=4 routed=0.833 ms
ds4: V4.1 moe split layer=14 rows=4 router=0.276 ms
ds4: V4.1 moe split layer=14 rows=4 shared=0.255 ms
ds4: V4.1 moe split layer=14 rows=4 routed=0.779 ms
ds4: V4.1 moe split layer=15 rows=4 router=0.270 ms
ds4: V4.1 moe split layer=15 rows=4 shared=0.278 ms
ds4: V4.1 moe split layer=15 rows=4 routed=0.782 ms
ds4: V4.1 moe split layer=16 rows=4 router=0.312 ms
ds4: V4.1 moe split layer=16 rows=4 shared=0.251 ms
ds4: V4.1 moe split layer=16 rows=4 routed=0.861 ms
ds4: V4.1 moe split layer=17 rows=4 router=0.257 ms
ds4: V4.1 moe split layer=17 rows=4 shared=0.281 ms
ds4: V4.1 moe split layer=17 rows=4 routed=0.848 ms
ds4: V4.1 moe split layer=18 rows=4 router=0.297 ms
ds4: V4.1 moe split layer=18 rows=4 shared=0.291 ms
ds4: V4.1 moe split layer=18 rows=4 routed=0.867 ms
ds4: V4.1 moe split layer=19 rows=4 router=0.241 ms
ds4: V4.1 moe split layer=19 rows=4 shared=0.283 ms
ds4: V4.1 moe split layer=19 rows=4 routed=0.772 ms
ds4: V4.1 moe split layer=20 rows=4 router=0.260 ms
ds4: V4.1 moe split layer=20 rows=4 shared=0.245 ms
ds4: V4.1 moe split layer=20 rows=4 routed=0.801 ms
ds4: V4.1 moe split layer=21 rows=4 router=0.257 ms
ds4: V4.1 moe split layer=21 rows=4 shared=0.261 ms
ds4: V4.1 moe split layer=21 rows=4 routed=0.840 ms
ds4: V4.1 moe split layer=22 rows=4 router=0.275 ms
ds4: V4.1 moe split layer=22 rows=4 shared=0.266 ms
ds4: V4.1 moe split layer=22 rows=4 routed=0.803 ms
ds4: V4.1 moe split layer=23 rows=4 router=0.265 ms
ds4: V4.1 moe split layer=23 rows=4 shared=0.273 ms
ds4: V4.1 moe split layer=23 rows=4 routed=0.794 ms
ds4: V4.1 moe split layer=24 rows=4 router=0.262 ms
ds4: V4.1 moe split layer=24 rows=4 shared=0.260 ms
ds4: V4.1 moe split layer=24 rows=4 routed=0.793 ms
ds4: V4.1 moe split layer=25 rows=4 router=0.369 ms
ds4: V4.1 moe split layer=25 rows=4 shared=0.275 ms
ds4: V4.1 moe split layer=25 rows=4 routed=0.898 ms
ds4: V4.1 moe split layer=26 rows=4 router=0.242 ms
ds4: V4.1 moe split layer=26 rows=4 shared=0.294 ms
ds4: V4.1 moe split layer=26 rows=4 routed=0.892 ms
ds4: V4.1 moe split layer=27 rows=4 router=0.250 ms
ds4: V4.1 moe split layer=27 rows=4 shared=0.297 ms
ds4: V4.1 moe split layer=27 rows=4 routed=0.895 ms
ds4: V4.1 moe split layer=28 rows=4 router=0.239 ms
ds4: V4.1 moe split layer=28 rows=4 shared=0.267 ms
ds4: V4.1 moe split layer=28 rows=4 routed=0.788 ms
ds4: V4.1 moe split layer=29 rows=4 router=0.258 ms
ds4: V4.1 moe split layer=29 rows=4 shared=0.264 ms
ds4: V4.1 moe split layer=29 rows=4 routed=0.777 ms
ds4: V4.1 moe split layer=30 rows=4 router=0.271 ms
ds4: V4.1 moe split layer=30 rows=4 shared=0.286 ms
ds4: V4.1 moe split layer=30 rows=4 routed=0.893 ms
ds4: V4.1 moe split layer=31 rows=4 router=0.266 ms
ds4: V4.1 moe split layer=31 rows=4 shared=0.248 ms
ds4: V4.1 moe split layer=31 rows=4 routed=0.780 ms
ds4: V4.1 moe split layer=32 rows=4 router=0.263 ms
ds4: V4.1 moe split layer=32 rows=4 shared=0.282 ms
ds4: V4.1 moe split layer=32 rows=4 routed=0.866 ms
ds4: V4.1 moe split layer=33 rows=4 router=0.254 ms
ds4: V4.1 moe split layer=33 rows=4 shared=0.266 ms
ds4: V4.1 moe split layer=33 rows=4 routed=0.856 ms
ds4: V4.1 moe split layer=34 rows=4 router=0.277 ms
ds4: V4.1 moe split layer=34 rows=4 shared=0.281 ms
ds4: V4.1 moe split layer=34 rows=4 routed=0.831 ms
ds4: V4.1 moe split layer=35 rows=4 router=0.263 ms
ds4: V4.1 moe split layer=35 rows=4 shared=0.258 ms
ds4: V4.1 moe split layer=35 rows=4 routed=0.786 ms
ds4: V4.1 moe split layer=36 rows=4 router=0.288 ms
ds4: V4.1 moe split layer=36 rows=4 shared=0.263 ms
ds4: V4.1 moe split layer=36 rows=4 routed=0.852 ms
ds4: V4.1 moe split layer=37 rows=4 router=0.268 ms
ds4: V4.1 moe split layer=37 rows=4 shared=0.254 ms
ds4: V4.1 moe split layer=37 rows=4 routed=0.751 ms
ds4: V4.1 moe split layer=38 rows=4 router=0.227 ms
ds4: V4.1 moe split layer=38 rows=4 shared=0.266 ms
ds4: V4.1 moe split layer=38 rows=4 routed=0.844 ms
ds4: V4.1 moe split layer=39 rows=4 router=0.224 ms
ds4: V4.1 moe split layer=39 rows=4 shared=0.284 ms
ds4: V4.1 moe split layer=39 rows=4 routed=0.887 ms
ds4: V4.1 batch step rows=4 pre 0.0 ms, per-row attention 0.0 ms, moe 0.0 ms, head 0.0 ms, setup 0.0 ms, publish 0.0 ms
ds4: V4.1 moe split layer=0 rows=4 router=0.272 ms
ds4: V4.1 moe split layer=0 rows=4 shared=0.261 ms
ds4: V4.1 moe split layer=0 rows=4 routed=0.808 ms
ds4: V4.1 moe split layer=1 rows=4 router=0.287 ms
ds4: V4.1 moe split layer=1 rows=4 shared=0.287 ms
ds4: V4.1 moe split layer=1 rows=4 routed=0.921 ms
ds4: V4.1 moe split layer=2 rows=4 router=0.231 ms
ds4: V4.1 moe split layer=2 rows=4 shared=0.268 ms
ds4: V4.1 moe split layer=2 rows=4 routed=0.838 ms
ds4: V4.1 moe split layer=3 rows=4 router=0.261 ms
ds4: V4.1 moe split layer=3 rows=4 shared=0.244 ms
ds4: V4.1 moe split layer=3 rows=4 routed=0.776 ms
ds4: V4.1 moe split layer=4 rows=4 router=0.277 ms
ds4: V4.1 moe split layer=4 rows=4 shared=0.286 ms
ds4: V4.1 moe split layer=4 rows=4 routed=0.889 ms
ds4: V4.1 moe split layer=5 rows=4 router=0.228 ms
ds4: V4.1 moe split layer=5 rows=4 shared=0.260 ms
ds4: V4.1 moe split layer=5 rows=4 routed=0.752 ms
ds4: V4.1 moe split layer=6 rows=4 router=0.270 ms
ds4: V4.1 moe split layer=6 rows=4 shared=0.284 ms
ds4: V4.1 moe split layer=6 rows=4 routed=0.890 ms
ds4: V4.1 moe split layer=7 rows=4 router=0.261 ms
ds4: V4.1 moe split layer=7 rows=4 shared=0.255 ms
ds4: V4.1 moe split layer=7 rows=4 routed=0.776 ms
ds4: V4.1 moe split layer=8 rows=4 router=0.228 ms
ds4: V4.1 moe split layer=8 rows=4 shared=0.284 ms
ds4: V4.1 moe split layer=8 rows=4 routed=0.811 ms
ds4: V4.1 moe split layer=9 rows=4 router=0.263 ms
ds4: V4.1 moe split layer=9 rows=4 shared=0.282 ms
ds4: V4.1 moe split layer=9 rows=4 routed=0.867 ms
ds4: V4.1 moe split layer=10 rows=4 router=0.282 ms
ds4: V4.1 moe split layer=10 rows=4 shared=0.279 ms
ds4: V4.1 moe split layer=10 rows=4 routed=0.811 ms
ds4: V4.1 moe split layer=11 rows=4 router=0.234 ms
ds4: V4.1 moe split layer=11 rows=4 shared=0.261 ms
ds4: V4.1 moe split layer=11 rows=4 routed=0.778 ms
ds4: V4.1 moe split layer=12 rows=4 router=0.259 ms
ds4: V4.1 moe split layer=12 rows=4 shared=0.255 ms
ds4: V4.1 moe split layer=12 rows=4 routed=0.845 ms
ds4: V4.1 moe split layer=13 rows=4 router=0.262 ms
ds4: V4.1 moe split layer=13 rows=4 shared=0.266 ms
ds4: V4.1 moe split layer=13 rows=4 routed=0.864 ms
ds4: V4.1 moe split layer=14 rows=4 router=0.266 ms
ds4: V4.1 moe split layer=14 rows=4 shared=0.253 ms
ds4: V4.1 moe split layer=14 rows=4 routed=0.842 ms
ds4: V4.1 moe split layer=15 rows=4 router=0.260 ms
ds4: V4.1 moe split layer=15 rows=4 shared=0.258 ms
ds4: V4.1 moe split layer=15 rows=4 routed=0.788 ms
ds4: V4.1 moe split layer=16 rows=4 router=0.259 ms
ds4: V4.1 moe split layer=16 rows=4 shared=0.252 ms
ds4: V4.1 moe split layer=16 rows=4 routed=0.782 ms
ds4: V4.1 moe split layer=17 rows=4 router=0.255 ms
ds4: V4.1 moe split layer=17 rows=4 shared=0.322 ms
ds4: V4.1 moe split layer=17 rows=4 routed=0.777 ms
ds4: V4.1 moe split layer=18 rows=4 router=0.264 ms
ds4: V4.1 moe split layer=18 rows=4 shared=0.259 ms
ds4: V4.1 moe split layer=18 rows=4 routed=0.794 ms
ds4: V4.1 moe split layer=19 rows=4 router=0.280 ms
ds4: V4.1 moe split layer=19 rows=4 shared=0.299 ms
ds4: V4.1 moe split layer=19 rows=4 routed=0.813 ms
ds4: V4.1 moe split layer=20 rows=4 router=0.246 ms
ds4: V4.1 moe split layer=20 rows=4 shared=0.288 ms
ds4: V4.1 moe split layer=20 rows=4 routed=0.778 ms
ds4: V4.1 moe split layer=21 rows=4 router=0.246 ms
ds4: V4.1 moe split layer=21 rows=4 shared=0.277 ms
ds4: V4.1 moe split layer=21 rows=4 routed=0.753 ms
ds4: V4.1 moe split layer=22 rows=4 router=0.288 ms
ds4: V4.1 moe split layer=22 rows=4 shared=0.297 ms
ds4: V4.1 moe split layer=22 rows=4 routed=0.898 ms
ds4: V4.1 moe split layer=23 rows=4 router=0.248 ms
ds4: V4.1 moe split layer=23 rows=4 shared=0.256 ms
ds4: V4.1 moe split layer=23 rows=4 routed=0.779 ms
ds4: V4.1 moe split layer=24 rows=4 router=0.259 ms
ds4: V4.1 moe split layer=24 rows=4 shared=0.248 ms
ds4: V4.1 moe split layer=24 rows=4 routed=0.775 ms
ds4: V4.1 moe split layer=25 rows=4 router=0.263 ms
ds4: V4.1 moe split layer=25 rows=4 shared=0.261 ms
ds4: V4.1 moe split layer=25 rows=4 routed=0.893 ms
ds4: V4.1 moe split layer=26 rows=4 router=0.267 ms
ds4: V4.1 moe split layer=26 rows=4 shared=0.254 ms
ds4: V4.1 moe split layer=26 rows=4 routed=0.767 ms
ds4: V4.1 moe split layer=27 rows=4 router=0.247 ms
ds4: V4.1 moe split layer=27 rows=4 shared=0.289 ms
ds4: V4.1 moe split layer=27 rows=4 routed=0.792 ms
ds4: V4.1 moe split layer=28 rows=4 router=0.272 ms
ds4: V4.1 moe split layer=28 rows=4 shared=0.244 ms
ds4: V4.1 moe split layer=28 rows=4 routed=0.891 ms
ds4: V4.1 moe split layer=29 rows=4 router=0.204 ms
ds4: V4.1 moe split layer=29 rows=4 shared=0.285 ms
ds4: V4.1 moe split layer=29 rows=4 routed=0.845 ms
ds4: V4.1 moe split layer=30 rows=4 router=0.266 ms
ds4: V4.1 moe split layer=30 rows=4 shared=0.287 ms
ds4: V4.1 moe split layer=30 rows=4 routed=0.870 ms
ds4: V4.1 moe split layer=31 rows=4 router=0.272 ms
ds4: V4.1 moe split layer=31 rows=4 shared=0.299 ms
ds4: V4.1 moe split layer=31 rows=4 routed=0.844 ms
ds4: V4.1 moe split layer=32 rows=4 router=0.258 ms
ds4: V4.1 moe split layer=32 rows=4 shared=0.281 ms
ds4: V4.1 moe split layer=32 rows=4 routed=0.838 ms
ds4: V4.1 moe split layer=33 rows=4 router=0.292 ms
ds4: V4.1 moe split layer=33 rows=4 shared=0.278 ms
ds4: V4.1 moe split layer=33 rows=4 routed=0.773 ms
ds4: V4.1 moe split layer=34 rows=4 router=0.267 ms
ds4: V4.1 moe split layer=34 rows=4 shared=0.273 ms
ds4: V4.1 moe split layer=34 rows=4 routed=0.809 ms
ds4: V4.1 moe split layer=35 rows=4 router=0.228 ms
ds4: V4.1 moe split layer=35 rows=4 shared=0.288 ms
ds4: V4.1 moe split layer=35 rows=4 routed=0.790 ms
ds4: V4.1 moe split layer=36 rows=4 router=0.292 ms
ds4: V4.1 moe split layer=36 rows=4 shared=0.278 ms
ds4: V4.1 moe split layer=36 rows=4 routed=0.782 ms
ds4: V4.1 moe split layer=37 rows=4 router=0.289 ms
ds4: V4.1 moe split layer=37 rows=4 shared=0.286 ms
ds4: V4.1 moe split layer=37 rows=4 routed=0.797 ms
ds4: V4.1 moe split layer=38 rows=4 router=0.278 ms
ds4: V4.1 moe split layer=38 rows=4 shared=0.288 ms
ds4: V4.1 moe split layer=38 rows=4 routed=0.794 ms
ds4: V4.1 moe split layer=39 rows=4 router=0.260 ms
ds4: V4.1 moe split layer=39 rows=4 shared=0.246 ms
ds4: V4.1 moe split layer=39 rows=4 routed=0.784 ms
ds4: V4.1 batch step rows=4 pre 0.0 ms, per-row attention 0.0 ms, moe 0.0 ms, head 0.0 ms, setup 0.0 ms, publish 0.0 ms
ds4: gate over tokens 1-64: 34.12 command buffers, 29.92 aborts, 240.0 expert ids accounted, 651.85 MiB loaded a token; 0 the gate failed to switch off, 0 it could not gate
ds4:   one token, exclusive, same window: entry 0.00 + encode 2.98 + commit-to-done 36.78 + repair-load 14.76 + accounting 0.02 + tail 0.72 = 55.28 of a 59.21 ms wall, residual 3.93
ds4:   of the commit-to-done: GPU running 42.14 ms, GPU not running -5.36 ms
ds4:   2033.9 gated dispatches a token, 68.8 of them behind an abort; 2788.3 sent plain ahead of a buffer's first validate
ds4:   encode-ahead: 2.20 segments used, 26.97 dropped, 3.66 ms a token spent encoding under the GPU
ds4:   concurrent sections: 352.59 attempted, 352.59 opened a token
ds4:   speculation: 0.00 layers a token, 0.00 lanes computed, 0.00 matched, 0.00 GEMVs actually saved, 0.00 left to compute; compared 0.00 lanes, 0.00 floats differ, 0.00 by more than an ulp
ds4:   expert cache over the last 64 tokens: 360.00 hits, 68.67 misses, 0.00 evictions a token; 4395 of 7930 entries live (55.4%)
ds4:   of the address-table holes repaired a token: 0.00 already resident, 68.67 genuinely absent
ds4:   residency a token: 68.67 adds, 0.00 removes, 68.67 commits
ds4: V4.1 moe split layer=0 rows=4 router=0.410 ms
ds4: V4.1 moe split layer=0 rows=4 shared=0.286 ms
ds4: V4.1 moe split layer=0 rows=4 routed=3.765 ms
ds4: V4.1 moe split layer=1 rows=4 router=0.272 ms
ds4: V4.1 moe split layer=1 rows=4 shared=0.293 ms
ds4: V4.1 moe split layer=1 rows=4 routed=0.857 ms
ds4: V4.1 moe split layer=2 rows=4 router=0.298 ms
ds4: V4.1 moe split layer=2 rows=4 shared=0.290 ms
ds4: V4.1 moe split layer=2 rows=4 routed=0.852 ms
ds4: V4.1 moe split layer=3 rows=4 router=0.275 ms
ds4: V4.1 moe split layer=3 rows=4 shared=0.278 ms
ds4: V4.1 moe split layer=3 rows=4 routed=0.786 ms
ds4: V4.1 moe split layer=4 rows=4 router=0.206 ms
ds4: V4.1 moe split layer=4 rows=4 shared=0.290 ms
ds4: V4.1 moe split layer=4 rows=4 routed=0.792 ms
ds4: V4.1 moe split layer=5 rows=4 router=0.253 ms
ds4: V4.1 moe split layer=5 rows=4 shared=0.304 ms
ds4: V4.1 moe split layer=5 rows=4 routed=0.870 ms
ds4: V4.1 moe split layer=6 rows=4 router=0.208 ms
ds4: V4.1 moe split layer=6 rows=4 shared=0.279 ms
ds4: V4.1 moe split layer=6 rows=4 routed=0.911 ms
ds4: V4.1 moe split layer=7 rows=4 router=0.286 ms
ds4: V4.1 moe split layer=7 rows=4 shared=0.296 ms
ds4: V4.1 moe split layer=7 rows=4 routed=0.812 ms
ds4: V4.1 moe split layer=8 rows=4 router=0.256 ms
ds4: V4.1 moe split layer=8 rows=4 shared=0.267 ms
ds4: V4.1 moe split layer=8 rows=4 routed=0.785 ms
ds4: V4.1 moe split layer=9 rows=4 router=0.250 ms
ds4: V4.1 moe split layer=9 rows=4 shared=0.299 ms
ds4: V4.1 moe split layer=9 rows=4 routed=0.796 ms
ds4: V4.1 moe split layer=10 rows=4 router=0.262 ms
ds4: V4.1 moe split layer=10 rows=4 shared=0.269 ms
ds4: V4.1 moe split layer=10 rows=4 routed=0.804 ms
ds4: V4.1 moe split layer=11 rows=4 router=0.291 ms
ds4: V4.1 moe split layer=11 rows=4 shared=0.267 ms
ds4: V4.1 moe split layer=11 rows=4 routed=0.795 ms
ds4: V4.1 moe split layer=12 rows=4 router=0.216 ms
ds4: V4.1 moe split layer=12 rows=4 shared=0.289 ms
ds4: V4.1 moe split layer=12 rows=4 routed=0.828 ms
ds4: V4.1 moe split layer=13 rows=4 router=0.264 ms
ds4: V4.1 moe split layer=13 rows=4 shared=0.271 ms
ds4: V4.1 moe split layer=13 rows=4 routed=0.787 ms
ds4: V4.1 moe split layer=14 rows=4 router=0.217 ms
ds4: V4.1 moe split layer=14 rows=4 shared=0.259 ms
ds4: V4.1 moe split layer=14 rows=4 routed=0.793 ms
ds4: V4.1 moe split layer=15 rows=4 router=0.298 ms
ds4: V4.1 moe split layer=15 rows=4 shared=0.290 ms
ds4: V4.1 moe split layer=15 rows=4 routed=0.777 ms
ds4: V4.1 moe split layer=16 rows=4 router=0.203 ms
ds4: V4.1 moe split layer=16 rows=4 shared=0.272 ms
ds4: V4.1 moe split layer=16 rows=4 routed=0.785 ms
ds4: V4.1 moe split layer=17 rows=4 router=0.289 ms
ds4: V4.1 moe split layer=17 rows=4 shared=0.274 ms
ds4: V4.1 moe split layer=17 rows=4 routed=0.834 ms
ds4: V4.1 moe split layer=18 rows=4 router=0.257 ms
ds4: V4.1 moe split layer=18 rows=4 shared=0.273 ms
ds4: V4.1 moe split layer=18 rows=4 routed=0.772 ms
ds4: V4.1 moe split layer=19 rows=4 router=0.260 ms
ds4: V4.1 moe split layer=19 rows=4 shared=0.251 ms
ds4: V4.1 moe split layer=19 rows=4 routed=0.789 ms
ds4: V4.1 moe split layer=20 rows=4 router=0.221 ms
ds4: V4.1 moe split layer=20 rows=4 shared=0.259 ms
ds4: V4.1 moe split layer=20 rows=4 routed=0.885 ms
ds4: V4.1 moe split layer=21 rows=4 router=0.262 ms
ds4: V4.1 moe split layer=21 rows=4 shared=0.307 ms
ds4: V4.1 moe split layer=21 rows=4 routed=0.789 ms
ds4: V4.1 moe split layer=22 rows=4 router=0.251 ms
ds4: V4.1 moe split layer=22 rows=4 shared=0.287 ms
ds4: V4.1 moe split layer=22 rows=4 routed=0.841 ms
ds4: V4.1 moe split layer=23 rows=4 router=0.208 ms
ds4: V4.1 moe split layer=23 rows=4 shared=0.257 ms
ds4: V4.1 moe split layer=23 rows=4 routed=0.806 ms
ds4: V4.1 moe split layer=24 rows=4 router=0.279 ms
ds4: V4.1 moe split layer=24 rows=4 shared=0.275 ms
ds4: V4.1 moe split layer=24 rows=4 routed=0.894 ms
ds4: V4.1 moe split layer=25 rows=4 router=0.260 ms
ds4: V4.1 moe split layer=25 rows=4 shared=0.264 ms
ds4: V4.1 moe split layer=25 rows=4 routed=0.787 ms
ds4: V4.1 moe split layer=26 rows=4 router=0.234 ms
ds4: V4.1 moe split layer=26 rows=4 shared=0.258 ms
ds4: V4.1 moe split layer=26 rows=4 routed=0.758 ms
ds4: V4.1 moe split layer=27 rows=4 router=0.272 ms
ds4: V4.1 moe split layer=27 rows=4 shared=0.284 ms
ds4: V4.1 moe split layer=27 rows=4 routed=0.791 ms
ds4: V4.1 moe split layer=28 rows=4 router=0.281 ms
ds4: V4.1 moe split layer=28 rows=4 shared=0.258 ms
ds4: V4.1 moe split layer=28 rows=4 routed=0.877 ms
ds4: V4.1 moe split layer=29 rows=4 router=0.264 ms
ds4: V4.1 moe split layer=29 rows=4 shared=0.282 ms
ds4: V4.1 moe split layer=29 rows=4 routed=0.795 ms
ds4: V4.1 moe split layer=30 rows=4 router=0.252 ms
ds4: V4.1 moe split layer=30 rows=4 shared=0.271 ms
ds4: V4.1 moe split layer=30 rows=4 routed=0.857 ms
ds4: V4.1 moe split layer=31 rows=4 router=0.288 ms
ds4: V4.1 moe split layer=31 rows=4 shared=0.257 ms
ds4: V4.1 moe split layer=31 rows=4 routed=0.835 ms
ds4: V4.1 moe split layer=32 rows=4 router=0.276 ms
ds4: V4.1 moe split layer=32 rows=4 shared=0.291 ms
ds4: V4.1 moe split layer=32 rows=4 routed=0.809 ms
ds4: V4.1 moe split layer=33 rows=4 router=0.280 ms
ds4: V4.1 moe split layer=33 rows=4 shared=0.294 ms
ds4: V4.1 moe split layer=33 rows=4 routed=0.825 ms
ds4: V4.1 moe split layer=34 rows=4 router=0.271 ms
ds4: V4.1 moe split layer=34 rows=4 shared=0.302 ms
ds4: V4.1 moe split layer=34 rows=4 routed=0.842 ms
ds4: V4.1 moe split layer=35 rows=4 router=0.268 ms
ds4: V4.1 moe split layer=35 rows=4 shared=0.282 ms
ds4: V4.1 moe split layer=35 rows=4 routed=0.829 ms
ds4: V4.1 moe split layer=36 rows=4 router=0.256 ms
ds4: V4.1 moe split layer=36 rows=4 shared=0.279 ms
ds4: V4.1 moe split layer=36 rows=4 routed=0.784 ms
ds4: V4.1 moe split layer=37 rows=4 router=0.212 ms
ds4: V4.1 moe split layer=37 rows=4 shared=0.282 ms
ds4: V4.1 moe split layer=37 rows=4 routed=0.796 ms
ds4: V4.1 moe split layer=38 rows=4 router=0.264 ms
ds4: V4.1 moe split layer=38 rows=4 shared=0.281 ms
ds4: V4.1 moe split layer=38 rows=4 routed=0.810 ms
ds4: V4.1 moe split layer=39 rows=4 router=0.245 ms
ds4: V4.1 moe split layer=39 rows=4 shared=0.285 ms
ds4: V4.1 moe split layer=39 rows=4 routed=0.830 ms
ds4: V4.1 batch step rows=4 pre 0.0 ms, per-row attention 0.0 ms, moe 0.0 ms, head 0.0 ms, setup 0.0 ms, publish 0.0 ms
ds4: V4.1 moe split layer=0 rows=4 router=0.267 ms
ds4: V4.1 moe split layer=0 rows=4 shared=0.277 ms
ds4: V4.1 moe split layer=0 rows=4 routed=0.941 ms
ds4: V4.1 moe split layer=1 rows=4 router=0.275 ms
ds4: V4.1 moe split layer=1 rows=4 shared=0.255 ms
ds4: V4.1 moe split layer=1 rows=4 routed=0.887 ms
ds4: V4.1 moe split layer=2 rows=4 router=0.205 ms
ds4: V4.1 moe split layer=2 rows=4 shared=0.265 ms
ds4: V4.1 moe split layer=2 rows=4 routed=0.797 ms
ds4: V4.1 moe split layer=3 rows=4 router=0.220 ms
ds4: V4.1 moe split layer=3 rows=4 shared=0.244 ms
ds4: V4.1 moe split layer=3 rows=4 routed=0.884 ms
ds4: V4.1 moe split layer=4 rows=4 router=0.253 ms
ds4: V4.1 moe split layer=4 rows=4 shared=0.286 ms
ds4: V4.1 moe split layer=4 rows=4 routed=0.853 ms
ds4: V4.1 moe split layer=5 rows=4 router=0.263 ms
ds4: V4.1 moe split layer=5 rows=4 shared=0.253 ms
ds4: V4.1 moe split layer=5 rows=4 routed=0.904 ms
ds4: V4.1 moe split layer=6 rows=4 router=0.326 ms
ds4: V4.1 moe split layer=6 rows=4 shared=0.274 ms
ds4: V4.1 moe split layer=6 rows=4 routed=0.846 ms
ds4: V4.1 moe split layer=7 rows=4 router=0.265 ms
ds4: V4.1 moe split layer=7 rows=4 shared=0.258 ms
ds4: V4.1 moe split layer=7 rows=4 routed=0.774 ms
ds4: V4.1 moe split layer=8 rows=4 router=0.267 ms
ds4: V4.1 moe split layer=8 rows=4 shared=0.285 ms
ds4: V4.1 moe split layer=8 rows=4 routed=0.848 ms
ds4: V4.1 moe split layer=9 rows=4 router=0.265 ms
ds4: V4.1 moe split layer=9 rows=4 shared=0.259 ms
ds4: V4.1 moe split layer=9 rows=4 routed=0.831 ms
ds4: V4.1 moe split layer=10 rows=4 router=0.261 ms
ds4: V4.1 moe split layer=10 rows=4 shared=0.261 ms
ds4: V4.1 moe split layer=10 rows=4 routed=0.856 ms
ds4: V4.1 moe split layer=11 rows=4 router=0.258 ms
ds4: V4.1 moe split layer=11 rows=4 shared=0.259 ms
ds4: V4.1 moe split layer=11 rows=4 routed=0.781 ms
ds4: V4.1 moe split layer=12 rows=4 router=0.268 ms
ds4: V4.1 moe split layer=12 rows=4 shared=0.276 ms
ds4: V4.1 moe split layer=12 rows=4 routed=0.783 ms
ds4: V4.1 moe split layer=13 rows=4 router=0.260 ms
ds4: V4.1 moe split layer=13 rows=4 shared=0.254 ms
ds4: V4.1 moe split layer=13 rows=4 routed=0.882 ms
ds4: V4.1 moe split layer=14 rows=4 router=0.320 ms
ds4: V4.1 moe split layer=14 rows=4 shared=0.259 ms
ds4: V4.1 moe split layer=14 rows=4 routed=0.764 ms
ds4: V4.1 moe split layer=15 rows=4 router=0.258 ms
ds4: V4.1 moe split layer=15 rows=4 shared=0.251 ms
ds4: V4.1 moe split layer=15 rows=4 routed=0.770 ms
ds4: V4.1 moe split layer=16 rows=4 router=0.268 ms
ds4: V4.1 moe split layer=16 rows=4 shared=0.270 ms
ds4: V4.1 moe split layer=16 rows=4 routed=0.782 ms
ds4: V4.1 moe split layer=17 rows=4 router=0.273 ms
ds4: V4.1 moe split layer=17 rows=4 shared=0.269 ms
ds4: V4.1 moe split layer=17 rows=4 routed=0.816 ms
ds4: V4.1 moe split layer=18 rows=4 router=0.270 ms
ds4: V4.1 moe split layer=18 rows=4 shared=0.268 ms
ds4: V4.1 moe split layer=18 rows=4 routed=0.781 ms
ds4: V4.1 moe split layer=19 rows=4 router=0.253 ms
ds4: V4.1 moe split layer=19 rows=4 shared=0.286 ms
ds4: V4.1 moe split layer=19 rows=4 routed=0.834 ms
ds4: V4.1 moe split layer=20 rows=4 router=0.246 ms
ds4: V4.1 moe split layer=20 rows=4 shared=0.257 ms
ds4: V4.1 moe split layer=20 rows=4 routed=0.783 ms
ds4: V4.1 moe split layer=21 rows=4 router=0.272 ms
ds4: V4.1 moe split layer=21 rows=4 shared=0.255 ms
ds4: V4.1 moe split layer=21 rows=4 routed=0.776 ms
ds4: V4.1 moe split layer=22 rows=4 router=0.267 ms
ds4: V4.1 moe split layer=22 rows=4 shared=0.282 ms
ds4: V4.1 moe split layer=22 rows=4 routed=0.878 ms
ds4: V4.1 moe split layer=23 rows=4 router=0.277 ms
ds4: V4.1 moe split layer=23 rows=4 shared=0.293 ms
ds4: V4.1 moe split layer=23 rows=4 routed=0.781 ms
ds4: V4.1 moe split layer=24 rows=4 router=0.268 ms
ds4: V4.1 moe split layer=24 rows=4 shared=0.271 ms
ds4: V4.1 moe split layer=24 rows=4 routed=0.834 ms
ds4: V4.1 moe split layer=25 rows=4 router=0.249 ms
ds4: V4.1 moe split layer=25 rows=4 shared=0.274 ms
ds4: V4.1 moe split layer=25 rows=4 routed=0.844 ms
ds4: V4.1 moe split layer=26 rows=4 router=0.260 ms
ds4: V4.1 moe split layer=26 rows=4 shared=0.272 ms
ds4: V4.1 moe split layer=26 rows=4 routed=0.819 ms
ds4: V4.1 moe split layer=27 rows=4 router=0.260 ms
ds4: V4.1 moe split layer=27 rows=4 shared=0.284 ms
ds4: V4.1 moe split layer=27 rows=4 routed=0.826 ms
ds4: V4.1 moe split layer=28 rows=4 router=0.256 ms
ds4: V4.1 moe split layer=28 rows=4 shared=0.293 ms
ds4: V4.1 moe split layer=28 rows=4 routed=0.878 ms
ds4: V4.1 moe split layer=29 rows=4 router=0.250 ms
ds4: V4.1 moe split layer=29 rows=4 shared=0.269 ms
ds4: V4.1 moe split layer=29 rows=4 routed=0.858 ms
ds4: V4.1 moe split layer=30 rows=4 router=0.220 ms
ds4: V4.1 moe split layer=30 rows=4 shared=0.277 ms
ds4: V4.1 moe split layer=30 rows=4 routed=0.886 ms
ds4: V4.1 moe split layer=31 rows=4 router=0.224 ms
ds4: V4.1 moe split layer=31 rows=4 shared=0.271 ms
ds4: V4.1 moe split layer=31 rows=4 routed=0.785 ms
ds4: V4.1 moe split layer=32 rows=4 router=0.277 ms
ds4: V4.1 moe split layer=32 rows=4 shared=0.270 ms
ds4: V4.1 moe split layer=32 rows=4 routed=0.866 ms
ds4: V4.1 moe split layer=33 rows=4 router=0.323 ms
ds4: V4.1 moe split layer=33 rows=4 shared=0.318 ms
ds4: V4.1 moe split layer=33 rows=4 routed=0.881 ms
ds4: V4.1 moe split layer=34 rows=4 router=0.266 ms
ds4: V4.1 moe split layer=34 rows=4 shared=0.274 ms
ds4: V4.1 moe split layer=34 rows=4 routed=0.784 ms
ds4: V4.1 moe split layer=35 rows=4 router=0.257 ms
ds4: V4.1 moe split layer=35 rows=4 shared=0.281 ms
ds4: V4.1 moe split layer=35 rows=4 routed=0.794 ms
ds4: V4.1 moe split layer=36 rows=4 router=0.259 ms
ds4: V4.1 moe split layer=36 rows=4 shared=0.275 ms
ds4: V4.1 moe split layer=36 rows=4 routed=0.861 ms
ds4: V4.1 moe split layer=37 rows=4 router=0.278 ms
ds4: V4.1 moe split layer=37 rows=4 shared=0.266 ms
ds4: V4.1 moe split layer=37 rows=4 routed=0.862 ms
ds4: V4.1 moe split layer=38 rows=4 router=0.261 ms
ds4: V4.1 moe split layer=38 rows=4 shared=0.259 ms
ds4: V4.1 moe split layer=38 rows=4 routed=0.930 ms
ds4: V4.1 moe split layer=39 rows=4 router=0.279 ms
ds4: V4.1 moe split layer=39 rows=4 shared=0.260 ms
ds4: V4.1 moe split layer=39 rows=4 routed=0.804 ms
ds4: V4.1 batch step rows=4 pre 0.0 ms, per-row attention 0.0 ms, moe 0.0 ms, head 0.0 ms, setup 0.0 ms, publish 0.0 ms
ds4: V4.1 moe split layer=0 rows=4 router=0.263 ms
ds4: V4.1 moe split layer=0 rows=4 shared=0.275 ms
ds4: V4.1 moe split layer=0 rows=4 routed=0.821 ms
ds4: V4.1 moe split layer=1 rows=4 router=0.275 ms
ds4: V4.1 moe split layer=1 rows=4 shared=0.292 ms
ds4: V4.1 moe split layer=1 rows=4 routed=0.837 ms
ds4: V4.1 moe split layer=2 rows=4 router=0.231 ms
ds4: V4.1 moe split layer=2 rows=4 shared=0.296 ms
ds4: V4.1 moe split layer=2 rows=4 routed=0.812 ms
ds4: V4.1 moe split layer=3 rows=4 router=0.261 ms
ds4: V4.1 moe split layer=3 rows=4 shared=0.260 ms
ds4: V4.1 moe split layer=3 rows=4 routed=0.825 ms
ds4: V4.1 moe split layer=4 rows=4 router=0.241 ms
ds4: V4.1 moe split layer=4 rows=4 shared=0.265 ms
ds4: V4.1 moe split layer=4 rows=4 routed=0.770 ms
ds4: V4.1 moe split layer=5 rows=4 router=0.236 ms
ds4: V4.1 moe split layer=5 rows=4 shared=0.290 ms
ds4: V4.1 moe split layer=5 rows=4 routed=0.765 ms
ds4: V4.1 moe split layer=6 rows=4 router=0.233 ms
ds4: V4.1 moe split layer=6 rows=4 shared=0.283 ms
ds4: V4.1 moe split layer=6 rows=4 routed=0.771 ms
ds4: V4.1 moe split layer=7 rows=4 router=0.259 ms
ds4: V4.1 moe split layer=7 rows=4 shared=0.264 ms
ds4: V4.1 moe split layer=7 rows=4 routed=0.791 ms
ds4: V4.1 moe split layer=8 rows=4 router=0.252 ms
ds4: V4.1 moe split layer=8 rows=4 shared=0.286 ms
ds4: V4.1 moe split layer=8 rows=4 routed=0.785 ms
ds4: V4.1 moe split layer=9 rows=4 router=0.218 ms
ds4: V4.1 moe split layer=9 rows=4 shared=0.273 ms
ds4: V4.1 moe split layer=9 rows=4 routed=0.822 ms
ds4: V4.1 moe split layer=10 rows=4 router=0.278 ms
ds4: V4.1 moe split layer=10 rows=4 shared=0.285 ms
ds4: V4.1 moe split layer=10 rows=4 routed=0.758 ms
ds4: V4.1 moe split layer=11 rows=4 router=0.225 ms
ds4: V4.1 moe split layer=11 rows=4 shared=0.257 ms
ds4: V4.1 moe split layer=11 rows=4 routed=0.824 ms
ds4: V4.1 moe split layer=12 rows=4 router=0.257 ms
ds4: V4.1 moe split layer=12 rows=4 shared=0.278 ms
ds4: V4.1 moe split layer=12 rows=4 routed=0.895 ms
ds4: V4.1 moe split layer=13 rows=4 router=0.259 ms
ds4: V4.1 moe split layer=13 rows=4 shared=0.270 ms
ds4: V4.1 moe split layer=13 rows=4 routed=0.766 ms
ds4: V4.1 moe split layer=14 rows=4 router=0.230 ms
ds4: V4.1 moe split layer=14 rows=4 shared=0.267 ms
ds4: V4.1 moe split layer=14 rows=4 routed=0.895 ms
ds4: V4.1 moe split layer=15 rows=4 router=0.215 ms
ds4: V4.1 moe split layer=15 rows=4 shared=0.271 ms
ds4: V4.1 moe split layer=15 rows=4 routed=0.875 ms
ds4: V4.1 moe split layer=16 rows=4 router=0.266 ms
ds4: V4.1 moe split layer=16 rows=4 shared=0.280 ms
ds4: V4.1 moe split layer=16 rows=4 routed=0.940 ms
ds4: V4.1 moe split layer=17 rows=4 router=0.221 ms
ds4: V4.1 moe split layer=17 rows=4 shared=0.302 ms
ds4: V4.1 moe split layer=17 rows=4 routed=0.840 ms
ds4: V4.1 moe split layer=18 rows=4 router=0.260 ms
ds4: V4.1 moe split layer=18 rows=4 shared=0.262 ms
ds4: V4.1 moe split layer=18 rows=4 routed=0.782 ms
ds4: V4.1 moe split layer=19 rows=4 router=0.254 ms
ds4: V4.1 moe split layer=19 rows=4 shared=0.256 ms
ds4: V4.1 moe split layer=19 rows=4 routed=0.921 ms
ds4: V4.1 moe split layer=20 rows=4 router=0.256 ms
ds4: V4.1 moe split layer=20 rows=4 shared=0.268 ms
ds4: V4.1 moe split layer=20 rows=4 routed=0.839 ms
ds4: V4.1 moe split layer=21 rows=4 router=0.279 ms
ds4: V4.1 moe split layer=21 rows=4 shared=0.280 ms
ds4: V4.1 moe split layer=21 rows=4 routed=0.858 ms
ds4: V4.1 moe split layer=22 rows=4 router=0.266 ms
ds4: V4.1 moe split layer=22 rows=4 shared=0.290 ms
ds4: V4.1 moe split layer=22 rows=4 routed=0.832 ms
ds4: V4.1 moe split layer=23 rows=4 router=0.260 ms
ds4: V4.1 moe split layer=23 rows=4 shared=0.369 ms
ds4: V4.1 moe split layer=23 rows=4 routed=0.781 ms
ds4: V4.1 moe split layer=24 rows=4 router=0.266 ms
ds4: V4.1 moe split layer=24 rows=4 shared=0.277 ms
ds4: V4.1 moe split layer=24 rows=4 routed=0.859 ms
ds4: V4.1 moe split layer=25 rows=4 router=0.261 ms
ds4: V4.1 moe split layer=25 rows=4 shared=0.259 ms
ds4: V4.1 moe split layer=25 rows=4 routed=0.895 ms
ds4: V4.1 moe split layer=26 rows=4 router=0.243 ms
ds4: V4.1 moe split layer=26 rows=4 shared=0.260 ms
ds4: V4.1 moe split layer=26 rows=4 routed=0.843 ms
ds4: V4.1 moe split layer=27 rows=4 router=0.208 ms
ds4: V4.1 moe split layer=27 rows=4 shared=0.293 ms
ds4: V4.1 moe split layer=27 rows=4 routed=0.780 ms
ds4: V4.1 moe split layer=28 rows=4 router=0.223 ms
ds4: V4.1 moe split layer=28 rows=4 shared=0.262 ms
ds4: V4.1 moe split layer=28 rows=4 routed=0.750 ms
ds4: V4.1 moe split layer=29 rows=4 router=0.228 ms
ds4: V4.1 moe split layer=29 rows=4 shared=0.290 ms
ds4: V4.1 moe split layer=29 rows=4 routed=0.825 ms
ds4: V4.1 moe split layer=30 rows=4 router=0.296 ms
ds4: V4.1 moe split layer=30 rows=4 shared=0.271 ms
ds4: V4.1 moe split layer=30 rows=4 routed=0.848 ms
ds4: V4.1 moe split layer=31 rows=4 router=0.267 ms
ds4: V4.1 moe split layer=31 rows=4 shared=0.261 ms
ds4: V4.1 moe split layer=31 rows=4 routed=0.851 ms
ds4: V4.1 moe split layer=32 rows=4 router=0.288 ms
ds4: V4.1 moe split layer=32 rows=4 shared=0.302 ms
ds4: V4.1 moe split layer=32 rows=4 routed=0.778 ms
ds4: V4.1 moe split layer=33 rows=4 router=0.271 ms
ds4: V4.1 moe split layer=33 rows=4 shared=0.270 ms
ds4: V4.1 moe split layer=33 rows=4 routed=0.798 ms
ds4: V4.1 moe split layer=34 rows=4 router=0.257 ms
ds4: V4.1 moe split layer=34 rows=4 shared=0.276 ms
ds4: V4.1 moe split layer=34 rows=4 routed=0.767 ms
ds4: V4.1 moe split layer=35 rows=4 router=0.221 ms
ds4: V4.1 moe split layer=35 rows=4 shared=0.263 ms
ds4: V4.1 moe split layer=35 rows=4 routed=0.832 ms
ds4: V4.1 moe split layer=36 rows=4 router=0.268 ms
ds4: V4.1 moe split layer=36 rows=4 shared=0.256 ms
ds4: V4.1 moe split layer=36 rows=4 routed=0.841 ms
ds4: V4.1 moe split layer=37 rows=4 router=0.277 ms
ds4: V4.1 moe split layer=37 rows=4 shared=0.284 ms
ds4: V4.1 moe split layer=37 rows=4 routed=0.774 ms
ds4: V4.1 moe split layer=38 rows=4 router=0.281 ms
ds4: V4.1 moe split layer=38 rows=4 shared=0.250 ms
ds4: V4.1 moe split layer=38 rows=4 routed=0.782 ms
ds4: V4.1 moe split layer=39 rows=4 router=0.305 ms
ds4: V4.1 moe split layer=39 rows=4 shared=0.279 ms
ds4: V4.1 moe split layer=39 rows=4 routed=1.045 ms
ds4: V4.1 batch step rows=4 pre 0.0 ms, per-row attention 0.0 ms, moe 0.0 ms, head 0.0 ms, setup 0.0 ms, publish 0.0 ms
ds4: V4.1 moe split layer=0 rows=4 router=0.212 ms
ds4: V4.1 moe split layer=0 rows=4 shared=0.311 ms
ds4: V4.1 moe split layer=0 rows=4 routed=0.862 ms
ds4: V4.1 moe split layer=1 rows=4 router=0.270 ms
ds4: V4.1 moe split layer=1 rows=4 shared=0.244 ms
ds4: V4.1 moe split layer=1 rows=4 routed=0.864 ms
ds4: V4.1 moe split layer=2 rows=4 router=0.268 ms
ds4: V4.1 moe split layer=2 rows=4 shared=0.255 ms
ds4: V4.1 moe split layer=2 rows=4 routed=0.817 ms
ds4: V4.1 moe split layer=3 rows=4 router=0.258 ms
ds4: V4.1 moe split layer=3 rows=4 shared=0.258 ms
ds4: V4.1 moe split layer=3 rows=4 routed=0.906 ms
ds4: V4.1 moe split layer=4 rows=4 router=0.230 ms
ds4: V4.1 moe split layer=4 rows=4 shared=0.251 ms
ds4: V4.1 moe split layer=4 rows=4 routed=0.760 ms
ds4: V4.1 moe split layer=5 rows=4 router=0.266 ms
ds4: V4.1 moe split layer=5 rows=4 shared=0.291 ms
ds4: V4.1 moe split layer=5 rows=4 routed=0.836 ms
ds4: V4.1 moe split layer=6 rows=4 router=0.223 ms
ds4: V4.1 moe split layer=6 rows=4 shared=0.294 ms
ds4: V4.1 moe split layer=6 rows=4 routed=0.877 ms
ds4: V4.1 moe split layer=7 rows=4 router=0.211 ms
ds4: V4.1 moe split layer=7 rows=4 shared=0.371 ms
ds4: V4.1 moe split layer=7 rows=4 routed=0.793 ms
ds4: V4.1 moe split layer=8 rows=4 router=0.233 ms
ds4: V4.1 moe split layer=8 rows=4 shared=0.252 ms
ds4: V4.1 moe split layer=8 rows=4 routed=0.878 ms
ds4: V4.1 moe split layer=9 rows=4 router=0.266 ms
ds4: V4.1 moe split layer=9 rows=4 shared=0.273 ms
ds4: V4.1 moe split layer=9 rows=4 routed=0.780 ms
ds4: V4.1 moe split layer=10 rows=4 router=0.229 ms
ds4: V4.1 moe split layer=10 rows=4 shared=0.261 ms
ds4: V4.1 moe split layer=10 rows=4 routed=0.779 ms
ds4: V4.1 moe split layer=11 rows=4 router=0.259 ms
ds4: V4.1 moe split layer=11 rows=4 shared=0.295 ms
ds4: V4.1 moe split layer=11 rows=4 routed=0.879 ms
ds4: V4.1 moe split layer=12 rows=4 router=0.264 ms
ds4: V4.1 moe split layer=12 rows=4 shared=0.255 ms
ds4: V4.1 moe split layer=12 rows=4 routed=0.763 ms
ds4: V4.1 moe split layer=13 rows=4 router=0.261 ms
ds4: V4.1 moe split layer=13 rows=4 shared=0.281 ms
ds4: V4.1 moe split layer=13 rows=4 routed=0.786 ms
ds4: V4.1 moe split layer=14 rows=4 router=0.299 ms
ds4: V4.1 moe split layer=14 rows=4 shared=0.283 ms
ds4: V4.1 moe split layer=14 rows=4 routed=0.789 ms
ds4: V4.1 moe split layer=15 rows=4 router=0.260 ms
ds4: V4.1 moe split layer=15 rows=4 shared=0.255 ms
ds4: V4.1 moe split layer=15 rows=4 routed=0.807 ms
ds4: V4.1 moe split layer=16 rows=4 router=0.263 ms
ds4: V4.1 moe split layer=16 rows=4 shared=0.269 ms
ds4: V4.1 moe split layer=16 rows=4 routed=0.791 ms
ds4: V4.1 moe split layer=17 rows=4 router=0.252 ms
ds4: V4.1 moe split layer=17 rows=4 shared=0.276 ms
ds4: V4.1 moe split layer=17 rows=4 routed=0.896 ms
ds4: V4.1 moe split layer=18 rows=4 router=0.290 ms
ds4: V4.1 moe split layer=18 rows=4 shared=0.245 ms
ds4: V4.1 moe split layer=18 rows=4 routed=0.766 ms
ds4: V4.1 moe split layer=19 rows=4 router=0.256 ms
ds4: V4.1 moe split layer=19 rows=4 shared=0.256 ms
ds4: V4.1 moe split layer=19 rows=4 routed=0.844 ms
ds4: V4.1 moe split layer=20 rows=4 router=0.263 ms
ds4: V4.1 moe split layer=20 rows=4 shared=0.282 ms
ds4: V4.1 moe split layer=20 rows=4 routed=0.916 ms
ds4: V4.1 moe split layer=21 rows=4 router=0.283 ms
ds4: V4.1 moe split layer=21 rows=4 shared=0.267 ms
ds4: V4.1 moe split layer=21 rows=4 routed=0.787 ms
ds4: V4.1 moe split layer=22 rows=4 router=0.257 ms
ds4: V4.1 moe split layer=22 rows=4 shared=0.261 ms
ds4: V4.1 moe split layer=22 rows=4 routed=0.892 ms
ds4: V4.1 moe split layer=23 rows=4 router=0.249 ms
ds4: V4.1 moe split layer=23 rows=4 shared=0.263 ms
ds4: V4.1 moe split layer=23 rows=4 routed=0.870 ms
ds4: V4.1 moe split layer=24 rows=4 router=0.259 ms
ds4: V4.1 moe split layer=24 rows=4 shared=0.262 ms
ds4: V4.1 moe split layer=24 rows=4 routed=0.794 ms
ds4: V4.1 moe split layer=25 rows=4 router=0.318 ms
ds4: V4.1 moe split layer=25 rows=4 shared=0.289 ms
ds4: V4.1 moe split layer=25 rows=4 routed=0.852 ms
ds4: V4.1 moe split layer=26 rows=4 router=0.283 ms
ds4: V4.1 moe split layer=26 rows=4 shared=0.283 ms
ds4: V4.1 moe split layer=26 rows=4 routed=0.884 ms
ds4: V4.1 moe split layer=27 rows=4 router=0.243 ms
ds4: V4.1 moe split layer=27 rows=4 shared=0.275 ms
ds4: V4.1 moe split layer=27 rows=4 routed=0.798 ms
ds4: V4.1 moe split layer=28 rows=4 router=0.278 ms
ds4: V4.1 moe split layer=28 rows=4 shared=0.315 ms
ds4: V4.1 moe split layer=28 rows=4 routed=0.790 ms
ds4: V4.1 moe split layer=29 rows=4 router=0.264 ms
ds4: V4.1 moe split layer=29 rows=4 shared=0.267 ms
ds4: V4.1 moe split layer=29 rows=4 routed=0.809 ms
ds4: V4.1 moe split layer=30 rows=4 router=0.264 ms
ds4: V4.1 moe split layer=30 rows=4 shared=0.256 ms
ds4: V4.1 moe split layer=30 rows=4 routed=0.794 ms
ds4: V4.1 moe split layer=31 rows=4 router=0.273 ms
ds4: V4.1 moe split layer=31 rows=4 shared=0.288 ms
ds4: V4.1 moe split layer=31 rows=4 routed=0.900 ms
ds4: V4.1 moe split layer=32 rows=4 router=0.242 ms
ds4: V4.1 moe split layer=32 rows=4 shared=0.261 ms
ds4: V4.1 moe split layer=32 rows=4 routed=0.876 ms
ds4: V4.1 moe split layer=33 rows=4 router=0.252 ms
ds4: V4.1 moe split layer=33 rows=4 shared=0.290 ms
ds4: V4.1 moe split layer=33 rows=4 routed=0.793 ms
ds4: V4.1 moe split layer=34 rows=4 router=0.235 ms
ds4: V4.1 moe split layer=34 rows=4 shared=0.319 ms
ds4: V4.1 moe split layer=34 rows=4 routed=0.914 ms
ds4: V4.1 moe split layer=35 rows=4 router=0.267 ms
ds4: V4.1 moe split layer=35 rows=4 shared=0.259 ms
ds4: V4.1 moe split layer=35 rows=4 routed=0.828 ms
ds4: V4.1 moe split layer=36 rows=4 router=0.291 ms
ds4: V4.1 moe split layer=36 rows=4 shared=0.267 ms
ds4: V4.1 moe split layer=36 rows=4 routed=0.901 ms
ds4: V4.1 moe split layer=37 rows=4 router=0.268 ms
ds4: V4.1 moe split layer=37 rows=4 shared=0.244 ms
ds4: V4.1 moe split layer=37 rows=4 routed=0.794 ms
ds4: V4.1 moe split layer=38 rows=4 router=0.259 ms
ds4: V4.1 moe split layer=38 rows=4 shared=0.280 ms
ds4: V4.1 moe split layer=38 rows=4 routed=0.791 ms
ds4: V4.1 moe split layer=39 rows=4 router=0.271 ms
ds4: V4.1 moe split layer=39 rows=4 shared=0.260 ms
ds4: V4.1 moe split layer=39 rows=4 routed=0.922 ms
ds4: V4.1 batch step rows=4 pre 0.0 ms, per-row attention 0.0 ms, moe 0.0 ms, head 0.0 ms, setup 0.0 ms, publish 0.0 ms
ds4: V4.1 moe split layer=0 rows=4 router=0.257 ms
ds4: V4.1 moe split layer=0 rows=4 shared=0.244 ms
ds4: V4.1 moe split layer=0 rows=4 routed=0.897 ms
ds4: V4.1 moe split layer=1 rows=4 router=0.261 ms
ds4: V4.1 moe split layer=1 rows=4 shared=0.247 ms
ds4: V4.1 moe split layer=1 rows=4 routed=0.884 ms
ds4: V4.1 moe split layer=2 rows=4 router=0.233 ms
ds4: V4.1 moe split layer=2 rows=4 shared=0.286 ms
ds4: V4.1 moe split layer=2 rows=4 routed=0.902 ms
ds4: V4.1 moe split layer=3 rows=4 router=0.303 ms
ds4: V4.1 moe split layer=3 rows=4 shared=0.280 ms
ds4: V4.1 moe split layer=3 rows=4 routed=0.786 ms
ds4: V4.1 moe split layer=4 rows=4 router=0.264 ms
ds4: V4.1 moe split layer=4 rows=4 shared=0.263 ms
ds4: V4.1 moe split layer=4 rows=4 routed=0.797 ms
ds4: V4.1 moe split layer=5 rows=4 router=0.277 ms
ds4: V4.1 moe split layer=5 rows=4 shared=0.261 ms
ds4: V4.1 moe split layer=5 rows=4 routed=0.766 ms
ds4: V4.1 moe split layer=6 rows=4 router=0.252 ms
ds4: V4.1 moe split layer=6 rows=4 shared=0.283 ms
ds4: V4.1 moe split layer=6 rows=4 routed=0.844 ms
ds4: V4.1 moe split layer=7 rows=4 router=0.262 ms
ds4: V4.1 moe split layer=7 rows=4 shared=0.259 ms
ds4: V4.1 moe split layer=7 rows=4 routed=0.841 ms
ds4: V4.1 moe split layer=8 rows=4 router=0.267 ms
ds4: V4.1 moe split layer=8 rows=4 shared=0.263 ms
ds4: V4.1 moe split layer=8 rows=4 routed=0.773 ms
ds4: V4.1 moe split layer=9 rows=4 router=0.283 ms
ds4: V4.1 moe split layer=9 rows=4 shared=0.283 ms
ds4: V4.1 moe split layer=9 rows=4 routed=0.784 ms
ds4: V4.1 moe split layer=10 rows=4 router=0.296 ms
ds4: V4.1 moe split layer=10 rows=4 shared=0.281 ms
ds4: V4.1 moe split layer=10 rows=4 routed=0.888 ms
ds4: V4.1 moe split layer=11 rows=4 router=0.277 ms
ds4: V4.1 moe split layer=11 rows=4 shared=0.276 ms
ds4: V4.1 moe split layer=11 rows=4 routed=0.834 ms
ds4: V4.1 moe split layer=12 rows=4 router=0.205 ms
ds4: V4.1 moe split layer=12 rows=4 shared=0.254 ms
ds4: V4.1 moe split layer=12 rows=4 routed=0.918 ms
ds4: V4.1 moe split layer=13 rows=4 router=0.288 ms
ds4: V4.1 moe split layer=13 rows=4 shared=0.261 ms
ds4: V4.1 moe split layer=13 rows=4 routed=0.865 ms
ds4: V4.1 moe split layer=14 rows=4 router=0.223 ms
ds4: V4.1 moe split layer=14 rows=4 shared=0.266 ms
ds4: V4.1 moe split layer=14 rows=4 routed=0.846 ms
ds4: V4.1 moe split layer=15 rows=4 router=0.204 ms
ds4: V4.1 moe split layer=15 rows=4 shared=0.260 ms
ds4: V4.1 moe split layer=15 rows=4 routed=0.910 ms
ds4: V4.1 moe split layer=16 rows=4 router=0.204 ms
ds4: V4.1 moe split layer=16 rows=4 shared=0.266 ms
ds4: V4.1 moe split layer=16 rows=4 routed=0.824 ms
ds4: V4.1 moe split layer=17 rows=4 router=0.290 ms
ds4: V4.1 moe split layer=17 rows=4 shared=0.280 ms
ds4: V4.1 moe split layer=17 rows=4 routed=0.855 ms
ds4: V4.1 moe split layer=18 rows=4 router=0.213 ms
ds4: V4.1 moe split layer=18 rows=4 shared=0.274 ms
ds4: V4.1 moe split layer=18 rows=4 routed=0.844 ms
ds4: V4.1 moe split layer=19 rows=4 router=0.228 ms
ds4: V4.1 moe split layer=19 rows=4 shared=0.245 ms
ds4: V4.1 moe split layer=19 rows=4 routed=0.869 ms
ds4: V4.1 moe split layer=20 rows=4 router=0.274 ms
ds4: V4.1 moe split layer=20 rows=4 shared=0.261 ms
ds4: V4.1 moe split layer=20 rows=4 routed=0.793 ms
ds4: V4.1 moe split layer=21 rows=4 router=0.252 ms
ds4: V4.1 moe split layer=21 rows=4 shared=0.266 ms
ds4: V4.1 moe split layer=21 rows=4 routed=0.748 ms
ds4: V4.1 moe split layer=22 rows=4 router=0.249 ms
ds4: V4.1 moe split layer=22 rows=4 shared=0.238 ms
ds4: V4.1 moe split layer=22 rows=4 routed=0.862 ms
ds4: V4.1 moe split layer=23 rows=4 router=0.254 ms
ds4: V4.1 moe split layer=23 rows=4 shared=0.254 ms
ds4: V4.1 moe split layer=23 rows=4 routed=0.812 ms
ds4: V4.1 moe split layer=24 rows=4 router=0.248 ms
ds4: V4.1 moe split layer=24 rows=4 shared=0.312 ms
ds4: V4.1 moe split layer=24 rows=4 routed=0.761 ms
ds4: V4.1 moe split layer=25 rows=4 router=0.253 ms
ds4: V4.1 moe split layer=25 rows=4 shared=0.285 ms
ds4: V4.1 moe split layer=25 rows=4 routed=0.747 ms
ds4: V4.1 moe split layer=26 rows=4 router=0.253 ms
ds4: V4.1 moe split layer=26 rows=4 shared=0.259 ms
ds4: V4.1 moe split layer=26 rows=4 routed=0.776 ms
ds4: V4.1 moe split layer=27 rows=4 router=0.285 ms
ds4: V4.1 moe split layer=27 rows=4 shared=0.256 ms
ds4: V4.1 moe split layer=27 rows=4 routed=0.823 ms
ds4: V4.1 moe split layer=28 rows=4 router=0.253 ms
ds4: V4.1 moe split layer=28 rows=4 shared=0.248 ms
ds4: V4.1 moe split layer=28 rows=4 routed=0.820 ms
ds4: V4.1 moe split layer=29 rows=4 router=0.273 ms
ds4: V4.1 moe split layer=29 rows=4 shared=0.273 ms
ds4: V4.1 moe split layer=29 rows=4 routed=0.802 ms
ds4: V4.1 moe split layer=30 rows=4 router=0.280 ms
ds4: V4.1 moe split layer=30 rows=4 shared=0.266 ms
ds4: V4.1 moe split layer=30 rows=4 routed=0.806 ms
ds4: V4.1 moe split layer=31 rows=4 router=0.262 ms
ds4: V4.1 moe split layer=31 rows=4 shared=0.270 ms
ds4: V4.1 moe split layer=31 rows=4 routed=0.798 ms
ds4: V4.1 moe split layer=32 rows=4 router=0.315 ms
ds4: V4.1 moe split layer=32 rows=4 shared=0.290 ms
ds4: V4.1 moe split layer=32 rows=4 routed=0.770 ms
ds4: V4.1 moe split layer=33 rows=4 router=0.268 ms
ds4: V4.1 moe split layer=33 rows=4 shared=0.269 ms
ds4: V4.1 moe split layer=33 rows=4 routed=0.907 ms
ds4: V4.1 moe split layer=34 rows=4 router=0.290 ms
ds4: V4.1 moe split layer=34 rows=4 shared=0.268 ms
ds4: V4.1 moe split layer=34 rows=4 routed=0.856 ms
ds4: V4.1 moe split layer=35 rows=4 router=0.286 ms
ds4: V4.1 moe split layer=35 rows=4 shared=0.288 ms
ds4: V4.1 moe split layer=35 rows=4 routed=0.906 ms
ds4: V4.1 moe split layer=36 rows=4 router=0.282 ms
ds4: V4.1 moe split layer=36 rows=4 shared=0.257 ms
ds4: V4.1 moe split layer=36 rows=4 routed=0.835 ms
ds4: V4.1 moe split layer=37 rows=4 router=0.225 ms
ds4: V4.1 moe split layer=37 rows=4 shared=0.340 ms
ds4: V4.1 moe split layer=37 rows=4 routed=0.911 ms
ds4: V4.1 moe split layer=38 rows=4 router=0.254 ms
ds4: V4.1 moe split layer=38 rows=4 shared=0.328 ms
ds4: V4.1 moe split layer=38 rows=4 routed=0.831 ms
ds4: V4.1 moe split layer=39 rows=4 router=0.250 ms
ds4: V4.1 moe split layer=39 rows=4 shared=0.286 ms
ds4: V4.1 moe split layer=39 rows=4 routed=0.805 ms
ds4: V4.1 batch step rows=4 pre 0.0 ms, per-row attention 0.0 ms, moe 0.0 ms, head 0.0 ms, setup 0.0 ms, publish 0.0 ms
ds4: V4.1 moe split layer=0 rows=4 router=0.296 ms
ds4: V4.1 moe split layer=0 rows=4 shared=0.292 ms
ds4: V4.1 moe split layer=0 rows=4 routed=0.894 ms
ds4: V4.1 moe split layer=1 rows=4 router=0.277 ms
ds4: V4.1 moe split layer=1 rows=4 shared=0.276 ms
ds4: V4.1 moe split layer=1 rows=4 routed=0.863 ms
ds4: V4.1 moe split layer=2 rows=4 router=0.230 ms
ds4: V4.1 moe split layer=2 rows=4 shared=0.273 ms
ds4: V4.1 moe split layer=2 rows=4 routed=0.802 ms
ds4: V4.1 moe split layer=3 rows=4 router=0.260 ms
ds4: V4.1 moe split layer=3 rows=4 shared=0.254 ms
ds4: V4.1 moe split layer=3 rows=4 routed=0.807 ms
ds4: V4.1 moe split layer=4 rows=4 router=0.285 ms
ds4: V4.1 moe split layer=4 rows=4 shared=0.288 ms
ds4: V4.1 moe split layer=4 rows=4 routed=0.881 ms
ds4: V4.1 moe split layer=5 rows=4 router=0.288 ms
ds4: V4.1 moe split layer=5 rows=4 shared=0.259 ms
ds4: V4.1 moe split layer=5 rows=4 routed=0.797 ms
ds4: V4.1 moe split layer=6 rows=4 router=0.281 ms
ds4: V4.1 moe split layer=6 rows=4 shared=0.321 ms
ds4: V4.1 moe split layer=6 rows=4 routed=0.869 ms
ds4: V4.1 moe split layer=7 rows=4 router=0.283 ms
ds4: V4.1 moe split layer=7 rows=4 shared=0.267 ms
ds4: V4.1 moe split layer=7 rows=4 routed=0.825 ms
ds4: V4.1 moe split layer=8 rows=4 router=0.261 ms
ds4: V4.1 moe split layer=8 rows=4 shared=0.246 ms
ds4: V4.1 moe split layer=8 rows=4 routed=0.799 ms
ds4: V4.1 moe split layer=9 rows=4 router=0.255 ms
ds4: V4.1 moe split layer=9 rows=4 shared=0.287 ms
ds4: V4.1 moe split layer=9 rows=4 routed=0.838 ms
ds4: V4.1 moe split layer=10 rows=4 router=0.250 ms
ds4: V4.1 moe split layer=10 rows=4 shared=0.269 ms
ds4: V4.1 moe split layer=10 rows=4 routed=0.802 ms
ds4: V4.1 moe split layer=11 rows=4 router=0.220 ms
ds4: V4.1 moe split layer=11 rows=4 shared=0.266 ms
ds4: V4.1 moe split layer=11 rows=4 routed=0.855 ms
ds4: V4.1 moe split layer=12 rows=4 router=0.215 ms
ds4: V4.1 moe split layer=12 rows=4 shared=0.281 ms
ds4: V4.1 moe split layer=12 rows=4 routed=0.893 ms
ds4: V4.1 moe split layer=13 rows=4 router=0.249 ms
ds4: V4.1 moe split layer=13 rows=4 shared=0.266 ms
ds4: V4.1 moe split layer=13 rows=4 routed=0.789 ms
ds4: V4.1 moe split layer=14 rows=4 router=0.285 ms
ds4: V4.1 moe split layer=14 rows=4 shared=0.251 ms
ds4: V4.1 moe split layer=14 rows=4 routed=0.791 ms
ds4: V4.1 moe split layer=15 rows=4 router=0.213 ms
ds4: V4.1 moe split layer=15 rows=4 shared=0.275 ms
ds4: V4.1 moe split layer=15 rows=4 routed=0.915 ms
ds4: V4.1 moe split layer=16 rows=4 router=0.237 ms
ds4: V4.1 moe split layer=16 rows=4 shared=0.294 ms
ds4: V4.1 moe split layer=16 rows=4 routed=0.893 ms
ds4: V4.1 moe split layer=17 rows=4 router=0.277 ms
ds4: V4.1 moe split layer=17 rows=4 shared=0.262 ms
ds4: V4.1 moe split layer=17 rows=4 routed=0.893 ms
ds4: V4.1 moe split layer=18 rows=4 router=0.283 ms
ds4: V4.1 moe split layer=18 rows=4 shared=0.249 ms
ds4: V4.1 moe split layer=18 rows=4 routed=0.784 ms
ds4: V4.1 moe split layer=19 rows=4 router=0.286 ms
ds4: V4.1 moe split layer=19 rows=4 shared=0.259 ms
ds4: V4.1 moe split layer=19 rows=4 routed=0.791 ms
ds4: V4.1 moe split layer=20 rows=4 router=0.267 ms
ds4: V4.1 moe split layer=20 rows=4 shared=0.323 ms
ds4: V4.1 moe split layer=20 rows=4 routed=0.782 ms
ds4: V4.1 moe split layer=21 rows=4 router=0.290 ms
ds4: V4.1 moe split layer=21 rows=4 shared=0.275 ms
ds4: V4.1 moe split layer=21 rows=4 routed=0.783 ms
ds4: V4.1 moe split layer=22 rows=4 router=0.308 ms
ds4: V4.1 moe split layer=22 rows=4 shared=0.266 ms
ds4: V4.1 moe split layer=22 rows=4 routed=0.905 ms
ds4: V4.1 moe split layer=23 rows=4 router=0.263 ms
ds4: V4.1 moe split layer=23 rows=4 shared=0.262 ms
ds4: V4.1 moe split layer=23 rows=4 routed=0.886 ms
ds4: V4.1 moe split layer=24 rows=4 router=0.230 ms
ds4: V4.1 moe split layer=24 rows=4 shared=0.264 ms
ds4: V4.1 moe split layer=24 rows=4 routed=0.783 ms
ds4: V4.1 moe split layer=25 rows=4 router=0.266 ms
ds4: V4.1 moe split layer=25 rows=4 shared=0.267 ms
ds4: V4.1 moe split layer=25 rows=4 routed=0.898 ms
ds4: V4.1 moe split layer=26 rows=4 router=0.259 ms
ds4: V4.1 moe split layer=26 rows=4 shared=0.246 ms
ds4: V4.1 moe split layer=26 rows=4 routed=0.784 ms
ds4: V4.1 moe split layer=27 rows=4 router=0.269 ms
ds4: V4.1 moe split layer=27 rows=4 shared=0.293 ms
ds4: V4.1 moe split layer=27 rows=4 routed=0.849 ms
ds4: V4.1 moe split layer=28 rows=4 router=0.267 ms
ds4: V4.1 moe split layer=28 rows=4 shared=0.243 ms
ds4: V4.1 moe split layer=28 rows=4 routed=0.853 ms
ds4: V4.1 moe split layer=29 rows=4 router=0.267 ms
ds4: V4.1 moe split layer=29 rows=4 shared=0.255 ms
ds4: V4.1 moe split layer=29 rows=4 routed=0.831 ms
ds4: V4.1 moe split layer=30 rows=4 router=0.276 ms
ds4: V4.1 moe split layer=30 rows=4 shared=0.274 ms
ds4: V4.1 moe split layer=30 rows=4 routed=0.791 ms
ds4: V4.1 moe split layer=31 rows=4 router=0.267 ms
ds4: V4.1 moe split layer=31 rows=4 shared=0.257 ms
ds4: V4.1 moe split layer=31 rows=4 routed=0.782 ms
ds4: V4.1 moe split layer=32 rows=4 router=0.294 ms
ds4: V4.1 moe split layer=32 rows=4 shared=0.268 ms
ds4: V4.1 moe split layer=32 rows=4 routed=0.876 ms
ds4: V4.1 moe split layer=33 rows=4 router=0.232 ms
ds4: V4.1 moe split layer=33 rows=4 shared=0.290 ms
ds4: V4.1 moe split layer=33 rows=4 routed=0.788 ms
ds4: V4.1 moe split layer=34 rows=4 router=0.203 ms
ds4: V4.1 moe split layer=34 rows=4 shared=0.310 ms
ds4: V4.1 moe split layer=34 rows=4 routed=0.885 ms
ds4: V4.1 moe split layer=35 rows=4 router=0.309 ms
ds4: V4.1 moe split layer=35 rows=4 shared=0.289 ms
ds4: V4.1 moe split layer=35 rows=4 routed=0.788 ms
ds4: V4.1 moe split layer=36 rows=4 router=0.284 ms
ds4: V4.1 moe split layer=36 rows=4 shared=0.258 ms
ds4: V4.1 moe split layer=36 rows=4 routed=0.875 ms
ds4: V4.1 moe split layer=37 rows=4 router=0.309 ms
ds4: V4.1 moe split layer=37 rows=4 shared=0.281 ms
ds4: V4.1 moe split layer=37 rows=4 routed=0.850 ms
ds4: V4.1 moe split layer=38 rows=4 router=0.261 ms
ds4: V4.1 moe split layer=38 rows=4 shared=0.290 ms
ds4: V4.1 moe split layer=38 rows=4 routed=0.787 ms
ds4: V4.1 moe split layer=39 rows=4 router=0.311 ms
ds4: V4.1 moe split layer=39 rows=4 shared=0.278 ms
ds4: V4.1 moe split layer=39 rows=4 routed=0.779 ms
ds4: V4.1 batch step rows=4 pre 0.0 ms, per-row attention 0.0 ms, moe 0.0 ms, head 0.0 ms, setup 0.0 ms, publish 0.0 ms
ds4: V4.1 moe split layer=0 rows=4 router=0.232 ms
ds4: V4.1 moe split layer=0 rows=4 shared=0.291 ms
ds4: V4.1 moe split layer=0 rows=4 routed=0.840 ms
ds4: V4.1 moe split layer=1 rows=4 router=0.291 ms
ds4: V4.1 moe split layer=1 rows=4 shared=0.259 ms
ds4: V4.1 moe split layer=1 rows=4 routed=0.788 ms
ds4: V4.1 moe split layer=2 rows=4 router=0.242 ms
ds4: V4.1 moe split layer=2 rows=4 shared=0.288 ms
ds4: V4.1 moe split layer=2 rows=4 routed=0.858 ms
ds4: V4.1 moe split layer=3 rows=4 router=0.247 ms
ds4: V4.1 moe split layer=3 rows=4 shared=0.281 ms
ds4: V4.1 moe split layer=3 rows=4 routed=0.838 ms
ds4: V4.1 moe split layer=4 rows=4 router=0.284 ms
ds4: V4.1 moe split layer=4 rows=4 shared=0.262 ms
ds4: V4.1 moe split layer=4 rows=4 routed=0.785 ms
ds4: V4.1 moe split layer=5 rows=4 router=0.287 ms
ds4: V4.1 moe split layer=5 rows=4 shared=0.244 ms
ds4: V4.1 moe split layer=5 rows=4 routed=0.792 ms
ds4: V4.1 moe split layer=6 rows=4 router=0.260 ms
ds4: V4.1 moe split layer=6 rows=4 shared=0.246 ms
ds4: V4.1 moe split layer=6 rows=4 routed=0.894 ms
ds4: V4.1 moe split layer=7 rows=4 router=0.252 ms
ds4: V4.1 moe split layer=7 rows=4 shared=0.254 ms
ds4: V4.1 moe split layer=7 rows=4 routed=0.885 ms
ds4: V4.1 moe split layer=8 rows=4 router=0.234 ms
ds4: V4.1 moe split layer=8 rows=4 shared=0.256 ms
ds4: V4.1 moe split layer=8 rows=4 routed=0.881 ms
ds4: V4.1 moe split layer=9 rows=4 router=0.230 ms
ds4: V4.1 moe split layer=9 rows=4 shared=0.306 ms
ds4: V4.1 moe split layer=9 rows=4 routed=0.887 ms
ds4: V4.1 moe split layer=10 rows=4 router=0.262 ms
ds4: V4.1 moe split layer=10 rows=4 shared=0.272 ms
ds4: V4.1 moe split layer=10 rows=4 routed=0.786 ms
ds4: V4.1 moe split layer=11 rows=4 router=0.271 ms
ds4: V4.1 moe split layer=11 rows=4 shared=0.279 ms
ds4: V4.1 moe split layer=11 rows=4 routed=0.892 ms
ds4: V4.1 moe split layer=12 rows=4 router=0.273 ms
ds4: V4.1 moe split layer=12 rows=4 shared=0.269 ms
ds4: V4.1 moe split layer=12 rows=4 routed=0.822 ms
ds4: V4.1 moe split layer=13 rows=4 router=0.257 ms
ds4: V4.1 moe split layer=13 rows=4 shared=0.284 ms
ds4: V4.1 moe split layer=13 rows=4 routed=0.794 ms
ds4: V4.1 moe split layer=14 rows=4 router=0.266 ms
ds4: V4.1 moe split layer=14 rows=4 shared=0.286 ms
ds4: V4.1 moe split layer=14 rows=4 routed=0.781 ms
ds4: V4.1 moe split layer=15 rows=4 router=0.258 ms
ds4: V4.1 moe split layer=15 rows=4 shared=0.258 ms
ds4: V4.1 moe split layer=15 rows=4 routed=0.785 ms
ds4: V4.1 moe split layer=16 rows=4 router=0.230 ms
ds4: V4.1 moe split layer=16 rows=4 shared=0.253 ms
ds4: V4.1 moe split layer=16 rows=4 routed=0.800 ms
ds4: V4.1 moe split layer=17 rows=4 router=0.332 ms
ds4: V4.1 moe split layer=17 rows=4 shared=0.279 ms
ds4: V4.1 moe split layer=17 rows=4 routed=0.786 ms
ds4: V4.1 moe split layer=18 rows=4 router=0.249 ms
ds4: V4.1 moe split layer=18 rows=4 shared=0.269 ms
ds4: V4.1 moe split layer=18 rows=4 routed=0.814 ms
ds4: V4.1 moe split layer=19 rows=4 router=0.257 ms
ds4: V4.1 moe split layer=19 rows=4 shared=0.263 ms
ds4: V4.1 moe split layer=19 rows=4 routed=0.787 ms
ds4: V4.1 moe split layer=20 rows=4 router=0.288 ms
ds4: V4.1 moe split layer=20 rows=4 shared=0.281 ms
ds4: V4.1 moe split layer=20 rows=4 routed=0.835 ms
ds4: V4.1 moe split layer=21 rows=4 router=0.292 ms
ds4: V4.1 moe split layer=21 rows=4 shared=0.276 ms
ds4: V4.1 moe split layer=21 rows=4 routed=0.839 ms
ds4: V4.1 moe split layer=22 rows=4 router=0.295 ms
ds4: V4.1 moe split layer=22 rows=4 shared=0.288 ms
ds4: V4.1 moe split layer=22 rows=4 routed=0.771 ms
ds4: V4.1 moe split layer=23 rows=4 router=0.277 ms
ds4: V4.1 moe split layer=23 rows=4 shared=0.257 ms
ds4: V4.1 moe split layer=23 rows=4 routed=0.842 ms
ds4: V4.1 moe split layer=24 rows=4 router=0.259 ms
ds4: V4.1 moe split layer=24 rows=4 shared=0.280 ms
ds4: V4.1 moe split layer=24 rows=4 routed=0.754 ms
ds4: V4.1 moe split layer=25 rows=4 router=0.311 ms
ds4: V4.1 moe split layer=25 rows=4 shared=0.264 ms
ds4: V4.1 moe split layer=25 rows=4 routed=0.821 ms
ds4: V4.1 moe split layer=26 rows=4 router=0.261 ms
ds4: V4.1 moe split layer=26 rows=4 shared=0.297 ms
ds4: V4.1 moe split layer=26 rows=4 routed=0.863 ms
ds4: V4.1 moe split layer=27 rows=4 router=0.285 ms
ds4: V4.1 moe split layer=27 rows=4 shared=0.251 ms
ds4: V4.1 moe split layer=27 rows=4 routed=0.847 ms
ds4: V4.1 moe split layer=28 rows=4 router=0.214 ms
ds4: V4.1 moe split layer=28 rows=4 shared=0.260 ms
ds4: V4.1 moe split layer=28 rows=4 routed=0.814 ms
ds4: V4.1 moe split layer=29 rows=4 router=0.276 ms
ds4: V4.1 moe split layer=29 rows=4 shared=0.260 ms
ds4: V4.1 moe split layer=29 rows=4 routed=0.886 ms
ds4: V4.1 moe split layer=30 rows=4 router=0.271 ms
ds4: V4.1 moe split layer=30 rows=4 shared=0.282 ms
ds4: V4.1 moe split layer=30 rows=4 routed=0.859 ms
ds4: V4.1 moe split layer=31 rows=4 router=0.351 ms
ds4: V4.1 moe split layer=31 rows=4 shared=0.257 ms
ds4: V4.1 moe split layer=31 rows=4 routed=0.860 ms
ds4: V4.1 moe split layer=32 rows=4 router=0.243 ms
ds4: V4.1 moe split layer=32 rows=4 shared=0.253 ms
ds4: V4.1 moe split layer=32 rows=4 routed=0.885 ms
ds4: V4.1 moe split layer=33 rows=4 router=0.258 ms
ds4: V4.1 moe split layer=33 rows=4 shared=0.271 ms
ds4: V4.1 moe split layer=33 rows=4 routed=0.794 ms
ds4: V4.1 moe split layer=34 rows=4 router=0.215 ms
ds4: V4.1 moe split layer=34 rows=4 shared=0.255 ms
ds4: V4.1 moe split layer=34 rows=4 routed=0.797 ms
ds4: V4.1 moe split layer=35 rows=4 router=0.265 ms
ds4: V4.1 moe split layer=35 rows=4 shared=0.276 ms
ds4: V4.1 moe split layer=35 rows=4 routed=0.779 ms
ds4: V4.1 moe split layer=36 rows=4 router=0.265 ms
ds4: V4.1 moe split layer=36 rows=4 shared=0.260 ms
ds4: V4.1 moe split layer=36 rows=4 routed=0.837 ms
ds4: V4.1 moe split layer=37 rows=4 router=0.277 ms
ds4: V4.1 moe split layer=37 rows=4 shared=0.278 ms
ds4: V4.1 moe split layer=37 rows=4 routed=0.819 ms
ds4: V4.1 moe split layer=38 rows=4 router=0.335 ms
ds4: V4.1 moe split layer=38 rows=4 shared=0.290 ms
ds4: V4.1 moe split layer=38 rows=4 routed=0.796 ms
ds4: V4.1 moe split layer=39 rows=4 router=0.262 ms
ds4: V4.1 moe split layer=39 rows=4 shared=0.265 ms
ds4: V4.1 moe split layer=39 rows=4 routed=0.769 ms
ds4: V4.1 batch step rows=4 pre 0.0 ms, per-row attention 0.0 ms, moe 0.0 ms, head 0.0 ms, setup 0.0 ms, publish 0.0 ms
ds4: V4.1 moe split layer=0 rows=4 router=0.254 ms
ds4: V4.1 moe split layer=0 rows=4 shared=0.244 ms
ds4: V4.1 moe split layer=0 rows=4 routed=0.812 ms
ds4: V4.1 moe split layer=1 rows=4 router=0.289 ms
ds4: V4.1 moe split layer=1 rows=4 shared=0.274 ms
ds4: V4.1 moe split layer=1 rows=4 routed=0.850 ms
ds4: V4.1 moe split layer=2 rows=4 router=0.260 ms
ds4: V4.1 moe split layer=2 rows=4 shared=0.290 ms
ds4: V4.1 moe split layer=2 rows=4 routed=0.777 ms
ds4: V4.1 moe split layer=3 rows=4 router=0.257 ms
ds4: V4.1 moe split layer=3 rows=4 shared=0.303 ms
ds4: V4.1 moe split layer=3 rows=4 routed=0.892 ms
ds4: V4.1 moe split layer=4 rows=4 router=0.260 ms
ds4: V4.1 moe split layer=4 rows=4 shared=0.259 ms
ds4: V4.1 moe split layer=4 rows=4 routed=0.827 ms
ds4: V4.1 moe split layer=5 rows=4 router=0.226 ms
ds4: V4.1 moe split layer=5 rows=4 shared=0.246 ms
ds4: V4.1 moe split layer=5 rows=4 routed=0.911 ms
ds4: V4.1 moe split layer=6 rows=4 router=0.254 ms
ds4: V4.1 moe split layer=6 rows=4 shared=0.268 ms
ds4: V4.1 moe split layer=6 rows=4 routed=0.808 ms
ds4: V4.1 moe split layer=7 rows=4 router=0.220 ms
ds4: V4.1 moe split layer=7 rows=4 shared=0.265 ms
ds4: V4.1 moe split layer=7 rows=4 routed=0.788 ms
ds4: V4.1 moe split layer=8 rows=4 router=0.259 ms
ds4: V4.1 moe split layer=8 rows=4 shared=0.275 ms
ds4: V4.1 moe split layer=8 rows=4 routed=0.809 ms
ds4: V4.1 moe split layer=9 rows=4 router=0.260 ms
ds4: V4.1 moe split layer=9 rows=4 shared=0.254 ms
ds4: V4.1 moe split layer=9 rows=4 routed=0.743 ms
ds4: V4.1 moe split layer=10 rows=4 router=0.278 ms
ds4: V4.1 moe split layer=10 rows=4 shared=0.280 ms
ds4: V4.1 moe split layer=10 rows=4 routed=0.822 ms
ds4: V4.1 moe split layer=11 rows=4 router=0.258 ms
ds4: V4.1 moe split layer=11 rows=4 shared=0.287 ms
ds4: V4.1 moe split layer=11 rows=4 routed=0.803 ms
ds4: V4.1 moe split layer=12 rows=4 router=0.249 ms
ds4: V4.1 moe split layer=12 rows=4 shared=0.290 ms
ds4: V4.1 moe split layer=12 rows=4 routed=0.784 ms
ds4: V4.1 moe split layer=13 rows=4 router=0.212 ms
ds4: V4.1 moe split layer=13 rows=4 shared=0.287 ms
ds4: V4.1 moe split layer=13 rows=4 routed=0.797 ms
ds4: V4.1 moe split layer=14 rows=4 router=0.259 ms
ds4: V4.1 moe split layer=14 rows=4 shared=0.261 ms
ds4: V4.1 moe split layer=14 rows=4 routed=0.780 ms
ds4: V4.1 moe split layer=15 rows=4 router=0.249 ms
ds4: V4.1 moe split layer=15 rows=4 shared=0.282 ms
ds4: V4.1 moe split layer=15 rows=4 routed=0.822 ms
ds4: V4.1 moe split layer=16 rows=4 router=0.253 ms
ds4: V4.1 moe split layer=16 rows=4 shared=0.263 ms
ds4: V4.1 moe split layer=16 rows=4 routed=0.793 ms
ds4: V4.1 moe split layer=17 rows=4 router=0.251 ms
ds4: V4.1 moe split layer=17 rows=4 shared=0.248 ms
ds4: V4.1 moe split layer=17 rows=4 routed=0.790 ms
ds4: V4.1 moe split layer=18 rows=4 router=0.307 ms
ds4: V4.1 moe split layer=18 rows=4 shared=0.276 ms
ds4: V4.1 moe split layer=18 rows=4 routed=0.843 ms
ds4: V4.1 moe split layer=19 rows=4 router=0.279 ms
ds4: V4.1 moe split layer=19 rows=4 shared=0.279 ms
ds4: V4.1 moe split layer=19 rows=4 routed=0.877 ms
ds4: V4.1 moe split layer=20 rows=4 router=0.246 ms
ds4: V4.1 moe split layer=20 rows=4 shared=0.289 ms
ds4: V4.1 moe split layer=20 rows=4 routed=0.888 ms
ds4: V4.1 moe split layer=21 rows=4 router=0.238 ms
ds4: V4.1 moe split layer=21 rows=4 shared=0.284 ms
ds4: V4.1 moe split layer=21 rows=4 routed=0.890 ms
ds4: V4.1 moe split layer=22 rows=4 router=0.268 ms
ds4: V4.1 moe split layer=22 rows=4 shared=0.284 ms
ds4: V4.1 moe split layer=22 rows=4 routed=0.843 ms
ds4: V4.1 moe split layer=23 rows=4 router=0.263 ms
ds4: V4.1 moe split layer=23 rows=4 shared=0.263 ms
ds4: V4.1 moe split layer=23 rows=4 routed=0.789 ms
ds4: V4.1 moe split layer=24 rows=4 router=0.249 ms
ds4: V4.1 moe split layer=24 rows=4 shared=0.273 ms
ds4: V4.1 moe split layer=24 rows=4 routed=0.886 ms
ds4: V4.1 moe split layer=25 rows=4 router=0.274 ms
ds4: V4.1 moe split layer=25 rows=4 shared=0.255 ms
ds4: V4.1 moe split layer=25 rows=4 routed=0.847 ms
ds4: V4.1 moe split layer=26 rows=4 router=0.253 ms
ds4: V4.1 moe split layer=26 rows=4 shared=0.251 ms
ds4: V4.1 moe split layer=26 rows=4 routed=0.811 ms
ds4: V4.1 moe split layer=27 rows=4 router=0.266 ms
ds4: V4.1 moe split layer=27 rows=4 shared=0.264 ms
ds4: V4.1 moe split layer=27 rows=4 routed=0.846 ms
ds4: V4.1 moe split layer=28 rows=4 router=0.265 ms
ds4: V4.1 moe split layer=28 rows=4 shared=0.252 ms
ds4: V4.1 moe split layer=28 rows=4 routed=0.787 ms
ds4: V4.1 moe split layer=29 rows=4 router=0.314 ms
ds4: V4.1 moe split layer=29 rows=4 shared=0.280 ms
ds4: V4.1 moe split layer=29 rows=4 routed=0.877 ms
ds4: V4.1 moe split layer=30 rows=4 router=0.260 ms
ds4: V4.1 moe split layer=30 rows=4 shared=0.299 ms
ds4: V4.1 moe split layer=30 rows=4 routed=0.893 ms
ds4: V4.1 moe split layer=31 rows=4 router=0.222 ms
ds4: V4.1 moe split layer=31 rows=4 shared=0.268 ms
ds4: V4.1 moe split layer=31 rows=4 routed=0.892 ms
ds4: V4.1 moe split layer=32 rows=4 router=0.286 ms
ds4: V4.1 moe split layer=32 rows=4 shared=0.253 ms
ds4: V4.1 moe split layer=32 rows=4 routed=0.792 ms
ds4: V4.1 moe split layer=33 rows=4 router=0.264 ms
ds4: V4.1 moe split layer=33 rows=4 shared=0.244 ms
ds4: V4.1 moe split layer=33 rows=4 routed=0.770 ms
ds4: V4.1 moe split layer=34 rows=4 router=0.286 ms
ds4: V4.1 moe split layer=34 rows=4 shared=0.261 ms
ds4: V4.1 moe split layer=34 rows=4 routed=0.796 ms
ds4: V4.1 moe split layer=35 rows=4 router=0.263 ms
ds4: V4.1 moe split layer=35 rows=4 shared=0.301 ms
ds4: V4.1 moe split layer=35 rows=4 routed=0.790 ms
ds4: V4.1 moe split layer=36 rows=4 router=0.270 ms
ds4: V4.1 moe split layer=36 rows=4 shared=0.260 ms
ds4: V4.1 moe split layer=36 rows=4 routed=0.841 ms
ds4: V4.1 moe split layer=37 rows=4 router=0.308 ms
ds4: V4.1 moe split layer=37 rows=4 shared=0.311 ms
ds4: V4.1 moe split layer=37 rows=4 routed=0.814 ms
ds4: V4.1 moe split layer=38 rows=4 router=0.253 ms
ds4: V4.1 moe split layer=38 rows=4 shared=0.270 ms
ds4: V4.1 moe split layer=38 rows=4 routed=0.781 ms
ds4: V4.1 moe split layer=39 rows=4 router=0.233 ms
ds4: V4.1 moe split layer=39 rows=4 shared=0.262 ms
ds4: V4.1 moe split layer=39 rows=4 routed=0.831 ms
ds4: V4.1 batch step rows=4 pre 0.0 ms, per-row attention 0.0 ms, moe 0.0 ms, head 0.0 ms, setup 0.0 ms, publish 0.0 ms
ds4: V4.1 verify selftest k=4, 32 positions from 31 (odd start, pair carry restored), 1 alternating rounds
  round 0: single 34.82 ms/token, batch 129.30 ms/step
ds4: selftest control: a second single pass differs from the reference in 0 of 4136960 logits
  median single    : 34.82 ms/token
  median 4-row step: 129.30 ms = 3.71x one single step
  perfect-draft ceiling: 30.94 tok/s (100 tok/s requires <= 40.00 ms/step)
  block width      : 1.08x of 4 (needs 3.48x for 100 tok/s)
  concurrent       : 27910 sections opened of 27910 asked
  marginal row cost: 31.49 ms = 90% of a standalone token
  rollback         : reproduces its own output
  batch vs single  : identical argmax (32 rows checked)
  batch logits     : identical to the single pass
  break-even       : accept 93% of drafted tokens to beat single
  rolled-back passes agree with each other: yes
ds4: gate over tokens 65-128: 14.00 command buffers, 0.00 aborts, 240.0 expert ids accounted, 0.00 MiB loaded a token; 0 the gate failed to switch off, 0 it could not gate
ds4:   one token, exclusive, same window: entry 0.00 + encode 0.32 + commit-to-done 30.33 + repair-load 0.00 + accounting 0.03 + tail 1.39 = 32.08 of a 34.01 ms wall, residual 1.93
ds4:   of the commit-to-done: GPU running 38.56 ms, GPU not running -8.23 ms
ds4:   1429.8 gated dispatches a token, 0.0 of them behind an abort; 610.3 sent plain ahead of a buffer's first validate
ds4:   encode-ahead: 12.00 segments used, 0.00 dropped, 1.89 ms a token spent encoding under the GPU
ds4:   concurrent sections: 84.75 attempted, 84.75 opened a token
ds4:   speculation: 0.00 layers a token, 0.00 lanes computed, 0.00 matched, 0.00 GEMVs actually saved, 0.00 left to compute; compared 0.00 lanes, 0.00 floats differ, 0.00 by more than an ulp
ds4:   expert cache over the last 64 tokens: 360.00 hits, 0.00 misses, 0.00 evictions a token; 4395 of 7930 entries live (55.4%)
ds4:   of the address-table holes repaired a token: 0.00 already resident, 0.00 genuinely absent
ds4:   residency a token: 0.00 adds, 0.00 removes, 0.00 commits
0925 00:05:02 ds4-server: chat ctx=31..35:4 gen=4 THINKING decoding chunk=0.65 t/s avg=0.65 t/s 6.114s
ds4-server: thinking not closed, ignoring incomplete DSML in reasoning
0925 00:05:02 ds4-server: chat ctx=0..31:31 gen=4 THINKING finish=length 8.360s
0925 00:05:04 ds4-server: shutdown requested, draining requests
