ds4: abort gate on for the first 40 layers
ds4: Metal device Apple M5 Max, 128.00 GiB RAM
ds4: Metal 4 tensor API enabled for Tensor kernels
ds4: drift-patch flags hc_stable=on norm_unify=on kv_raw_f32=off rope_exp2_log2=off math_safe=off tensor_matmul=on
ds4: Metal SSD streaming mode enabled; full model residency and warmup are skipped
ds4: SSD streaming auto cache budget
ds4:   metal recommends 107.52 GiB working set
ds4:   using 84% total for model + cached experts: 90.00 GiB
ds4:   non-routed weights: 9.37 GiB
ds4:   routed expert size: 9.49 MiB
ds4:   expert budget before prefill reserve: 8698 (80.63 GiB)
ds4: metal SSD streaming cache target 80.63 GiB; effective 80.63 GiB = 7.12 GiB prefill headroom + 73.51 GiB dynamic cache (7930 experts, 9.49 MiB each)
ds4: Metal SSD static weights locked 9.37 GiB; pageable 0.00 GiB
ds4: SSD streaming initial metal model map (569 spans, 9.37 GiB tensor span)
ds4: metal backend initialized for graph diagnostics
ds4: memory: KV 0.06 GiB (raw 0.01 + compressed 0.05) + buffers 3.27 GiB + resident model 9.37 GiB + expert cache 73.51 GiB + prefill expert reserve 7.12 GiB = 93.33 GiB planned
ds4: memory detail: ctx=8192 prefill_cap=4096 raw_kv_rows=128 compressed_kv_rows=8193 backend=metal
0925 00:04:39 ds4-server: context buffers 3411.39 MiB (ctx=8192, backend=metal, prefill_chunk=4096, raw_kv_rows=128, compressed_kv_rows=8193)
ds4: V4.1 static context buffers 3411.39 MiB (ctx=8192), Engram disk-only
0925 00:04:39 ds4-server: listening on http://127.0.0.1:8016
0925 00:04:42 ds4-server: chat ctx=0..31:31 prompt start
ds4: shared/routed FFN overlap ran, mode 1
ds4: expert residency set on the queue
0925 00:04:42 ds4-server: chat ctx=0..31:31 prefill chunk 1/31 (3.2%) chunk=0.00 t/s avg=3.95 t/s 0.253s
0925 00:04:42 ds4-server: chat ctx=0..31:31 prefill chunk 2/31 (6.5%) chunk=5.14 t/s avg=4.47 t/s 0.447s
0925 00:04:42 ds4-server: chat ctx=0..31:31 prefill chunk 3/31 (9.7%) chunk=11.85 t/s avg=5.64 t/s 0.532s
0925 00:04:42 ds4-server: chat ctx=0..31:31 prefill chunk 4/31 (12.9%) chunk=12.95 t/s avg=6.57 t/s 0.609s
0925 00:04:42 ds4-server: chat ctx=0..31:31 prefill chunk 5/31 (16.1%) chunk=12.89 t/s avg=7.28 t/s 0.687s
0925 00:04:42 ds4-server: chat ctx=0..31:31 prefill chunk 6/31 (19.4%) chunk=15.28 t/s avg=7.98 t/s 0.752s
0925 00:04:42 ds4-server: chat ctx=0..31:31 prefill chunk 7/31 (22.6%) chunk=14.57 t/s avg=8.53 t/s 0.821s
0925 00:04:43 ds4-server: chat ctx=0..31:31 prefill chunk 8/31 (25.8%) chunk=14.90 t/s avg=9.01 t/s 0.888s
0925 00:04:43 ds4-server: chat ctx=0..31:31 prefill chunk 9/31 (29.0%) chunk=13.95 t/s avg=9.38 t/s 0.959s
0925 00:04:43 ds4-server: chat ctx=0..31:31 prefill chunk 10/31 (32.3%) chunk=15.40 t/s avg=9.76 t/s 1.024s
0925 00:04:43 ds4-server: chat ctx=0..31:31 prefill chunk 11/31 (35.5%) chunk=14.24 t/s avg=10.05 t/s 1.095s
0925 00:04:43 ds4-server: chat ctx=0..31:31 prefill chunk 12/31 (38.7%) chunk=16.75 t/s avg=10.40 t/s 1.154s
0925 00:04:43 ds4-server: chat ctx=0..31:31 prefill chunk 13/31 (41.9%) chunk=15.69 t/s avg=10.67 t/s 1.218s
0925 00:04:43 ds4-server: chat ctx=0..31:31 prefill chunk 14/31 (45.2%) chunk=17.84 t/s avg=10.99 t/s 1.274s
0925 00:04:43 ds4-server: chat ctx=0..31:31 prefill chunk 15/31 (48.4%) chunk=19.38 t/s avg=11.31 t/s 1.326s
0925 00:04:43 ds4-server: chat ctx=0..31:31 prefill chunk 16/31 (51.6%) chunk=15.76 t/s avg=11.52 t/s 1.389s
0925 00:04:43 ds4-server: chat ctx=0..31:31 prefill chunk 17/31 (54.8%) chunk=15.89 t/s avg=11.71 t/s 1.452s
0925 00:04:43 ds4-server: chat ctx=0..31:31 prefill chunk 18/31 (58.1%) chunk=14.47 t/s avg=11.83 t/s 1.521s
0925 00:04:43 ds4-server: chat ctx=0..31:31 prefill chunk 19/31 (61.3%) chunk=17.14 t/s avg=12.03 t/s 1.580s
0925 00:04:43 ds4-server: chat ctx=0..31:31 prefill chunk 20/31 (64.5%) chunk=17.42 t/s avg=12.22 t/s 1.637s
0925 00:04:43 ds4-server: chat ctx=0..31:31 prefill chunk 21/31 (67.7%) chunk=18.35 t/s avg=12.42 t/s 1.691s
0925 00:04:43 ds4-server: chat ctx=0..31:31 prefill chunk 22/31 (71.0%) chunk=16.68 t/s avg=12.56 t/s 1.751s
0925 00:04:43 ds4-server: chat ctx=0..31:31 prefill chunk 23/31 (74.2%) chunk=17.94 t/s avg=12.73 t/s 1.807s
0925 00:04:44 ds4-server: chat ctx=0..31:31 prefill chunk 24/31 (77.4%) chunk=15.64 t/s avg=12.83 t/s 1.871s
0925 00:04:44 ds4-server: chat ctx=0..31:31 prefill chunk 25/31 (80.6%) chunk=19.03 t/s avg=13.00 t/s 1.924s
0925 00:04:44 ds4-server: chat ctx=0..31:31 prefill chunk 26/31 (83.9%) chunk=19.94 t/s avg=13.17 t/s 1.974s
0925 00:04:44 ds4-server: chat ctx=0..31:31 prefill chunk 27/31 (87.1%) chunk=17.74 t/s avg=13.30 t/s 2.030s
0925 00:04:44 ds4-server: chat ctx=0..31:31 prefill chunk 28/31 (90.3%) chunk=16.45 t/s avg=13.39 t/s 2.091s
0925 00:04:44 ds4-server: chat ctx=0..31:31 prefill chunk 29/31 (93.5%) chunk=15.68 t/s avg=13.46 t/s 2.155s
0925 00:04:44 ds4-server: chat ctx=0..31:31 prefill chunk 30/31 (96.8%) chunk=16.11 t/s avg=13.53 t/s 2.217s
0925 00:04:44 ds4-server: chat ctx=0..31:31 prefill chunk 31/31 (100.0%) chunk=17.58 t/s avg=13.63 t/s 2.274s
0925 00:04:44 ds4-server: chat ctx=0..31:31 prompt done 2.275s
ds4: V4.1 block-local KV delta, 2 rows over 31 prefix keys
ds4: V4.1 batch attn_output_b hoisted out of the per-row loop (2 rows)
ds4: V4.1 moe split layer=0 rows=2 router=0.912 ms
ds4: V4.1 moe split layer=0 rows=2 shared=0.613 ms
ds4: V4.1 moe split layer=0 rows=2 routed=9.704 ms
ds4: V4.1 moe split layer=1 rows=2 router=0.448 ms
ds4: V4.1 moe split layer=1 rows=2 shared=0.587 ms
ds4: V4.1 moe split layer=1 rows=2 routed=1.778 ms
ds4: V4.1 block attention by level, 2 rows, concurrent section open
ds4: V4.1 moe split layer=2 rows=2 router=1.113 ms
ds4: V4.1 moe split layer=2 rows=2 shared=1.179 ms
ds4: V4.1 moe split layer=2 rows=2 routed=1.851 ms
ds4: V4.1 moe split layer=3 rows=2 router=0.378 ms
ds4: V4.1 moe split layer=3 rows=2 shared=0.535 ms
ds4: V4.1 moe split layer=3 rows=2 routed=1.356 ms
ds4: V4.1 moe split layer=4 rows=2 router=0.370 ms
ds4: V4.1 moe split layer=4 rows=2 shared=0.450 ms
ds4: V4.1 moe split layer=4 rows=2 routed=1.157 ms
ds4: V4.1 moe split layer=5 rows=2 router=0.287 ms
ds4: V4.1 moe split layer=5 rows=2 shared=0.366 ms
ds4: V4.1 moe split layer=5 rows=2 routed=0.969 ms
ds4: V4.1 moe split layer=6 rows=2 router=0.269 ms
ds4: V4.1 moe split layer=6 rows=2 shared=0.371 ms
ds4: V4.1 moe split layer=6 rows=2 routed=0.848 ms
ds4: V4.1 moe split layer=7 rows=2 router=0.283 ms
ds4: V4.1 moe split layer=7 rows=2 shared=0.339 ms
ds4: V4.1 moe split layer=7 rows=2 routed=0.819 ms
ds4: V4.1 moe split layer=8 rows=2 router=0.259 ms
ds4: V4.1 moe split layer=8 rows=2 shared=0.365 ms
ds4: V4.1 moe split layer=8 rows=2 routed=0.918 ms
ds4: V4.1 moe split layer=9 rows=2 router=0.318 ms
ds4: V4.1 moe split layer=9 rows=2 shared=0.315 ms
ds4: V4.1 moe split layer=9 rows=2 routed=0.840 ms
ds4: V4.1 moe split layer=10 rows=2 router=0.290 ms
ds4: V4.1 moe split layer=10 rows=2 shared=0.322 ms
ds4: V4.1 moe split layer=10 rows=2 routed=0.842 ms
ds4: V4.1 moe split layer=11 rows=2 router=0.309 ms
ds4: V4.1 moe split layer=11 rows=2 shared=0.311 ms
ds4: V4.1 moe split layer=11 rows=2 routed=0.875 ms
ds4: V4.1 moe split layer=12 rows=2 router=0.377 ms
ds4: V4.1 moe split layer=12 rows=2 shared=0.379 ms
ds4: V4.1 moe split layer=12 rows=2 routed=1.061 ms
ds4: V4.1 moe split layer=13 rows=2 router=0.294 ms
ds4: V4.1 moe split layer=13 rows=2 shared=0.362 ms
ds4: V4.1 moe split layer=13 rows=2 routed=1.138 ms
ds4: V4.1 moe split layer=14 rows=2 router=0.314 ms
ds4: V4.1 moe split layer=14 rows=2 shared=0.467 ms
ds4: V4.1 moe split layer=14 rows=2 routed=1.100 ms
ds4: V4.1 moe split layer=15 rows=2 router=0.321 ms
ds4: V4.1 moe split layer=15 rows=2 shared=0.448 ms
ds4: V4.1 moe split layer=15 rows=2 routed=1.070 ms
ds4: V4.1 moe split layer=16 rows=2 router=0.290 ms
ds4: V4.1 moe split layer=16 rows=2 shared=0.371 ms
ds4: V4.1 moe split layer=16 rows=2 routed=1.088 ms
ds4: V4.1 moe split layer=17 rows=2 router=0.497 ms
ds4: V4.1 moe split layer=17 rows=2 shared=0.628 ms
ds4: V4.1 moe split layer=17 rows=2 routed=1.774 ms
ds4: V4.1 moe split layer=18 rows=2 router=0.390 ms
ds4: V4.1 moe split layer=18 rows=2 shared=0.419 ms
ds4: V4.1 moe split layer=18 rows=2 routed=1.353 ms
ds4: V4.1 moe split layer=19 rows=2 router=0.363 ms
ds4: V4.1 moe split layer=19 rows=2 shared=0.428 ms
ds4: V4.1 moe split layer=19 rows=2 routed=1.351 ms
ds4: V4.1 moe split layer=20 rows=2 router=0.350 ms
ds4: V4.1 moe split layer=20 rows=2 shared=0.504 ms
ds4: V4.1 moe split layer=20 rows=2 routed=1.466 ms
ds4: V4.1 moe split layer=21 rows=2 router=0.525 ms
ds4: V4.1 moe split layer=21 rows=2 shared=0.635 ms
ds4: V4.1 moe split layer=21 rows=2 routed=1.746 ms
ds4: V4.1 moe split layer=22 rows=2 router=0.468 ms
ds4: V4.1 moe split layer=22 rows=2 shared=0.571 ms
ds4: V4.1 moe split layer=22 rows=2 routed=1.798 ms
ds4: V4.1 moe split layer=23 rows=2 router=0.466 ms
ds4: V4.1 moe split layer=23 rows=2 shared=0.563 ms
ds4: V4.1 moe split layer=23 rows=2 routed=1.025 ms
ds4: V4.1 moe split layer=24 rows=2 router=0.267 ms
ds4: V4.1 moe split layer=24 rows=2 shared=0.347 ms
ds4: V4.1 moe split layer=24 rows=2 routed=0.912 ms
ds4: V4.1 moe split layer=25 rows=2 router=0.375 ms
ds4: V4.1 moe split layer=25 rows=2 shared=0.360 ms
ds4: V4.1 moe split layer=25 rows=2 routed=0.933 ms
ds4: V4.1 moe split layer=26 rows=2 router=0.312 ms
ds4: V4.1 moe split layer=26 rows=2 shared=0.314 ms
ds4: V4.1 moe split layer=26 rows=2 routed=0.842 ms
ds4: V4.1 moe split layer=27 rows=2 router=0.319 ms
ds4: V4.1 moe split layer=27 rows=2 shared=0.378 ms
ds4: V4.1 moe split layer=27 rows=2 routed=0.946 ms
ds4: V4.1 moe split layer=28 rows=2 router=0.279 ms
ds4: V4.1 moe split layer=28 rows=2 shared=0.306 ms
ds4: V4.1 moe split layer=28 rows=2 routed=0.982 ms
ds4: V4.1 moe split layer=29 rows=2 router=0.284 ms
ds4: V4.1 moe split layer=29 rows=2 shared=0.330 ms
ds4: V4.1 moe split layer=29 rows=2 routed=0.851 ms
ds4: V4.1 moe split layer=30 rows=2 router=0.281 ms
ds4: V4.1 moe split layer=30 rows=2 shared=0.380 ms
ds4: V4.1 moe split layer=30 rows=2 routed=0.945 ms
ds4: V4.1 moe split layer=31 rows=2 router=0.359 ms
ds4: V4.1 moe split layer=31 rows=2 shared=0.362 ms
ds4: V4.1 moe split layer=31 rows=2 routed=0.922 ms
ds4: V4.1 moe split layer=32 rows=2 router=0.360 ms
ds4: V4.1 moe split layer=32 rows=2 shared=0.376 ms
ds4: V4.1 moe split layer=32 rows=2 routed=0.922 ms
ds4: V4.1 moe split layer=33 rows=2 router=0.295 ms
ds4: V4.1 moe split layer=33 rows=2 shared=0.387 ms
ds4: V4.1 moe split layer=33 rows=2 routed=0.873 ms
ds4: V4.1 moe split layer=34 rows=2 router=0.299 ms
ds4: V4.1 moe split layer=34 rows=2 shared=0.480 ms
ds4: V4.1 moe split layer=34 rows=2 routed=0.955 ms
ds4: V4.1 moe split layer=35 rows=2 router=0.304 ms
ds4: V4.1 moe split layer=35 rows=2 shared=0.358 ms
ds4: V4.1 moe split layer=35 rows=2 routed=0.935 ms
ds4: V4.1 moe split layer=36 rows=2 router=0.308 ms
ds4: V4.1 moe split layer=36 rows=2 shared=0.333 ms
ds4: V4.1 moe split layer=36 rows=2 routed=0.928 ms
ds4: V4.1 moe split layer=37 rows=2 router=0.341 ms
ds4: V4.1 moe split layer=37 rows=2 shared=0.458 ms
ds4: V4.1 moe split layer=37 rows=2 routed=0.920 ms
ds4: V4.1 moe split layer=38 rows=2 router=0.286 ms
ds4: V4.1 moe split layer=38 rows=2 shared=0.320 ms
ds4: V4.1 moe split layer=38 rows=2 routed=0.832 ms
ds4: V4.1 moe split layer=39 rows=2 router=0.298 ms
ds4: V4.1 moe split layer=39 rows=2 shared=0.334 ms
ds4: V4.1 moe split layer=39 rows=2 routed=0.881 ms
ds4: V4.1 batch step rows=2 pre 0.0 ms, per-row attention 0.0 ms, moe 0.0 ms, head 0.0 ms, setup 0.0 ms, publish 0.0 ms
ds4: V4.1 moe split layer=0 rows=2 router=0.316 ms
ds4: V4.1 moe split layer=0 rows=2 shared=0.330 ms
ds4: V4.1 moe split layer=0 rows=2 routed=0.937 ms
ds4: V4.1 moe split layer=1 rows=2 router=0.326 ms
ds4: V4.1 moe split layer=1 rows=2 shared=0.358 ms
ds4: V4.1 moe split layer=1 rows=2 routed=0.991 ms
ds4: V4.1 moe split layer=2 rows=2 router=0.287 ms
ds4: V4.1 moe split layer=2 rows=2 shared=0.369 ms
ds4: V4.1 moe split layer=2 rows=2 routed=0.826 ms
ds4: V4.1 moe split layer=3 rows=2 router=0.247 ms
ds4: V4.1 moe split layer=3 rows=2 shared=0.368 ms
ds4: V4.1 moe split layer=3 rows=2 routed=0.909 ms
ds4: V4.1 moe split layer=4 rows=2 router=0.306 ms
ds4: V4.1 moe split layer=4 rows=2 shared=0.519 ms
ds4: V4.1 moe split layer=4 rows=2 routed=0.949 ms
ds4: V4.1 moe split layer=5 rows=2 router=0.344 ms
ds4: V4.1 moe split layer=5 rows=2 shared=0.369 ms
ds4: V4.1 moe split layer=5 rows=2 routed=0.852 ms
ds4: V4.1 moe split layer=6 rows=2 router=0.265 ms
ds4: V4.1 moe split layer=6 rows=2 shared=0.320 ms
ds4: V4.1 moe split layer=6 rows=2 routed=0.837 ms
ds4: V4.1 moe split layer=7 rows=2 router=0.300 ms
ds4: V4.1 moe split layer=7 rows=2 shared=0.332 ms
ds4: V4.1 moe split layer=7 rows=2 routed=0.864 ms
ds4: V4.1 moe split layer=8 rows=2 router=0.324 ms
ds4: V4.1 moe split layer=8 rows=2 shared=0.306 ms
ds4: V4.1 moe split layer=8 rows=2 routed=0.813 ms
ds4: V4.1 moe split layer=9 rows=2 router=0.298 ms
ds4: V4.1 moe split layer=9 rows=2 shared=0.299 ms
ds4: V4.1 moe split layer=9 rows=2 routed=0.809 ms
ds4: V4.1 moe split layer=10 rows=2 router=0.291 ms
ds4: V4.1 moe split layer=10 rows=2 shared=0.312 ms
ds4: V4.1 moe split layer=10 rows=2 routed=0.788 ms
ds4: V4.1 moe split layer=11 rows=2 router=0.243 ms
ds4: V4.1 moe split layer=11 rows=2 shared=0.350 ms
ds4: V4.1 moe split layer=11 rows=2 routed=0.801 ms
ds4: V4.1 moe split layer=12 rows=2 router=0.266 ms
ds4: V4.1 moe split layer=12 rows=2 shared=0.330 ms
ds4: V4.1 moe split layer=12 rows=2 routed=0.838 ms
ds4: V4.1 moe split layer=13 rows=2 router=0.324 ms
ds4: V4.1 moe split layer=13 rows=2 shared=0.316 ms
ds4: V4.1 moe split layer=13 rows=2 routed=0.754 ms
ds4: V4.1 moe split layer=14 rows=2 router=0.287 ms
ds4: V4.1 moe split layer=14 rows=2 shared=0.298 ms
ds4: V4.1 moe split layer=14 rows=2 routed=0.768 ms
ds4: V4.1 moe split layer=15 rows=2 router=0.234 ms
ds4: V4.1 moe split layer=15 rows=2 shared=0.308 ms
ds4: V4.1 moe split layer=15 rows=2 routed=0.682 ms
ds4: V4.1 moe split layer=16 rows=2 router=0.243 ms
ds4: V4.1 moe split layer=16 rows=2 shared=0.314 ms
ds4: V4.1 moe split layer=16 rows=2 routed=0.705 ms
ds4: V4.1 moe split layer=17 rows=2 router=0.257 ms
ds4: V4.1 moe split layer=17 rows=2 shared=0.302 ms
ds4: V4.1 moe split layer=17 rows=2 routed=0.733 ms
ds4: V4.1 moe split layer=18 rows=2 router=0.276 ms
ds4: V4.1 moe split layer=18 rows=2 shared=0.266 ms
ds4: V4.1 moe split layer=18 rows=2 routed=0.713 ms
ds4: V4.1 moe split layer=19 rows=2 router=0.231 ms
ds4: V4.1 moe split layer=19 rows=2 shared=0.279 ms
ds4: V4.1 moe split layer=19 rows=2 routed=0.843 ms
ds4: V4.1 moe split layer=20 rows=2 router=0.268 ms
ds4: V4.1 moe split layer=20 rows=2 shared=0.276 ms
ds4: V4.1 moe split layer=20 rows=2 routed=0.733 ms
ds4: V4.1 moe split layer=21 rows=2 router=0.261 ms
ds4: V4.1 moe split layer=21 rows=2 shared=0.292 ms
ds4: V4.1 moe split layer=21 rows=2 routed=0.793 ms
ds4: V4.1 moe split layer=22 rows=2 router=0.278 ms
ds4: V4.1 moe split layer=22 rows=2 shared=0.283 ms
ds4: V4.1 moe split layer=22 rows=2 routed=0.580 ms
ds4: V4.1 moe split layer=23 rows=2 router=0.206 ms
ds4: V4.1 moe split layer=23 rows=2 shared=0.258 ms
ds4: V4.1 moe split layer=23 rows=2 routed=0.564 ms
ds4: V4.1 moe split layer=24 rows=2 router=0.251 ms
ds4: V4.1 moe split layer=24 rows=2 shared=0.254 ms
ds4: V4.1 moe split layer=24 rows=2 routed=0.611 ms
ds4: V4.1 moe split layer=25 rows=2 router=0.247 ms
ds4: V4.1 moe split layer=25 rows=2 shared=0.261 ms
ds4: V4.1 moe split layer=25 rows=2 routed=0.590 ms
ds4: V4.1 moe split layer=26 rows=2 router=0.257 ms
ds4: V4.1 moe split layer=26 rows=2 shared=0.253 ms
ds4: V4.1 moe split layer=26 rows=2 routed=0.646 ms
ds4: V4.1 moe split layer=27 rows=2 router=0.256 ms
ds4: V4.1 moe split layer=27 rows=2 shared=0.261 ms
ds4: V4.1 moe split layer=27 rows=2 routed=0.642 ms
ds4: V4.1 moe split layer=28 rows=2 router=0.286 ms
ds4: V4.1 moe split layer=28 rows=2 shared=0.254 ms
ds4: V4.1 moe split layer=28 rows=2 routed=0.653 ms
ds4: V4.1 moe split layer=29 rows=2 router=0.273 ms
ds4: V4.1 moe split layer=29 rows=2 shared=0.297 ms
ds4: V4.1 moe split layer=29 rows=2 routed=0.608 ms
ds4: V4.1 moe split layer=30 rows=2 router=0.208 ms
ds4: V4.1 moe split layer=30 rows=2 shared=0.293 ms
ds4: V4.1 moe split layer=30 rows=2 routed=0.550 ms
ds4: V4.1 moe split layer=31 rows=2 router=0.246 ms
ds4: V4.1 moe split layer=31 rows=2 shared=0.252 ms
ds4: V4.1 moe split layer=31 rows=2 routed=0.583 ms
ds4: V4.1 moe split layer=32 rows=2 router=0.274 ms
ds4: V4.1 moe split layer=32 rows=2 shared=0.235 ms
ds4: V4.1 moe split layer=32 rows=2 routed=0.572 ms
ds4: V4.1 moe split layer=33 rows=2 router=0.223 ms
ds4: V4.1 moe split layer=33 rows=2 shared=0.302 ms
ds4: V4.1 moe split layer=33 rows=2 routed=0.680 ms
ds4: V4.1 moe split layer=34 rows=2 router=0.246 ms
ds4: V4.1 moe split layer=34 rows=2 shared=0.253 ms
ds4: V4.1 moe split layer=34 rows=2 routed=0.579 ms
ds4: V4.1 moe split layer=35 rows=2 router=0.280 ms
ds4: V4.1 moe split layer=35 rows=2 shared=0.285 ms
ds4: V4.1 moe split layer=35 rows=2 routed=0.585 ms
ds4: V4.1 moe split layer=36 rows=2 router=0.256 ms
ds4: V4.1 moe split layer=36 rows=2 shared=0.276 ms
ds4: V4.1 moe split layer=36 rows=2 routed=0.545 ms
ds4: V4.1 moe split layer=37 rows=2 router=0.253 ms
ds4: V4.1 moe split layer=37 rows=2 shared=0.318 ms
ds4: V4.1 moe split layer=37 rows=2 routed=0.522 ms
ds4: V4.1 moe split layer=38 rows=2 router=0.246 ms
ds4: V4.1 moe split layer=38 rows=2 shared=0.255 ms
ds4: V4.1 moe split layer=38 rows=2 routed=0.652 ms
ds4: V4.1 moe split layer=39 rows=2 router=0.258 ms
ds4: V4.1 moe split layer=39 rows=2 shared=0.280 ms
ds4: V4.1 moe split layer=39 rows=2 routed=0.521 ms
ds4: V4.1 batch step rows=2 pre 0.0 ms, per-row attention 0.0 ms, moe 0.0 ms, head 0.0 ms, setup 0.0 ms, publish 0.0 ms
ds4: V4.1 moe split layer=0 rows=2 router=0.212 ms
ds4: V4.1 moe split layer=0 rows=2 shared=0.295 ms
ds4: V4.1 moe split layer=0 rows=2 routed=0.553 ms
ds4: V4.1 moe split layer=1 rows=2 router=0.201 ms
ds4: V4.1 moe split layer=1 rows=2 shared=0.242 ms
ds4: V4.1 moe split layer=1 rows=2 routed=0.546 ms
ds4: V4.1 moe split layer=2 rows=2 router=0.245 ms
ds4: V4.1 moe split layer=2 rows=2 shared=0.255 ms
ds4: V4.1 moe split layer=2 rows=2 routed=0.504 ms
ds4: V4.1 moe split layer=3 rows=2 router=0.270 ms
ds4: V4.1 moe split layer=3 rows=2 shared=0.291 ms
ds4: V4.1 moe split layer=3 rows=2 routed=0.540 ms
ds4: V4.1 moe split layer=4 rows=2 router=0.281 ms
ds4: V4.1 moe split layer=4 rows=2 shared=0.243 ms
ds4: V4.1 moe split layer=4 rows=2 routed=0.544 ms
ds4: V4.1 moe split layer=5 rows=2 router=0.244 ms
ds4: V4.1 moe split layer=5 rows=2 shared=0.251 ms
ds4: V4.1 moe split layer=5 rows=2 routed=0.547 ms
ds4: V4.1 moe split layer=6 rows=2 router=0.266 ms
ds4: V4.1 moe split layer=6 rows=2 shared=0.245 ms
ds4: V4.1 moe split layer=6 rows=2 routed=0.506 ms
ds4: V4.1 moe split layer=7 rows=2 router=0.201 ms
ds4: V4.1 moe split layer=7 rows=2 shared=0.253 ms
ds4: V4.1 moe split layer=7 rows=2 routed=0.650 ms
ds4: V4.1 moe split layer=8 rows=2 router=0.193 ms
ds4: V4.1 moe split layer=8 rows=2 shared=0.245 ms
ds4: V4.1 moe split layer=8 rows=2 routed=0.659 ms
ds4: V4.1 moe split layer=9 rows=2 router=0.255 ms
ds4: V4.1 moe split layer=9 rows=2 shared=0.246 ms
ds4: V4.1 moe split layer=9 rows=2 routed=0.544 ms
ds4: V4.1 moe split layer=10 rows=2 router=0.244 ms
ds4: V4.1 moe split layer=10 rows=2 shared=0.275 ms
ds4: V4.1 moe split layer=10 rows=2 routed=0.537 ms
ds4: V4.1 moe split layer=11 rows=2 router=0.237 ms
ds4: V4.1 moe split layer=11 rows=2 shared=0.250 ms
ds4: V4.1 moe split layer=11 rows=2 routed=0.520 ms
ds4: V4.1 moe split layer=12 rows=2 router=0.204 ms
ds4: V4.1 moe split layer=12 rows=2 shared=0.456 ms
ds4: V4.1 moe split layer=12 rows=2 routed=0.543 ms
ds4: V4.1 moe split layer=13 rows=2 router=0.254 ms
ds4: V4.1 moe split layer=13 rows=2 shared=0.272 ms
ds4: V4.1 moe split layer=13 rows=2 routed=0.512 ms
ds4: V4.1 moe split layer=14 rows=2 router=0.271 ms
ds4: V4.1 moe split layer=14 rows=2 shared=0.249 ms
ds4: V4.1 moe split layer=14 rows=2 routed=0.552 ms
ds4: V4.1 moe split layer=15 rows=2 router=0.250 ms
ds4: V4.1 moe split layer=15 rows=2 shared=0.276 ms
ds4: V4.1 moe split layer=15 rows=2 routed=0.544 ms
ds4: V4.1 moe split layer=16 rows=2 router=0.260 ms
ds4: V4.1 moe split layer=16 rows=2 shared=0.250 ms
ds4: V4.1 moe split layer=16 rows=2 routed=0.645 ms
ds4: V4.1 moe split layer=17 rows=2 router=0.210 ms
ds4: V4.1 moe split layer=17 rows=2 shared=0.255 ms
ds4: V4.1 moe split layer=17 rows=2 routed=0.616 ms
ds4: V4.1 moe split layer=18 rows=2 router=0.257 ms
ds4: V4.1 moe split layer=18 rows=2 shared=0.251 ms
ds4: V4.1 moe split layer=18 rows=2 routed=0.554 ms
ds4: V4.1 moe split layer=19 rows=2 router=0.256 ms
ds4: V4.1 moe split layer=19 rows=2 shared=0.274 ms
ds4: V4.1 moe split layer=19 rows=2 routed=0.604 ms
ds4: V4.1 moe split layer=20 rows=2 router=0.247 ms
ds4: V4.1 moe split layer=20 rows=2 shared=0.248 ms
ds4: V4.1 moe split layer=20 rows=2 routed=0.532 ms
ds4: V4.1 moe split layer=21 rows=2 router=0.239 ms
ds4: V4.1 moe split layer=21 rows=2 shared=0.267 ms
ds4: V4.1 moe split layer=21 rows=2 routed=0.538 ms
ds4: V4.1 moe split layer=22 rows=2 router=0.259 ms
ds4: V4.1 moe split layer=22 rows=2 shared=0.282 ms
ds4: V4.1 moe split layer=22 rows=2 routed=0.527 ms
ds4: V4.1 moe split layer=23 rows=2 router=0.232 ms
ds4: V4.1 moe split layer=23 rows=2 shared=0.238 ms
ds4: V4.1 moe split layer=23 rows=2 routed=0.557 ms
ds4: V4.1 moe split layer=24 rows=2 router=0.246 ms
ds4: V4.1 moe split layer=24 rows=2 shared=0.292 ms
ds4: V4.1 moe split layer=24 rows=2 routed=0.516 ms
ds4: V4.1 moe split layer=25 rows=2 router=0.240 ms
ds4: V4.1 moe split layer=25 rows=2 shared=0.278 ms
ds4: V4.1 moe split layer=25 rows=2 routed=0.529 ms
ds4: V4.1 moe split layer=26 rows=2 router=0.223 ms
ds4: V4.1 moe split layer=26 rows=2 shared=0.298 ms
ds4: V4.1 moe split layer=26 rows=2 routed=0.509 ms
ds4: V4.1 moe split layer=27 rows=2 router=0.279 ms
ds4: V4.1 moe split layer=27 rows=2 shared=0.259 ms
ds4: V4.1 moe split layer=27 rows=2 routed=0.532 ms
ds4: V4.1 moe split layer=28 rows=2 router=0.245 ms
ds4: V4.1 moe split layer=28 rows=2 shared=0.246 ms
ds4: V4.1 moe split layer=28 rows=2 routed=0.605 ms
ds4: V4.1 moe split layer=29 rows=2 router=0.255 ms
ds4: V4.1 moe split layer=29 rows=2 shared=0.257 ms
ds4: V4.1 moe split layer=29 rows=2 routed=0.547 ms
ds4: V4.1 moe split layer=30 rows=2 router=0.256 ms
ds4: V4.1 moe split layer=30 rows=2 shared=0.245 ms
ds4: V4.1 moe split layer=30 rows=2 routed=0.627 ms
ds4: V4.1 moe split layer=31 rows=2 router=0.219 ms
ds4: V4.1 moe split layer=31 rows=2 shared=0.235 ms
ds4: V4.1 moe split layer=31 rows=2 routed=0.663 ms
ds4: V4.1 moe split layer=32 rows=2 router=0.208 ms
ds4: V4.1 moe split layer=32 rows=2 shared=0.249 ms
ds4: V4.1 moe split layer=32 rows=2 routed=0.671 ms
ds4: V4.1 moe split layer=33 rows=2 router=0.252 ms
ds4: V4.1 moe split layer=33 rows=2 shared=0.253 ms
ds4: V4.1 moe split layer=33 rows=2 routed=0.564 ms
ds4: V4.1 moe split layer=34 rows=2 router=0.234 ms
ds4: V4.1 moe split layer=34 rows=2 shared=0.298 ms
ds4: V4.1 moe split layer=34 rows=2 routed=0.512 ms
ds4: V4.1 moe split layer=35 rows=2 router=0.248 ms
ds4: V4.1 moe split layer=35 rows=2 shared=0.275 ms
ds4: V4.1 moe split layer=35 rows=2 routed=0.554 ms
ds4: V4.1 moe split layer=36 rows=2 router=0.264 ms
ds4: V4.1 moe split layer=36 rows=2 shared=0.271 ms
ds4: V4.1 moe split layer=36 rows=2 routed=0.533 ms
ds4: V4.1 moe split layer=37 rows=2 router=0.249 ms
ds4: V4.1 moe split layer=37 rows=2 shared=0.273 ms
ds4: V4.1 moe split layer=37 rows=2 routed=0.539 ms
ds4: V4.1 moe split layer=38 rows=2 router=0.265 ms
ds4: V4.1 moe split layer=38 rows=2 shared=0.271 ms
ds4: V4.1 moe split layer=38 rows=2 routed=0.531 ms
ds4: V4.1 moe split layer=39 rows=2 router=0.218 ms
ds4: V4.1 moe split layer=39 rows=2 shared=0.253 ms
ds4: V4.1 moe split layer=39 rows=2 routed=0.635 ms
ds4: V4.1 batch step rows=2 pre 0.0 ms, per-row attention 0.0 ms, moe 0.0 ms, head 0.0 ms, setup 0.0 ms, publish 0.0 ms
ds4: V4.1 moe split layer=0 rows=2 router=0.261 ms
ds4: V4.1 moe split layer=0 rows=2 shared=0.244 ms
ds4: V4.1 moe split layer=0 rows=2 routed=0.546 ms
ds4: V4.1 moe split layer=1 rows=2 router=0.235 ms
ds4: V4.1 moe split layer=1 rows=2 shared=0.235 ms
ds4: V4.1 moe split layer=1 rows=2 routed=0.619 ms
ds4: V4.1 moe split layer=2 rows=2 router=0.235 ms
ds4: V4.1 moe split layer=2 rows=2 shared=0.246 ms
ds4: V4.1 moe split layer=2 rows=2 routed=0.542 ms
ds4: V4.1 moe split layer=3 rows=2 router=0.237 ms
ds4: V4.1 moe split layer=3 rows=2 shared=0.321 ms
ds4: V4.1 moe split layer=3 rows=2 routed=0.659 ms
ds4: V4.1 moe split layer=4 rows=2 router=0.284 ms
ds4: V4.1 moe split layer=4 rows=2 shared=0.273 ms
ds4: V4.1 moe split layer=4 rows=2 routed=0.518 ms
ds4: V4.1 moe split layer=5 rows=2 router=0.305 ms
ds4: V4.1 moe split layer=5 rows=2 shared=0.236 ms
ds4: V4.1 moe split layer=5 rows=2 routed=0.556 ms
ds4: V4.1 moe split layer=6 rows=2 router=0.265 ms
ds4: V4.1 moe split layer=6 rows=2 shared=0.493 ms
ds4: V4.1 moe split layer=6 rows=2 routed=0.618 ms
ds4: V4.1 moe split layer=7 rows=2 router=0.237 ms
ds4: V4.1 moe split layer=7 rows=2 shared=0.255 ms
ds4: V4.1 moe split layer=7 rows=2 routed=0.546 ms
ds4: V4.1 moe split layer=8 rows=2 router=0.284 ms
ds4: V4.1 moe split layer=8 rows=2 shared=0.275 ms
ds4: V4.1 moe split layer=8 rows=2 routed=0.552 ms
ds4: V4.1 moe split layer=9 rows=2 router=0.205 ms
ds4: V4.1 moe split layer=9 rows=2 shared=0.245 ms
ds4: V4.1 moe split layer=9 rows=2 routed=0.648 ms
ds4: V4.1 moe split layer=10 rows=2 router=0.265 ms
ds4: V4.1 moe split layer=10 rows=2 shared=0.288 ms
ds4: V4.1 moe split layer=10 rows=2 routed=0.543 ms
ds4: V4.1 moe split layer=11 rows=2 router=0.250 ms
ds4: V4.1 moe split layer=11 rows=2 shared=0.245 ms
ds4: V4.1 moe split layer=11 rows=2 routed=0.669 ms
ds4: V4.1 moe split layer=12 rows=2 router=0.239 ms
ds4: V4.1 moe split layer=12 rows=2 shared=0.265 ms
ds4: V4.1 moe split layer=12 rows=2 routed=0.537 ms
ds4: V4.1 moe split layer=13 rows=2 router=0.250 ms
ds4: V4.1 moe split layer=13 rows=2 shared=0.249 ms
ds4: V4.1 moe split layer=13 rows=2 routed=0.548 ms
ds4: V4.1 moe split layer=14 rows=2 router=0.288 ms
ds4: V4.1 moe split layer=14 rows=2 shared=0.269 ms
ds4: V4.1 moe split layer=14 rows=2 routed=0.550 ms
ds4: V4.1 moe split layer=15 rows=2 router=0.244 ms
ds4: V4.1 moe split layer=15 rows=2 shared=0.249 ms
ds4: V4.1 moe split layer=15 rows=2 routed=0.642 ms
ds4: V4.1 moe split layer=16 rows=2 router=0.272 ms
ds4: V4.1 moe split layer=16 rows=2 shared=0.245 ms
ds4: V4.1 moe split layer=16 rows=2 routed=0.552 ms
ds4: V4.1 moe split layer=17 rows=2 router=0.235 ms
ds4: V4.1 moe split layer=17 rows=2 shared=0.273 ms
ds4: V4.1 moe split layer=17 rows=2 routed=0.529 ms
ds4: V4.1 moe split layer=18 rows=2 router=0.259 ms
ds4: V4.1 moe split layer=18 rows=2 shared=0.258 ms
ds4: V4.1 moe split layer=18 rows=2 routed=0.531 ms
ds4: V4.1 moe split layer=19 rows=2 router=0.239 ms
ds4: V4.1 moe split layer=19 rows=2 shared=0.278 ms
ds4: V4.1 moe split layer=19 rows=2 routed=0.531 ms
ds4: V4.1 moe split layer=20 rows=2 router=0.266 ms
ds4: V4.1 moe split layer=20 rows=2 shared=0.274 ms
ds4: V4.1 moe split layer=20 rows=2 routed=0.534 ms
ds4: V4.1 moe split layer=21 rows=2 router=0.243 ms
ds4: V4.1 moe split layer=21 rows=2 shared=0.253 ms
ds4: V4.1 moe split layer=21 rows=2 routed=0.563 ms
ds4: V4.1 moe split layer=22 rows=2 router=0.209 ms
ds4: V4.1 moe split layer=22 rows=2 shared=0.247 ms
ds4: V4.1 moe split layer=22 rows=2 routed=0.542 ms
ds4: V4.1 moe split layer=23 rows=2 router=0.189 ms
ds4: V4.1 moe split layer=23 rows=2 shared=0.252 ms
ds4: V4.1 moe split layer=23 rows=2 routed=0.541 ms
ds4: V4.1 moe split layer=24 rows=2 router=0.248 ms
ds4: V4.1 moe split layer=24 rows=2 shared=0.282 ms
ds4: V4.1 moe split layer=24 rows=2 routed=0.622 ms
ds4: V4.1 moe split layer=25 rows=2 router=0.264 ms
ds4: V4.1 moe split layer=25 rows=2 shared=0.264 ms
ds4: V4.1 moe split layer=25 rows=2 routed=0.528 ms
ds4: V4.1 moe split layer=26 rows=2 router=0.284 ms
ds4: V4.1 moe split layer=26 rows=2 shared=0.236 ms
ds4: V4.1 moe split layer=26 rows=2 routed=0.660 ms
ds4: V4.1 moe split layer=27 rows=2 router=0.240 ms
ds4: V4.1 moe split layer=27 rows=2 shared=0.235 ms
ds4: V4.1 moe split layer=27 rows=2 routed=0.509 ms
ds4: V4.1 moe split layer=28 rows=2 router=0.200 ms
ds4: V4.1 moe split layer=28 rows=2 shared=0.268 ms
ds4: V4.1 moe split layer=28 rows=2 routed=0.541 ms
ds4: V4.1 moe split layer=29 rows=2 router=0.289 ms
ds4: V4.1 moe split layer=29 rows=2 shared=0.245 ms
ds4: V4.1 moe split layer=29 rows=2 routed=0.507 ms
ds4: V4.1 moe split layer=30 rows=2 router=0.251 ms
ds4: V4.1 moe split layer=30 rows=2 shared=0.251 ms
ds4: V4.1 moe split layer=30 rows=2 routed=0.523 ms
ds4: V4.1 moe split layer=31 rows=2 router=0.245 ms
ds4: V4.1 moe split layer=31 rows=2 shared=0.254 ms
ds4: V4.1 moe split layer=31 rows=2 routed=0.602 ms
ds4: V4.1 moe split layer=32 rows=2 router=0.246 ms
ds4: V4.1 moe split layer=32 rows=2 shared=0.238 ms
ds4: V4.1 moe split layer=32 rows=2 routed=0.546 ms
ds4: V4.1 moe split layer=33 rows=2 router=0.216 ms
ds4: V4.1 moe split layer=33 rows=2 shared=0.296 ms
ds4: V4.1 moe split layer=33 rows=2 routed=0.520 ms
ds4: V4.1 moe split layer=34 rows=2 router=0.201 ms
ds4: V4.1 moe split layer=34 rows=2 shared=0.252 ms
ds4: V4.1 moe split layer=34 rows=2 routed=0.662 ms
ds4: V4.1 moe split layer=35 rows=2 router=0.206 ms
ds4: V4.1 moe split layer=35 rows=2 shared=0.245 ms
ds4: V4.1 moe split layer=35 rows=2 routed=0.558 ms
ds4: V4.1 moe split layer=36 rows=2 router=0.246 ms
ds4: V4.1 moe split layer=36 rows=2 shared=0.244 ms
ds4: V4.1 moe split layer=36 rows=2 routed=0.513 ms
ds4: V4.1 moe split layer=37 rows=2 router=0.254 ms
ds4: V4.1 moe split layer=37 rows=2 shared=0.250 ms
ds4: V4.1 moe split layer=37 rows=2 routed=0.521 ms
ds4: V4.1 moe split layer=38 rows=2 router=0.245 ms
ds4: V4.1 moe split layer=38 rows=2 shared=0.272 ms
ds4: V4.1 moe split layer=38 rows=2 routed=0.521 ms
ds4: V4.1 moe split layer=39 rows=2 router=0.253 ms
ds4: V4.1 moe split layer=39 rows=2 shared=0.271 ms
ds4: V4.1 moe split layer=39 rows=2 routed=0.516 ms
ds4: V4.1 batch step rows=2 pre 0.0 ms, per-row attention 0.0 ms, moe 0.0 ms, head 0.0 ms, setup 0.0 ms, publish 0.0 ms
ds4: V4.1 moe split layer=0 rows=2 router=0.344 ms
ds4: V4.1 moe split layer=0 rows=2 shared=0.281 ms
ds4: V4.1 moe split layer=0 rows=2 routed=0.569 ms
ds4: V4.1 moe split layer=1 rows=2 router=0.236 ms
ds4: V4.1 moe split layer=1 rows=2 shared=0.248 ms
ds4: V4.1 moe split layer=1 rows=2 routed=0.552 ms
ds4: V4.1 moe split layer=2 rows=2 router=0.239 ms
ds4: V4.1 moe split layer=2 rows=2 shared=0.276 ms
ds4: V4.1 moe split layer=2 rows=2 routed=0.532 ms
ds4: V4.1 moe split layer=3 rows=2 router=0.240 ms
ds4: V4.1 moe split layer=3 rows=2 shared=0.252 ms
ds4: V4.1 moe split layer=3 rows=2 routed=0.645 ms
ds4: V4.1 moe split layer=4 rows=2 router=0.264 ms
ds4: V4.1 moe split layer=4 rows=2 shared=0.255 ms
ds4: V4.1 moe split layer=4 rows=2 routed=0.521 ms
ds4: V4.1 moe split layer=5 rows=2 router=0.245 ms
ds4: V4.1 moe split layer=5 rows=2 shared=0.246 ms
ds4: V4.1 moe split layer=5 rows=2 routed=0.545 ms
ds4: V4.1 moe split layer=6 rows=2 router=0.272 ms
ds4: V4.1 moe split layer=6 rows=2 shared=0.252 ms
ds4: V4.1 moe split layer=6 rows=2 routed=0.522 ms
ds4: V4.1 moe split layer=7 rows=2 router=0.243 ms
ds4: V4.1 moe split layer=7 rows=2 shared=0.302 ms
ds4: V4.1 moe split layer=7 rows=2 routed=0.550 ms
ds4: V4.1 moe split layer=8 rows=2 router=0.243 ms
ds4: V4.1 moe split layer=8 rows=2 shared=0.245 ms
ds4: V4.1 moe split layer=8 rows=2 routed=0.644 ms
ds4: V4.1 moe split layer=9 rows=2 router=0.238 ms
ds4: V4.1 moe split layer=9 rows=2 shared=0.262 ms
ds4: V4.1 moe split layer=9 rows=2 routed=0.567 ms
ds4: V4.1 moe split layer=10 rows=2 router=0.200 ms
ds4: V4.1 moe split layer=10 rows=2 shared=0.249 ms
ds4: V4.1 moe split layer=10 rows=2 routed=0.548 ms
ds4: V4.1 moe split layer=11 rows=2 router=0.248 ms
ds4: V4.1 moe split layer=11 rows=2 shared=0.246 ms
ds4: V4.1 moe split layer=11 rows=2 routed=0.566 ms
ds4: V4.1 moe split layer=12 rows=2 router=0.235 ms
ds4: V4.1 moe split layer=12 rows=2 shared=0.275 ms
ds4: V4.1 moe split layer=12 rows=2 routed=0.533 ms
ds4: V4.1 moe split layer=13 rows=2 router=0.255 ms
ds4: V4.1 moe split layer=13 rows=2 shared=0.254 ms
ds4: V4.1 moe split layer=13 rows=2 routed=0.533 ms
ds4: V4.1 moe split layer=14 rows=2 router=0.205 ms
ds4: V4.1 moe split layer=14 rows=2 shared=0.299 ms
ds4: V4.1 moe split layer=14 rows=2 routed=0.563 ms
ds4: V4.1 moe split layer=15 rows=2 router=0.231 ms
ds4: V4.1 moe split layer=15 rows=2 shared=0.236 ms
ds4: V4.1 moe split layer=15 rows=2 routed=0.528 ms
ds4: V4.1 moe split layer=16 rows=2 router=0.200 ms
ds4: V4.1 moe split layer=16 rows=2 shared=0.252 ms
ds4: V4.1 moe split layer=16 rows=2 routed=0.647 ms
ds4: V4.1 moe split layer=17 rows=2 router=0.285 ms
ds4: V4.1 moe split layer=17 rows=2 shared=0.332 ms
ds4: V4.1 moe split layer=17 rows=2 routed=0.544 ms
ds4: V4.1 moe split layer=18 rows=2 router=0.212 ms
ds4: V4.1 moe split layer=18 rows=2 shared=0.252 ms
ds4: V4.1 moe split layer=18 rows=2 routed=0.615 ms
ds4: V4.1 moe split layer=19 rows=2 router=0.290 ms
ds4: V4.1 moe split layer=19 rows=2 shared=0.269 ms
ds4: V4.1 moe split layer=19 rows=2 routed=0.561 ms
ds4: V4.1 moe split layer=20 rows=2 router=0.235 ms
ds4: V4.1 moe split layer=20 rows=2 shared=0.254 ms
ds4: V4.1 moe split layer=20 rows=2 routed=0.535 ms
ds4: V4.1 moe split layer=21 rows=2 router=0.260 ms
ds4: V4.1 moe split layer=21 rows=2 shared=0.244 ms
ds4: V4.1 moe split layer=21 rows=2 routed=0.597 ms
ds4: V4.1 moe split layer=22 rows=2 router=0.241 ms
ds4: V4.1 moe split layer=22 rows=2 shared=0.269 ms
ds4: V4.1 moe split layer=22 rows=2 routed=0.530 ms
ds4: V4.1 moe split layer=23 rows=2 router=0.235 ms
ds4: V4.1 moe split layer=23 rows=2 shared=0.244 ms
ds4: V4.1 moe split layer=23 rows=2 routed=0.545 ms
ds4: V4.1 moe split layer=24 rows=2 router=0.225 ms
ds4: V4.1 moe split layer=24 rows=2 shared=0.262 ms
ds4: V4.1 moe split layer=24 rows=2 routed=0.537 ms
ds4: V4.1 moe split layer=25 rows=2 router=0.199 ms
ds4: V4.1 moe split layer=25 rows=2 shared=0.237 ms
ds4: V4.1 moe split layer=25 rows=2 routed=0.540 ms
ds4: V4.1 moe split layer=26 rows=2 router=0.230 ms
ds4: V4.1 moe split layer=26 rows=2 shared=0.344 ms
ds4: V4.1 moe split layer=26 rows=2 routed=0.510 ms
ds4: V4.1 moe split layer=27 rows=2 router=0.245 ms
ds4: V4.1 moe split layer=27 rows=2 shared=0.264 ms
ds4: V4.1 moe split layer=27 rows=2 routed=0.531 ms
ds4: V4.1 moe split layer=28 rows=2 router=0.226 ms
ds4: V4.1 moe split layer=28 rows=2 shared=0.238 ms
ds4: V4.1 moe split layer=28 rows=2 routed=0.644 ms
ds4: V4.1 moe split layer=29 rows=2 router=0.279 ms
ds4: V4.1 moe split layer=29 rows=2 shared=0.248 ms
ds4: V4.1 moe split layer=29 rows=2 routed=0.535 ms
ds4: V4.1 moe split layer=30 rows=2 router=0.285 ms
ds4: V4.1 moe split layer=30 rows=2 shared=0.274 ms
ds4: V4.1 moe split layer=30 rows=2 routed=0.540 ms
ds4: V4.1 moe split layer=31 rows=2 router=0.239 ms
ds4: V4.1 moe split layer=31 rows=2 shared=0.269 ms
ds4: V4.1 moe split layer=31 rows=2 routed=0.538 ms
ds4: V4.1 moe split layer=32 rows=2 router=0.213 ms
ds4: V4.1 moe split layer=32 rows=2 shared=0.237 ms
ds4: V4.1 moe split layer=32 rows=2 routed=0.553 ms
ds4: V4.1 moe split layer=33 rows=2 router=0.250 ms
ds4: V4.1 moe split layer=33 rows=2 shared=0.242 ms
ds4: V4.1 moe split layer=33 rows=2 routed=0.578 ms
ds4: V4.1 moe split layer=34 rows=2 router=0.244 ms
ds4: V4.1 moe split layer=34 rows=2 shared=0.295 ms
ds4: V4.1 moe split layer=34 rows=2 routed=0.528 ms
ds4: V4.1 moe split layer=35 rows=2 router=0.271 ms
ds4: V4.1 moe split layer=35 rows=2 shared=0.318 ms
ds4: V4.1 moe split layer=35 rows=2 routed=0.592 ms
ds4: V4.1 moe split layer=36 rows=2 router=0.241 ms
ds4: V4.1 moe split layer=36 rows=2 shared=0.262 ms
ds4: V4.1 moe split layer=36 rows=2 routed=0.497 ms
ds4: V4.1 moe split layer=37 rows=2 router=0.243 ms
ds4: V4.1 moe split layer=37 rows=2 shared=0.296 ms
ds4: V4.1 moe split layer=37 rows=2 routed=0.511 ms
ds4: V4.1 moe split layer=38 rows=2 router=0.218 ms
ds4: V4.1 moe split layer=38 rows=2 shared=0.282 ms
ds4: V4.1 moe split layer=38 rows=2 routed=0.536 ms
ds4: V4.1 moe split layer=39 rows=2 router=0.269 ms
ds4: V4.1 moe split layer=39 rows=2 shared=0.258 ms
ds4: V4.1 moe split layer=39 rows=2 routed=0.557 ms
ds4: V4.1 batch step rows=2 pre 0.0 ms, per-row attention 0.0 ms, moe 0.0 ms, head 0.0 ms, setup 0.0 ms, publish 0.0 ms
ds4: V4.1 moe split layer=0 rows=2 router=0.256 ms
ds4: V4.1 moe split layer=0 rows=2 shared=0.269 ms
ds4: V4.1 moe split layer=0 rows=2 routed=0.553 ms
ds4: V4.1 moe split layer=1 rows=2 router=0.251 ms
ds4: V4.1 moe split layer=1 rows=2 shared=0.254 ms
ds4: V4.1 moe split layer=1 rows=2 routed=0.624 ms
ds4: V4.1 moe split layer=2 rows=2 router=0.243 ms
ds4: V4.1 moe split layer=2 rows=2 shared=0.271 ms
ds4: V4.1 moe split layer=2 rows=2 routed=0.556 ms
ds4: V4.1 moe split layer=3 rows=2 router=0.248 ms
ds4: V4.1 moe split layer=3 rows=2 shared=0.244 ms
ds4: V4.1 moe split layer=3 rows=2 routed=0.596 ms
ds4: V4.1 moe split layer=4 rows=2 router=0.207 ms
ds4: V4.1 moe split layer=4 rows=2 shared=0.255 ms
ds4: V4.1 moe split layer=4 rows=2 routed=0.744 ms
ds4: V4.1 moe split layer=5 rows=2 router=0.242 ms
ds4: V4.1 moe split layer=5 rows=2 shared=0.301 ms
ds4: V4.1 moe split layer=5 rows=2 routed=0.545 ms
ds4: V4.1 moe split layer=6 rows=2 router=0.198 ms
ds4: V4.1 moe split layer=6 rows=2 shared=0.283 ms
ds4: V4.1 moe split layer=6 rows=2 routed=0.649 ms
ds4: V4.1 moe split layer=7 rows=2 router=0.206 ms
ds4: V4.1 moe split layer=7 rows=2 shared=0.300 ms
ds4: V4.1 moe split layer=7 rows=2 routed=0.548 ms
ds4: V4.1 moe split layer=8 rows=2 router=0.246 ms
ds4: V4.1 moe split layer=8 rows=2 shared=0.280 ms
ds4: V4.1 moe split layer=8 rows=2 routed=0.526 ms
ds4: V4.1 moe split layer=9 rows=2 router=0.237 ms
ds4: V4.1 moe split layer=9 rows=2 shared=0.256 ms
ds4: V4.1 moe split layer=9 rows=2 routed=0.512 ms
ds4: V4.1 moe split layer=10 rows=2 router=0.240 ms
ds4: V4.1 moe split layer=10 rows=2 shared=0.260 ms
ds4: V4.1 moe split layer=10 rows=2 routed=0.543 ms
ds4: V4.1 moe split layer=11 rows=2 router=0.245 ms
ds4: V4.1 moe split layer=11 rows=2 shared=0.247 ms
ds4: V4.1 moe split layer=11 rows=2 routed=0.535 ms
ds4: V4.1 moe split layer=12 rows=2 router=0.242 ms
ds4: V4.1 moe split layer=12 rows=2 shared=0.251 ms
ds4: V4.1 moe split layer=12 rows=2 routed=0.555 ms
ds4: V4.1 moe split layer=13 rows=2 router=0.245 ms
ds4: V4.1 moe split layer=13 rows=2 shared=0.385 ms
ds4: V4.1 moe split layer=13 rows=2 routed=0.530 ms
ds4: V4.1 moe split layer=14 rows=2 router=0.255 ms
ds4: V4.1 moe split layer=14 rows=2 shared=0.250 ms
ds4: V4.1 moe split layer=14 rows=2 routed=0.642 ms
ds4: V4.1 moe split layer=15 rows=2 router=0.286 ms
ds4: V4.1 moe split layer=15 rows=2 shared=0.248 ms
ds4: V4.1 moe split layer=15 rows=2 routed=0.535 ms
ds4: V4.1 moe split layer=16 rows=2 router=0.208 ms
ds4: V4.1 moe split layer=16 rows=2 shared=0.237 ms
ds4: V4.1 moe split layer=16 rows=2 routed=0.580 ms
ds4: V4.1 moe split layer=17 rows=2 router=0.240 ms
ds4: V4.1 moe split layer=17 rows=2 shared=0.263 ms
ds4: V4.1 moe split layer=17 rows=2 routed=0.535 ms
ds4: V4.1 moe split layer=18 rows=2 router=0.297 ms
ds4: V4.1 moe split layer=18 rows=2 shared=0.250 ms
ds4: V4.1 moe split layer=18 rows=2 routed=0.534 ms
ds4: V4.1 moe split layer=19 rows=2 router=0.260 ms
ds4: V4.1 moe split layer=19 rows=2 shared=0.266 ms
ds4: V4.1 moe split layer=19 rows=2 routed=0.542 ms
ds4: V4.1 moe split layer=20 rows=2 router=0.246 ms
ds4: V4.1 moe split layer=20 rows=2 shared=0.252 ms
ds4: V4.1 moe split layer=20 rows=2 routed=0.539 ms
ds4: V4.1 moe split layer=21 rows=2 router=0.209 ms
ds4: V4.1 moe split layer=21 rows=2 shared=0.253 ms
ds4: V4.1 moe split layer=21 rows=2 routed=0.652 ms
ds4: V4.1 moe split layer=22 rows=2 router=0.244 ms
ds4: V4.1 moe split layer=22 rows=2 shared=0.276 ms
ds4: V4.1 moe split layer=22 rows=2 routed=0.536 ms
ds4: V4.1 moe split layer=23 rows=2 router=0.199 ms
ds4: V4.1 moe split layer=23 rows=2 shared=0.248 ms
ds4: V4.1 moe split layer=23 rows=2 routed=0.521 ms
ds4: V4.1 moe split layer=24 rows=2 router=0.243 ms
ds4: V4.1 moe split layer=24 rows=2 shared=0.251 ms
ds4: V4.1 moe split layer=24 rows=2 routed=0.514 ms
ds4: V4.1 moe split layer=25 rows=2 router=0.244 ms
ds4: V4.1 moe split layer=25 rows=2 shared=0.242 ms
ds4: V4.1 moe split layer=25 rows=2 routed=0.530 ms
ds4: V4.1 moe split layer=26 rows=2 router=0.235 ms
ds4: V4.1 moe split layer=26 rows=2 shared=0.303 ms
ds4: V4.1 moe split layer=26 rows=2 routed=0.535 ms
ds4: V4.1 moe split layer=27 rows=2 router=0.204 ms
ds4: V4.1 moe split layer=27 rows=2 shared=0.297 ms
ds4: V4.1 moe split layer=27 rows=2 routed=0.552 ms
ds4: V4.1 moe split layer=28 rows=2 router=0.237 ms
ds4: V4.1 moe split layer=28 rows=2 shared=0.250 ms
ds4: V4.1 moe split layer=28 rows=2 routed=0.597 ms
ds4: V4.1 moe split layer=29 rows=2 router=0.210 ms
ds4: V4.1 moe split layer=29 rows=2 shared=0.243 ms
ds4: V4.1 moe split layer=29 rows=2 routed=0.631 ms
ds4: V4.1 moe split layer=30 rows=2 router=0.266 ms
ds4: V4.1 moe split layer=30 rows=2 shared=0.237 ms
ds4: V4.1 moe split layer=30 rows=2 routed=0.557 ms
ds4: V4.1 moe split layer=31 rows=2 router=0.236 ms
ds4: V4.1 moe split layer=31 rows=2 shared=0.250 ms
ds4: V4.1 moe split layer=31 rows=2 routed=0.549 ms
ds4: V4.1 moe split layer=32 rows=2 router=0.242 ms
ds4: V4.1 moe split layer=32 rows=2 shared=0.267 ms
ds4: V4.1 moe split layer=32 rows=2 routed=0.557 ms
ds4: V4.1 moe split layer=33 rows=2 router=0.287 ms
ds4: V4.1 moe split layer=33 rows=2 shared=0.278 ms
ds4: V4.1 moe split layer=33 rows=2 routed=0.527 ms
ds4: V4.1 moe split layer=34 rows=2 router=0.280 ms
ds4: V4.1 moe split layer=34 rows=2 shared=0.283 ms
ds4: V4.1 moe split layer=34 rows=2 routed=0.534 ms
ds4: V4.1 moe split layer=35 rows=2 router=0.272 ms
ds4: V4.1 moe split layer=35 rows=2 shared=0.273 ms
ds4: V4.1 moe split layer=35 rows=2 routed=0.505 ms
ds4: V4.1 moe split layer=36 rows=2 router=0.222 ms
ds4: V4.1 moe split layer=36 rows=2 shared=0.247 ms
ds4: V4.1 moe split layer=36 rows=2 routed=0.561 ms
ds4: V4.1 moe split layer=37 rows=2 router=0.237 ms
ds4: V4.1 moe split layer=37 rows=2 shared=0.273 ms
ds4: V4.1 moe split layer=37 rows=2 routed=0.540 ms
ds4: V4.1 moe split layer=38 rows=2 router=0.237 ms
ds4: V4.1 moe split layer=38 rows=2 shared=0.275 ms
ds4: V4.1 moe split layer=38 rows=2 routed=0.536 ms
ds4: V4.1 moe split layer=39 rows=2 router=0.238 ms
ds4: V4.1 moe split layer=39 rows=2 shared=0.305 ms
ds4: V4.1 moe split layer=39 rows=2 routed=0.520 ms
ds4: V4.1 batch step rows=2 pre 0.0 ms, per-row attention 0.0 ms, moe 0.0 ms, head 0.0 ms, setup 0.0 ms, publish 0.0 ms
ds4: V4.1 moe split layer=0 rows=2 router=0.266 ms
ds4: V4.1 moe split layer=0 rows=2 shared=0.247 ms
ds4: V4.1 moe split layer=0 rows=2 routed=0.547 ms
ds4: V4.1 moe split layer=1 rows=2 router=0.196 ms
ds4: V4.1 moe split layer=1 rows=2 shared=0.294 ms
ds4: V4.1 moe split layer=1 rows=2 routed=0.544 ms
ds4: V4.1 moe split layer=2 rows=2 router=0.209 ms
ds4: V4.1 moe split layer=2 rows=2 shared=0.268 ms
ds4: V4.1 moe split layer=2 rows=2 routed=0.516 ms
ds4: V4.1 moe split layer=3 rows=2 router=0.253 ms
ds4: V4.1 moe split layer=3 rows=2 shared=0.282 ms
ds4: V4.1 moe split layer=3 rows=2 routed=0.523 ms
ds4: V4.1 moe split layer=4 rows=2 router=0.217 ms
ds4: V4.1 moe split layer=4 rows=2 shared=0.282 ms
ds4: V4.1 moe split layer=4 rows=2 routed=0.534 ms
ds4: V4.1 moe split layer=5 rows=2 router=0.276 ms
ds4: V4.1 moe split layer=5 rows=2 shared=0.287 ms
ds4: V4.1 moe split layer=5 rows=2 routed=0.548 ms
ds4: V4.1 moe split layer=6 rows=2 router=0.207 ms
ds4: V4.1 moe split layer=6 rows=2 shared=0.255 ms
ds4: V4.1 moe split layer=6 rows=2 routed=0.551 ms
ds4: V4.1 moe split layer=7 rows=2 router=0.228 ms
ds4: V4.1 moe split layer=7 rows=2 shared=0.244 ms
ds4: V4.1 moe split layer=7 rows=2 routed=0.641 ms
ds4: V4.1 moe split layer=8 rows=2 router=0.243 ms
ds4: V4.1 moe split layer=8 rows=2 shared=0.279 ms
ds4: V4.1 moe split layer=8 rows=2 routed=0.524 ms
ds4: V4.1 moe split layer=9 rows=2 router=0.244 ms
ds4: V4.1 moe split layer=9 rows=2 shared=0.273 ms
ds4: V4.1 moe split layer=9 rows=2 routed=0.516 ms
ds4: V4.1 moe split layer=10 rows=2 router=0.239 ms
ds4: V4.1 moe split layer=10 rows=2 shared=0.361 ms
ds4: V4.1 moe split layer=10 rows=2 routed=0.579 ms
ds4: V4.1 moe split layer=11 rows=2 router=0.274 ms
ds4: V4.1 moe split layer=11 rows=2 shared=0.274 ms
ds4: V4.1 moe split layer=11 rows=2 routed=0.537 ms
ds4: V4.1 moe split layer=12 rows=2 router=0.235 ms
ds4: V4.1 moe split layer=12 rows=2 shared=0.268 ms
ds4: V4.1 moe split layer=12 rows=2 routed=0.539 ms
ds4: V4.1 moe split layer=13 rows=2 router=0.263 ms
ds4: V4.1 moe split layer=13 rows=2 shared=0.239 ms
ds4: V4.1 moe split layer=13 rows=2 routed=0.649 ms
ds4: V4.1 moe split layer=14 rows=2 router=0.202 ms
ds4: V4.1 moe split layer=14 rows=2 shared=0.266 ms
ds4: V4.1 moe split layer=14 rows=2 routed=0.549 ms
ds4: V4.1 moe split layer=15 rows=2 router=0.253 ms
ds4: V4.1 moe split layer=15 rows=2 shared=0.241 ms
ds4: V4.1 moe split layer=15 rows=2 routed=0.542 ms
ds4: V4.1 moe split layer=16 rows=2 router=0.286 ms
ds4: V4.1 moe split layer=16 rows=2 shared=0.250 ms
ds4: V4.1 moe split layer=16 rows=2 routed=0.546 ms
ds4: V4.1 moe split layer=17 rows=2 router=0.261 ms
ds4: V4.1 moe split layer=17 rows=2 shared=0.288 ms
ds4: V4.1 moe split layer=17 rows=2 routed=0.509 ms
ds4: V4.1 moe split layer=18 rows=2 router=0.247 ms
ds4: V4.1 moe split layer=18 rows=2 shared=0.247 ms
ds4: V4.1 moe split layer=18 rows=2 routed=0.531 ms
ds4: V4.1 moe split layer=19 rows=2 router=0.252 ms
ds4: V4.1 moe split layer=19 rows=2 shared=0.250 ms
ds4: V4.1 moe split layer=19 rows=2 routed=0.508 ms
ds4: V4.1 moe split layer=20 rows=2 router=0.244 ms
ds4: V4.1 moe split layer=20 rows=2 shared=0.245 ms
ds4: V4.1 moe split layer=20 rows=2 routed=0.502 ms
ds4: V4.1 moe split layer=21 rows=2 router=0.187 ms
ds4: V4.1 moe split layer=21 rows=2 shared=0.243 ms
ds4: V4.1 moe split layer=21 rows=2 routed=0.557 ms
ds4: V4.1 moe split layer=22 rows=2 router=0.240 ms
ds4: V4.1 moe split layer=22 rows=2 shared=0.254 ms
ds4: V4.1 moe split layer=22 rows=2 routed=0.613 ms
ds4: V4.1 moe split layer=23 rows=2 router=0.201 ms
ds4: V4.1 moe split layer=23 rows=2 shared=0.248 ms
ds4: V4.1 moe split layer=23 rows=2 routed=0.538 ms
ds4: V4.1 moe split layer=24 rows=2 router=0.245 ms
ds4: V4.1 moe split layer=24 rows=2 shared=0.246 ms
ds4: V4.1 moe split layer=24 rows=2 routed=0.508 ms
ds4: V4.1 moe split layer=25 rows=2 router=0.269 ms
ds4: V4.1 moe split layer=25 rows=2 shared=0.269 ms
ds4: V4.1 moe split layer=25 rows=2 routed=0.590 ms
ds4: V4.1 moe split layer=26 rows=2 router=0.278 ms
ds4: V4.1 moe split layer=26 rows=2 shared=0.309 ms
ds4: V4.1 moe split layer=26 rows=2 routed=0.509 ms
ds4: V4.1 moe split layer=27 rows=2 router=0.205 ms
ds4: V4.1 moe split layer=27 rows=2 shared=0.240 ms
ds4: V4.1 moe split layer=27 rows=2 routed=0.648 ms
ds4: V4.1 moe split layer=28 rows=2 router=0.246 ms
ds4: V4.1 moe split layer=28 rows=2 shared=0.272 ms
ds4: V4.1 moe split layer=28 rows=2 routed=0.520 ms
ds4: V4.1 moe split layer=29 rows=2 router=0.212 ms
ds4: V4.1 moe split layer=29 rows=2 shared=0.300 ms
ds4: V4.1 moe split layer=29 rows=2 routed=0.522 ms
ds4: V4.1 moe split layer=30 rows=2 router=0.259 ms
ds4: V4.1 moe split layer=30 rows=2 shared=0.248 ms
ds4: V4.1 moe split layer=30 rows=2 routed=0.663 ms
ds4: V4.1 moe split layer=31 rows=2 router=0.245 ms
ds4: V4.1 moe split layer=31 rows=2 shared=0.251 ms
ds4: V4.1 moe split layer=31 rows=2 routed=0.619 ms
ds4: V4.1 moe split layer=32 rows=2 router=0.253 ms
ds4: V4.1 moe split layer=32 rows=2 shared=0.295 ms
ds4: V4.1 moe split layer=32 rows=2 routed=0.512 ms
ds4: V4.1 moe split layer=33 rows=2 router=0.239 ms
ds4: V4.1 moe split layer=33 rows=2 shared=0.248 ms
ds4: V4.1 moe split layer=33 rows=2 routed=0.518 ms
ds4: V4.1 moe split layer=34 rows=2 router=0.251 ms
ds4: V4.1 moe split layer=34 rows=2 shared=0.255 ms
ds4: V4.1 moe split layer=34 rows=2 routed=0.530 ms
ds4: V4.1 moe split layer=35 rows=2 router=0.248 ms
ds4: V4.1 moe split layer=35 rows=2 shared=0.264 ms
ds4: V4.1 moe split layer=35 rows=2 routed=0.549 ms
ds4: V4.1 moe split layer=36 rows=2 router=0.202 ms
ds4: V4.1 moe split layer=36 rows=2 shared=0.273 ms
ds4: V4.1 moe split layer=36 rows=2 routed=0.598 ms
ds4: V4.1 moe split layer=37 rows=2 router=0.247 ms
ds4: V4.1 moe split layer=37 rows=2 shared=0.247 ms
ds4: V4.1 moe split layer=37 rows=2 routed=0.662 ms
ds4: V4.1 moe split layer=38 rows=2 router=0.213 ms
ds4: V4.1 moe split layer=38 rows=2 shared=0.274 ms
ds4: V4.1 moe split layer=38 rows=2 routed=0.526 ms
ds4: V4.1 moe split layer=39 rows=2 router=0.257 ms
ds4: V4.1 moe split layer=39 rows=2 shared=0.262 ms
ds4: V4.1 moe split layer=39 rows=2 routed=0.549 ms
ds4: V4.1 batch step rows=2 pre 0.0 ms, per-row attention 0.0 ms, moe 0.0 ms, head 0.0 ms, setup 0.0 ms, publish 0.0 ms
ds4: V4.1 moe split layer=0 rows=2 router=0.249 ms
ds4: V4.1 moe split layer=0 rows=2 shared=0.278 ms
ds4: V4.1 moe split layer=0 rows=2 routed=0.549 ms
ds4: V4.1 moe split layer=1 rows=2 router=0.267 ms
ds4: V4.1 moe split layer=1 rows=2 shared=0.252 ms
ds4: V4.1 moe split layer=1 rows=2 routed=0.549 ms
ds4: V4.1 moe split layer=2 rows=2 router=0.231 ms
ds4: V4.1 moe split layer=2 rows=2 shared=0.246 ms
ds4: V4.1 moe split layer=2 rows=2 routed=0.546 ms
ds4: V4.1 moe split layer=3 rows=2 router=0.203 ms
ds4: V4.1 moe split layer=3 rows=2 shared=0.238 ms
ds4: V4.1 moe split layer=3 rows=2 routed=0.549 ms
ds4: V4.1 moe split layer=4 rows=2 router=0.279 ms
ds4: V4.1 moe split layer=4 rows=2 shared=0.279 ms
ds4: V4.1 moe split layer=4 rows=2 routed=0.601 ms
ds4: V4.1 moe split layer=5 rows=2 router=0.249 ms
ds4: V4.1 moe split layer=5 rows=2 shared=0.309 ms
ds4: V4.1 moe split layer=5 rows=2 routed=0.524 ms
ds4: V4.1 moe split layer=6 rows=2 router=0.235 ms
ds4: V4.1 moe split layer=6 rows=2 shared=0.293 ms
ds4: V4.1 moe split layer=6 rows=2 routed=0.505 ms
ds4: V4.1 moe split layer=7 rows=2 router=0.236 ms
ds4: V4.1 moe split layer=7 rows=2 shared=0.262 ms
ds4: V4.1 moe split layer=7 rows=2 routed=0.647 ms
ds4: V4.1 moe split layer=8 rows=2 router=0.200 ms
ds4: V4.1 moe split layer=8 rows=2 shared=0.249 ms
ds4: V4.1 moe split layer=8 rows=2 routed=0.544 ms
ds4: V4.1 moe split layer=9 rows=2 router=0.237 ms
ds4: V4.1 moe split layer=9 rows=2 shared=0.284 ms
ds4: V4.1 moe split layer=9 rows=2 routed=0.540 ms
ds4: V4.1 moe split layer=10 rows=2 router=0.238 ms
ds4: V4.1 moe split layer=10 rows=2 shared=0.251 ms
ds4: V4.1 moe split layer=10 rows=2 routed=0.508 ms
ds4: V4.1 moe split layer=11 rows=2 router=0.234 ms
ds4: V4.1 moe split layer=11 rows=2 shared=0.291 ms
ds4: V4.1 moe split layer=11 rows=2 routed=0.526 ms
ds4: V4.1 moe split layer=12 rows=2 router=0.245 ms
ds4: V4.1 moe split layer=12 rows=2 shared=0.280 ms
ds4: V4.1 moe split layer=12 rows=2 routed=0.528 ms
ds4: V4.1 moe split layer=13 rows=2 router=0.240 ms
ds4: V4.1 moe split layer=13 rows=2 shared=0.246 ms
ds4: V4.1 moe split layer=13 rows=2 routed=0.640 ms
ds4: V4.1 moe split layer=14 rows=2 router=0.277 ms
ds4: V4.1 moe split layer=14 rows=2 shared=0.275 ms
ds4: V4.1 moe split layer=14 rows=2 routed=0.566 ms
ds4: V4.1 moe split layer=15 rows=2 router=0.251 ms
ds4: V4.1 moe split layer=15 rows=2 shared=0.297 ms
ds4: V4.1 moe split layer=15 rows=2 routed=0.525 ms
ds4: V4.1 moe split layer=16 rows=2 router=0.221 ms
ds4: V4.1 moe split layer=16 rows=2 shared=0.266 ms
ds4: V4.1 moe split layer=16 rows=2 routed=0.528 ms
ds4: V4.1 moe split layer=17 rows=2 router=0.201 ms
ds4: V4.1 moe split layer=17 rows=2 shared=0.245 ms
ds4: V4.1 moe split layer=17 rows=2 routed=0.538 ms
ds4: V4.1 moe split layer=18 rows=2 router=0.240 ms
ds4: V4.1 moe split layer=18 rows=2 shared=0.245 ms
ds4: V4.1 moe split layer=18 rows=2 routed=0.539 ms
ds4: V4.1 moe split layer=19 rows=2 router=0.237 ms
ds4: V4.1 moe split layer=19 rows=2 shared=0.276 ms
ds4: V4.1 moe split layer=19 rows=2 routed=0.599 ms
ds4: V4.1 moe split layer=20 rows=2 router=0.242 ms
ds4: V4.1 moe split layer=20 rows=2 shared=0.249 ms
ds4: V4.1 moe split layer=20 rows=2 routed=0.546 ms
ds4: V4.1 moe split layer=21 rows=2 router=0.244 ms
ds4: V4.1 moe split layer=21 rows=2 shared=0.235 ms
ds4: V4.1 moe split layer=21 rows=2 routed=0.595 ms
ds4: V4.1 moe split layer=22 rows=2 router=0.282 ms
ds4: V4.1 moe split layer=22 rows=2 shared=0.276 ms
ds4: V4.1 moe split layer=22 rows=2 routed=0.591 ms
ds4: V4.1 moe split layer=23 rows=2 router=0.246 ms
ds4: V4.1 moe split layer=23 rows=2 shared=0.238 ms
ds4: V4.1 moe split layer=23 rows=2 routed=0.545 ms
ds4: V4.1 moe split layer=24 rows=2 router=0.246 ms
ds4: V4.1 moe split layer=24 rows=2 shared=0.283 ms
ds4: V4.1 moe split layer=24 rows=2 routed=0.522 ms
ds4: V4.1 moe split layer=25 rows=2 router=0.215 ms
ds4: V4.1 moe split layer=25 rows=2 shared=0.275 ms
ds4: V4.1 moe split layer=25 rows=2 routed=0.609 ms
ds4: V4.1 moe split layer=26 rows=2 router=0.247 ms
ds4: V4.1 moe split layer=26 rows=2 shared=0.262 ms
ds4: V4.1 moe split layer=26 rows=2 routed=0.538 ms
ds4: V4.1 moe split layer=27 rows=2 router=0.250 ms
ds4: V4.1 moe split layer=27 rows=2 shared=0.248 ms
ds4: V4.1 moe split layer=27 rows=2 routed=0.512 ms
ds4: V4.1 moe split layer=28 rows=2 router=0.246 ms
ds4: V4.1 moe split layer=28 rows=2 shared=0.257 ms
ds4: V4.1 moe split layer=28 rows=2 routed=0.523 ms
ds4: V4.1 moe split layer=29 rows=2 router=0.307 ms
ds4: V4.1 moe split layer=29 rows=2 shared=0.276 ms
ds4: V4.1 moe split layer=29 rows=2 routed=0.556 ms
ds4: V4.1 moe split layer=30 rows=2 router=0.250 ms
ds4: V4.1 moe split layer=30 rows=2 shared=0.277 ms
ds4: V4.1 moe split layer=30 rows=2 routed=0.539 ms
ds4: V4.1 moe split layer=31 rows=2 router=0.250 ms
ds4: V4.1 moe split layer=31 rows=2 shared=0.270 ms
ds4: V4.1 moe split layer=31 rows=2 routed=0.586 ms
ds4: V4.1 moe split layer=32 rows=2 router=0.249 ms
ds4: V4.1 moe split layer=32 rows=2 shared=0.271 ms
ds4: V4.1 moe split layer=32 rows=2 routed=0.569 ms
ds4: V4.1 moe split layer=33 rows=2 router=0.217 ms
ds4: V4.1 moe split layer=33 rows=2 shared=0.251 ms
ds4: V4.1 moe split layer=33 rows=2 routed=0.622 ms
ds4: V4.1 moe split layer=34 rows=2 router=0.239 ms
ds4: V4.1 moe split layer=34 rows=2 shared=0.256 ms
ds4: V4.1 moe split layer=34 rows=2 routed=0.551 ms
ds4: V4.1 moe split layer=35 rows=2 router=0.252 ms
ds4: V4.1 moe split layer=35 rows=2 shared=0.257 ms
ds4: V4.1 moe split layer=35 rows=2 routed=0.605 ms
ds4: V4.1 moe split layer=36 rows=2 router=0.248 ms
ds4: V4.1 moe split layer=36 rows=2 shared=0.241 ms
ds4: V4.1 moe split layer=36 rows=2 routed=0.539 ms
ds4: V4.1 moe split layer=37 rows=2 router=0.272 ms
ds4: V4.1 moe split layer=37 rows=2 shared=0.347 ms
ds4: V4.1 moe split layer=37 rows=2 routed=0.544 ms
ds4: V4.1 moe split layer=38 rows=2 router=0.243 ms
ds4: V4.1 moe split layer=38 rows=2 shared=0.245 ms
ds4: V4.1 moe split layer=38 rows=2 routed=0.562 ms
ds4: V4.1 moe split layer=39 rows=2 router=0.248 ms
ds4: V4.1 moe split layer=39 rows=2 shared=0.282 ms
ds4: V4.1 moe split layer=39 rows=2 routed=0.506 ms
ds4: V4.1 batch step rows=2 pre 0.0 ms, per-row attention 0.0 ms, moe 0.0 ms, head 0.0 ms, setup 0.0 ms, publish 0.0 ms
ds4: V4.1 moe split layer=0 rows=2 router=0.262 ms
ds4: V4.1 moe split layer=0 rows=2 shared=0.337 ms
ds4: V4.1 moe split layer=0 rows=2 routed=0.559 ms
ds4: V4.1 moe split layer=1 rows=2 router=0.266 ms
ds4: V4.1 moe split layer=1 rows=2 shared=0.266 ms
ds4: V4.1 moe split layer=1 rows=2 routed=0.544 ms
ds4: V4.1 moe split layer=2 rows=2 router=0.221 ms
ds4: V4.1 moe split layer=2 rows=2 shared=0.261 ms
ds4: V4.1 moe split layer=2 rows=2 routed=0.622 ms
ds4: V4.1 moe split layer=3 rows=2 router=0.325 ms
ds4: V4.1 moe split layer=3 rows=2 shared=0.242 ms
ds4: V4.1 moe split layer=3 rows=2 routed=0.558 ms
ds4: V4.1 moe split layer=4 rows=2 router=0.225 ms
ds4: V4.1 moe split layer=4 rows=2 shared=0.266 ms
ds4: V4.1 moe split layer=4 rows=2 routed=0.532 ms
ds4: V4.1 moe split layer=5 rows=2 router=0.253 ms
ds4: V4.1 moe split layer=5 rows=2 shared=0.277 ms
ds4: V4.1 moe split layer=5 rows=2 routed=0.538 ms
ds4: V4.1 moe split layer=6 rows=2 router=0.246 ms
ds4: V4.1 moe split layer=6 rows=2 shared=0.241 ms
ds4: V4.1 moe split layer=6 rows=2 routed=0.706 ms
ds4: V4.1 moe split layer=7 rows=2 router=0.231 ms
ds4: V4.1 moe split layer=7 rows=2 shared=0.278 ms
ds4: V4.1 moe split layer=7 rows=2 routed=0.537 ms
ds4: V4.1 moe split layer=8 rows=2 router=0.287 ms
ds4: V4.1 moe split layer=8 rows=2 shared=0.281 ms
ds4: V4.1 moe split layer=8 rows=2 routed=0.540 ms
ds4: V4.1 moe split layer=9 rows=2 router=0.214 ms
ds4: V4.1 moe split layer=9 rows=2 shared=0.279 ms
ds4: V4.1 moe split layer=9 rows=2 routed=0.631 ms
ds4: V4.1 moe split layer=10 rows=2 router=0.238 ms
ds4: V4.1 moe split layer=10 rows=2 shared=0.250 ms
ds4: V4.1 moe split layer=10 rows=2 routed=0.622 ms
ds4: V4.1 moe split layer=11 rows=2 router=0.269 ms
ds4: V4.1 moe split layer=11 rows=2 shared=0.280 ms
ds4: V4.1 moe split layer=11 rows=2 routed=0.533 ms
ds4: V4.1 moe split layer=12 rows=2 router=0.237 ms
ds4: V4.1 moe split layer=12 rows=2 shared=0.276 ms
ds4: V4.1 moe split layer=12 rows=2 routed=0.586 ms
ds4: V4.1 moe split layer=13 rows=2 router=0.242 ms
ds4: V4.1 moe split layer=13 rows=2 shared=0.277 ms
ds4: V4.1 moe split layer=13 rows=2 routed=0.550 ms
ds4: V4.1 moe split layer=14 rows=2 router=0.269 ms
ds4: V4.1 moe split layer=14 rows=2 shared=0.246 ms
ds4: V4.1 moe split layer=14 rows=2 routed=0.557 ms
ds4: V4.1 moe split layer=15 rows=2 router=0.241 ms
ds4: V4.1 moe split layer=15 rows=2 shared=0.255 ms
ds4: V4.1 moe split layer=15 rows=2 routed=0.642 ms
ds4: V4.1 moe split layer=16 rows=2 router=0.232 ms
ds4: V4.1 moe split layer=16 rows=2 shared=0.250 ms
ds4: V4.1 moe split layer=16 rows=2 routed=0.495 ms
ds4: V4.1 moe split layer=17 rows=2 router=0.236 ms
ds4: V4.1 moe split layer=17 rows=2 shared=0.249 ms
ds4: V4.1 moe split layer=17 rows=2 routed=0.505 ms
ds4: V4.1 moe split layer=18 rows=2 router=0.192 ms
ds4: V4.1 moe split layer=18 rows=2 shared=0.268 ms
ds4: V4.1 moe split layer=18 rows=2 routed=0.507 ms
ds4: V4.1 moe split layer=19 rows=2 router=0.251 ms
ds4: V4.1 moe split layer=19 rows=2 shared=0.263 ms
ds4: V4.1 moe split layer=19 rows=2 routed=0.503 ms
ds4: V4.1 moe split layer=20 rows=2 router=0.235 ms
ds4: V4.1 moe split layer=20 rows=2 shared=0.249 ms
ds4: V4.1 moe split layer=20 rows=2 routed=0.552 ms
ds4: V4.1 moe split layer=21 rows=2 router=0.240 ms
ds4: V4.1 moe split layer=21 rows=2 shared=0.249 ms
ds4: V4.1 moe split layer=21 rows=2 routed=0.543 ms
ds4: V4.1 moe split layer=22 rows=2 router=0.218 ms
ds4: V4.1 moe split layer=22 rows=2 shared=0.245 ms
ds4: V4.1 moe split layer=22 rows=2 routed=0.528 ms
ds4: V4.1 moe split layer=23 rows=2 router=0.243 ms
ds4: V4.1 moe split layer=23 rows=2 shared=0.244 ms
ds4: V4.1 moe split layer=23 rows=2 routed=0.531 ms
ds4: V4.1 moe split layer=24 rows=2 router=0.201 ms
ds4: V4.1 moe split layer=24 rows=2 shared=0.256 ms
ds4: V4.1 moe split layer=24 rows=2 routed=0.619 ms
ds4: V4.1 moe split layer=25 rows=2 router=0.272 ms
ds4: V4.1 moe split layer=25 rows=2 shared=0.273 ms
ds4: V4.1 moe split layer=25 rows=2 routed=0.526 ms
ds4: V4.1 moe split layer=26 rows=2 router=0.247 ms
ds4: V4.1 moe split layer=26 rows=2 shared=0.268 ms
ds4: V4.1 moe split layer=26 rows=2 routed=0.531 ms
ds4: V4.1 moe split layer=27 rows=2 router=0.228 ms
ds4: V4.1 moe split layer=27 rows=2 shared=0.266 ms
ds4: V4.1 moe split layer=27 rows=2 routed=0.562 ms
ds4: V4.1 moe split layer=28 rows=2 router=0.307 ms
ds4: V4.1 moe split layer=28 rows=2 shared=0.271 ms
ds4: V4.1 moe split layer=28 rows=2 routed=0.531 ms
ds4: V4.1 moe split layer=29 rows=2 router=0.241 ms
ds4: V4.1 moe split layer=29 rows=2 shared=0.236 ms
ds4: V4.1 moe split layer=29 rows=2 routed=0.593 ms
ds4: V4.1 moe split layer=30 rows=2 router=0.237 ms
ds4: V4.1 moe split layer=30 rows=2 shared=0.253 ms
ds4: V4.1 moe split layer=30 rows=2 routed=0.522 ms
ds4: V4.1 moe split layer=31 rows=2 router=0.269 ms
ds4: V4.1 moe split layer=31 rows=2 shared=0.273 ms
ds4: V4.1 moe split layer=31 rows=2 routed=0.525 ms
ds4: V4.1 moe split layer=32 rows=2 router=0.211 ms
ds4: V4.1 moe split layer=32 rows=2 shared=0.256 ms
ds4: V4.1 moe split layer=32 rows=2 routed=0.549 ms
ds4: V4.1 moe split layer=33 rows=2 router=0.254 ms
ds4: V4.1 moe split layer=33 rows=2 shared=0.276 ms
ds4: V4.1 moe split layer=33 rows=2 routed=0.553 ms
ds4: V4.1 moe split layer=34 rows=2 router=0.253 ms
ds4: V4.1 moe split layer=34 rows=2 shared=0.255 ms
ds4: V4.1 moe split layer=34 rows=2 routed=0.570 ms
ds4: V4.1 moe split layer=35 rows=2 router=0.258 ms
ds4: V4.1 moe split layer=35 rows=2 shared=0.255 ms
ds4: V4.1 moe split layer=35 rows=2 routed=0.595 ms
ds4: V4.1 moe split layer=36 rows=2 router=0.242 ms
ds4: V4.1 moe split layer=36 rows=2 shared=0.274 ms
ds4: V4.1 moe split layer=36 rows=2 routed=0.538 ms
ds4: V4.1 moe split layer=37 rows=2 router=0.238 ms
ds4: V4.1 moe split layer=37 rows=2 shared=0.239 ms
ds4: V4.1 moe split layer=37 rows=2 routed=0.634 ms
ds4: V4.1 moe split layer=38 rows=2 router=0.244 ms
ds4: V4.1 moe split layer=38 rows=2 shared=0.254 ms
ds4: V4.1 moe split layer=38 rows=2 routed=0.645 ms
ds4: V4.1 moe split layer=39 rows=2 router=0.242 ms
ds4: V4.1 moe split layer=39 rows=2 shared=0.251 ms
ds4: V4.1 moe split layer=39 rows=2 routed=0.549 ms
ds4: V4.1 batch step rows=2 pre 0.0 ms, per-row attention 0.0 ms, moe 0.0 ms, head 0.0 ms, setup 0.0 ms, publish 0.0 ms
ds4: V4.1 moe split layer=0 rows=2 router=0.253 ms
ds4: V4.1 moe split layer=0 rows=2 shared=0.262 ms
ds4: V4.1 moe split layer=0 rows=2 routed=0.572 ms
ds4: V4.1 moe split layer=1 rows=2 router=0.306 ms
ds4: V4.1 moe split layer=1 rows=2 shared=0.239 ms
ds4: V4.1 moe split layer=1 rows=2 routed=0.538 ms
ds4: V4.1 moe split layer=2 rows=2 router=0.229 ms
ds4: V4.1 moe split layer=2 rows=2 shared=0.294 ms
ds4: V4.1 moe split layer=2 rows=2 routed=0.523 ms
ds4: V4.1 moe split layer=3 rows=2 router=0.246 ms
ds4: V4.1 moe split layer=3 rows=2 shared=0.266 ms
ds4: V4.1 moe split layer=3 rows=2 routed=0.513 ms
ds4: V4.1 moe split layer=4 rows=2 router=0.240 ms
ds4: V4.1 moe split layer=4 rows=2 shared=0.288 ms
ds4: V4.1 moe split layer=4 rows=2 routed=0.596 ms
ds4: V4.1 moe split layer=5 rows=2 router=0.247 ms
ds4: V4.1 moe split layer=5 rows=2 shared=0.279 ms
ds4: V4.1 moe split layer=5 rows=2 routed=0.546 ms
ds4: V4.1 moe split layer=6 rows=2 router=0.200 ms
ds4: V4.1 moe split layer=6 rows=2 shared=0.245 ms
ds4: V4.1 moe split layer=6 rows=2 routed=0.609 ms
ds4: V4.1 moe split layer=7 rows=2 router=0.239 ms
ds4: V4.1 moe split layer=7 rows=2 shared=0.236 ms
ds4: V4.1 moe split layer=7 rows=2 routed=0.646 ms
ds4: V4.1 moe split layer=8 rows=2 router=0.247 ms
ds4: V4.1 moe split layer=8 rows=2 shared=0.244 ms
ds4: V4.1 moe split layer=8 rows=2 routed=0.521 ms
ds4: V4.1 moe split layer=9 rows=2 router=0.273 ms
ds4: V4.1 moe split layer=9 rows=2 shared=0.272 ms
ds4: V4.1 moe split layer=9 rows=2 routed=0.563 ms
ds4: V4.1 moe split layer=10 rows=2 router=0.226 ms
ds4: V4.1 moe split layer=10 rows=2 shared=0.258 ms
ds4: V4.1 moe split layer=10 rows=2 routed=0.609 ms
ds4: V4.1 moe split layer=11 rows=2 router=0.239 ms
ds4: V4.1 moe split layer=11 rows=2 shared=0.243 ms
ds4: V4.1 moe split layer=11 rows=2 routed=0.532 ms
ds4: V4.1 moe split layer=12 rows=2 router=0.238 ms
ds4: V4.1 moe split layer=12 rows=2 shared=0.274 ms
ds4: V4.1 moe split layer=12 rows=2 routed=0.539 ms
ds4: V4.1 moe split layer=13 rows=2 router=0.246 ms
ds4: V4.1 moe split layer=13 rows=2 shared=0.242 ms
ds4: V4.1 moe split layer=13 rows=2 routed=0.616 ms
ds4: V4.1 moe split layer=14 rows=2 router=0.199 ms
ds4: V4.1 moe split layer=14 rows=2 shared=0.239 ms
ds4: V4.1 moe split layer=14 rows=2 routed=0.610 ms
ds4: V4.1 moe split layer=15 rows=2 router=0.240 ms
ds4: V4.1 moe split layer=15 rows=2 shared=0.245 ms
ds4: V4.1 moe split layer=15 rows=2 routed=0.511 ms
ds4: V4.1 moe split layer=16 rows=2 router=0.217 ms
ds4: V4.1 moe split layer=16 rows=2 shared=0.247 ms
ds4: V4.1 moe split layer=16 rows=2 routed=0.646 ms
ds4: V4.1 moe split layer=17 rows=2 router=0.203 ms
ds4: V4.1 moe split layer=17 rows=2 shared=0.251 ms
ds4: V4.1 moe split layer=17 rows=2 routed=0.499 ms
ds4: V4.1 moe split layer=18 rows=2 router=0.233 ms
ds4: V4.1 moe split layer=18 rows=2 shared=0.274 ms
ds4: V4.1 moe split layer=18 rows=2 routed=0.507 ms
ds4: V4.1 moe split layer=19 rows=2 router=0.330 ms
ds4: V4.1 moe split layer=19 rows=2 shared=0.250 ms
ds4: V4.1 moe split layer=19 rows=2 routed=0.528 ms
ds4: V4.1 moe split layer=20 rows=2 router=0.248 ms
ds4: V4.1 moe split layer=20 rows=2 shared=0.249 ms
ds4: V4.1 moe split layer=20 rows=2 routed=0.532 ms
ds4: V4.1 moe split layer=21 rows=2 router=0.239 ms
ds4: V4.1 moe split layer=21 rows=2 shared=0.266 ms
ds4: V4.1 moe split layer=21 rows=2 routed=0.508 ms
ds4: V4.1 moe split layer=22 rows=2 router=0.246 ms
ds4: V4.1 moe split layer=22 rows=2 shared=0.271 ms
ds4: V4.1 moe split layer=22 rows=2 routed=0.611 ms
ds4: V4.1 moe split layer=23 rows=2 router=0.243 ms
ds4: V4.1 moe split layer=23 rows=2 shared=0.249 ms
ds4: V4.1 moe split layer=23 rows=2 routed=0.642 ms
ds4: V4.1 moe split layer=24 rows=2 router=0.240 ms
ds4: V4.1 moe split layer=24 rows=2 shared=0.243 ms
ds4: V4.1 moe split layer=24 rows=2 routed=0.629 ms
ds4: V4.1 moe split layer=25 rows=2 router=0.207 ms
ds4: V4.1 moe split layer=25 rows=2 shared=0.235 ms
ds4: V4.1 moe split layer=25 rows=2 routed=0.537 ms
ds4: V4.1 moe split layer=26 rows=2 router=0.284 ms
ds4: V4.1 moe split layer=26 rows=2 shared=0.274 ms
ds4: V4.1 moe split layer=26 rows=2 routed=0.528 ms
ds4: V4.1 moe split layer=27 rows=2 router=0.203 ms
ds4: V4.1 moe split layer=27 rows=2 shared=0.251 ms
ds4: V4.1 moe split layer=27 rows=2 routed=0.521 ms
ds4: V4.1 moe split layer=28 rows=2 router=0.283 ms
ds4: V4.1 moe split layer=28 rows=2 shared=0.266 ms
ds4: V4.1 moe split layer=28 rows=2 routed=0.524 ms
ds4: V4.1 moe split layer=29 rows=2 router=0.206 ms
ds4: V4.1 moe split layer=29 rows=2 shared=0.247 ms
ds4: V4.1 moe split layer=29 rows=2 routed=0.565 ms
ds4: V4.1 moe split layer=30 rows=2 router=0.231 ms
ds4: V4.1 moe split layer=30 rows=2 shared=0.292 ms
ds4: V4.1 moe split layer=30 rows=2 routed=0.610 ms
ds4: V4.1 moe split layer=31 rows=2 router=0.248 ms
ds4: V4.1 moe split layer=31 rows=2 shared=0.284 ms
ds4: V4.1 moe split layer=31 rows=2 routed=0.547 ms
ds4: V4.1 moe split layer=32 rows=2 router=0.241 ms
ds4: V4.1 moe split layer=32 rows=2 shared=0.299 ms
ds4: V4.1 moe split layer=32 rows=2 routed=0.512 ms
ds4: V4.1 moe split layer=33 rows=2 router=0.249 ms
ds4: V4.1 moe split layer=33 rows=2 shared=0.265 ms
ds4: V4.1 moe split layer=33 rows=2 routed=0.519 ms
ds4: V4.1 moe split layer=34 rows=2 router=0.269 ms
ds4: V4.1 moe split layer=34 rows=2 shared=0.280 ms
ds4: V4.1 moe split layer=34 rows=2 routed=0.536 ms
ds4: V4.1 moe split layer=35 rows=2 router=0.194 ms
ds4: V4.1 moe split layer=35 rows=2 shared=0.245 ms
ds4: V4.1 moe split layer=35 rows=2 routed=0.540 ms
ds4: V4.1 moe split layer=36 rows=2 router=0.243 ms
ds4: V4.1 moe split layer=36 rows=2 shared=0.246 ms
ds4: V4.1 moe split layer=36 rows=2 routed=0.544 ms
ds4: V4.1 moe split layer=37 rows=2 router=0.222 ms
ds4: V4.1 moe split layer=37 rows=2 shared=0.256 ms
ds4: V4.1 moe split layer=37 rows=2 routed=0.502 ms
ds4: V4.1 moe split layer=38 rows=2 router=0.253 ms
ds4: V4.1 moe split layer=38 rows=2 shared=0.274 ms
ds4: V4.1 moe split layer=38 rows=2 routed=0.506 ms
ds4: V4.1 moe split layer=39 rows=2 router=0.228 ms
ds4: V4.1 moe split layer=39 rows=2 shared=0.244 ms
ds4: V4.1 moe split layer=39 rows=2 routed=0.500 ms
ds4: V4.1 batch step rows=2 pre 0.0 ms, per-row attention 0.0 ms, moe 0.0 ms, head 0.0 ms, setup 0.0 ms, publish 0.0 ms
ds4: V4.1 moe split layer=0 rows=2 router=0.196 ms
ds4: V4.1 moe split layer=0 rows=2 shared=0.273 ms
ds4: V4.1 moe split layer=0 rows=2 routed=0.602 ms
ds4: V4.1 moe split layer=1 rows=2 router=0.248 ms
ds4: V4.1 moe split layer=1 rows=2 shared=0.272 ms
ds4: V4.1 moe split layer=1 rows=2 routed=0.537 ms
ds4: V4.1 moe split layer=2 rows=2 router=0.282 ms
ds4: V4.1 moe split layer=2 rows=2 shared=0.250 ms
ds4: V4.1 moe split layer=2 rows=2 routed=0.539 ms
ds4: V4.1 moe split layer=3 rows=2 router=0.251 ms
ds4: V4.1 moe split layer=3 rows=2 shared=0.247 ms
ds4: V4.1 moe split layer=3 rows=2 routed=0.649 ms
ds4: V4.1 moe split layer=4 rows=2 router=0.208 ms
ds4: V4.1 moe split layer=4 rows=2 shared=0.240 ms
ds4: V4.1 moe split layer=4 rows=2 routed=0.604 ms
ds4: V4.1 moe split layer=5 rows=2 router=0.224 ms
ds4: V4.1 moe split layer=5 rows=2 shared=0.306 ms
ds4: V4.1 moe split layer=5 rows=2 routed=0.550 ms
ds4: V4.1 moe split layer=6 rows=2 router=0.202 ms
ds4: V4.1 moe split layer=6 rows=2 shared=0.246 ms
ds4: V4.1 moe split layer=6 rows=2 routed=0.584 ms
ds4: V4.1 moe split layer=7 rows=2 router=0.293 ms
ds4: V4.1 moe split layer=7 rows=2 shared=0.306 ms
ds4: V4.1 moe split layer=7 rows=2 routed=0.527 ms
ds4: V4.1 moe split layer=8 rows=2 router=0.253 ms
ds4: V4.1 moe split layer=8 rows=2 shared=0.244 ms
ds4: V4.1 moe split layer=8 rows=2 routed=0.524 ms
ds4: V4.1 moe split layer=9 rows=2 router=0.224 ms
ds4: V4.1 moe split layer=9 rows=2 shared=0.294 ms
ds4: V4.1 moe split layer=9 rows=2 routed=0.524 ms
ds4: V4.1 moe split layer=10 rows=2 router=0.239 ms
ds4: V4.1 moe split layer=10 rows=2 shared=0.251 ms
ds4: V4.1 moe split layer=10 rows=2 routed=0.570 ms
ds4: V4.1 moe split layer=11 rows=2 router=0.240 ms
ds4: V4.1 moe split layer=11 rows=2 shared=0.259 ms
ds4: V4.1 moe split layer=11 rows=2 routed=0.517 ms
ds4: V4.1 moe split layer=12 rows=2 router=0.197 ms
ds4: V4.1 moe split layer=12 rows=2 shared=0.246 ms
ds4: V4.1 moe split layer=12 rows=2 routed=0.558 ms
ds4: V4.1 moe split layer=13 rows=2 router=0.244 ms
ds4: V4.1 moe split layer=13 rows=2 shared=0.239 ms
ds4: V4.1 moe split layer=13 rows=2 routed=0.557 ms
ds4: V4.1 moe split layer=14 rows=2 router=0.289 ms
ds4: V4.1 moe split layer=14 rows=2 shared=0.238 ms
ds4: V4.1 moe split layer=14 rows=2 routed=0.534 ms
ds4: V4.1 moe split layer=15 rows=2 router=0.241 ms
ds4: V4.1 moe split layer=15 rows=2 shared=0.256 ms
ds4: V4.1 moe split layer=15 rows=2 routed=0.543 ms
ds4: V4.1 moe split layer=16 rows=2 router=0.278 ms
ds4: V4.1 moe split layer=16 rows=2 shared=0.283 ms
ds4: V4.1 moe split layer=16 rows=2 routed=0.537 ms
ds4: V4.1 moe split layer=17 rows=2 router=0.243 ms
ds4: V4.1 moe split layer=17 rows=2 shared=0.264 ms
ds4: V4.1 moe split layer=17 rows=2 routed=0.524 ms
ds4: V4.1 moe split layer=18 rows=2 router=0.250 ms
ds4: V4.1 moe split layer=18 rows=2 shared=0.268 ms
ds4: V4.1 moe split layer=18 rows=2 routed=0.539 ms
ds4: V4.1 moe split layer=19 rows=2 router=0.238 ms
ds4: V4.1 moe split layer=19 rows=2 shared=0.243 ms
ds4: V4.1 moe split layer=19 rows=2 routed=0.530 ms
ds4: V4.1 moe split layer=20 rows=2 router=0.248 ms
ds4: V4.1 moe split layer=20 rows=2 shared=0.246 ms
ds4: V4.1 moe split layer=20 rows=2 routed=0.635 ms
ds4: V4.1 moe split layer=21 rows=2 router=0.257 ms
ds4: V4.1 moe split layer=21 rows=2 shared=0.245 ms
ds4: V4.1 moe split layer=21 rows=2 routed=0.627 ms
ds4: V4.1 moe split layer=22 rows=2 router=0.241 ms
ds4: V4.1 moe split layer=22 rows=2 shared=0.247 ms
ds4: V4.1 moe split layer=22 rows=2 routed=0.654 ms
ds4: V4.1 moe split layer=23 rows=2 router=0.237 ms
ds4: V4.1 moe split layer=23 rows=2 shared=0.282 ms
ds4: V4.1 moe split layer=23 rows=2 routed=0.515 ms
ds4: V4.1 moe split layer=24 rows=2 router=0.244 ms
ds4: V4.1 moe split layer=24 rows=2 shared=0.246 ms
ds4: V4.1 moe split layer=24 rows=2 routed=0.545 ms
ds4: V4.1 moe split layer=25 rows=2 router=0.240 ms
ds4: V4.1 moe split layer=25 rows=2 shared=0.236 ms
ds4: V4.1 moe split layer=25 rows=2 routed=0.536 ms
ds4: V4.1 moe split layer=26 rows=2 router=0.246 ms
ds4: V4.1 moe split layer=26 rows=2 shared=0.233 ms
ds4: V4.1 moe split layer=26 rows=2 routed=0.542 ms
ds4: V4.1 moe split layer=27 rows=2 router=0.243 ms
ds4: V4.1 moe split layer=27 rows=2 shared=0.251 ms
ds4: V4.1 moe split layer=27 rows=2 routed=0.501 ms
ds4: V4.1 moe split layer=28 rows=2 router=0.214 ms
ds4: V4.1 moe split layer=28 rows=2 shared=0.273 ms
ds4: V4.1 moe split layer=28 rows=2 routed=0.512 ms
ds4: V4.1 moe split layer=29 rows=2 router=0.251 ms
ds4: V4.1 moe split layer=29 rows=2 shared=0.310 ms
ds4: V4.1 moe split layer=29 rows=2 routed=0.543 ms
ds4: V4.1 moe split layer=30 rows=2 router=0.251 ms
ds4: V4.1 moe split layer=30 rows=2 shared=0.252 ms
ds4: V4.1 moe split layer=30 rows=2 routed=0.537 ms
ds4: V4.1 moe split layer=31 rows=2 router=0.242 ms
ds4: V4.1 moe split layer=31 rows=2 shared=0.276 ms
ds4: V4.1 moe split layer=31 rows=2 routed=0.547 ms
ds4: V4.1 moe split layer=32 rows=2 router=0.267 ms
ds4: V4.1 moe split layer=32 rows=2 shared=0.243 ms
ds4: V4.1 moe split layer=32 rows=2 routed=0.542 ms
ds4: V4.1 moe split layer=33 rows=2 router=0.263 ms
ds4: V4.1 moe split layer=33 rows=2 shared=0.252 ms
ds4: V4.1 moe split layer=33 rows=2 routed=0.544 ms
ds4: V4.1 moe split layer=34 rows=2 router=0.243 ms
ds4: V4.1 moe split layer=34 rows=2 shared=0.272 ms
ds4: V4.1 moe split layer=34 rows=2 routed=0.653 ms
ds4: V4.1 moe split layer=35 rows=2 router=0.193 ms
ds4: V4.1 moe split layer=35 rows=2 shared=0.241 ms
ds4: V4.1 moe split layer=35 rows=2 routed=0.568 ms
ds4: V4.1 moe split layer=36 rows=2 router=0.272 ms
ds4: V4.1 moe split layer=36 rows=2 shared=0.270 ms
ds4: V4.1 moe split layer=36 rows=2 routed=0.519 ms
ds4: V4.1 moe split layer=37 rows=2 router=0.240 ms
ds4: V4.1 moe split layer=37 rows=2 shared=0.273 ms
ds4: V4.1 moe split layer=37 rows=2 routed=0.550 ms
ds4: V4.1 moe split layer=38 rows=2 router=0.286 ms
ds4: V4.1 moe split layer=38 rows=2 shared=0.248 ms
ds4: V4.1 moe split layer=38 rows=2 routed=0.540 ms
ds4: V4.1 moe split layer=39 rows=2 router=0.239 ms
ds4: V4.1 moe split layer=39 rows=2 shared=0.267 ms
ds4: V4.1 moe split layer=39 rows=2 routed=0.649 ms
ds4: V4.1 batch step rows=2 pre 0.0 ms, per-row attention 0.0 ms, moe 0.0 ms, head 0.0 ms, setup 0.0 ms, publish 0.0 ms
ds4: V4.1 moe split layer=0 rows=2 router=0.258 ms
ds4: V4.1 moe split layer=0 rows=2 shared=0.277 ms
ds4: V4.1 moe split layer=0 rows=2 routed=0.618 ms
ds4: V4.1 moe split layer=1 rows=2 router=0.237 ms
ds4: V4.1 moe split layer=1 rows=2 shared=0.247 ms
ds4: V4.1 moe split layer=1 rows=2 routed=0.617 ms
ds4: V4.1 moe split layer=2 rows=2 router=0.249 ms
ds4: V4.1 moe split layer=2 rows=2 shared=0.243 ms
ds4: V4.1 moe split layer=2 rows=2 routed=0.535 ms
ds4: V4.1 moe split layer=3 rows=2 router=0.247 ms
ds4: V4.1 moe split layer=3 rows=2 shared=0.253 ms
ds4: V4.1 moe split layer=3 rows=2 routed=0.622 ms
ds4: V4.1 moe split layer=4 rows=2 router=0.272 ms
ds4: V4.1 moe split layer=4 rows=2 shared=0.237 ms
ds4: V4.1 moe split layer=4 rows=2 routed=0.549 ms
ds4: V4.1 moe split layer=5 rows=2 router=0.203 ms
ds4: V4.1 moe split layer=5 rows=2 shared=0.260 ms
ds4: V4.1 moe split layer=5 rows=2 routed=0.540 ms
ds4: V4.1 moe split layer=6 rows=2 router=0.227 ms
ds4: V4.1 moe split layer=6 rows=2 shared=0.292 ms
ds4: V4.1 moe split layer=6 rows=2 routed=0.529 ms
ds4: V4.1 moe split layer=7 rows=2 router=0.235 ms
ds4: V4.1 moe split layer=7 rows=2 shared=0.253 ms
ds4: V4.1 moe split layer=7 rows=2 routed=0.542 ms
ds4: V4.1 moe split layer=8 rows=2 router=0.247 ms
ds4: V4.1 moe split layer=8 rows=2 shared=0.240 ms
ds4: V4.1 moe split layer=8 rows=2 routed=0.539 ms
ds4: V4.1 moe split layer=9 rows=2 router=0.250 ms
ds4: V4.1 moe split layer=9 rows=2 shared=0.240 ms
ds4: V4.1 moe split layer=9 rows=2 routed=0.537 ms
ds4: V4.1 moe split layer=10 rows=2 router=0.205 ms
ds4: V4.1 moe split layer=10 rows=2 shared=0.239 ms
ds4: V4.1 moe split layer=10 rows=2 routed=0.649 ms
ds4: V4.1 moe split layer=11 rows=2 router=0.240 ms
ds4: V4.1 moe split layer=11 rows=2 shared=0.245 ms
ds4: V4.1 moe split layer=11 rows=2 routed=0.650 ms
ds4: V4.1 moe split layer=12 rows=2 router=0.205 ms
ds4: V4.1 moe split layer=12 rows=2 shared=0.246 ms
ds4: V4.1 moe split layer=12 rows=2 routed=0.639 ms
ds4: V4.1 moe split layer=13 rows=2 router=0.329 ms
ds4: V4.1 moe split layer=13 rows=2 shared=0.268 ms
ds4: V4.1 moe split layer=13 rows=2 routed=0.510 ms
ds4: V4.1 moe split layer=14 rows=2 router=0.240 ms
ds4: V4.1 moe split layer=14 rows=2 shared=0.225 ms
ds4: V4.1 moe split layer=14 rows=2 routed=0.520 ms
ds4: V4.1 moe split layer=15 rows=2 router=0.212 ms
ds4: V4.1 moe split layer=15 rows=2 shared=0.269 ms
ds4: V4.1 moe split layer=15 rows=2 routed=0.535 ms
ds4: V4.1 moe split layer=16 rows=2 router=0.235 ms
ds4: V4.1 moe split layer=16 rows=2 shared=0.253 ms
ds4: V4.1 moe split layer=16 rows=2 routed=0.534 ms
ds4: V4.1 moe split layer=17 rows=2 router=0.240 ms
ds4: V4.1 moe split layer=17 rows=2 shared=0.246 ms
ds4: V4.1 moe split layer=17 rows=2 routed=0.502 ms
ds4: V4.1 moe split layer=18 rows=2 router=0.238 ms
ds4: V4.1 moe split layer=18 rows=2 shared=0.254 ms
ds4: V4.1 moe split layer=18 rows=2 routed=0.535 ms
ds4: V4.1 moe split layer=19 rows=2 router=0.249 ms
ds4: V4.1 moe split layer=19 rows=2 shared=0.243 ms
ds4: V4.1 moe split layer=19 rows=2 routed=0.639 ms
ds4: V4.1 moe split layer=20 rows=2 router=0.279 ms
ds4: V4.1 moe split layer=20 rows=2 shared=0.257 ms
ds4: V4.1 moe split layer=20 rows=2 routed=0.515 ms
ds4: V4.1 moe split layer=21 rows=2 router=0.260 ms
ds4: V4.1 moe split layer=21 rows=2 shared=0.244 ms
ds4: V4.1 moe split layer=21 rows=2 routed=0.655 ms
ds4: V4.1 moe split layer=22 rows=2 router=0.210 ms
ds4: V4.1 moe split layer=22 rows=2 shared=0.250 ms
ds4: V4.1 moe split layer=22 rows=2 routed=0.537 ms
ds4: V4.1 moe split layer=23 rows=2 router=0.263 ms
ds4: V4.1 moe split layer=23 rows=2 shared=0.244 ms
ds4: V4.1 moe split layer=23 rows=2 routed=0.568 ms
ds4: V4.1 moe split layer=24 rows=2 router=0.267 ms
ds4: V4.1 moe split layer=24 rows=2 shared=0.258 ms
ds4: V4.1 moe split layer=24 rows=2 routed=0.535 ms
ds4: V4.1 moe split layer=25 rows=2 router=0.282 ms
ds4: V4.1 moe split layer=25 rows=2 shared=0.257 ms
ds4: V4.1 moe split layer=25 rows=2 routed=0.533 ms
ds4: V4.1 moe split layer=26 rows=2 router=0.237 ms
ds4: V4.1 moe split layer=26 rows=2 shared=0.241 ms
ds4: V4.1 moe split layer=26 rows=2 routed=0.614 ms
ds4: V4.1 moe split layer=27 rows=2 router=0.268 ms
ds4: V4.1 moe split layer=27 rows=2 shared=0.245 ms
ds4: V4.1 moe split layer=27 rows=2 routed=0.533 ms
ds4: V4.1 moe split layer=28 rows=2 router=0.215 ms
ds4: V4.1 moe split layer=28 rows=2 shared=0.274 ms
ds4: V4.1 moe split layer=28 rows=2 routed=0.634 ms
ds4: V4.1 moe split layer=29 rows=2 router=0.263 ms
ds4: V4.1 moe split layer=29 rows=2 shared=0.284 ms
ds4: V4.1 moe split layer=29 rows=2 routed=0.499 ms
ds4: V4.1 moe split layer=30 rows=2 router=0.226 ms
ds4: V4.1 moe split layer=30 rows=2 shared=0.251 ms
ds4: V4.1 moe split layer=30 rows=2 routed=0.542 ms
ds4: V4.1 moe split layer=31 rows=2 router=0.251 ms
ds4: V4.1 moe split layer=31 rows=2 shared=0.253 ms
ds4: V4.1 moe split layer=31 rows=2 routed=0.535 ms
ds4: V4.1 moe split layer=32 rows=2 router=0.267 ms
ds4: V4.1 moe split layer=32 rows=2 shared=0.268 ms
ds4: V4.1 moe split layer=32 rows=2 routed=0.518 ms
ds4: V4.1 moe split layer=33 rows=2 router=0.246 ms
ds4: V4.1 moe split layer=33 rows=2 shared=0.278 ms
ds4: V4.1 moe split layer=33 rows=2 routed=0.536 ms
ds4: V4.1 moe split layer=34 rows=2 router=0.199 ms
ds4: V4.1 moe split layer=34 rows=2 shared=0.251 ms
ds4: V4.1 moe split layer=34 rows=2 routed=0.573 ms
ds4: V4.1 moe split layer=35 rows=2 router=0.291 ms
ds4: V4.1 moe split layer=35 rows=2 shared=0.270 ms
ds4: V4.1 moe split layer=35 rows=2 routed=0.507 ms
ds4: V4.1 moe split layer=36 rows=2 router=0.250 ms
ds4: V4.1 moe split layer=36 rows=2 shared=0.277 ms
ds4: V4.1 moe split layer=36 rows=2 routed=0.517 ms
ds4: V4.1 moe split layer=37 rows=2 router=0.248 ms
ds4: V4.1 moe split layer=37 rows=2 shared=0.276 ms
ds4: V4.1 moe split layer=37 rows=2 routed=0.605 ms
ds4: V4.1 moe split layer=38 rows=2 router=0.284 ms
ds4: V4.1 moe split layer=38 rows=2 shared=0.239 ms
ds4: V4.1 moe split layer=38 rows=2 routed=0.542 ms
ds4: V4.1 moe split layer=39 rows=2 router=0.243 ms
ds4: V4.1 moe split layer=39 rows=2 shared=0.242 ms
ds4: V4.1 moe split layer=39 rows=2 routed=0.552 ms
ds4: V4.1 batch step rows=2 pre 0.0 ms, per-row attention 0.0 ms, moe 0.0 ms, head 0.0 ms, setup 0.0 ms, publish 0.0 ms
ds4: V4.1 moe split layer=0 rows=2 router=0.254 ms
ds4: V4.1 moe split layer=0 rows=2 shared=0.245 ms
ds4: V4.1 moe split layer=0 rows=2 routed=0.668 ms
ds4: V4.1 moe split layer=1 rows=2 router=0.231 ms
ds4: V4.1 moe split layer=1 rows=2 shared=0.272 ms
ds4: V4.1 moe split layer=1 rows=2 routed=0.533 ms
ds4: V4.1 moe split layer=2 rows=2 router=0.219 ms
ds4: V4.1 moe split layer=2 rows=2 shared=0.249 ms
ds4: V4.1 moe split layer=2 rows=2 routed=0.544 ms
ds4: V4.1 moe split layer=3 rows=2 router=0.237 ms
ds4: V4.1 moe split layer=3 rows=2 shared=0.239 ms
ds4: V4.1 moe split layer=3 rows=2 routed=0.541 ms
ds4: V4.1 moe split layer=4 rows=2 router=0.266 ms
ds4: V4.1 moe split layer=4 rows=2 shared=0.247 ms
ds4: V4.1 moe split layer=4 rows=2 routed=0.548 ms
ds4: V4.1 moe split layer=5 rows=2 router=0.241 ms
ds4: V4.1 moe split layer=5 rows=2 shared=0.284 ms
ds4: V4.1 moe split layer=5 rows=2 routed=0.537 ms
ds4: V4.1 moe split layer=6 rows=2 router=0.245 ms
ds4: V4.1 moe split layer=6 rows=2 shared=0.255 ms
ds4: V4.1 moe split layer=6 rows=2 routed=0.540 ms
ds4: V4.1 moe split layer=7 rows=2 router=0.240 ms
ds4: V4.1 moe split layer=7 rows=2 shared=0.251 ms
ds4: V4.1 moe split layer=7 rows=2 routed=0.650 ms
ds4: V4.1 moe split layer=8 rows=2 router=0.263 ms
ds4: V4.1 moe split layer=8 rows=2 shared=0.287 ms
ds4: V4.1 moe split layer=8 rows=2 routed=0.524 ms
ds4: V4.1 moe split layer=9 rows=2 router=0.244 ms
ds4: V4.1 moe split layer=9 rows=2 shared=0.277 ms
ds4: V4.1 moe split layer=9 rows=2 routed=0.555 ms
ds4: V4.1 moe split layer=10 rows=2 router=0.258 ms
ds4: V4.1 moe split layer=10 rows=2 shared=0.292 ms
ds4: V4.1 moe split layer=10 rows=2 routed=0.626 ms
ds4: V4.1 moe split layer=11 rows=2 router=0.212 ms
ds4: V4.1 moe split layer=11 rows=2 shared=0.242 ms
ds4: V4.1 moe split layer=11 rows=2 routed=0.526 ms
ds4: V4.1 moe split layer=12 rows=2 router=0.280 ms
ds4: V4.1 moe split layer=12 rows=2 shared=0.277 ms
ds4: V4.1 moe split layer=12 rows=2 routed=0.540 ms
ds4: V4.1 moe split layer=13 rows=2 router=0.239 ms
ds4: V4.1 moe split layer=13 rows=2 shared=0.264 ms
ds4: V4.1 moe split layer=13 rows=2 routed=0.598 ms
ds4: V4.1 moe split layer=14 rows=2 router=0.213 ms
ds4: V4.1 moe split layer=14 rows=2 shared=0.237 ms
ds4: V4.1 moe split layer=14 rows=2 routed=0.505 ms
ds4: V4.1 moe split layer=15 rows=2 router=0.241 ms
ds4: V4.1 moe split layer=15 rows=2 shared=0.270 ms
ds4: V4.1 moe split layer=15 rows=2 routed=0.508 ms
ds4: V4.1 moe split layer=16 rows=2 router=0.205 ms
ds4: V4.1 moe split layer=16 rows=2 shared=0.252 ms
ds4: V4.1 moe split layer=16 rows=2 routed=0.553 ms
ds4: V4.1 moe split layer=17 rows=2 router=0.197 ms
ds4: V4.1 moe split layer=17 rows=2 shared=0.242 ms
ds4: V4.1 moe split layer=17 rows=2 routed=0.608 ms
ds4: V4.1 moe split layer=18 rows=2 router=0.224 ms
ds4: V4.1 moe split layer=18 rows=2 shared=0.295 ms
ds4: V4.1 moe split layer=18 rows=2 routed=0.618 ms
ds4: V4.1 moe split layer=19 rows=2 router=0.215 ms
ds4: V4.1 moe split layer=19 rows=2 shared=0.247 ms
ds4: V4.1 moe split layer=19 rows=2 routed=0.496 ms
ds4: V4.1 moe split layer=20 rows=2 router=0.257 ms
ds4: V4.1 moe split layer=20 rows=2 shared=0.318 ms
ds4: V4.1 moe split layer=20 rows=2 routed=0.523 ms
ds4: V4.1 moe split layer=21 rows=2 router=0.234 ms
ds4: V4.1 moe split layer=21 rows=2 shared=0.266 ms
ds4: V4.1 moe split layer=21 rows=2 routed=0.534 ms
ds4: V4.1 moe split layer=22 rows=2 router=0.247 ms
ds4: V4.1 moe split layer=22 rows=2 shared=0.270 ms
ds4: V4.1 moe split layer=22 rows=2 routed=0.559 ms
ds4: V4.1 moe split layer=23 rows=2 router=0.270 ms
ds4: V4.1 moe split layer=23 rows=2 shared=0.281 ms
ds4: V4.1 moe split layer=23 rows=2 routed=0.514 ms
ds4: V4.1 moe split layer=24 rows=2 router=0.282 ms
ds4: V4.1 moe split layer=24 rows=2 shared=0.252 ms
ds4: V4.1 moe split layer=24 rows=2 routed=0.501 ms
ds4: V4.1 moe split layer=25 rows=2 router=0.241 ms
ds4: V4.1 moe split layer=25 rows=2 shared=0.266 ms
ds4: V4.1 moe split layer=25 rows=2 routed=0.639 ms
ds4: V4.1 moe split layer=26 rows=2 router=0.241 ms
ds4: V4.1 moe split layer=26 rows=2 shared=0.275 ms
ds4: V4.1 moe split layer=26 rows=2 routed=0.544 ms
ds4: V4.1 moe split layer=27 rows=2 router=0.247 ms
ds4: V4.1 moe split layer=27 rows=2 shared=0.272 ms
ds4: V4.1 moe split layer=27 rows=2 routed=0.587 ms
ds4: V4.1 moe split layer=28 rows=2 router=0.247 ms
ds4: V4.1 moe split layer=28 rows=2 shared=0.291 ms
ds4: V4.1 moe split layer=28 rows=2 routed=0.500 ms
ds4: V4.1 moe split layer=29 rows=2 router=0.263 ms
ds4: V4.1 moe split layer=29 rows=2 shared=0.274 ms
ds4: V4.1 moe split layer=29 rows=2 routed=0.521 ms
ds4: V4.1 moe split layer=30 rows=2 router=0.243 ms
ds4: V4.1 moe split layer=30 rows=2 shared=0.248 ms
ds4: V4.1 moe split layer=30 rows=2 routed=0.536 ms
ds4: V4.1 moe split layer=31 rows=2 router=0.312 ms
ds4: V4.1 moe split layer=31 rows=2 shared=0.250 ms
ds4: V4.1 moe split layer=31 rows=2 routed=0.541 ms
ds4: V4.1 moe split layer=32 rows=2 router=0.255 ms
ds4: V4.1 moe split layer=32 rows=2 shared=0.270 ms
ds4: V4.1 moe split layer=32 rows=2 routed=0.570 ms
ds4: V4.1 moe split layer=33 rows=2 router=0.221 ms
ds4: V4.1 moe split layer=33 rows=2 shared=0.251 ms
ds4: V4.1 moe split layer=33 rows=2 routed=0.545 ms
ds4: V4.1 moe split layer=34 rows=2 router=0.282 ms
ds4: V4.1 moe split layer=34 rows=2 shared=0.245 ms
ds4: V4.1 moe split layer=34 rows=2 routed=0.565 ms
ds4: V4.1 moe split layer=35 rows=2 router=0.212 ms
ds4: V4.1 moe split layer=35 rows=2 shared=0.261 ms
ds4: V4.1 moe split layer=35 rows=2 routed=0.519 ms
ds4: V4.1 moe split layer=36 rows=2 router=0.247 ms
ds4: V4.1 moe split layer=36 rows=2 shared=0.248 ms
ds4: V4.1 moe split layer=36 rows=2 routed=0.536 ms
ds4: V4.1 moe split layer=37 rows=2 router=0.249 ms
ds4: V4.1 moe split layer=37 rows=2 shared=0.246 ms
ds4: V4.1 moe split layer=37 rows=2 routed=0.516 ms
ds4: V4.1 moe split layer=38 rows=2 router=0.262 ms
ds4: V4.1 moe split layer=38 rows=2 shared=0.305 ms
ds4: V4.1 moe split layer=38 rows=2 routed=0.544 ms
ds4: V4.1 moe split layer=39 rows=2 router=0.208 ms
ds4: V4.1 moe split layer=39 rows=2 shared=0.255 ms
ds4: V4.1 moe split layer=39 rows=2 routed=0.646 ms
ds4: V4.1 batch step rows=2 pre 0.0 ms, per-row attention 0.0 ms, moe 0.0 ms, head 0.0 ms, setup 0.0 ms, publish 0.0 ms
ds4: V4.1 moe split layer=0 rows=2 router=0.270 ms
ds4: V4.1 moe split layer=0 rows=2 shared=0.278 ms
ds4: V4.1 moe split layer=0 rows=2 routed=0.554 ms
ds4: V4.1 moe split layer=1 rows=2 router=0.190 ms
ds4: V4.1 moe split layer=1 rows=2 shared=0.262 ms
ds4: V4.1 moe split layer=1 rows=2 routed=0.554 ms
ds4: V4.1 moe split layer=2 rows=2 router=0.217 ms
ds4: V4.1 moe split layer=2 rows=2 shared=0.257 ms
ds4: V4.1 moe split layer=2 rows=2 routed=0.515 ms
ds4: V4.1 moe split layer=3 rows=2 router=0.198 ms
ds4: V4.1 moe split layer=3 rows=2 shared=0.294 ms
ds4: V4.1 moe split layer=3 rows=2 routed=0.535 ms
ds4: V4.1 moe split layer=4 rows=2 router=0.243 ms
ds4: V4.1 moe split layer=4 rows=2 shared=0.234 ms
ds4: V4.1 moe split layer=4 rows=2 routed=0.576 ms
ds4: V4.1 moe split layer=5 rows=2 router=0.345 ms
ds4: V4.1 moe split layer=5 rows=2 shared=0.325 ms
ds4: V4.1 moe split layer=5 rows=2 routed=0.529 ms
ds4: V4.1 moe split layer=6 rows=2 router=0.270 ms
ds4: V4.1 moe split layer=6 rows=2 shared=0.236 ms
ds4: V4.1 moe split layer=6 rows=2 routed=0.608 ms
ds4: V4.1 moe split layer=7 rows=2 router=0.247 ms
ds4: V4.1 moe split layer=7 rows=2 shared=0.245 ms
ds4: V4.1 moe split layer=7 rows=2 routed=0.533 ms
ds4: V4.1 moe split layer=8 rows=2 router=0.210 ms
ds4: V4.1 moe split layer=8 rows=2 shared=0.256 ms
ds4: V4.1 moe split layer=8 rows=2 routed=0.513 ms
ds4: V4.1 moe split layer=9 rows=2 router=0.238 ms
ds4: V4.1 moe split layer=9 rows=2 shared=0.278 ms
ds4: V4.1 moe split layer=9 rows=2 routed=0.568 ms
ds4: V4.1 moe split layer=10 rows=2 router=0.272 ms
ds4: V4.1 moe split layer=10 rows=2 shared=0.291 ms
ds4: V4.1 moe split layer=10 rows=2 routed=0.520 ms
ds4: V4.1 moe split layer=11 rows=2 router=0.197 ms
ds4: V4.1 moe split layer=11 rows=2 shared=0.248 ms
ds4: V4.1 moe split layer=11 rows=2 routed=0.656 ms
ds4: V4.1 moe split layer=12 rows=2 router=0.202 ms
ds4: V4.1 moe split layer=12 rows=2 shared=0.249 ms
ds4: V4.1 moe split layer=12 rows=2 routed=0.553 ms
ds4: V4.1 moe split layer=13 rows=2 router=0.238 ms
ds4: V4.1 moe split layer=13 rows=2 shared=0.288 ms
ds4: V4.1 moe split layer=13 rows=2 routed=0.593 ms
ds4: V4.1 moe split layer=14 rows=2 router=0.205 ms
ds4: V4.1 moe split layer=14 rows=2 shared=0.245 ms
ds4: V4.1 moe split layer=14 rows=2 routed=0.498 ms
ds4: V4.1 moe split layer=15 rows=2 router=0.240 ms
ds4: V4.1 moe split layer=15 rows=2 shared=0.274 ms
ds4: V4.1 moe split layer=15 rows=2 routed=0.522 ms
ds4: V4.1 moe split layer=16 rows=2 router=0.239 ms
ds4: V4.1 moe split layer=16 rows=2 shared=0.261 ms
ds4: V4.1 moe split layer=16 rows=2 routed=0.502 ms
ds4: V4.1 moe split layer=17 rows=2 router=0.240 ms
ds4: V4.1 moe split layer=17 rows=2 shared=0.271 ms
ds4: V4.1 moe split layer=17 rows=2 routed=0.514 ms
ds4: V4.1 moe split layer=18 rows=2 router=0.250 ms
ds4: V4.1 moe split layer=18 rows=2 shared=0.301 ms
ds4: V4.1 moe split layer=18 rows=2 routed=0.536 ms
ds4: V4.1 moe split layer=19 rows=2 router=0.255 ms
ds4: V4.1 moe split layer=19 rows=2 shared=0.289 ms
ds4: V4.1 moe split layer=19 rows=2 routed=0.619 ms
ds4: V4.1 moe split layer=20 rows=2 router=0.269 ms
ds4: V4.1 moe split layer=20 rows=2 shared=0.267 ms
ds4: V4.1 moe split layer=20 rows=2 routed=0.533 ms
ds4: V4.1 moe split layer=21 rows=2 router=0.210 ms
ds4: V4.1 moe split layer=21 rows=2 shared=0.245 ms
ds4: V4.1 moe split layer=21 rows=2 routed=0.553 ms
ds4: V4.1 moe split layer=22 rows=2 router=0.238 ms
ds4: V4.1 moe split layer=22 rows=2 shared=0.233 ms
ds4: V4.1 moe split layer=22 rows=2 routed=0.654 ms
ds4: V4.1 moe split layer=23 rows=2 router=0.239 ms
ds4: V4.1 moe split layer=23 rows=2 shared=0.258 ms
ds4: V4.1 moe split layer=23 rows=2 routed=0.534 ms
ds4: V4.1 moe split layer=24 rows=2 router=0.206 ms
ds4: V4.1 moe split layer=24 rows=2 shared=0.306 ms
ds4: V4.1 moe split layer=24 rows=2 routed=0.493 ms
ds4: V4.1 moe split layer=25 rows=2 router=0.239 ms
ds4: V4.1 moe split layer=25 rows=2 shared=0.272 ms
ds4: V4.1 moe split layer=25 rows=2 routed=0.527 ms
ds4: V4.1 moe split layer=26 rows=2 router=0.190 ms
ds4: V4.1 moe split layer=26 rows=2 shared=0.234 ms
ds4: V4.1 moe split layer=26 rows=2 routed=0.528 ms
ds4: V4.1 moe split layer=27 rows=2 router=0.238 ms
ds4: V4.1 moe split layer=27 rows=2 shared=0.250 ms
ds4: V4.1 moe split layer=27 rows=2 routed=0.554 ms
ds4: V4.1 moe split layer=28 rows=2 router=0.243 ms
ds4: V4.1 moe split layer=28 rows=2 shared=0.241 ms
ds4: V4.1 moe split layer=28 rows=2 routed=0.545 ms
ds4: V4.1 moe split layer=29 rows=2 router=0.278 ms
ds4: V4.1 moe split layer=29 rows=2 shared=0.306 ms
ds4: V4.1 moe split layer=29 rows=2 routed=0.541 ms
ds4: V4.1 moe split layer=30 rows=2 router=0.233 ms
ds4: V4.1 moe split layer=30 rows=2 shared=0.247 ms
ds4: V4.1 moe split layer=30 rows=2 routed=0.531 ms
ds4: V4.1 moe split layer=31 rows=2 router=0.219 ms
ds4: V4.1 moe split layer=31 rows=2 shared=0.246 ms
ds4: V4.1 moe split layer=31 rows=2 routed=0.544 ms
ds4: V4.1 moe split layer=32 rows=2 router=0.288 ms
ds4: V4.1 moe split layer=32 rows=2 shared=0.311 ms
ds4: V4.1 moe split layer=32 rows=2 routed=0.508 ms
ds4: V4.1 moe split layer=33 rows=2 router=0.255 ms
ds4: V4.1 moe split layer=33 rows=2 shared=0.254 ms
ds4: V4.1 moe split layer=33 rows=2 routed=0.517 ms
ds4: V4.1 moe split layer=34 rows=2 router=0.256 ms
ds4: V4.1 moe split layer=34 rows=2 shared=0.252 ms
ds4: V4.1 moe split layer=34 rows=2 routed=0.537 ms
ds4: V4.1 moe split layer=35 rows=2 router=0.241 ms
ds4: V4.1 moe split layer=35 rows=2 shared=0.270 ms
ds4: V4.1 moe split layer=35 rows=2 routed=0.593 ms
ds4: V4.1 moe split layer=36 rows=2 router=0.274 ms
ds4: V4.1 moe split layer=36 rows=2 shared=0.270 ms
ds4: V4.1 moe split layer=36 rows=2 routed=0.558 ms
ds4: V4.1 moe split layer=37 rows=2 router=0.246 ms
ds4: V4.1 moe split layer=37 rows=2 shared=0.279 ms
ds4: V4.1 moe split layer=37 rows=2 routed=0.522 ms
ds4: V4.1 moe split layer=38 rows=2 router=0.252 ms
ds4: V4.1 moe split layer=38 rows=2 shared=0.261 ms
ds4: V4.1 moe split layer=38 rows=2 routed=0.529 ms
ds4: V4.1 moe split layer=39 rows=2 router=0.249 ms
ds4: V4.1 moe split layer=39 rows=2 shared=0.247 ms
ds4: V4.1 moe split layer=39 rows=2 routed=0.638 ms
ds4: V4.1 batch step rows=2 pre 0.0 ms, per-row attention 0.0 ms, moe 0.0 ms, head 0.0 ms, setup 0.0 ms, publish 0.0 ms
ds4: V4.1 moe split layer=0 rows=2 router=0.259 ms
ds4: V4.1 moe split layer=0 rows=2 shared=0.251 ms
ds4: V4.1 moe split layer=0 rows=2 routed=0.659 ms
ds4: V4.1 moe split layer=1 rows=2 router=0.278 ms
ds4: V4.1 moe split layer=1 rows=2 shared=0.254 ms
ds4: V4.1 moe split layer=1 rows=2 routed=0.521 ms
ds4: V4.1 moe split layer=2 rows=2 router=0.218 ms
ds4: V4.1 moe split layer=2 rows=2 shared=0.296 ms
ds4: V4.1 moe split layer=2 rows=2 routed=0.501 ms
ds4: V4.1 moe split layer=3 rows=2 router=0.203 ms
ds4: V4.1 moe split layer=3 rows=2 shared=0.247 ms
ds4: V4.1 moe split layer=3 rows=2 routed=0.538 ms
ds4: V4.1 moe split layer=4 rows=2 router=0.238 ms
ds4: V4.1 moe split layer=4 rows=2 shared=0.287 ms
ds4: V4.1 moe split layer=4 rows=2 routed=0.590 ms
ds4: V4.1 moe split layer=5 rows=2 router=0.241 ms
ds4: V4.1 moe split layer=5 rows=2 shared=0.250 ms
ds4: V4.1 moe split layer=5 rows=2 routed=0.559 ms
ds4: V4.1 moe split layer=6 rows=2 router=0.249 ms
ds4: V4.1 moe split layer=6 rows=2 shared=0.246 ms
ds4: V4.1 moe split layer=6 rows=2 routed=0.505 ms
ds4: V4.1 moe split layer=7 rows=2 router=0.233 ms
ds4: V4.1 moe split layer=7 rows=2 shared=0.249 ms
ds4: V4.1 moe split layer=7 rows=2 routed=0.670 ms
ds4: V4.1 moe split layer=8 rows=2 router=0.244 ms
ds4: V4.1 moe split layer=8 rows=2 shared=0.252 ms
ds4: V4.1 moe split layer=8 rows=2 routed=0.538 ms
ds4: V4.1 moe split layer=9 rows=2 router=0.240 ms
ds4: V4.1 moe split layer=9 rows=2 shared=0.251 ms
ds4: V4.1 moe split layer=9 rows=2 routed=0.545 ms
ds4: V4.1 moe split layer=10 rows=2 router=0.237 ms
ds4: V4.1 moe split layer=10 rows=2 shared=0.243 ms
ds4: V4.1 moe split layer=10 rows=2 routed=0.561 ms
ds4: V4.1 moe split layer=11 rows=2 router=0.261 ms
ds4: V4.1 moe split layer=11 rows=2 shared=0.267 ms
ds4: V4.1 moe split layer=11 rows=2 routed=0.541 ms
ds4: V4.1 moe split layer=12 rows=2 router=0.243 ms
ds4: V4.1 moe split layer=12 rows=2 shared=0.249 ms
ds4: V4.1 moe split layer=12 rows=2 routed=0.625 ms
ds4: V4.1 moe split layer=13 rows=2 router=0.245 ms
ds4: V4.1 moe split layer=13 rows=2 shared=0.243 ms
ds4: V4.1 moe split layer=13 rows=2 routed=0.512 ms
ds4: V4.1 moe split layer=14 rows=2 router=0.247 ms
ds4: V4.1 moe split layer=14 rows=2 shared=0.247 ms
ds4: V4.1 moe split layer=14 rows=2 routed=0.537 ms
ds4: V4.1 moe split layer=15 rows=2 router=0.244 ms
ds4: V4.1 moe split layer=15 rows=2 shared=0.236 ms
ds4: V4.1 moe split layer=15 rows=2 routed=0.672 ms
ds4: V4.1 moe split layer=16 rows=2 router=0.248 ms
ds4: V4.1 moe split layer=16 rows=2 shared=0.262 ms
ds4: V4.1 moe split layer=16 rows=2 routed=0.633 ms
ds4: V4.1 moe split layer=17 rows=2 router=0.236 ms
ds4: V4.1 moe split layer=17 rows=2 shared=0.279 ms
ds4: V4.1 moe split layer=17 rows=2 routed=0.529 ms
ds4: V4.1 moe split layer=18 rows=2 router=0.288 ms
ds4: V4.1 moe split layer=18 rows=2 shared=0.293 ms
ds4: V4.1 moe split layer=18 rows=2 routed=0.533 ms
ds4: V4.1 moe split layer=19 rows=2 router=0.205 ms
ds4: V4.1 moe split layer=19 rows=2 shared=0.235 ms
ds4: V4.1 moe split layer=19 rows=2 routed=0.624 ms
ds4: V4.1 moe split layer=20 rows=2 router=0.219 ms
ds4: V4.1 moe split layer=20 rows=2 shared=0.244 ms
ds4: V4.1 moe split layer=20 rows=2 routed=0.534 ms
ds4: V4.1 moe split layer=21 rows=2 router=0.240 ms
ds4: V4.1 moe split layer=21 rows=2 shared=0.240 ms
ds4: V4.1 moe split layer=21 rows=2 routed=0.536 ms
ds4: V4.1 moe split layer=22 rows=2 router=0.243 ms
ds4: V4.1 moe split layer=22 rows=2 shared=0.253 ms
ds4: V4.1 moe split layer=22 rows=2 routed=0.503 ms
ds4: V4.1 moe split layer=23 rows=2 router=0.245 ms
ds4: V4.1 moe split layer=23 rows=2 shared=0.267 ms
ds4: V4.1 moe split layer=23 rows=2 routed=0.541 ms
ds4: V4.1 moe split layer=24 rows=2 router=0.232 ms
ds4: V4.1 moe split layer=24 rows=2 shared=0.280 ms
ds4: V4.1 moe split layer=24 rows=2 routed=0.536 ms
ds4: V4.1 moe split layer=25 rows=2 router=0.220 ms
ds4: V4.1 moe split layer=25 rows=2 shared=0.259 ms
ds4: V4.1 moe split layer=25 rows=2 routed=0.576 ms
ds4: V4.1 moe split layer=26 rows=2 router=0.241 ms
ds4: V4.1 moe split layer=26 rows=2 shared=0.241 ms
ds4: V4.1 moe split layer=26 rows=2 routed=0.537 ms
ds4: V4.1 moe split layer=27 rows=2 router=0.278 ms
ds4: V4.1 moe split layer=27 rows=2 shared=0.233 ms
ds4: V4.1 moe split layer=27 rows=2 routed=0.593 ms
ds4: V4.1 moe split layer=28 rows=2 router=0.272 ms
ds4: V4.1 moe split layer=28 rows=2 shared=0.253 ms
ds4: V4.1 moe split layer=28 rows=2 routed=0.521 ms
ds4: V4.1 moe split layer=29 rows=2 router=0.245 ms
ds4: V4.1 moe split layer=29 rows=2 shared=0.260 ms
ds4: V4.1 moe split layer=29 rows=2 routed=0.512 ms
ds4: V4.1 moe split layer=30 rows=2 router=0.249 ms
ds4: V4.1 moe split layer=30 rows=2 shared=0.260 ms
ds4: V4.1 moe split layer=30 rows=2 routed=0.505 ms
ds4: V4.1 moe split layer=31 rows=2 router=0.245 ms
ds4: V4.1 moe split layer=31 rows=2 shared=0.277 ms
ds4: V4.1 moe split layer=31 rows=2 routed=0.516 ms
ds4: V4.1 moe split layer=32 rows=2 router=0.247 ms
ds4: V4.1 moe split layer=32 rows=2 shared=0.262 ms
ds4: V4.1 moe split layer=32 rows=2 routed=0.569 ms
ds4: V4.1 moe split layer=33 rows=2 router=0.225 ms
ds4: V4.1 moe split layer=33 rows=2 shared=0.283 ms
ds4: V4.1 moe split layer=33 rows=2 routed=0.550 ms
ds4: V4.1 moe split layer=34 rows=2 router=0.249 ms
ds4: V4.1 moe split layer=34 rows=2 shared=0.250 ms
ds4: V4.1 moe split layer=34 rows=2 routed=0.622 ms
ds4: V4.1 moe split layer=35 rows=2 router=0.289 ms
ds4: V4.1 moe split layer=35 rows=2 shared=0.273 ms
ds4: V4.1 moe split layer=35 rows=2 routed=0.531 ms
ds4: V4.1 moe split layer=36 rows=2 router=0.244 ms
ds4: V4.1 moe split layer=36 rows=2 shared=0.314 ms
ds4: V4.1 moe split layer=36 rows=2 routed=0.542 ms
ds4: V4.1 moe split layer=37 rows=2 router=0.251 ms
ds4: V4.1 moe split layer=37 rows=2 shared=0.245 ms
ds4: V4.1 moe split layer=37 rows=2 routed=0.563 ms
ds4: V4.1 moe split layer=38 rows=2 router=0.291 ms
ds4: V4.1 moe split layer=38 rows=2 shared=0.237 ms
ds4: V4.1 moe split layer=38 rows=2 routed=0.537 ms
ds4: V4.1 moe split layer=39 rows=2 router=0.288 ms
ds4: V4.1 moe split layer=39 rows=2 shared=0.275 ms
ds4: V4.1 moe split layer=39 rows=2 routed=0.548 ms
ds4: V4.1 batch step rows=2 pre 0.0 ms, per-row attention 0.0 ms, moe 0.0 ms, head 0.0 ms, setup 0.0 ms, publish 0.0 ms
ds4: V4.1 moe split layer=0 rows=2 router=0.281 ms
ds4: V4.1 moe split layer=0 rows=2 shared=0.281 ms
ds4: V4.1 moe split layer=0 rows=2 routed=0.561 ms
ds4: V4.1 moe split layer=1 rows=2 router=0.216 ms
ds4: V4.1 moe split layer=1 rows=2 shared=0.230 ms
ds4: V4.1 moe split layer=1 rows=2 routed=0.561 ms
ds4: V4.1 moe split layer=2 rows=2 router=0.242 ms
ds4: V4.1 moe split layer=2 rows=2 shared=0.246 ms
ds4: V4.1 moe split layer=2 rows=2 routed=0.586 ms
ds4: V4.1 moe split layer=3 rows=2 router=0.239 ms
ds4: V4.1 moe split layer=3 rows=2 shared=0.252 ms
ds4: V4.1 moe split layer=3 rows=2 routed=0.591 ms
ds4: V4.1 moe split layer=4 rows=2 router=0.280 ms
ds4: V4.1 moe split layer=4 rows=2 shared=0.274 ms
ds4: V4.1 moe split layer=4 rows=2 routed=0.526 ms
ds4: V4.1 moe split layer=5 rows=2 router=0.250 ms
ds4: V4.1 moe split layer=5 rows=2 shared=0.266 ms
ds4: V4.1 moe split layer=5 rows=2 routed=0.542 ms
ds4: V4.1 moe split layer=6 rows=2 router=0.239 ms
ds4: V4.1 moe split layer=6 rows=2 shared=0.245 ms
ds4: V4.1 moe split layer=6 rows=2 routed=0.669 ms
ds4: V4.1 moe split layer=7 rows=2 router=0.268 ms
ds4: V4.1 moe split layer=7 rows=2 shared=0.270 ms
ds4: V4.1 moe split layer=7 rows=2 routed=0.544 ms
ds4: V4.1 moe split layer=8 rows=2 router=0.194 ms
ds4: V4.1 moe split layer=8 rows=2 shared=0.292 ms
ds4: V4.1 moe split layer=8 rows=2 routed=0.653 ms
ds4: V4.1 moe split layer=9 rows=2 router=0.233 ms
ds4: V4.1 moe split layer=9 rows=2 shared=0.272 ms
ds4: V4.1 moe split layer=9 rows=2 routed=0.547 ms
ds4: V4.1 moe split layer=10 rows=2 router=0.293 ms
ds4: V4.1 moe split layer=10 rows=2 shared=0.242 ms
ds4: V4.1 moe split layer=10 rows=2 routed=0.524 ms
ds4: V4.1 moe split layer=11 rows=2 router=0.265 ms
ds4: V4.1 moe split layer=11 rows=2 shared=0.300 ms
ds4: V4.1 moe split layer=11 rows=2 routed=0.613 ms
ds4: V4.1 moe split layer=12 rows=2 router=0.289 ms
ds4: V4.1 moe split layer=12 rows=2 shared=0.277 ms
ds4: V4.1 moe split layer=12 rows=2 routed=0.529 ms
ds4: V4.1 moe split layer=13 rows=2 router=0.232 ms
ds4: V4.1 moe split layer=13 rows=2 shared=0.245 ms
ds4: V4.1 moe split layer=13 rows=2 routed=0.533 ms
ds4: V4.1 moe split layer=14 rows=2 router=0.234 ms
ds4: V4.1 moe split layer=14 rows=2 shared=0.256 ms
ds4: V4.1 moe split layer=14 rows=2 routed=0.527 ms
ds4: V4.1 moe split layer=15 rows=2 router=0.284 ms
ds4: V4.1 moe split layer=15 rows=2 shared=0.274 ms
ds4: V4.1 moe split layer=15 rows=2 routed=0.540 ms
ds4: V4.1 moe split layer=16 rows=2 router=0.243 ms
ds4: V4.1 moe split layer=16 rows=2 shared=0.286 ms
ds4: V4.1 moe split layer=16 rows=2 routed=0.535 ms
ds4: V4.1 moe split layer=17 rows=2 router=0.199 ms
ds4: V4.1 moe split layer=17 rows=2 shared=0.248 ms
ds4: V4.1 moe split layer=17 rows=2 routed=0.540 ms
ds4: V4.1 moe split layer=18 rows=2 router=0.201 ms
ds4: V4.1 moe split layer=18 rows=2 shared=0.256 ms
ds4: V4.1 moe split layer=18 rows=2 routed=0.539 ms
ds4: V4.1 moe split layer=19 rows=2 router=0.246 ms
ds4: V4.1 moe split layer=19 rows=2 shared=0.269 ms
ds4: V4.1 moe split layer=19 rows=2 routed=0.557 ms
ds4: V4.1 moe split layer=20 rows=2 router=0.226 ms
ds4: V4.1 moe split layer=20 rows=2 shared=0.277 ms
ds4: V4.1 moe split layer=20 rows=2 routed=0.527 ms
ds4: V4.1 moe split layer=21 rows=2 router=0.241 ms
ds4: V4.1 moe split layer=21 rows=2 shared=0.249 ms
ds4: V4.1 moe split layer=21 rows=2 routed=0.538 ms
ds4: V4.1 moe split layer=22 rows=2 router=0.249 ms
ds4: V4.1 moe split layer=22 rows=2 shared=0.261 ms
ds4: V4.1 moe split layer=22 rows=2 routed=0.561 ms
ds4: V4.1 moe split layer=23 rows=2 router=0.236 ms
ds4: V4.1 moe split layer=23 rows=2 shared=0.256 ms
ds4: V4.1 moe split layer=23 rows=2 routed=0.552 ms
ds4: V4.1 moe split layer=24 rows=2 router=0.215 ms
ds4: V4.1 moe split layer=24 rows=2 shared=0.265 ms
ds4: V4.1 moe split layer=24 rows=2 routed=0.496 ms
ds4: V4.1 moe split layer=25 rows=2 router=0.268 ms
ds4: V4.1 moe split layer=25 rows=2 shared=0.231 ms
ds4: V4.1 moe split layer=25 rows=2 routed=0.563 ms
ds4: V4.1 moe split layer=26 rows=2 router=0.231 ms
ds4: V4.1 moe split layer=26 rows=2 shared=0.238 ms
ds4: V4.1 moe split layer=26 rows=2 routed=0.554 ms
ds4: V4.1 moe split layer=27 rows=2 router=0.260 ms
ds4: V4.1 moe split layer=27 rows=2 shared=0.251 ms
ds4: V4.1 moe split layer=27 rows=2 routed=0.545 ms
ds4: V4.1 moe split layer=28 rows=2 router=0.209 ms
ds4: V4.1 moe split layer=28 rows=2 shared=0.244 ms
ds4: V4.1 moe split layer=28 rows=2 routed=0.642 ms
ds4: V4.1 moe split layer=29 rows=2 router=0.286 ms
ds4: V4.1 moe split layer=29 rows=2 shared=0.269 ms
ds4: V4.1 moe split layer=29 rows=2 routed=0.522 ms
ds4: V4.1 moe split layer=30 rows=2 router=0.214 ms
ds4: V4.1 moe split layer=30 rows=2 shared=0.247 ms
ds4: V4.1 moe split layer=30 rows=2 routed=0.638 ms
ds4: V4.1 moe split layer=31 rows=2 router=0.263 ms
ds4: V4.1 moe split layer=31 rows=2 shared=0.284 ms
ds4: V4.1 moe split layer=31 rows=2 routed=0.528 ms
ds4: V4.1 moe split layer=32 rows=2 router=0.253 ms
ds4: V4.1 moe split layer=32 rows=2 shared=0.256 ms
ds4: V4.1 moe split layer=32 rows=2 routed=0.492 ms
ds4: V4.1 moe split layer=33 rows=2 router=0.274 ms
ds4: V4.1 moe split layer=33 rows=2 shared=0.271 ms
ds4: V4.1 moe split layer=33 rows=2 routed=0.519 ms
ds4: V4.1 moe split layer=34 rows=2 router=0.246 ms
ds4: V4.1 moe split layer=34 rows=2 shared=0.252 ms
ds4: V4.1 moe split layer=34 rows=2 routed=0.507 ms
ds4: V4.1 moe split layer=35 rows=2 router=0.242 ms
ds4: V4.1 moe split layer=35 rows=2 shared=0.253 ms
ds4: V4.1 moe split layer=35 rows=2 routed=0.620 ms
ds4: V4.1 moe split layer=36 rows=2 router=0.250 ms
ds4: V4.1 moe split layer=36 rows=2 shared=0.280 ms
ds4: V4.1 moe split layer=36 rows=2 routed=0.535 ms
ds4: V4.1 moe split layer=37 rows=2 router=0.207 ms
ds4: V4.1 moe split layer=37 rows=2 shared=0.248 ms
ds4: V4.1 moe split layer=37 rows=2 routed=0.638 ms
ds4: V4.1 moe split layer=38 rows=2 router=0.247 ms
ds4: V4.1 moe split layer=38 rows=2 shared=0.269 ms
ds4: V4.1 moe split layer=38 rows=2 routed=0.535 ms
ds4: V4.1 moe split layer=39 rows=2 router=0.245 ms
ds4: V4.1 moe split layer=39 rows=2 shared=0.243 ms
ds4: V4.1 moe split layer=39 rows=2 routed=0.593 ms
ds4: V4.1 batch step rows=2 pre 0.0 ms, per-row attention 0.0 ms, moe 0.0 ms, head 0.0 ms, setup 0.0 ms, publish 0.0 ms
ds4: V4.1 verify selftest k=2, 16 positions from 31 (odd start, pair carry restored), 1 alternating rounds
  round 0: single 34.94 ms/token, batch 93.42 ms/step
ds4: gate over tokens 1-64: 31.06 command buffers, 25.23 aborts, 240.0 expert ids accounted, 586.59 MiB loaded a token; 0 the gate failed to switch off, 0 it could not gate
ds4:   one token, exclusive, same window: entry 0.00 + encode 2.60 + commit-to-done 36.51 + repair-load 13.49 + accounting 0.02 + tail 0.72 = 53.34 of a 56.99 ms wall, residual 3.64
ds4:   of the commit-to-done: GPU running 45.59 ms, GPU not running -9.07 ms
ds4:   1946.3 gated dispatches a token, 58.1 of them behind an abort; 2450.7 sent plain ahead of a buffer's first validate
ds4:   encode-ahead: 3.83 segments used, 22.73 dropped, 3.39 ms a token spent encoding under the GPU
ds4:   concurrent sections: 315.69 attempted, 315.69 opened a token
ds4:   speculation: 0.00 layers a token, 0.00 lanes computed, 0.00 matched, 0.00 GEMVs actually saved, 0.00 left to compute; compared 0.00 lanes, 0.00 floats differ, 0.00 by more than an ulp
ds4:   expert cache over the last 64 tokens: 360.00 hits, 61.80 misses, 0.00 evictions a token; 3955 of 7930 entries live (49.9%)
ds4:   of the address-table holes repaired a token: 0.00 already resident, 61.80 genuinely absent
ds4:   residency a token: 61.80 adds, 0.00 removes, 61.80 commits
ds4: selftest control: a second single pass differs from the reference in 0 of 2068480 logits
  median single    : 34.94 ms/token
  median 2-row step: 93.42 ms = 2.67x one single step
  perfect-draft ceiling: 21.41 tok/s (100 tok/s requires <= 20.00 ms/step)
  block width      : 0.75x of 2 (needs 3.49x for 100 tok/s)
  concurrent       : 21404 sections opened of 21404 asked
  marginal row cost: 58.48 ms = 167% of a standalone token
  rollback         : reproduces its own output
  batch vs single  : identical argmax (16 rows checked)
  batch logits     : identical to the single pass
  break-even       : accept 134% of drafted tokens to beat single
  rolled-back passes agree with each other: yes
0925 00:04:48 ds4-server: chat ctx=31..35:4 gen=4 THINKING decoding chunk=1.04 t/s avg=1.04 t/s 3.828s
ds4-server: thinking not closed, ignoring incomplete DSML in reasoning
0925 00:04:48 ds4-server: chat ctx=0..31:31 gen=4 THINKING finish=length 6.104s
0925 00:04:50 ds4-server: shutdown requested, draining requests
