ds4: abort gate on for the first 40 layers
ds4: Metal device Apple M5 Max, 128.00 GiB RAM
ds4: Metal 4 tensor API enabled for Tensor kernels
ds4: drift-patch flags hc_stable=on norm_unify=on kv_raw_f32=off rope_exp2_log2=off math_safe=off tensor_matmul=on
ds4: Metal SSD streaming mode enabled; full model residency and warmup are skipped
ds4: SSD streaming auto cache budget
ds4:   metal recommends 107.52 GiB working set
ds4:   using 84% total for model + cached experts: 90.00 GiB
ds4:   non-routed weights: 9.37 GiB
ds4:   routed expert size: 9.49 MiB
ds4:   expert budget before prefill reserve: 8698 (80.63 GiB)
ds4: metal SSD streaming cache target 80.63 GiB; effective 80.63 GiB = 7.12 GiB prefill headroom + 73.51 GiB dynamic cache (7930 experts, 9.49 MiB each)
ds4: Metal SSD static weights locked 9.37 GiB; pageable 0.00 GiB
ds4: SSD streaming initial metal model map (569 spans, 9.37 GiB tensor span)
ds4: metal backend initialized for graph diagnostics
ds4: memory: KV 0.06 GiB (raw 0.01 + compressed 0.05) + buffers 3.27 GiB + resident model 9.37 GiB + expert cache 73.51 GiB + prefill expert reserve 7.12 GiB = 93.33 GiB planned
ds4: memory detail: ctx=8192 prefill_cap=4096 raw_kv_rows=128 compressed_kv_rows=8193 backend=metal
0925 00:03:33 ds4-server: context buffers 3411.39 MiB (ctx=8192, backend=metal, prefill_chunk=4096, raw_kv_rows=128, compressed_kv_rows=8193)
ds4: V4.1 static context buffers 3411.39 MiB (ctx=8192), Engram disk-only
0925 00:03:33 ds4-server: listening on http://127.0.0.1:8016
0925 00:03:35 ds4-server: chat ctx=0..31:31 prompt start
ds4: shared/routed FFN overlap ran, mode 1
ds4: expert residency set on the queue
0925 00:03:36 ds4-server: chat ctx=0..31:31 prefill chunk 1/31 (3.2%) chunk=0.00 t/s avg=4.36 t/s 0.230s
0925 00:03:36 ds4-server: chat ctx=0..31:31 prefill chunk 2/31 (6.5%) chunk=6.79 t/s avg=5.31 t/s 0.377s
0925 00:03:36 ds4-server: chat ctx=0..31:31 prefill chunk 3/31 (9.7%) chunk=9.81 t/s avg=6.27 t/s 0.479s
0925 00:03:36 ds4-server: chat ctx=0..31:31 prefill chunk 4/31 (12.9%) chunk=13.06 t/s avg=7.20 t/s 0.555s
0925 00:03:36 ds4-server: chat ctx=0..31:31 prefill chunk 5/31 (16.1%) chunk=12.83 t/s avg=7.90 t/s 0.633s
0925 00:03:36 ds4-server: chat ctx=0..31:31 prefill chunk 6/31 (19.4%) chunk=15.55 t/s avg=8.60 t/s 0.698s
0925 00:03:36 ds4-server: chat ctx=0..31:31 prefill chunk 7/31 (22.6%) chunk=14.82 t/s avg=9.15 t/s 0.765s
0925 00:03:36 ds4-server: chat ctx=0..31:31 prefill chunk 8/31 (25.8%) chunk=14.88 t/s avg=9.61 t/s 0.832s
0925 00:03:36 ds4-server: chat ctx=0..31:31 prefill chunk 9/31 (29.0%) chunk=14.07 t/s avg=9.96 t/s 0.903s
0925 00:03:36 ds4-server: chat ctx=0..31:31 prefill chunk 10/31 (32.3%) chunk=15.28 t/s avg=10.32 t/s 0.969s
0925 00:03:36 ds4-server: chat ctx=0..31:31 prefill chunk 11/31 (35.5%) chunk=14.23 t/s avg=10.59 t/s 1.039s
0925 00:03:37 ds4-server: chat ctx=0..31:31 prefill chunk 12/31 (38.7%) chunk=16.88 t/s avg=10.93 t/s 1.098s
0925 00:03:37 ds4-server: chat ctx=0..31:31 prefill chunk 13/31 (41.9%) chunk=15.73 t/s avg=11.19 t/s 1.162s
0925 00:03:37 ds4-server: chat ctx=0..31:31 prefill chunk 14/31 (45.2%) chunk=16.79 t/s avg=11.46 t/s 1.221s
0925 00:03:37 ds4-server: chat ctx=0..31:31 prefill chunk 15/31 (48.4%) chunk=18.81 t/s avg=11.77 t/s 1.275s
0925 00:03:37 ds4-server: chat ctx=0..31:31 prefill chunk 16/31 (51.6%) chunk=14.37 t/s avg=11.90 t/s 1.344s
0925 00:03:37 ds4-server: chat ctx=0..31:31 prefill chunk 17/31 (54.8%) chunk=14.58 t/s avg=12.03 t/s 1.413s
0925 00:03:37 ds4-server: chat ctx=0..31:31 prefill chunk 18/31 (58.1%) chunk=13.29 t/s avg=12.10 t/s 1.488s
0925 00:03:37 ds4-server: chat ctx=0..31:31 prefill chunk 19/31 (61.3%) chunk=14.81 t/s avg=12.21 t/s 1.556s
0925 00:03:37 ds4-server: chat ctx=0..31:31 prefill chunk 20/31 (64.5%) chunk=15.61 t/s avg=12.35 t/s 1.620s
0925 00:03:37 ds4-server: chat ctx=0..31:31 prefill chunk 21/31 (67.7%) chunk=16.33 t/s avg=12.49 t/s 1.681s
0925 00:03:37 ds4-server: chat ctx=0..31:31 prefill chunk 22/31 (71.0%) chunk=15.62 t/s avg=12.61 t/s 1.745s
0925 00:03:37 ds4-server: chat ctx=0..31:31 prefill chunk 23/31 (74.2%) chunk=16.20 t/s avg=12.73 t/s 1.807s
0925 00:03:37 ds4-server: chat ctx=0..31:31 prefill chunk 24/31 (77.4%) chunk=14.31 t/s avg=12.79 t/s 1.877s
0925 00:03:37 ds4-server: chat ctx=0..31:31 prefill chunk 25/31 (80.6%) chunk=16.78 t/s avg=12.91 t/s 1.936s
0925 00:03:37 ds4-server: chat ctx=0..31:31 prefill chunk 26/31 (83.9%) chunk=16.62 t/s avg=13.02 t/s 1.996s
0925 00:03:37 ds4-server: chat ctx=0..31:31 prefill chunk 27/31 (87.1%) chunk=14.61 t/s avg=13.08 t/s 2.065s
0925 00:03:38 ds4-server: chat ctx=0..31:31 prefill chunk 28/31 (90.3%) chunk=14.37 t/s avg=13.12 t/s 2.134s
0925 00:03:38 ds4-server: chat ctx=0..31:31 prefill chunk 29/31 (93.5%) chunk=13.25 t/s avg=13.12 t/s 2.210s
0925 00:03:38 ds4-server: chat ctx=0..31:31 prefill chunk 30/31 (96.8%) chunk=12.73 t/s avg=13.11 t/s 2.288s
0925 00:03:38 ds4-server: chat ctx=0..31:31 prefill chunk 31/31 (100.0%) chunk=13.57 t/s avg=13.12 t/s 2.362s
0925 00:03:38 ds4-server: chat ctx=0..31:31 prompt done 2.364s
ds4: gate over tokens 1-64: 34.33 command buffers, 30.23 aborts, 240.0 expert ids accounted, 656.74 MiB loaded a token; 0 the gate failed to switch off, 0 it could not gate
ds4:   one token, exclusive, same window: entry 0.00 + encode 3.12 + commit-to-done 46.69 + repair-load 15.23 + accounting 0.02 + tail 0.86 = 65.93 of a 69.89 ms wall, residual 3.97
ds4:   of the commit-to-done: GPU running 42.57 ms, GPU not running 4.12 ms
ds4:   2038.6 gated dispatches a token, 69.6 of them behind an abort; 2808.7 sent plain ahead of a buffer's first validate
ds4:   encode-ahead: 2.09 segments used, 27.23 dropped, 3.69 ms a token spent encoding under the GPU
ds4:   concurrent sections: 350.53 attempted, 350.53 opened a token
ds4:   speculation: 0.00 layers a token, 0.00 lanes computed, 0.00 matched, 0.00 GEMVs actually saved, 0.00 left to compute; compared 0.00 lanes, 0.00 floats differ, 0.00 by more than an ulp
ds4:   expert cache over the last 64 tokens: 240.00 hits, 69.19 misses, 0.00 evictions a token; 4428 of 7930 entries live (55.8%)
ds4:   of the address-table holes repaired a token: 0.00 already resident, 69.19 genuinely absent
ds4:   residency a token: 69.19 adds, 0.00 removes, 69.19 commits
ds4: V4.1 block-local KV delta, 8 rows over 31 prefix keys
ds4: V4.1 batch attn_output_b hoisted out of the per-row loop (8 rows)
ds4: V4.1 moe split layer=0 rows=8 router=0.868 ms
ds4: V4.1 moe split layer=0 rows=8 shared=0.759 ms
ds4: V4.1 moe split layer=0 rows=8 routed=12.421 ms
ds4: V4.1 moe split layer=1 rows=8 router=1.163 ms
ds4: V4.1 moe split layer=1 rows=8 shared=1.396 ms
ds4: V4.1 moe split layer=1 rows=8 routed=3.171 ms
ds4: V4.1 block attention by level, 8 rows, concurrent section open
ds4: V4.1 moe split layer=2 rows=8 router=1.325 ms
ds4: V4.1 moe split layer=2 rows=8 shared=1.453 ms
ds4: V4.1 moe split layer=2 rows=8 routed=2.564 ms
ds4: V4.1 moe split layer=3 rows=8 router=1.156 ms
ds4: V4.1 moe split layer=3 rows=8 shared=0.498 ms
ds4: V4.1 moe split layer=3 rows=8 routed=2.255 ms
ds4: V4.1 moe split layer=4 rows=8 router=0.330 ms
ds4: V4.1 moe split layer=4 rows=8 shared=0.445 ms
ds4: V4.1 moe split layer=4 rows=8 routed=2.304 ms
ds4: V4.1 moe split layer=5 rows=8 router=0.465 ms
ds4: V4.1 moe split layer=5 rows=8 shared=0.557 ms
ds4: V4.1 moe split layer=5 rows=8 routed=3.043 ms
ds4: V4.1 moe split layer=6 rows=8 router=0.400 ms
ds4: V4.1 moe split layer=6 rows=8 shared=0.630 ms
ds4: V4.1 moe split layer=6 rows=8 routed=3.030 ms
ds4: V4.1 moe split layer=7 rows=8 router=0.917 ms
ds4: V4.1 moe split layer=7 rows=8 shared=0.860 ms
ds4: V4.1 moe split layer=7 rows=8 routed=3.877 ms
ds4: V4.1 moe split layer=8 rows=8 router=0.530 ms
ds4: V4.1 moe split layer=8 rows=8 shared=0.775 ms
ds4: V4.1 moe split layer=8 rows=8 routed=3.352 ms
ds4: V4.1 moe split layer=9 rows=8 router=1.180 ms
ds4: V4.1 moe split layer=9 rows=8 shared=0.574 ms
ds4: V4.1 moe split layer=9 rows=8 routed=3.027 ms
ds4: V4.1 moe split layer=10 rows=8 router=0.430 ms
ds4: V4.1 moe split layer=10 rows=8 shared=0.508 ms
ds4: V4.1 moe split layer=10 rows=8 routed=2.551 ms
ds4: V4.1 moe split layer=11 rows=8 router=0.451 ms
ds4: V4.1 moe split layer=11 rows=8 shared=0.492 ms
ds4: V4.1 moe split layer=11 rows=8 routed=2.251 ms
ds4: V4.1 moe split layer=12 rows=8 router=0.432 ms
ds4: V4.1 moe split layer=12 rows=8 shared=0.502 ms
ds4: V4.1 moe split layer=12 rows=8 routed=2.288 ms
ds4: V4.1 moe split layer=13 rows=8 router=0.363 ms
ds4: V4.1 moe split layer=13 rows=8 shared=0.512 ms
ds4: V4.1 moe split layer=13 rows=8 routed=2.757 ms
ds4: V4.1 moe split layer=14 rows=8 router=0.371 ms
ds4: V4.1 moe split layer=14 rows=8 shared=0.420 ms
ds4: V4.1 moe split layer=14 rows=8 routed=1.900 ms
ds4: V4.1 moe split layer=15 rows=8 router=0.512 ms
ds4: V4.1 moe split layer=15 rows=8 shared=0.414 ms
ds4: V4.1 moe split layer=15 rows=8 routed=1.810 ms
ds4: V4.1 moe split layer=16 rows=8 router=0.370 ms
ds4: V4.1 moe split layer=16 rows=8 shared=0.480 ms
ds4: V4.1 moe split layer=16 rows=8 routed=2.018 ms
ds4: V4.1 moe split layer=17 rows=8 router=0.377 ms
ds4: V4.1 moe split layer=17 rows=8 shared=0.391 ms
ds4: V4.1 moe split layer=17 rows=8 routed=1.894 ms
ds4: V4.1 moe split layer=18 rows=8 router=0.400 ms
ds4: V4.1 moe split layer=18 rows=8 shared=0.481 ms
ds4: V4.1 moe split layer=18 rows=8 routed=1.904 ms
ds4: V4.1 moe split layer=19 rows=8 router=0.327 ms
ds4: V4.1 moe split layer=19 rows=8 shared=0.464 ms
ds4: V4.1 moe split layer=19 rows=8 routed=1.806 ms
ds4: V4.1 moe split layer=20 rows=8 router=0.317 ms
ds4: V4.1 moe split layer=20 rows=8 shared=0.442 ms
ds4: V4.1 moe split layer=20 rows=8 routed=1.646 ms
ds4: V4.1 moe split layer=21 rows=8 router=0.316 ms
ds4: V4.1 moe split layer=21 rows=8 shared=0.364 ms
ds4: V4.1 moe split layer=21 rows=8 routed=1.524 ms
ds4: V4.1 moe split layer=22 rows=8 router=0.347 ms
ds4: V4.1 moe split layer=22 rows=8 shared=0.336 ms
ds4: V4.1 moe split layer=22 rows=8 routed=1.510 ms
ds4: V4.1 moe split layer=23 rows=8 router=0.304 ms
ds4: V4.1 moe split layer=23 rows=8 shared=0.319 ms
ds4: V4.1 moe split layer=23 rows=8 routed=1.637 ms
ds4: V4.1 moe split layer=24 rows=8 router=0.413 ms
ds4: V4.1 moe split layer=24 rows=8 shared=0.363 ms
ds4: V4.1 moe split layer=24 rows=8 routed=1.544 ms
ds4: V4.1 moe split layer=25 rows=8 router=0.345 ms
ds4: V4.1 moe split layer=25 rows=8 shared=0.376 ms
ds4: V4.1 moe split layer=25 rows=8 routed=1.577 ms
ds4: V4.1 moe split layer=26 rows=8 router=0.342 ms
ds4: V4.1 moe split layer=26 rows=8 shared=0.368 ms
ds4: V4.1 moe split layer=26 rows=8 routed=1.620 ms
ds4: V4.1 moe split layer=27 rows=8 router=0.350 ms
ds4: V4.1 moe split layer=27 rows=8 shared=0.348 ms
ds4: V4.1 moe split layer=27 rows=8 routed=1.664 ms
ds4: V4.1 moe split layer=28 rows=8 router=0.405 ms
ds4: V4.1 moe split layer=28 rows=8 shared=0.504 ms
ds4: V4.1 moe split layer=28 rows=8 routed=1.530 ms
ds4: V4.1 moe split layer=29 rows=8 router=0.400 ms
ds4: V4.1 moe split layer=29 rows=8 shared=0.422 ms
ds4: V4.1 moe split layer=29 rows=8 routed=1.639 ms
ds4: V4.1 moe split layer=30 rows=8 router=0.324 ms
ds4: V4.1 moe split layer=30 rows=8 shared=0.420 ms
ds4: V4.1 moe split layer=30 rows=8 routed=1.630 ms
ds4: V4.1 moe split layer=31 rows=8 router=0.409 ms
ds4: V4.1 moe split layer=31 rows=8 shared=0.462 ms
ds4: V4.1 moe split layer=31 rows=8 routed=1.802 ms
ds4: V4.1 moe split layer=32 rows=8 router=0.274 ms
ds4: V4.1 moe split layer=32 rows=8 shared=0.467 ms
ds4: V4.1 moe split layer=32 rows=8 routed=1.608 ms
ds4: V4.1 moe split layer=33 rows=8 router=0.363 ms
ds4: V4.1 moe split layer=33 rows=8 shared=0.425 ms
ds4: V4.1 moe split layer=33 rows=8 routed=1.684 ms
ds4: V4.1 moe split layer=34 rows=8 router=0.346 ms
ds4: V4.1 moe split layer=34 rows=8 shared=0.497 ms
ds4: V4.1 moe split layer=34 rows=8 routed=1.649 ms
ds4: V4.1 moe split layer=35 rows=8 router=0.338 ms
ds4: V4.1 moe split layer=35 rows=8 shared=0.488 ms
ds4: V4.1 moe split layer=35 rows=8 routed=1.728 ms
ds4: V4.1 moe split layer=36 rows=8 router=0.394 ms
ds4: V4.1 moe split layer=36 rows=8 shared=0.528 ms
ds4: V4.1 moe split layer=36 rows=8 routed=1.795 ms
ds4: V4.1 moe split layer=37 rows=8 router=0.430 ms
ds4: V4.1 moe split layer=37 rows=8 shared=0.380 ms
ds4: V4.1 moe split layer=37 rows=8 routed=1.571 ms
ds4: V4.1 moe split layer=38 rows=8 router=0.428 ms
ds4: V4.1 moe split layer=38 rows=8 shared=0.382 ms
ds4: V4.1 moe split layer=38 rows=8 routed=1.623 ms
ds4: V4.1 moe split layer=39 rows=8 router=0.385 ms
ds4: V4.1 moe split layer=39 rows=8 shared=0.482 ms
ds4: V4.1 moe split layer=39 rows=8 routed=1.781 ms
ds4: V4.1 batch step rows=8 pre 0.0 ms, per-row attention 0.0 ms, moe 0.0 ms, head 0.0 ms, setup 0.0 ms, publish 0.0 ms
ds4: V4.1 moe split layer=0 rows=8 router=0.372 ms
ds4: V4.1 moe split layer=0 rows=8 shared=0.370 ms
ds4: V4.1 moe split layer=0 rows=8 routed=1.795 ms
ds4: V4.1 moe split layer=1 rows=8 router=0.504 ms
ds4: V4.1 moe split layer=1 rows=8 shared=0.542 ms
ds4: V4.1 moe split layer=1 rows=8 routed=3.122 ms
ds4: V4.1 moe split layer=2 rows=8 router=0.491 ms
ds4: V4.1 moe split layer=2 rows=8 shared=0.568 ms
ds4: V4.1 moe split layer=2 rows=8 routed=2.410 ms
ds4: V4.1 moe split layer=3 rows=8 router=0.422 ms
ds4: V4.1 moe split layer=3 rows=8 shared=0.487 ms
ds4: V4.1 moe split layer=3 rows=8 routed=1.977 ms
ds4: V4.1 moe split layer=4 rows=8 router=0.345 ms
ds4: V4.1 moe split layer=4 rows=8 shared=0.434 ms
ds4: V4.1 moe split layer=4 rows=8 routed=1.853 ms
ds4: V4.1 moe split layer=5 rows=8 router=0.407 ms
ds4: V4.1 moe split layer=5 rows=8 shared=0.603 ms
ds4: V4.1 moe split layer=5 rows=8 routed=1.703 ms
ds4: V4.1 moe split layer=6 rows=8 router=0.287 ms
ds4: V4.1 moe split layer=6 rows=8 shared=0.506 ms
ds4: V4.1 moe split layer=6 rows=8 routed=1.752 ms
ds4: V4.1 moe split layer=7 rows=8 router=0.319 ms
ds4: V4.1 moe split layer=7 rows=8 shared=0.444 ms
ds4: V4.1 moe split layer=7 rows=8 routed=1.852 ms
ds4: V4.1 moe split layer=8 rows=8 router=0.380 ms
ds4: V4.1 moe split layer=8 rows=8 shared=0.424 ms
ds4: V4.1 moe split layer=8 rows=8 routed=1.827 ms
ds4: V4.1 moe split layer=9 rows=8 router=0.418 ms
ds4: V4.1 moe split layer=9 rows=8 shared=0.507 ms
ds4: V4.1 moe split layer=9 rows=8 routed=1.709 ms
ds4: V4.1 moe split layer=10 rows=8 router=0.458 ms
ds4: V4.1 moe split layer=10 rows=8 shared=0.390 ms
ds4: V4.1 moe split layer=10 rows=8 routed=1.721 ms
ds4: V4.1 moe split layer=11 rows=8 router=0.372 ms
ds4: V4.1 moe split layer=11 rows=8 shared=0.445 ms
ds4: V4.1 moe split layer=11 rows=8 routed=1.832 ms
ds4: V4.1 moe split layer=12 rows=8 router=0.365 ms
ds4: V4.1 moe split layer=12 rows=8 shared=0.537 ms
ds4: V4.1 moe split layer=12 rows=8 routed=1.839 ms
ds4: V4.1 moe split layer=13 rows=8 router=0.457 ms
ds4: V4.1 moe split layer=13 rows=8 shared=0.377 ms
ds4: V4.1 moe split layer=13 rows=8 routed=1.726 ms
ds4: V4.1 moe split layer=14 rows=8 router=0.375 ms
ds4: V4.1 moe split layer=14 rows=8 shared=0.452 ms
ds4: V4.1 moe split layer=14 rows=8 routed=1.748 ms
ds4: V4.1 moe split layer=15 rows=8 router=0.425 ms
ds4: V4.1 moe split layer=15 rows=8 shared=0.492 ms
ds4: V4.1 moe split layer=15 rows=8 routed=1.860 ms
ds4: V4.1 moe split layer=16 rows=8 router=0.434 ms
ds4: V4.1 moe split layer=16 rows=8 shared=0.502 ms
ds4: V4.1 moe split layer=16 rows=8 routed=1.900 ms
ds4: V4.1 moe split layer=17 rows=8 router=0.466 ms
ds4: V4.1 moe split layer=17 rows=8 shared=0.598 ms
ds4: V4.1 moe split layer=17 rows=8 routed=1.964 ms
ds4: V4.1 moe split layer=18 rows=8 router=0.415 ms
ds4: V4.1 moe split layer=18 rows=8 shared=0.473 ms
ds4: V4.1 moe split layer=18 rows=8 routed=1.883 ms
ds4: V4.1 moe split layer=19 rows=8 router=0.439 ms
ds4: V4.1 moe split layer=19 rows=8 shared=0.428 ms
ds4: V4.1 moe split layer=19 rows=8 routed=1.872 ms
ds4: V4.1 moe split layer=20 rows=8 router=0.386 ms
ds4: V4.1 moe split layer=20 rows=8 shared=0.461 ms
ds4: V4.1 moe split layer=20 rows=8 routed=1.871 ms
ds4: V4.1 moe split layer=21 rows=8 router=0.376 ms
ds4: V4.1 moe split layer=21 rows=8 shared=0.476 ms
ds4: V4.1 moe split layer=21 rows=8 routed=1.913 ms
ds4: V4.1 moe split layer=22 rows=8 router=0.335 ms
ds4: V4.1 moe split layer=22 rows=8 shared=0.550 ms
ds4: V4.1 moe split layer=22 rows=8 routed=1.911 ms
ds4: V4.1 moe split layer=23 rows=8 router=0.374 ms
ds4: V4.1 moe split layer=23 rows=8 shared=0.461 ms
ds4: V4.1 moe split layer=23 rows=8 routed=1.852 ms
ds4: V4.1 moe split layer=24 rows=8 router=0.519 ms
ds4: V4.1 moe split layer=24 rows=8 shared=0.430 ms
ds4: V4.1 moe split layer=24 rows=8 routed=1.871 ms
ds4: V4.1 moe split layer=25 rows=8 router=0.361 ms
ds4: V4.1 moe split layer=25 rows=8 shared=0.581 ms
ds4: V4.1 moe split layer=25 rows=8 routed=1.978 ms
ds4: V4.1 moe split layer=26 rows=8 router=0.432 ms
ds4: V4.1 moe split layer=26 rows=8 shared=0.603 ms
ds4: V4.1 moe split layer=26 rows=8 routed=1.850 ms
ds4: V4.1 moe split layer=27 rows=8 router=0.500 ms
ds4: V4.1 moe split layer=27 rows=8 shared=0.454 ms
ds4: V4.1 moe split layer=27 rows=8 routed=1.900 ms
ds4: V4.1 moe split layer=28 rows=8 router=0.404 ms
ds4: V4.1 moe split layer=28 rows=8 shared=0.535 ms
ds4: V4.1 moe split layer=28 rows=8 routed=2.059 ms
ds4: V4.1 moe split layer=29 rows=8 router=0.453 ms
ds4: V4.1 moe split layer=29 rows=8 shared=0.426 ms
ds4: V4.1 moe split layer=29 rows=8 routed=1.936 ms
ds4: V4.1 moe split layer=30 rows=8 router=0.432 ms
ds4: V4.1 moe split layer=30 rows=8 shared=0.421 ms
ds4: V4.1 moe split layer=30 rows=8 routed=2.083 ms
ds4: V4.1 moe split layer=31 rows=8 router=0.364 ms
ds4: V4.1 moe split layer=31 rows=8 shared=0.554 ms
ds4: V4.1 moe split layer=31 rows=8 routed=1.994 ms
ds4: V4.1 moe split layer=32 rows=8 router=0.346 ms
ds4: V4.1 moe split layer=32 rows=8 shared=0.501 ms
ds4: V4.1 moe split layer=32 rows=8 routed=1.970 ms
ds4: V4.1 moe split layer=33 rows=8 router=0.325 ms
ds4: V4.1 moe split layer=33 rows=8 shared=0.470 ms
ds4: V4.1 moe split layer=33 rows=8 routed=2.107 ms
ds4: V4.1 moe split layer=34 rows=8 router=0.537 ms
ds4: V4.1 moe split layer=34 rows=8 shared=0.574 ms
ds4: V4.1 moe split layer=34 rows=8 routed=2.041 ms
ds4: V4.1 moe split layer=35 rows=8 router=0.481 ms
ds4: V4.1 moe split layer=35 rows=8 shared=0.429 ms
ds4: V4.1 moe split layer=35 rows=8 routed=1.905 ms
ds4: V4.1 moe split layer=36 rows=8 router=0.403 ms
ds4: V4.1 moe split layer=36 rows=8 shared=0.531 ms
ds4: V4.1 moe split layer=36 rows=8 routed=2.112 ms
ds4: V4.1 moe split layer=37 rows=8 router=0.494 ms
ds4: V4.1 moe split layer=37 rows=8 shared=0.478 ms
ds4: V4.1 moe split layer=37 rows=8 routed=2.096 ms
ds4: V4.1 moe split layer=38 rows=8 router=0.480 ms
ds4: V4.1 moe split layer=38 rows=8 shared=0.629 ms
ds4: V4.1 moe split layer=38 rows=8 routed=1.904 ms
ds4: V4.1 moe split layer=39 rows=8 router=0.394 ms
ds4: V4.1 moe split layer=39 rows=8 shared=0.454 ms
ds4: V4.1 moe split layer=39 rows=8 routed=1.964 ms
ds4: V4.1 batch step rows=8 pre 0.0 ms, per-row attention 0.0 ms, moe 0.0 ms, head 0.0 ms, setup 0.0 ms, publish 0.0 ms
ds4: V4.1 moe split layer=0 rows=8 router=0.476 ms
ds4: V4.1 moe split layer=0 rows=8 shared=0.521 ms
ds4: V4.1 moe split layer=0 rows=8 routed=2.529 ms
ds4: V4.1 moe split layer=1 rows=8 router=0.438 ms
ds4: V4.1 moe split layer=1 rows=8 shared=0.468 ms
ds4: V4.1 moe split layer=1 rows=8 routed=2.574 ms
ds4: V4.1 moe split layer=2 rows=8 router=0.428 ms
ds4: V4.1 moe split layer=2 rows=8 shared=0.600 ms
ds4: V4.1 moe split layer=2 rows=8 routed=2.380 ms
ds4: V4.1 moe split layer=3 rows=8 router=0.428 ms
ds4: V4.1 moe split layer=3 rows=8 shared=0.638 ms
ds4: V4.1 moe split layer=3 rows=8 routed=2.481 ms
ds4: V4.1 moe split layer=4 rows=8 router=0.566 ms
ds4: V4.1 moe split layer=4 rows=8 shared=0.518 ms
ds4: V4.1 moe split layer=4 rows=8 routed=2.285 ms
ds4: V4.1 moe split layer=5 rows=8 router=0.469 ms
ds4: V4.1 moe split layer=5 rows=8 shared=0.525 ms
ds4: V4.1 moe split layer=5 rows=8 routed=2.056 ms
ds4: V4.1 moe split layer=6 rows=8 router=0.471 ms
ds4: V4.1 moe split layer=6 rows=8 shared=0.555 ms
ds4: V4.1 moe split layer=6 rows=8 routed=2.079 ms
ds4: V4.1 moe split layer=7 rows=8 router=0.443 ms
ds4: V4.1 moe split layer=7 rows=8 shared=0.489 ms
ds4: V4.1 moe split layer=7 rows=8 routed=2.331 ms
ds4: V4.1 moe split layer=8 rows=8 router=0.400 ms
ds4: V4.1 moe split layer=8 rows=8 shared=0.442 ms
ds4: V4.1 moe split layer=8 rows=8 routed=2.039 ms
ds4: V4.1 moe split layer=9 rows=8 router=0.385 ms
ds4: V4.1 moe split layer=9 rows=8 shared=0.449 ms
ds4: V4.1 moe split layer=9 rows=8 routed=2.119 ms
ds4: V4.1 moe split layer=10 rows=8 router=0.530 ms
ds4: V4.1 moe split layer=10 rows=8 shared=0.521 ms
ds4: V4.1 moe split layer=10 rows=8 routed=2.381 ms
ds4: V4.1 moe split layer=11 rows=8 router=0.548 ms
ds4: V4.1 moe split layer=11 rows=8 shared=0.501 ms
ds4: V4.1 moe split layer=11 rows=8 routed=2.120 ms
ds4: V4.1 moe split layer=12 rows=8 router=0.482 ms
ds4: V4.1 moe split layer=12 rows=8 shared=0.460 ms
ds4: V4.1 moe split layer=12 rows=8 routed=2.202 ms
ds4: V4.1 moe split layer=13 rows=8 router=0.391 ms
ds4: V4.1 moe split layer=13 rows=8 shared=0.535 ms
ds4: V4.1 moe split layer=13 rows=8 routed=2.370 ms
ds4: V4.1 moe split layer=14 rows=8 router=0.345 ms
ds4: V4.1 moe split layer=14 rows=8 shared=0.427 ms
ds4: V4.1 moe split layer=14 rows=8 routed=2.070 ms
ds4: V4.1 moe split layer=15 rows=8 router=0.561 ms
ds4: V4.1 moe split layer=15 rows=8 shared=0.559 ms
ds4: V4.1 moe split layer=15 rows=8 routed=2.374 ms
ds4: V4.1 moe split layer=16 rows=8 router=0.523 ms
ds4: V4.1 moe split layer=16 rows=8 shared=0.524 ms
ds4: V4.1 moe split layer=16 rows=8 routed=2.087 ms
ds4: V4.1 moe split layer=17 rows=8 router=0.383 ms
ds4: V4.1 moe split layer=17 rows=8 shared=0.455 ms
ds4: V4.1 moe split layer=17 rows=8 routed=2.106 ms
ds4: V4.1 moe split layer=18 rows=8 router=0.569 ms
ds4: V4.1 moe split layer=18 rows=8 shared=0.476 ms
ds4: V4.1 moe split layer=18 rows=8 routed=2.311 ms
ds4: V4.1 moe split layer=19 rows=8 router=0.541 ms
ds4: V4.1 moe split layer=19 rows=8 shared=0.477 ms
ds4: V4.1 moe split layer=19 rows=8 routed=2.287 ms
ds4: V4.1 moe split layer=20 rows=8 router=0.424 ms
ds4: V4.1 moe split layer=20 rows=8 shared=0.620 ms
ds4: V4.1 moe split layer=20 rows=8 routed=2.379 ms
ds4: V4.1 moe split layer=21 rows=8 router=0.543 ms
ds4: V4.1 moe split layer=21 rows=8 shared=0.528 ms
ds4: V4.1 moe split layer=21 rows=8 routed=2.298 ms
ds4: V4.1 moe split layer=22 rows=8 router=0.456 ms
ds4: V4.1 moe split layer=22 rows=8 shared=0.512 ms
ds4: V4.1 moe split layer=22 rows=8 routed=2.189 ms
ds4: V4.1 moe split layer=23 rows=8 router=0.610 ms
ds4: V4.1 moe split layer=23 rows=8 shared=0.476 ms
ds4: V4.1 moe split layer=23 rows=8 routed=2.348 ms
ds4: V4.1 moe split layer=24 rows=8 router=0.569 ms
ds4: V4.1 moe split layer=24 rows=8 shared=0.508 ms
ds4: V4.1 moe split layer=24 rows=8 routed=2.267 ms
ds4: V4.1 moe split layer=25 rows=8 router=0.511 ms
ds4: V4.1 moe split layer=25 rows=8 shared=0.556 ms
ds4: V4.1 moe split layer=25 rows=8 routed=2.250 ms
ds4: V4.1 moe split layer=26 rows=8 router=0.522 ms
ds4: V4.1 moe split layer=26 rows=8 shared=0.523 ms
ds4: V4.1 moe split layer=26 rows=8 routed=2.298 ms
ds4: V4.1 moe split layer=27 rows=8 router=0.530 ms
ds4: V4.1 moe split layer=27 rows=8 shared=0.630 ms
ds4: V4.1 moe split layer=27 rows=8 routed=2.365 ms
ds4: V4.1 moe split layer=28 rows=8 router=0.571 ms
ds4: V4.1 moe split layer=28 rows=8 shared=0.566 ms
ds4: V4.1 moe split layer=28 rows=8 routed=2.362 ms
ds4: V4.1 moe split layer=29 rows=8 router=0.568 ms
ds4: V4.1 moe split layer=29 rows=8 shared=0.506 ms
ds4: V4.1 moe split layer=29 rows=8 routed=2.295 ms
ds4: V4.1 moe split layer=30 rows=8 router=0.514 ms
ds4: V4.1 moe split layer=30 rows=8 shared=0.577 ms
ds4: V4.1 moe split layer=30 rows=8 routed=2.338 ms
ds4: V4.1 moe split layer=31 rows=8 router=0.544 ms
ds4: V4.1 moe split layer=31 rows=8 shared=0.596 ms
ds4: V4.1 moe split layer=31 rows=8 routed=2.232 ms
ds4: V4.1 moe split layer=32 rows=8 router=0.433 ms
ds4: V4.1 moe split layer=32 rows=8 shared=0.453 ms
ds4: V4.1 moe split layer=32 rows=8 routed=2.293 ms
ds4: V4.1 moe split layer=33 rows=8 router=0.390 ms
ds4: V4.1 moe split layer=33 rows=8 shared=0.482 ms
ds4: V4.1 moe split layer=33 rows=8 routed=2.361 ms
ds4: V4.1 moe split layer=34 rows=8 router=0.543 ms
ds4: V4.1 moe split layer=34 rows=8 shared=0.495 ms
ds4: V4.1 moe split layer=34 rows=8 routed=2.308 ms
ds4: V4.1 moe split layer=35 rows=8 router=0.533 ms
ds4: V4.1 moe split layer=35 rows=8 shared=0.516 ms
ds4: V4.1 moe split layer=35 rows=8 routed=2.322 ms
ds4: V4.1 moe split layer=36 rows=8 router=0.516 ms
ds4: V4.1 moe split layer=36 rows=8 shared=0.549 ms
ds4: V4.1 moe split layer=36 rows=8 routed=2.585 ms
ds4: V4.1 moe split layer=37 rows=8 router=0.605 ms
ds4: V4.1 moe split layer=37 rows=8 shared=0.573 ms
ds4: V4.1 moe split layer=37 rows=8 routed=2.292 ms
ds4: V4.1 moe split layer=38 rows=8 router=0.604 ms
ds4: V4.1 moe split layer=38 rows=8 shared=0.526 ms
ds4: V4.1 moe split layer=38 rows=8 routed=2.280 ms
ds4: V4.1 moe split layer=39 rows=8 router=0.402 ms
ds4: V4.1 moe split layer=39 rows=8 shared=0.604 ms
ds4: V4.1 moe split layer=39 rows=8 routed=2.517 ms
ds4: V4.1 batch step rows=8 pre 0.0 ms, per-row attention 0.0 ms, moe 0.0 ms, head 0.0 ms, setup 0.0 ms, publish 0.0 ms
ds4: V4.1 moe split layer=0 rows=8 router=0.472 ms
ds4: V4.1 moe split layer=0 rows=8 shared=0.622 ms
ds4: V4.1 moe split layer=0 rows=8 routed=2.602 ms
ds4: V4.1 moe split layer=1 rows=8 router=0.516 ms
ds4: V4.1 moe split layer=1 rows=8 shared=0.532 ms
ds4: V4.1 moe split layer=1 rows=8 routed=2.328 ms
ds4: V4.1 moe split layer=2 rows=8 router=0.526 ms
ds4: V4.1 moe split layer=2 rows=8 shared=0.520 ms
ds4: V4.1 moe split layer=2 rows=8 routed=2.259 ms
ds4: V4.1 moe split layer=3 rows=8 router=0.489 ms
ds4: V4.1 moe split layer=3 rows=8 shared=0.516 ms
ds4: V4.1 moe split layer=3 rows=8 routed=2.482 ms
ds4: V4.1 moe split layer=4 rows=8 router=0.509 ms
ds4: V4.1 moe split layer=4 rows=8 shared=0.503 ms
ds4: V4.1 moe split layer=4 rows=8 routed=2.182 ms
ds4: V4.1 moe split layer=5 rows=8 router=0.511 ms
ds4: V4.1 moe split layer=5 rows=8 shared=0.572 ms
ds4: V4.1 moe split layer=5 rows=8 routed=2.328 ms
ds4: V4.1 moe split layer=6 rows=8 router=0.568 ms
ds4: V4.1 moe split layer=6 rows=8 shared=0.483 ms
ds4: V4.1 moe split layer=6 rows=8 routed=2.503 ms
ds4: V4.1 moe split layer=7 rows=8 router=0.551 ms
ds4: V4.1 moe split layer=7 rows=8 shared=0.542 ms
ds4: V4.1 moe split layer=7 rows=8 routed=2.304 ms
ds4: V4.1 moe split layer=8 rows=8 router=0.355 ms
ds4: V4.1 moe split layer=8 rows=8 shared=0.519 ms
ds4: V4.1 moe split layer=8 rows=8 routed=2.270 ms
ds4: V4.1 moe split layer=9 rows=8 router=0.368 ms
ds4: V4.1 moe split layer=9 rows=8 shared=0.464 ms
ds4: V4.1 moe split layer=9 rows=8 routed=2.252 ms
ds4: V4.1 moe split layer=10 rows=8 router=0.482 ms
ds4: V4.1 moe split layer=10 rows=8 shared=0.498 ms
ds4: V4.1 moe split layer=10 rows=8 routed=2.295 ms
ds4: V4.1 moe split layer=11 rows=8 router=0.476 ms
ds4: V4.1 moe split layer=11 rows=8 shared=0.665 ms
ds4: V4.1 moe split layer=11 rows=8 routed=2.422 ms
ds4: V4.1 moe split layer=12 rows=8 router=0.439 ms
ds4: V4.1 moe split layer=12 rows=8 shared=0.516 ms
ds4: V4.1 moe split layer=12 rows=8 routed=2.339 ms
ds4: V4.1 moe split layer=13 rows=8 router=0.536 ms
ds4: V4.1 moe split layer=13 rows=8 shared=0.525 ms
ds4: V4.1 moe split layer=13 rows=8 routed=2.422 ms
ds4: V4.1 moe split layer=14 rows=8 router=0.468 ms
ds4: V4.1 moe split layer=14 rows=8 shared=0.523 ms
ds4: V4.1 moe split layer=14 rows=8 routed=2.380 ms
ds4: V4.1 moe split layer=15 rows=8 router=0.456 ms
ds4: V4.1 moe split layer=15 rows=8 shared=0.507 ms
ds4: V4.1 moe split layer=15 rows=8 routed=2.248 ms
ds4: V4.1 moe split layer=16 rows=8 router=0.353 ms
ds4: V4.1 moe split layer=16 rows=8 shared=0.497 ms
ds4: V4.1 moe split layer=16 rows=8 routed=2.203 ms
ds4: V4.1 moe split layer=17 rows=8 router=0.513 ms
ds4: V4.1 moe split layer=17 rows=8 shared=0.652 ms
ds4: V4.1 moe split layer=17 rows=8 routed=2.399 ms
ds4: V4.1 moe split layer=18 rows=8 router=0.353 ms
ds4: V4.1 moe split layer=18 rows=8 shared=0.505 ms
ds4: V4.1 moe split layer=18 rows=8 routed=2.265 ms
ds4: V4.1 moe split layer=19 rows=8 router=0.458 ms
ds4: V4.1 moe split layer=19 rows=8 shared=0.544 ms
ds4: V4.1 moe split layer=19 rows=8 routed=2.356 ms
ds4: V4.1 moe split layer=20 rows=8 router=0.455 ms
ds4: V4.1 moe split layer=20 rows=8 shared=0.486 ms
ds4: V4.1 moe split layer=20 rows=8 routed=2.312 ms
ds4: V4.1 moe split layer=21 rows=8 router=0.409 ms
ds4: V4.1 moe split layer=21 rows=8 shared=0.673 ms
ds4: V4.1 moe split layer=21 rows=8 routed=2.211 ms
ds4: V4.1 moe split layer=22 rows=8 router=0.404 ms
ds4: V4.1 moe split layer=22 rows=8 shared=0.505 ms
ds4: V4.1 moe split layer=22 rows=8 routed=2.237 ms
ds4: V4.1 moe split layer=23 rows=8 router=0.442 ms
ds4: V4.1 moe split layer=23 rows=8 shared=0.632 ms
ds4: V4.1 moe split layer=23 rows=8 routed=2.378 ms
ds4: V4.1 moe split layer=24 rows=8 router=0.461 ms
ds4: V4.1 moe split layer=24 rows=8 shared=0.570 ms
ds4: V4.1 moe split layer=24 rows=8 routed=2.254 ms
ds4: V4.1 moe split layer=25 rows=8 router=0.463 ms
ds4: V4.1 moe split layer=25 rows=8 shared=0.653 ms
ds4: V4.1 moe split layer=25 rows=8 routed=2.398 ms
ds4: V4.1 moe split layer=26 rows=8 router=0.335 ms
ds4: V4.1 moe split layer=26 rows=8 shared=0.478 ms
ds4: V4.1 moe split layer=26 rows=8 routed=2.305 ms
ds4: V4.1 moe split layer=27 rows=8 router=0.474 ms
ds4: V4.1 moe split layer=27 rows=8 shared=0.479 ms
ds4: V4.1 moe split layer=27 rows=8 routed=2.362 ms
ds4: V4.1 moe split layer=28 rows=8 router=0.450 ms
ds4: V4.1 moe split layer=28 rows=8 shared=0.502 ms
ds4: V4.1 moe split layer=28 rows=8 routed=2.365 ms
ds4: V4.1 moe split layer=29 rows=8 router=0.503 ms
ds4: V4.1 moe split layer=29 rows=8 shared=0.555 ms
ds4: V4.1 moe split layer=29 rows=8 routed=2.419 ms
ds4: V4.1 moe split layer=30 rows=8 router=0.479 ms
ds4: V4.1 moe split layer=30 rows=8 shared=0.494 ms
ds4: V4.1 moe split layer=30 rows=8 routed=2.371 ms
ds4: V4.1 moe split layer=31 rows=8 router=0.508 ms
ds4: V4.1 moe split layer=31 rows=8 shared=0.608 ms
ds4: V4.1 moe split layer=31 rows=8 routed=2.429 ms
ds4: V4.1 moe split layer=32 rows=8 router=0.523 ms
ds4: V4.1 moe split layer=32 rows=8 shared=0.505 ms
ds4: V4.1 moe split layer=32 rows=8 routed=2.278 ms
ds4: V4.1 moe split layer=33 rows=8 router=0.453 ms
ds4: V4.1 moe split layer=33 rows=8 shared=0.537 ms
ds4: V4.1 moe split layer=33 rows=8 routed=2.327 ms
ds4: V4.1 moe split layer=34 rows=8 router=0.533 ms
ds4: V4.1 moe split layer=34 rows=8 shared=0.466 ms
ds4: V4.1 moe split layer=34 rows=8 routed=2.322 ms
ds4: V4.1 moe split layer=35 rows=8 router=0.434 ms
ds4: V4.1 moe split layer=35 rows=8 shared=0.499 ms
ds4: V4.1 moe split layer=35 rows=8 routed=2.232 ms
ds4: V4.1 moe split layer=36 rows=8 router=0.482 ms
ds4: V4.1 moe split layer=36 rows=8 shared=0.528 ms
ds4: V4.1 moe split layer=36 rows=8 routed=2.328 ms
ds4: V4.1 moe split layer=37 rows=8 router=0.379 ms
ds4: V4.1 moe split layer=37 rows=8 shared=0.461 ms
ds4: V4.1 moe split layer=37 rows=8 routed=2.341 ms
ds4: V4.1 moe split layer=38 rows=8 router=0.465 ms
ds4: V4.1 moe split layer=38 rows=8 shared=0.522 ms
ds4: V4.1 moe split layer=38 rows=8 routed=2.298 ms
ds4: V4.1 moe split layer=39 rows=8 router=0.449 ms
ds4: V4.1 moe split layer=39 rows=8 shared=0.453 ms
ds4: V4.1 moe split layer=39 rows=8 routed=2.244 ms
ds4: V4.1 batch step rows=8 pre 0.0 ms, per-row attention 0.0 ms, moe 0.0 ms, head 0.0 ms, setup 0.0 ms, publish 0.0 ms
ds4: V4.1 moe split layer=0 rows=8 router=0.429 ms
ds4: V4.1 moe split layer=0 rows=8 shared=0.539 ms
ds4: V4.1 moe split layer=0 rows=8 routed=2.631 ms
ds4: V4.1 moe split layer=1 rows=8 router=0.472 ms
ds4: V4.1 moe split layer=1 rows=8 shared=0.487 ms
ds4: V4.1 moe split layer=1 rows=8 routed=2.405 ms
ds4: V4.1 moe split layer=2 rows=8 router=0.403 ms
ds4: V4.1 moe split layer=2 rows=8 shared=0.505 ms
ds4: V4.1 moe split layer=2 rows=8 routed=2.062 ms
ds4: V4.1 moe split layer=3 rows=8 router=0.387 ms
ds4: V4.1 moe split layer=3 rows=8 shared=0.513 ms
ds4: V4.1 moe split layer=3 rows=8 routed=2.292 ms
ds4: V4.1 moe split layer=4 rows=8 router=0.448 ms
ds4: V4.1 moe split layer=4 rows=8 shared=0.551 ms
ds4: V4.1 moe split layer=4 rows=8 routed=2.189 ms
ds4: V4.1 moe split layer=5 rows=8 router=0.446 ms
ds4: V4.1 moe split layer=5 rows=8 shared=0.589 ms
ds4: V4.1 moe split layer=5 rows=8 routed=2.042 ms
ds4: V4.1 moe split layer=6 rows=8 router=0.462 ms
ds4: V4.1 moe split layer=6 rows=8 shared=0.564 ms
ds4: V4.1 moe split layer=6 rows=8 routed=2.319 ms
ds4: V4.1 moe split layer=7 rows=8 router=0.487 ms
ds4: V4.1 moe split layer=7 rows=8 shared=0.540 ms
ds4: V4.1 moe split layer=7 rows=8 routed=2.342 ms
ds4: V4.1 moe split layer=8 rows=8 router=0.425 ms
ds4: V4.1 moe split layer=8 rows=8 shared=0.482 ms
ds4: V4.1 moe split layer=8 rows=8 routed=2.214 ms
ds4: V4.1 moe split layer=9 rows=8 router=0.601 ms
ds4: V4.1 moe split layer=9 rows=8 shared=0.498 ms
ds4: V4.1 moe split layer=9 rows=8 routed=2.373 ms
ds4: V4.1 moe split layer=10 rows=8 router=0.421 ms
ds4: V4.1 moe split layer=10 rows=8 shared=0.606 ms
ds4: V4.1 moe split layer=10 rows=8 routed=2.108 ms
ds4: V4.1 moe split layer=11 rows=8 router=0.491 ms
ds4: V4.1 moe split layer=11 rows=8 shared=0.619 ms
ds4: V4.1 moe split layer=11 rows=8 routed=2.329 ms
ds4: V4.1 moe split layer=12 rows=8 router=0.399 ms
ds4: V4.1 moe split layer=12 rows=8 shared=0.525 ms
ds4: V4.1 moe split layer=12 rows=8 routed=2.291 ms
ds4: V4.1 moe split layer=13 rows=8 router=0.401 ms
ds4: V4.1 moe split layer=13 rows=8 shared=0.483 ms
ds4: V4.1 moe split layer=13 rows=8 routed=2.058 ms
ds4: V4.1 moe split layer=14 rows=8 router=0.358 ms
ds4: V4.1 moe split layer=14 rows=8 shared=0.453 ms
ds4: V4.1 moe split layer=14 rows=8 routed=2.245 ms
ds4: V4.1 moe split layer=15 rows=8 router=0.386 ms
ds4: V4.1 moe split layer=15 rows=8 shared=0.469 ms
ds4: V4.1 moe split layer=15 rows=8 routed=2.088 ms
ds4: V4.1 moe split layer=16 rows=8 router=0.348 ms
ds4: V4.1 moe split layer=16 rows=8 shared=0.424 ms
ds4: V4.1 moe split layer=16 rows=8 routed=2.162 ms
ds4: V4.1 moe split layer=17 rows=8 router=0.463 ms
ds4: V4.1 moe split layer=17 rows=8 shared=0.464 ms
ds4: V4.1 moe split layer=17 rows=8 routed=2.252 ms
ds4: V4.1 moe split layer=18 rows=8 router=0.364 ms
ds4: V4.1 moe split layer=18 rows=8 shared=0.456 ms
ds4: V4.1 moe split layer=18 rows=8 routed=2.141 ms
ds4: V4.1 moe split layer=19 rows=8 router=0.304 ms
ds4: V4.1 moe split layer=19 rows=8 shared=0.419 ms
ds4: V4.1 moe split layer=19 rows=8 routed=2.087 ms
ds4: V4.1 moe split layer=20 rows=8 router=0.321 ms
ds4: V4.1 moe split layer=20 rows=8 shared=0.468 ms
ds4: V4.1 moe split layer=20 rows=8 routed=2.209 ms
ds4: V4.1 moe split layer=21 rows=8 router=0.327 ms
ds4: V4.1 moe split layer=21 rows=8 shared=0.460 ms
ds4: V4.1 moe split layer=21 rows=8 routed=2.057 ms
ds4: V4.1 moe split layer=22 rows=8 router=0.321 ms
ds4: V4.1 moe split layer=22 rows=8 shared=0.395 ms
ds4: V4.1 moe split layer=22 rows=8 routed=2.084 ms
ds4: V4.1 moe split layer=23 rows=8 router=0.356 ms
ds4: V4.1 moe split layer=23 rows=8 shared=0.480 ms
ds4: V4.1 moe split layer=23 rows=8 routed=2.172 ms
ds4: V4.1 moe split layer=24 rows=8 router=0.345 ms
ds4: V4.1 moe split layer=24 rows=8 shared=0.455 ms
ds4: V4.1 moe split layer=24 rows=8 routed=2.080 ms
ds4: V4.1 moe split layer=25 rows=8 router=0.312 ms
ds4: V4.1 moe split layer=25 rows=8 shared=0.427 ms
ds4: V4.1 moe split layer=25 rows=8 routed=2.044 ms
ds4: V4.1 moe split layer=26 rows=8 router=0.354 ms
ds4: V4.1 moe split layer=26 rows=8 shared=0.461 ms
ds4: V4.1 moe split layer=26 rows=8 routed=2.498 ms
ds4: V4.1 moe split layer=27 rows=8 router=0.354 ms
ds4: V4.1 moe split layer=27 rows=8 shared=0.499 ms
ds4: V4.1 moe split layer=27 rows=8 routed=2.505 ms
ds4: V4.1 moe split layer=28 rows=8 router=0.440 ms
ds4: V4.1 moe split layer=28 rows=8 shared=0.548 ms
ds4: V4.1 moe split layer=28 rows=8 routed=2.544 ms
ds4: V4.1 moe split layer=29 rows=8 router=0.522 ms
ds4: V4.1 moe split layer=29 rows=8 shared=0.564 ms
ds4: V4.1 moe split layer=29 rows=8 routed=2.528 ms
ds4: V4.1 moe split layer=30 rows=8 router=0.474 ms
ds4: V4.1 moe split layer=30 rows=8 shared=0.587 ms
ds4: V4.1 moe split layer=30 rows=8 routed=2.504 ms
ds4: V4.1 moe split layer=31 rows=8 router=0.527 ms
ds4: V4.1 moe split layer=31 rows=8 shared=0.570 ms
ds4: V4.1 moe split layer=31 rows=8 routed=2.633 ms
ds4: V4.1 moe split layer=32 rows=8 router=0.530 ms
ds4: V4.1 moe split layer=32 rows=8 shared=0.591 ms
ds4: V4.1 moe split layer=32 rows=8 routed=2.564 ms
ds4: V4.1 moe split layer=33 rows=8 router=0.427 ms
ds4: V4.1 moe split layer=33 rows=8 shared=0.654 ms
ds4: V4.1 moe split layer=33 rows=8 routed=2.980 ms
ds4: V4.1 moe split layer=34 rows=8 router=0.524 ms
ds4: V4.1 moe split layer=34 rows=8 shared=0.608 ms
ds4: V4.1 moe split layer=34 rows=8 routed=2.527 ms
ds4: V4.1 moe split layer=35 rows=8 router=0.547 ms
ds4: V4.1 moe split layer=35 rows=8 shared=0.576 ms
ds4: V4.1 moe split layer=35 rows=8 routed=2.647 ms
ds4: V4.1 moe split layer=36 rows=8 router=0.392 ms
ds4: V4.1 moe split layer=36 rows=8 shared=0.593 ms
ds4: V4.1 moe split layer=36 rows=8 routed=2.503 ms
ds4: V4.1 moe split layer=37 rows=8 router=0.425 ms
ds4: V4.1 moe split layer=37 rows=8 shared=0.464 ms
ds4: V4.1 moe split layer=37 rows=8 routed=2.495 ms
ds4: V4.1 moe split layer=38 rows=8 router=0.761 ms
ds4: V4.1 moe split layer=38 rows=8 shared=0.572 ms
ds4: V4.1 moe split layer=38 rows=8 routed=2.758 ms
ds4: V4.1 moe split layer=39 rows=8 router=0.468 ms
ds4: V4.1 moe split layer=39 rows=8 shared=0.587 ms
ds4: V4.1 moe split layer=39 rows=8 routed=2.561 ms
ds4: V4.1 batch step rows=8 pre 0.0 ms, per-row attention 0.0 ms, moe 0.0 ms, head 0.0 ms, setup 0.0 ms, publish 0.0 ms
ds4: V4.1 moe split layer=0 rows=8 router=0.455 ms
ds4: V4.1 moe split layer=0 rows=8 shared=0.537 ms
ds4: V4.1 moe split layer=0 rows=8 routed=2.575 ms
ds4: V4.1 moe split layer=1 rows=8 router=0.437 ms
ds4: V4.1 moe split layer=1 rows=8 shared=0.495 ms
ds4: V4.1 moe split layer=1 rows=8 routed=2.314 ms
ds4: V4.1 moe split layer=2 rows=8 router=0.404 ms
ds4: V4.1 moe split layer=2 rows=8 shared=0.600 ms
ds4: V4.1 moe split layer=2 rows=8 routed=2.244 ms
ds4: V4.1 moe split layer=3 rows=8 router=0.474 ms
ds4: V4.1 moe split layer=3 rows=8 shared=0.521 ms
ds4: V4.1 moe split layer=3 rows=8 routed=2.559 ms
ds4: V4.1 moe split layer=4 rows=8 router=0.467 ms
ds4: V4.1 moe split layer=4 rows=8 shared=0.509 ms
ds4: V4.1 moe split layer=4 rows=8 routed=2.605 ms
ds4: V4.1 moe split layer=5 rows=8 router=0.496 ms
ds4: V4.1 moe split layer=5 rows=8 shared=0.521 ms
ds4: V4.1 moe split layer=5 rows=8 routed=2.595 ms
ds4: V4.1 moe split layer=6 rows=8 router=0.502 ms
ds4: V4.1 moe split layer=6 rows=8 shared=0.551 ms
ds4: V4.1 moe split layer=6 rows=8 routed=2.517 ms
ds4: V4.1 moe split layer=7 rows=8 router=0.483 ms
ds4: V4.1 moe split layer=7 rows=8 shared=0.492 ms
ds4: V4.1 moe split layer=7 rows=8 routed=2.582 ms
ds4: V4.1 moe split layer=8 rows=8 router=0.551 ms
ds4: V4.1 moe split layer=8 rows=8 shared=0.575 ms
ds4: V4.1 moe split layer=8 rows=8 routed=2.570 ms
ds4: V4.1 moe split layer=9 rows=8 router=0.551 ms
ds4: V4.1 moe split layer=9 rows=8 shared=0.609 ms
ds4: V4.1 moe split layer=9 rows=8 routed=2.510 ms
ds4: V4.1 moe split layer=10 rows=8 router=0.562 ms
ds4: V4.1 moe split layer=10 rows=8 shared=0.617 ms
ds4: V4.1 moe split layer=10 rows=8 routed=2.425 ms
ds4: V4.1 moe split layer=11 rows=8 router=0.552 ms
ds4: V4.1 moe split layer=11 rows=8 shared=0.539 ms
ds4: V4.1 moe split layer=11 rows=8 routed=2.322 ms
ds4: V4.1 moe split layer=12 rows=8 router=0.441 ms
ds4: V4.1 moe split layer=12 rows=8 shared=0.520 ms
ds4: V4.1 moe split layer=12 rows=8 routed=2.380 ms
ds4: V4.1 moe split layer=13 rows=8 router=0.490 ms
ds4: V4.1 moe split layer=13 rows=8 shared=0.496 ms
ds4: V4.1 moe split layer=13 rows=8 routed=2.244 ms
ds4: V4.1 moe split layer=14 rows=8 router=0.506 ms
ds4: V4.1 moe split layer=14 rows=8 shared=0.569 ms
ds4: V4.1 moe split layer=14 rows=8 routed=2.121 ms
ds4: V4.1 moe split layer=15 rows=8 router=0.383 ms
ds4: V4.1 moe split layer=15 rows=8 shared=0.474 ms
ds4: V4.1 moe split layer=15 rows=8 routed=2.481 ms
ds4: V4.1 moe split layer=16 rows=8 router=0.396 ms
ds4: V4.1 moe split layer=16 rows=8 shared=0.554 ms
ds4: V4.1 moe split layer=16 rows=8 routed=2.405 ms
ds4: V4.1 moe split layer=17 rows=8 router=0.457 ms
ds4: V4.1 moe split layer=17 rows=8 shared=0.554 ms
ds4: V4.1 moe split layer=17 rows=8 routed=2.131 ms
ds4: V4.1 moe split layer=18 rows=8 router=0.458 ms
ds4: V4.1 moe split layer=18 rows=8 shared=0.480 ms
ds4: V4.1 moe split layer=18 rows=8 routed=2.338 ms
ds4: V4.1 moe split layer=19 rows=8 router=0.499 ms
ds4: V4.1 moe split layer=19 rows=8 shared=0.513 ms
ds4: V4.1 moe split layer=19 rows=8 routed=2.310 ms
ds4: V4.1 moe split layer=20 rows=8 router=0.403 ms
ds4: V4.1 moe split layer=20 rows=8 shared=0.555 ms
ds4: V4.1 moe split layer=20 rows=8 routed=2.146 ms
ds4: V4.1 moe split layer=21 rows=8 router=0.544 ms
ds4: V4.1 moe split layer=21 rows=8 shared=0.509 ms
ds4: V4.1 moe split layer=21 rows=8 routed=2.321 ms
ds4: V4.1 moe split layer=22 rows=8 router=0.551 ms
ds4: V4.1 moe split layer=22 rows=8 shared=0.531 ms
ds4: V4.1 moe split layer=22 rows=8 routed=2.071 ms
ds4: V4.1 moe split layer=23 rows=8 router=0.513 ms
ds4: V4.1 moe split layer=23 rows=8 shared=0.567 ms
ds4: V4.1 moe split layer=23 rows=8 routed=2.129 ms
ds4: V4.1 moe split layer=24 rows=8 router=0.572 ms
ds4: V4.1 moe split layer=24 rows=8 shared=0.537 ms
ds4: V4.1 moe split layer=24 rows=8 routed=2.370 ms
ds4: V4.1 moe split layer=25 rows=8 router=0.481 ms
ds4: V4.1 moe split layer=25 rows=8 shared=0.491 ms
ds4: V4.1 moe split layer=25 rows=8 routed=2.119 ms
ds4: V4.1 moe split layer=26 rows=8 router=0.498 ms
ds4: V4.1 moe split layer=26 rows=8 shared=0.486 ms
ds4: V4.1 moe split layer=26 rows=8 routed=2.164 ms
ds4: V4.1 moe split layer=27 rows=8 router=0.544 ms
ds4: V4.1 moe split layer=27 rows=8 shared=0.569 ms
ds4: V4.1 moe split layer=27 rows=8 routed=2.209 ms
ds4: V4.1 moe split layer=28 rows=8 router=0.504 ms
ds4: V4.1 moe split layer=28 rows=8 shared=0.474 ms
ds4: V4.1 moe split layer=28 rows=8 routed=2.100 ms
ds4: V4.1 moe split layer=29 rows=8 router=0.488 ms
ds4: V4.1 moe split layer=29 rows=8 shared=0.486 ms
ds4: V4.1 moe split layer=29 rows=8 routed=2.172 ms
ds4: V4.1 moe split layer=30 rows=8 router=0.509 ms
ds4: V4.1 moe split layer=30 rows=8 shared=0.587 ms
ds4: V4.1 moe split layer=30 rows=8 routed=2.098 ms
ds4: V4.1 moe split layer=31 rows=8 router=0.511 ms
ds4: V4.1 moe split layer=31 rows=8 shared=0.474 ms
ds4: V4.1 moe split layer=31 rows=8 routed=2.039 ms
ds4: V4.1 moe split layer=32 rows=8 router=0.456 ms
ds4: V4.1 moe split layer=32 rows=8 shared=0.479 ms
ds4: V4.1 moe split layer=32 rows=8 routed=2.322 ms
ds4: V4.1 moe split layer=33 rows=8 router=0.595 ms
ds4: V4.1 moe split layer=33 rows=8 shared=0.450 ms
ds4: V4.1 moe split layer=33 rows=8 routed=2.091 ms
ds4: V4.1 moe split layer=34 rows=8 router=0.453 ms
ds4: V4.1 moe split layer=34 rows=8 shared=0.543 ms
ds4: V4.1 moe split layer=34 rows=8 routed=2.165 ms
ds4: V4.1 moe split layer=35 rows=8 router=0.725 ms
ds4: V4.1 moe split layer=35 rows=8 shared=0.498 ms
ds4: V4.1 moe split layer=35 rows=8 routed=2.308 ms
ds4: V4.1 moe split layer=36 rows=8 router=0.384 ms
ds4: V4.1 moe split layer=36 rows=8 shared=0.515 ms
ds4: V4.1 moe split layer=36 rows=8 routed=2.095 ms
ds4: V4.1 moe split layer=37 rows=8 router=0.354 ms
ds4: V4.1 moe split layer=37 rows=8 shared=0.493 ms
ds4: V4.1 moe split layer=37 rows=8 routed=2.054 ms
ds4: V4.1 moe split layer=38 rows=8 router=0.400 ms
ds4: V4.1 moe split layer=38 rows=8 shared=0.621 ms
ds4: V4.1 moe split layer=38 rows=8 routed=2.320 ms
ds4: V4.1 moe split layer=39 rows=8 router=0.364 ms
ds4: V4.1 moe split layer=39 rows=8 shared=0.478 ms
ds4: V4.1 moe split layer=39 rows=8 routed=2.143 ms
ds4: V4.1 batch step rows=8 pre 0.0 ms, per-row attention 0.0 ms, moe 0.0 ms, head 0.0 ms, setup 0.0 ms, publish 0.0 ms
ds4: V4.1 moe split layer=0 rows=8 router=0.426 ms
ds4: V4.1 moe split layer=0 rows=8 shared=0.554 ms
ds4: V4.1 moe split layer=0 rows=8 routed=2.576 ms
ds4: V4.1 moe split layer=1 rows=8 router=0.470 ms
ds4: V4.1 moe split layer=1 rows=8 shared=0.537 ms
ds4: V4.1 moe split layer=1 rows=8 routed=2.381 ms
ds4: V4.1 moe split layer=2 rows=8 router=0.456 ms
ds4: V4.1 moe split layer=2 rows=8 shared=0.591 ms
ds4: V4.1 moe split layer=2 rows=8 routed=2.107 ms
ds4: V4.1 moe split layer=3 rows=8 router=0.466 ms
ds4: V4.1 moe split layer=3 rows=8 shared=0.525 ms
ds4: V4.1 moe split layer=3 rows=8 routed=2.093 ms
ds4: V4.1 moe split layer=4 rows=8 router=0.450 ms
ds4: V4.1 moe split layer=4 rows=8 shared=0.437 ms
ds4: V4.1 moe split layer=4 rows=8 routed=2.133 ms
ds4: V4.1 moe split layer=5 rows=8 router=0.472 ms
ds4: V4.1 moe split layer=5 rows=8 shared=0.456 ms
ds4: V4.1 moe split layer=5 rows=8 routed=2.085 ms
ds4: V4.1 moe split layer=6 rows=8 router=0.421 ms
ds4: V4.1 moe split layer=6 rows=8 shared=0.550 ms
ds4: V4.1 moe split layer=6 rows=8 routed=2.014 ms
ds4: V4.1 moe split layer=7 rows=8 router=0.439 ms
ds4: V4.1 moe split layer=7 rows=8 shared=0.440 ms
ds4: V4.1 moe split layer=7 rows=8 routed=2.135 ms
ds4: V4.1 moe split layer=8 rows=8 router=0.328 ms
ds4: V4.1 moe split layer=8 rows=8 shared=0.533 ms
ds4: V4.1 moe split layer=8 rows=8 routed=2.158 ms
ds4: V4.1 moe split layer=9 rows=8 router=0.501 ms
ds4: V4.1 moe split layer=9 rows=8 shared=0.480 ms
ds4: V4.1 moe split layer=9 rows=8 routed=2.094 ms
ds4: V4.1 moe split layer=10 rows=8 router=0.399 ms
ds4: V4.1 moe split layer=10 rows=8 shared=0.563 ms
ds4: V4.1 moe split layer=10 rows=8 routed=2.146 ms
ds4: V4.1 moe split layer=11 rows=8 router=0.472 ms
ds4: V4.1 moe split layer=11 rows=8 shared=0.452 ms
ds4: V4.1 moe split layer=11 rows=8 routed=2.075 ms
ds4: V4.1 moe split layer=12 rows=8 router=0.464 ms
ds4: V4.1 moe split layer=12 rows=8 shared=0.557 ms
ds4: V4.1 moe split layer=12 rows=8 routed=2.119 ms
ds4: V4.1 moe split layer=13 rows=8 router=0.446 ms
ds4: V4.1 moe split layer=13 rows=8 shared=0.572 ms
ds4: V4.1 moe split layer=13 rows=8 routed=2.013 ms
ds4: V4.1 moe split layer=14 rows=8 router=0.409 ms
ds4: V4.1 moe split layer=14 rows=8 shared=0.583 ms
ds4: V4.1 moe split layer=14 rows=8 routed=2.086 ms
ds4: V4.1 moe split layer=15 rows=8 router=0.470 ms
ds4: V4.1 moe split layer=15 rows=8 shared=0.496 ms
ds4: V4.1 moe split layer=15 rows=8 routed=2.149 ms
ds4: V4.1 moe split layer=16 rows=8 router=0.406 ms
ds4: V4.1 moe split layer=16 rows=8 shared=0.535 ms
ds4: V4.1 moe split layer=16 rows=8 routed=1.951 ms
ds4: V4.1 moe split layer=17 rows=8 router=0.483 ms
ds4: V4.1 moe split layer=17 rows=8 shared=0.573 ms
ds4: V4.1 moe split layer=17 rows=8 routed=2.124 ms
ds4: V4.1 moe split layer=18 rows=8 router=0.464 ms
ds4: V4.1 moe split layer=18 rows=8 shared=0.507 ms
ds4: V4.1 moe split layer=18 rows=8 routed=2.115 ms
ds4: V4.1 moe split layer=19 rows=8 router=0.405 ms
ds4: V4.1 moe split layer=19 rows=8 shared=0.530 ms
ds4: V4.1 moe split layer=19 rows=8 routed=2.004 ms
ds4: V4.1 moe split layer=20 rows=8 router=0.382 ms
ds4: V4.1 moe split layer=20 rows=8 shared=0.575 ms
ds4: V4.1 moe split layer=20 rows=8 routed=2.144 ms
ds4: V4.1 moe split layer=21 rows=8 router=0.559 ms
ds4: V4.1 moe split layer=21 rows=8 shared=0.532 ms
ds4: V4.1 moe split layer=21 rows=8 routed=2.059 ms
ds4: V4.1 moe split layer=22 rows=8 router=0.336 ms
ds4: V4.1 moe split layer=22 rows=8 shared=0.514 ms
ds4: V4.1 moe split layer=22 rows=8 routed=1.885 ms
ds4: V4.1 moe split layer=23 rows=8 router=0.481 ms
ds4: V4.1 moe split layer=23 rows=8 shared=0.461 ms
ds4: V4.1 moe split layer=23 rows=8 routed=2.067 ms
ds4: V4.1 moe split layer=24 rows=8 router=0.485 ms
ds4: V4.1 moe split layer=24 rows=8 shared=0.443 ms
ds4: V4.1 moe split layer=24 rows=8 routed=2.129 ms
ds4: V4.1 moe split layer=25 rows=8 router=0.449 ms
ds4: V4.1 moe split layer=25 rows=8 shared=0.458 ms
ds4: V4.1 moe split layer=25 rows=8 routed=1.898 ms
ds4: V4.1 moe split layer=26 rows=8 router=0.487 ms
ds4: V4.1 moe split layer=26 rows=8 shared=0.450 ms
ds4: V4.1 moe split layer=26 rows=8 routed=2.156 ms
ds4: V4.1 moe split layer=27 rows=8 router=0.547 ms
ds4: V4.1 moe split layer=27 rows=8 shared=0.501 ms
ds4: V4.1 moe split layer=27 rows=8 routed=1.936 ms
ds4: V4.1 moe split layer=28 rows=8 router=0.438 ms
ds4: V4.1 moe split layer=28 rows=8 shared=0.467 ms
ds4: V4.1 moe split layer=28 rows=8 routed=1.992 ms
ds4: V4.1 moe split layer=29 rows=8 router=0.468 ms
ds4: V4.1 moe split layer=29 rows=8 shared=0.455 ms
ds4: V4.1 moe split layer=29 rows=8 routed=2.115 ms
ds4: V4.1 moe split layer=30 rows=8 router=0.413 ms
ds4: V4.1 moe split layer=30 rows=8 shared=0.571 ms
ds4: V4.1 moe split layer=30 rows=8 routed=1.943 ms
ds4: V4.1 moe split layer=31 rows=8 router=0.483 ms
ds4: V4.1 moe split layer=31 rows=8 shared=0.547 ms
ds4: V4.1 moe split layer=31 rows=8 routed=1.951 ms
ds4: V4.1 moe split layer=32 rows=8 router=0.485 ms
ds4: V4.1 moe split layer=32 rows=8 shared=0.443 ms
ds4: V4.1 moe split layer=32 rows=8 routed=2.114 ms
ds4: V4.1 moe split layer=33 rows=8 router=0.559 ms
ds4: V4.1 moe split layer=33 rows=8 shared=0.514 ms
ds4: V4.1 moe split layer=33 rows=8 routed=1.965 ms
ds4: V4.1 moe split layer=34 rows=8 router=0.422 ms
ds4: V4.1 moe split layer=34 rows=8 shared=0.447 ms
ds4: V4.1 moe split layer=34 rows=8 routed=1.937 ms
ds4: V4.1 moe split layer=35 rows=8 router=0.333 ms
ds4: V4.1 moe split layer=35 rows=8 shared=0.466 ms
ds4: V4.1 moe split layer=35 rows=8 routed=2.095 ms
ds4: V4.1 moe split layer=36 rows=8 router=0.380 ms
ds4: V4.1 moe split layer=36 rows=8 shared=0.462 ms
ds4: V4.1 moe split layer=36 rows=8 routed=1.988 ms
ds4: V4.1 moe split layer=37 rows=8 router=0.344 ms
ds4: V4.1 moe split layer=37 rows=8 shared=0.459 ms
ds4: V4.1 moe split layer=37 rows=8 routed=1.958 ms
ds4: V4.1 moe split layer=38 rows=8 router=0.410 ms
ds4: V4.1 moe split layer=38 rows=8 shared=0.587 ms
ds4: V4.1 moe split layer=38 rows=8 routed=2.105 ms
ds4: V4.1 moe split layer=39 rows=8 router=0.492 ms
ds4: V4.1 moe split layer=39 rows=8 shared=0.584 ms
ds4: V4.1 moe split layer=39 rows=8 routed=2.175 ms
ds4: V4.1 batch step rows=8 pre 0.0 ms, per-row attention 0.0 ms, moe 0.0 ms, head 0.0 ms, setup 0.0 ms, publish 0.0 ms
ds4: V4.1 moe split layer=0 rows=8 router=0.426 ms
ds4: V4.1 moe split layer=0 rows=8 shared=0.508 ms
ds4: V4.1 moe split layer=0 rows=8 routed=2.359 ms
ds4: V4.1 moe split layer=1 rows=8 router=0.431 ms
ds4: V4.1 moe split layer=1 rows=8 shared=0.607 ms
ds4: V4.1 moe split layer=1 rows=8 routed=2.334 ms
ds4: V4.1 moe split layer=2 rows=8 router=0.405 ms
ds4: V4.1 moe split layer=2 rows=8 shared=0.578 ms
ds4: V4.1 moe split layer=2 rows=8 routed=2.148 ms
ds4: V4.1 moe split layer=3 rows=8 router=0.434 ms
ds4: V4.1 moe split layer=3 rows=8 shared=0.483 ms
ds4: V4.1 moe split layer=3 rows=8 routed=1.910 ms
ds4: V4.1 moe split layer=4 rows=8 router=0.422 ms
ds4: V4.1 moe split layer=4 rows=8 shared=0.439 ms
ds4: V4.1 moe split layer=4 rows=8 routed=1.861 ms
ds4: V4.1 moe split layer=5 rows=8 router=0.417 ms
ds4: V4.1 moe split layer=5 rows=8 shared=0.562 ms
ds4: V4.1 moe split layer=5 rows=8 routed=2.089 ms
ds4: V4.1 moe split layer=6 rows=8 router=0.415 ms
ds4: V4.1 moe split layer=6 rows=8 shared=0.498 ms
ds4: V4.1 moe split layer=6 rows=8 routed=1.956 ms
ds4: V4.1 moe split layer=7 rows=8 router=0.432 ms
ds4: V4.1 moe split layer=7 rows=8 shared=0.449 ms
ds4: V4.1 moe split layer=7 rows=8 routed=1.855 ms
ds4: V4.1 moe split layer=8 rows=8 router=0.399 ms
ds4: V4.1 moe split layer=8 rows=8 shared=0.489 ms
ds4: V4.1 moe split layer=8 rows=8 routed=2.082 ms
ds4: V4.1 moe split layer=9 rows=8 router=0.437 ms
ds4: V4.1 moe split layer=9 rows=8 shared=0.555 ms
ds4: V4.1 moe split layer=9 rows=8 routed=1.971 ms
ds4: V4.1 moe split layer=10 rows=8 router=0.496 ms
ds4: V4.1 moe split layer=10 rows=8 shared=0.497 ms
ds4: V4.1 moe split layer=10 rows=8 routed=2.000 ms
ds4: V4.1 moe split layer=11 rows=8 router=0.409 ms
ds4: V4.1 moe split layer=11 rows=8 shared=0.474 ms
ds4: V4.1 moe split layer=11 rows=8 routed=2.089 ms
ds4: V4.1 moe split layer=12 rows=8 router=0.476 ms
ds4: V4.1 moe split layer=12 rows=8 shared=0.542 ms
ds4: V4.1 moe split layer=12 rows=8 routed=1.998 ms
ds4: V4.1 moe split layer=13 rows=8 router=0.474 ms
ds4: V4.1 moe split layer=13 rows=8 shared=0.453 ms
ds4: V4.1 moe split layer=13 rows=8 routed=1.970 ms
ds4: V4.1 moe split layer=14 rows=8 router=0.423 ms
ds4: V4.1 moe split layer=14 rows=8 shared=0.481 ms
ds4: V4.1 moe split layer=14 rows=8 routed=1.978 ms
ds4: V4.1 moe split layer=15 rows=8 router=0.490 ms
ds4: V4.1 moe split layer=15 rows=8 shared=0.472 ms
ds4: V4.1 moe split layer=15 rows=8 routed=1.913 ms
ds4: V4.1 moe split layer=16 rows=8 router=0.466 ms
ds4: V4.1 moe split layer=16 rows=8 shared=0.434 ms
ds4: V4.1 moe split layer=16 rows=8 routed=2.020 ms
ds4: V4.1 moe split layer=17 rows=8 router=0.415 ms
ds4: V4.1 moe split layer=17 rows=8 shared=0.614 ms
ds4: V4.1 moe split layer=17 rows=8 routed=2.015 ms
ds4: V4.1 moe split layer=18 rows=8 router=0.469 ms
ds4: V4.1 moe split layer=18 rows=8 shared=0.442 ms
ds4: V4.1 moe split layer=18 rows=8 routed=1.998 ms
ds4: V4.1 moe split layer=19 rows=8 router=0.362 ms
ds4: V4.1 moe split layer=19 rows=8 shared=0.487 ms
ds4: V4.1 moe split layer=19 rows=8 routed=1.954 ms
ds4: V4.1 moe split layer=20 rows=8 router=0.494 ms
ds4: V4.1 moe split layer=20 rows=8 shared=0.537 ms
ds4: V4.1 moe split layer=20 rows=8 routed=1.970 ms
ds4: V4.1 moe split layer=21 rows=8 router=0.451 ms
ds4: V4.1 moe split layer=21 rows=8 shared=0.519 ms
ds4: V4.1 moe split layer=21 rows=8 routed=1.986 ms
ds4: V4.1 moe split layer=22 rows=8 router=0.433 ms
ds4: V4.1 moe split layer=22 rows=8 shared=0.429 ms
ds4: V4.1 moe split layer=22 rows=8 routed=1.945 ms
ds4: V4.1 moe split layer=23 rows=8 router=0.471 ms
ds4: V4.1 moe split layer=23 rows=8 shared=0.484 ms
ds4: V4.1 moe split layer=23 rows=8 routed=1.939 ms
ds4: V4.1 moe split layer=24 rows=8 router=0.390 ms
ds4: V4.1 moe split layer=24 rows=8 shared=0.457 ms
ds4: V4.1 moe split layer=24 rows=8 routed=1.946 ms
ds4: V4.1 moe split layer=25 rows=8 router=0.515 ms
ds4: V4.1 moe split layer=25 rows=8 shared=0.508 ms
ds4: V4.1 moe split layer=25 rows=8 routed=1.931 ms
ds4: V4.1 moe split layer=26 rows=8 router=0.353 ms
ds4: V4.1 moe split layer=26 rows=8 shared=0.430 ms
ds4: V4.1 moe split layer=26 rows=8 routed=2.019 ms
ds4: V4.1 moe split layer=27 rows=8 router=0.458 ms
ds4: V4.1 moe split layer=27 rows=8 shared=0.540 ms
ds4: V4.1 moe split layer=27 rows=8 routed=1.978 ms
ds4: V4.1 moe split layer=28 rows=8 router=0.405 ms
ds4: V4.1 moe split layer=28 rows=8 shared=0.497 ms
ds4: V4.1 moe split layer=28 rows=8 routed=1.853 ms
ds4: V4.1 moe split layer=29 rows=8 router=0.456 ms
ds4: V4.1 moe split layer=29 rows=8 shared=0.459 ms
ds4: V4.1 moe split layer=29 rows=8 routed=2.075 ms
ds4: V4.1 moe split layer=30 rows=8 router=0.458 ms
ds4: V4.1 moe split layer=30 rows=8 shared=0.451 ms
ds4: V4.1 moe split layer=30 rows=8 routed=1.877 ms
ds4: V4.1 moe split layer=31 rows=8 router=0.505 ms
ds4: V4.1 moe split layer=31 rows=8 shared=0.462 ms
ds4: V4.1 moe split layer=31 rows=8 routed=1.881 ms
ds4: V4.1 moe split layer=32 rows=8 router=0.319 ms
ds4: V4.1 moe split layer=32 rows=8 shared=0.461 ms
ds4: V4.1 moe split layer=32 rows=8 routed=2.086 ms
ds4: V4.1 moe split layer=33 rows=8 router=0.522 ms
ds4: V4.1 moe split layer=33 rows=8 shared=0.514 ms
ds4: V4.1 moe split layer=33 rows=8 routed=1.915 ms
ds4: V4.1 moe split layer=34 rows=8 router=0.409 ms
ds4: V4.1 moe split layer=34 rows=8 shared=0.426 ms
ds4: V4.1 moe split layer=34 rows=8 routed=1.825 ms
ds4: V4.1 moe split layer=35 rows=8 router=0.415 ms
ds4: V4.1 moe split layer=35 rows=8 shared=0.459 ms
ds4: V4.1 moe split layer=35 rows=8 routed=1.932 ms
ds4: V4.1 moe split layer=36 rows=8 router=0.497 ms
ds4: V4.1 moe split layer=36 rows=8 shared=0.415 ms
ds4: V4.1 moe split layer=36 rows=8 routed=1.892 ms
ds4: V4.1 moe split layer=37 rows=8 router=0.458 ms
ds4: V4.1 moe split layer=37 rows=8 shared=0.585 ms
ds4: V4.1 moe split layer=37 rows=8 routed=1.983 ms
ds4: V4.1 moe split layer=38 rows=8 router=0.453 ms
ds4: V4.1 moe split layer=38 rows=8 shared=0.504 ms
ds4: V4.1 moe split layer=38 rows=8 routed=1.964 ms
ds4: V4.1 moe split layer=39 rows=8 router=0.442 ms
ds4: V4.1 moe split layer=39 rows=8 shared=0.561 ms
ds4: V4.1 moe split layer=39 rows=8 routed=1.980 ms
ds4: V4.1 batch step rows=8 pre 0.0 ms, per-row attention 0.0 ms, moe 0.0 ms, head 0.0 ms, setup 0.0 ms, publish 0.0 ms
ds4: gate over tokens 65-128: 22.31 command buffers, 12.45 aborts, 240.0 expert ids accounted, 193.40 MiB loaded a token; 0 the gate failed to switch off, 0 it could not gate
ds4:   one token, exclusive, same window: entry 0.00 + encode 1.83 + commit-to-done 45.25 + repair-load 5.08 + accounting 0.03 + tail 1.67 = 53.86 of a 57.11 ms wall, residual 3.25
ds4:   of the commit-to-done: GPU running 69.45 ms, GPU not running -24.19 ms
ds4:   1681.7 gated dispatches a token, 27.5 of them behind an abort; 1516.1 sent plain ahead of a buffer's first validate
ds4:   encode-ahead: 7.86 segments used, 11.23 dropped, 3.10 ms a token spent encoding under the GPU
ds4:   concurrent sections: 195.50 attempted, 195.50 opened a token
ds4:   speculation: 0.00 layers a token, 0.00 lanes computed, 0.00 matched, 0.00 GEMVs actually saved, 0.00 left to compute; compared 0.00 lanes, 0.00 floats differ, 0.00 by more than an ulp
ds4:   expert cache over the last 64 tokens: 480.00 hits, 20.38 misses, 0.00 evictions a token; 5732 of 7930 entries live (72.3%)
ds4:   of the address-table holes repaired a token: 0.00 already resident, 20.38 genuinely absent
ds4:   residency a token: 20.38 adds, 0.00 removes, 20.38 commits
ds4: V4.1 moe split layer=0 rows=8 router=0.626 ms
ds4: V4.1 moe split layer=0 rows=8 shared=0.635 ms
ds4: V4.1 moe split layer=0 rows=8 routed=5.197 ms
ds4: V4.1 moe split layer=1 rows=8 router=0.407 ms
ds4: V4.1 moe split layer=1 rows=8 shared=0.625 ms
ds4: V4.1 moe split layer=1 rows=8 routed=2.403 ms
ds4: V4.1 moe split layer=2 rows=8 router=0.480 ms
ds4: V4.1 moe split layer=2 rows=8 shared=0.586 ms
ds4: V4.1 moe split layer=2 rows=8 routed=2.336 ms
ds4: V4.1 moe split layer=3 rows=8 router=0.472 ms
ds4: V4.1 moe split layer=3 rows=8 shared=0.455 ms
ds4: V4.1 moe split layer=3 rows=8 routed=2.195 ms
ds4: V4.1 moe split layer=4 rows=8 router=0.427 ms
ds4: V4.1 moe split layer=4 rows=8 shared=0.549 ms
ds4: V4.1 moe split layer=4 rows=8 routed=2.413 ms
ds4: V4.1 moe split layer=5 rows=8 router=0.412 ms
ds4: V4.1 moe split layer=5 rows=8 shared=0.601 ms
ds4: V4.1 moe split layer=5 rows=8 routed=2.398 ms
ds4: V4.1 moe split layer=6 rows=8 router=0.404 ms
ds4: V4.1 moe split layer=6 rows=8 shared=0.541 ms
ds4: V4.1 moe split layer=6 rows=8 routed=2.394 ms
ds4: V4.1 moe split layer=7 rows=8 router=0.539 ms
ds4: V4.1 moe split layer=7 rows=8 shared=0.519 ms
ds4: V4.1 moe split layer=7 rows=8 routed=2.353 ms
ds4: V4.1 moe split layer=8 rows=8 router=0.394 ms
ds4: V4.1 moe split layer=8 rows=8 shared=0.629 ms
ds4: V4.1 moe split layer=8 rows=8 routed=2.235 ms
ds4: V4.1 moe split layer=9 rows=8 router=0.415 ms
ds4: V4.1 moe split layer=9 rows=8 shared=0.532 ms
ds4: V4.1 moe split layer=9 rows=8 routed=2.385 ms
ds4: V4.1 moe split layer=10 rows=8 router=0.517 ms
ds4: V4.1 moe split layer=10 rows=8 shared=0.477 ms
ds4: V4.1 moe split layer=10 rows=8 routed=2.290 ms
ds4: V4.1 moe split layer=11 rows=8 router=0.509 ms
ds4: V4.1 moe split layer=11 rows=8 shared=0.603 ms
ds4: V4.1 moe split layer=11 rows=8 routed=2.123 ms
ds4: V4.1 moe split layer=12 rows=8 router=0.472 ms
ds4: V4.1 moe split layer=12 rows=8 shared=0.461 ms
ds4: V4.1 moe split layer=12 rows=8 routed=2.323 ms
ds4: V4.1 moe split layer=13 rows=8 router=0.416 ms
ds4: V4.1 moe split layer=13 rows=8 shared=0.591 ms
ds4: V4.1 moe split layer=13 rows=8 routed=2.322 ms
ds4: V4.1 moe split layer=14 rows=8 router=0.408 ms
ds4: V4.1 moe split layer=14 rows=8 shared=0.616 ms
ds4: V4.1 moe split layer=14 rows=8 routed=2.348 ms
ds4: V4.1 moe split layer=15 rows=8 router=0.437 ms
ds4: V4.1 moe split layer=15 rows=8 shared=0.449 ms
ds4: V4.1 moe split layer=15 rows=8 routed=2.265 ms
ds4: V4.1 moe split layer=16 rows=8 router=0.433 ms
ds4: V4.1 moe split layer=16 rows=8 shared=0.683 ms
ds4: V4.1 moe split layer=16 rows=8 routed=2.083 ms
ds4: V4.1 moe split layer=17 rows=8 router=0.330 ms
ds4: V4.1 moe split layer=17 rows=8 shared=0.497 ms
ds4: V4.1 moe split layer=17 rows=8 routed=2.265 ms
ds4: V4.1 moe split layer=18 rows=8 router=0.497 ms
ds4: V4.1 moe split layer=18 rows=8 shared=0.507 ms
ds4: V4.1 moe split layer=18 rows=8 routed=2.237 ms
ds4: V4.1 moe split layer=19 rows=8 router=0.497 ms
ds4: V4.1 moe split layer=19 rows=8 shared=0.559 ms
ds4: V4.1 moe split layer=19 rows=8 routed=2.207 ms
ds4: V4.1 moe split layer=20 rows=8 router=0.468 ms
ds4: V4.1 moe split layer=20 rows=8 shared=0.492 ms
ds4: V4.1 moe split layer=20 rows=8 routed=2.309 ms
ds4: V4.1 moe split layer=21 rows=8 router=0.463 ms
ds4: V4.1 moe split layer=21 rows=8 shared=0.564 ms
ds4: V4.1 moe split layer=21 rows=8 routed=2.346 ms
ds4: V4.1 moe split layer=22 rows=8 router=0.432 ms
ds4: V4.1 moe split layer=22 rows=8 shared=0.486 ms
ds4: V4.1 moe split layer=22 rows=8 routed=2.378 ms
ds4: V4.1 moe split layer=23 rows=8 router=0.550 ms
ds4: V4.1 moe split layer=23 rows=8 shared=0.540 ms
ds4: V4.1 moe split layer=23 rows=8 routed=2.303 ms
ds4: V4.1 moe split layer=24 rows=8 router=0.557 ms
ds4: V4.1 moe split layer=24 rows=8 shared=0.454 ms
ds4: V4.1 moe split layer=24 rows=8 routed=2.190 ms
ds4: V4.1 moe split layer=25 rows=8 router=0.453 ms
ds4: V4.1 moe split layer=25 rows=8 shared=0.607 ms
ds4: V4.1 moe split layer=25 rows=8 routed=2.341 ms
ds4: V4.1 moe split layer=26 rows=8 router=0.357 ms
ds4: V4.1 moe split layer=26 rows=8 shared=0.491 ms
ds4: V4.1 moe split layer=26 rows=8 routed=2.295 ms
ds4: V4.1 moe split layer=27 rows=8 router=0.613 ms
ds4: V4.1 moe split layer=27 rows=8 shared=0.685 ms
ds4: V4.1 moe split layer=27 rows=8 routed=2.112 ms
ds4: V4.1 moe split layer=28 rows=8 router=0.574 ms
ds4: V4.1 moe split layer=28 rows=8 shared=0.485 ms
ds4: V4.1 moe split layer=28 rows=8 routed=2.301 ms
ds4: V4.1 moe split layer=29 rows=8 router=0.563 ms
ds4: V4.1 moe split layer=29 rows=8 shared=0.529 ms
ds4: V4.1 moe split layer=29 rows=8 routed=2.355 ms
ds4: V4.1 moe split layer=30 rows=8 router=0.452 ms
ds4: V4.1 moe split layer=30 rows=8 shared=0.496 ms
ds4: V4.1 moe split layer=30 rows=8 routed=2.300 ms
ds4: V4.1 moe split layer=31 rows=8 router=0.452 ms
ds4: V4.1 moe split layer=31 rows=8 shared=0.620 ms
ds4: V4.1 moe split layer=31 rows=8 routed=2.375 ms
ds4: V4.1 moe split layer=32 rows=8 router=0.600 ms
ds4: V4.1 moe split layer=32 rows=8 shared=0.495 ms
ds4: V4.1 moe split layer=32 rows=8 routed=2.325 ms
ds4: V4.1 moe split layer=33 rows=8 router=0.600 ms
ds4: V4.1 moe split layer=33 rows=8 shared=0.588 ms
ds4: V4.1 moe split layer=33 rows=8 routed=2.323 ms
ds4: V4.1 moe split layer=34 rows=8 router=0.566 ms
ds4: V4.1 moe split layer=34 rows=8 shared=0.525 ms
ds4: V4.1 moe split layer=34 rows=8 routed=2.325 ms
ds4: V4.1 moe split layer=35 rows=8 router=0.422 ms
ds4: V4.1 moe split layer=35 rows=8 shared=0.547 ms
ds4: V4.1 moe split layer=35 rows=8 routed=2.281 ms
ds4: V4.1 moe split layer=36 rows=8 router=0.563 ms
ds4: V4.1 moe split layer=36 rows=8 shared=0.511 ms
ds4: V4.1 moe split layer=36 rows=8 routed=2.351 ms
ds4: V4.1 moe split layer=37 rows=8 router=0.418 ms
ds4: V4.1 moe split layer=37 rows=8 shared=0.509 ms
ds4: V4.1 moe split layer=37 rows=8 routed=2.339 ms
ds4: V4.1 moe split layer=38 rows=8 router=0.521 ms
ds4: V4.1 moe split layer=38 rows=8 shared=0.544 ms
ds4: V4.1 moe split layer=38 rows=8 routed=2.374 ms
ds4: V4.1 moe split layer=39 rows=8 router=0.513 ms
ds4: V4.1 moe split layer=39 rows=8 shared=0.565 ms
ds4: V4.1 moe split layer=39 rows=8 routed=2.318 ms
ds4: V4.1 batch step rows=8 pre 0.0 ms, per-row attention 0.0 ms, moe 0.0 ms, head 0.0 ms, setup 0.0 ms, publish 0.0 ms
ds4: V4.1 moe split layer=0 rows=8 router=0.627 ms
ds4: V4.1 moe split layer=0 rows=8 shared=0.576 ms
ds4: V4.1 moe split layer=0 rows=8 routed=3.220 ms
ds4: V4.1 moe split layer=1 rows=8 router=0.592 ms
ds4: V4.1 moe split layer=1 rows=8 shared=0.573 ms
ds4: V4.1 moe split layer=1 rows=8 routed=2.554 ms
ds4: V4.1 moe split layer=2 rows=8 router=0.447 ms
ds4: V4.1 moe split layer=2 rows=8 shared=0.540 ms
ds4: V4.1 moe split layer=2 rows=8 routed=2.299 ms
ds4: V4.1 moe split layer=3 rows=8 router=0.524 ms
ds4: V4.1 moe split layer=3 rows=8 shared=0.544 ms
ds4: V4.1 moe split layer=3 rows=8 routed=2.212 ms
ds4: V4.1 moe split layer=4 rows=8 router=0.385 ms
ds4: V4.1 moe split layer=4 rows=8 shared=0.534 ms
ds4: V4.1 moe split layer=4 rows=8 routed=2.317 ms
ds4: V4.1 moe split layer=5 rows=8 router=0.436 ms
ds4: V4.1 moe split layer=5 rows=8 shared=0.483 ms
ds4: V4.1 moe split layer=5 rows=8 routed=2.312 ms
ds4: V4.1 moe split layer=6 rows=8 router=0.352 ms
ds4: V4.1 moe split layer=6 rows=8 shared=0.541 ms
ds4: V4.1 moe split layer=6 rows=8 routed=2.371 ms
ds4: V4.1 moe split layer=7 rows=8 router=0.323 ms
ds4: V4.1 moe split layer=7 rows=8 shared=0.621 ms
ds4: V4.1 moe split layer=7 rows=8 routed=2.422 ms
ds4: V4.1 moe split layer=8 rows=8 router=0.425 ms
ds4: V4.1 moe split layer=8 rows=8 shared=0.568 ms
ds4: V4.1 moe split layer=8 rows=8 routed=2.292 ms
ds4: V4.1 moe split layer=9 rows=8 router=0.488 ms
ds4: V4.1 moe split layer=9 rows=8 shared=0.587 ms
ds4: V4.1 moe split layer=9 rows=8 routed=2.346 ms
ds4: V4.1 moe split layer=10 rows=8 router=0.434 ms
ds4: V4.1 moe split layer=10 rows=8 shared=0.479 ms
ds4: V4.1 moe split layer=10 rows=8 routed=2.272 ms
ds4: V4.1 moe split layer=11 rows=8 router=0.507 ms
ds4: V4.1 moe split layer=11 rows=8 shared=0.518 ms
ds4: V4.1 moe split layer=11 rows=8 routed=2.290 ms
ds4: V4.1 moe split layer=12 rows=8 router=0.516 ms
ds4: V4.1 moe split layer=12 rows=8 shared=0.537 ms
ds4: V4.1 moe split layer=12 rows=8 routed=2.330 ms
ds4: V4.1 moe split layer=13 rows=8 router=0.435 ms
ds4: V4.1 moe split layer=13 rows=8 shared=0.477 ms
ds4: V4.1 moe split layer=13 rows=8 routed=2.336 ms
ds4: V4.1 moe split layer=14 rows=8 router=0.431 ms
ds4: V4.1 moe split layer=14 rows=8 shared=0.500 ms
ds4: V4.1 moe split layer=14 rows=8 routed=2.271 ms
ds4: V4.1 moe split layer=15 rows=8 router=0.458 ms
ds4: V4.1 moe split layer=15 rows=8 shared=0.529 ms
ds4: V4.1 moe split layer=15 rows=8 routed=2.290 ms
ds4: V4.1 moe split layer=16 rows=8 router=0.479 ms
ds4: V4.1 moe split layer=16 rows=8 shared=0.545 ms
ds4: V4.1 moe split layer=16 rows=8 routed=2.372 ms
ds4: V4.1 moe split layer=17 rows=8 router=0.507 ms
ds4: V4.1 moe split layer=17 rows=8 shared=0.453 ms
ds4: V4.1 moe split layer=17 rows=8 routed=2.271 ms
ds4: V4.1 moe split layer=18 rows=8 router=0.595 ms
ds4: V4.1 moe split layer=18 rows=8 shared=0.545 ms
ds4: V4.1 moe split layer=18 rows=8 routed=2.286 ms
ds4: V4.1 moe split layer=19 rows=8 router=0.573 ms
ds4: V4.1 moe split layer=19 rows=8 shared=0.499 ms
ds4: V4.1 moe split layer=19 rows=8 routed=2.309 ms
ds4: V4.1 moe split layer=20 rows=8 router=0.488 ms
ds4: V4.1 moe split layer=20 rows=8 shared=0.548 ms
ds4: V4.1 moe split layer=20 rows=8 routed=2.334 ms
ds4: V4.1 moe split layer=21 rows=8 router=0.605 ms
ds4: V4.1 moe split layer=21 rows=8 shared=0.505 ms
ds4: V4.1 moe split layer=21 rows=8 routed=2.214 ms
ds4: V4.1 moe split layer=22 rows=8 router=0.407 ms
ds4: V4.1 moe split layer=22 rows=8 shared=0.484 ms
ds4: V4.1 moe split layer=22 rows=8 routed=2.312 ms
ds4: V4.1 moe split layer=23 rows=8 router=0.431 ms
ds4: V4.1 moe split layer=23 rows=8 shared=0.505 ms
ds4: V4.1 moe split layer=23 rows=8 routed=2.319 ms
ds4: V4.1 moe split layer=24 rows=8 router=0.466 ms
ds4: V4.1 moe split layer=24 rows=8 shared=0.517 ms
ds4: V4.1 moe split layer=24 rows=8 routed=2.346 ms
ds4: V4.1 moe split layer=25 rows=8 router=0.464 ms
ds4: V4.1 moe split layer=25 rows=8 shared=0.570 ms
ds4: V4.1 moe split layer=25 rows=8 routed=2.226 ms
ds4: V4.1 moe split layer=26 rows=8 router=0.528 ms
ds4: V4.1 moe split layer=26 rows=8 shared=0.505 ms
ds4: V4.1 moe split layer=26 rows=8 routed=2.351 ms
ds4: V4.1 moe split layer=27 rows=8 router=0.474 ms
ds4: V4.1 moe split layer=27 rows=8 shared=0.572 ms
ds4: V4.1 moe split layer=27 rows=8 routed=2.375 ms
ds4: V4.1 moe split layer=28 rows=8 router=0.496 ms
ds4: V4.1 moe split layer=28 rows=8 shared=0.617 ms
ds4: V4.1 moe split layer=28 rows=8 routed=2.400 ms
ds4: V4.1 moe split layer=29 rows=8 router=0.478 ms
ds4: V4.1 moe split layer=29 rows=8 shared=0.553 ms
ds4: V4.1 moe split layer=29 rows=8 routed=2.306 ms
ds4: V4.1 moe split layer=30 rows=8 router=0.563 ms
ds4: V4.1 moe split layer=30 rows=8 shared=0.532 ms
ds4: V4.1 moe split layer=30 rows=8 routed=2.162 ms
ds4: V4.1 moe split layer=31 rows=8 router=0.523 ms
ds4: V4.1 moe split layer=31 rows=8 shared=0.498 ms
ds4: V4.1 moe split layer=31 rows=8 routed=2.359 ms
ds4: V4.1 moe split layer=32 rows=8 router=0.420 ms
ds4: V4.1 moe split layer=32 rows=8 shared=0.542 ms
ds4: V4.1 moe split layer=32 rows=8 routed=2.317 ms
ds4: V4.1 moe split layer=33 rows=8 router=0.470 ms
ds4: V4.1 moe split layer=33 rows=8 shared=0.473 ms
ds4: V4.1 moe split layer=33 rows=8 routed=2.072 ms
ds4: V4.1 moe split layer=34 rows=8 router=0.452 ms
ds4: V4.1 moe split layer=34 rows=8 shared=0.521 ms
ds4: V4.1 moe split layer=34 rows=8 routed=2.341 ms
ds4: V4.1 moe split layer=35 rows=8 router=0.601 ms
ds4: V4.1 moe split layer=35 rows=8 shared=0.510 ms
ds4: V4.1 moe split layer=35 rows=8 routed=2.359 ms
ds4: V4.1 moe split layer=36 rows=8 router=0.469 ms
ds4: V4.1 moe split layer=36 rows=8 shared=0.470 ms
ds4: V4.1 moe split layer=36 rows=8 routed=2.327 ms
ds4: V4.1 moe split layer=37 rows=8 router=0.606 ms
ds4: V4.1 moe split layer=37 rows=8 shared=0.513 ms
ds4: V4.1 moe split layer=37 rows=8 routed=2.384 ms
ds4: V4.1 moe split layer=38 rows=8 router=0.530 ms
ds4: V4.1 moe split layer=38 rows=8 shared=0.537 ms
ds4: V4.1 moe split layer=38 rows=8 routed=2.209 ms
ds4: V4.1 moe split layer=39 rows=8 router=0.525 ms
ds4: V4.1 moe split layer=39 rows=8 shared=0.447 ms
ds4: V4.1 moe split layer=39 rows=8 routed=2.268 ms
ds4: V4.1 batch step rows=8 pre 0.0 ms, per-row attention 0.0 ms, moe 0.0 ms, head 0.0 ms, setup 0.0 ms, publish 0.0 ms
ds4: V4.1 moe split layer=0 rows=8 router=0.467 ms
ds4: V4.1 moe split layer=0 rows=8 shared=0.516 ms
ds4: V4.1 moe split layer=0 rows=8 routed=2.585 ms
ds4: V4.1 moe split layer=1 rows=8 router=0.620 ms
ds4: V4.1 moe split layer=1 rows=8 shared=0.585 ms
ds4: V4.1 moe split layer=1 rows=8 routed=3.009 ms
ds4: V4.1 moe split layer=2 rows=8 router=0.479 ms
ds4: V4.1 moe split layer=2 rows=8 shared=0.632 ms
ds4: V4.1 moe split layer=2 rows=8 routed=2.310 ms
ds4: V4.1 moe split layer=3 rows=8 router=0.444 ms
ds4: V4.1 moe split layer=3 rows=8 shared=0.589 ms
ds4: V4.1 moe split layer=3 rows=8 routed=2.329 ms
ds4: V4.1 moe split layer=4 rows=8 router=0.459 ms
ds4: V4.1 moe split layer=4 rows=8 shared=0.559 ms
ds4: V4.1 moe split layer=4 rows=8 routed=2.355 ms
ds4: V4.1 moe split layer=5 rows=8 router=0.499 ms
ds4: V4.1 moe split layer=5 rows=8 shared=0.501 ms
ds4: V4.1 moe split layer=5 rows=8 routed=2.243 ms
ds4: V4.1 moe split layer=6 rows=8 router=0.531 ms
ds4: V4.1 moe split layer=6 rows=8 shared=0.569 ms
ds4: V4.1 moe split layer=6 rows=8 routed=2.278 ms
ds4: V4.1 moe split layer=7 rows=8 router=0.521 ms
ds4: V4.1 moe split layer=7 rows=8 shared=0.606 ms
ds4: V4.1 moe split layer=7 rows=8 routed=2.358 ms
ds4: V4.1 moe split layer=8 rows=8 router=0.421 ms
ds4: V4.1 moe split layer=8 rows=8 shared=0.606 ms
ds4: V4.1 moe split layer=8 rows=8 routed=2.377 ms
ds4: V4.1 moe split layer=9 rows=8 router=0.505 ms
ds4: V4.1 moe split layer=9 rows=8 shared=0.523 ms
ds4: V4.1 moe split layer=9 rows=8 routed=2.314 ms
ds4: V4.1 moe split layer=10 rows=8 router=0.576 ms
ds4: V4.1 moe split layer=10 rows=8 shared=0.529 ms
ds4: V4.1 moe split layer=10 rows=8 routed=2.100 ms
ds4: V4.1 moe split layer=11 rows=8 router=0.511 ms
ds4: V4.1 moe split layer=11 rows=8 shared=0.582 ms
ds4: V4.1 moe split layer=11 rows=8 routed=2.358 ms
ds4: V4.1 moe split layer=12 rows=8 router=0.458 ms
ds4: V4.1 moe split layer=12 rows=8 shared=0.473 ms
ds4: V4.1 moe split layer=12 rows=8 routed=2.273 ms
ds4: V4.1 moe split layer=13 rows=8 router=0.522 ms
ds4: V4.1 moe split layer=13 rows=8 shared=0.494 ms
ds4: V4.1 moe split layer=13 rows=8 routed=2.209 ms
ds4: V4.1 moe split layer=14 rows=8 router=0.453 ms
ds4: V4.1 moe split layer=14 rows=8 shared=0.533 ms
ds4: V4.1 moe split layer=14 rows=8 routed=2.218 ms
ds4: V4.1 moe split layer=15 rows=8 router=0.398 ms
ds4: V4.1 moe split layer=15 rows=8 shared=0.520 ms
ds4: V4.1 moe split layer=15 rows=8 routed=2.204 ms
ds4: V4.1 moe split layer=16 rows=8 router=0.487 ms
ds4: V4.1 moe split layer=16 rows=8 shared=0.445 ms
ds4: V4.1 moe split layer=16 rows=8 routed=2.319 ms
ds4: V4.1 moe split layer=17 rows=8 router=0.533 ms
ds4: V4.1 moe split layer=17 rows=8 shared=0.492 ms
ds4: V4.1 moe split layer=17 rows=8 routed=2.108 ms
ds4: V4.1 moe split layer=18 rows=8 router=0.399 ms
ds4: V4.1 moe split layer=18 rows=8 shared=0.591 ms
ds4: V4.1 moe split layer=18 rows=8 routed=2.276 ms
ds4: V4.1 moe split layer=19 rows=8 router=0.518 ms
ds4: V4.1 moe split layer=19 rows=8 shared=0.456 ms
ds4: V4.1 moe split layer=19 rows=8 routed=2.252 ms
ds4: V4.1 moe split layer=20 rows=8 router=0.416 ms
ds4: V4.1 moe split layer=20 rows=8 shared=0.446 ms
ds4: V4.1 moe split layer=20 rows=8 routed=2.057 ms
ds4: V4.1 moe split layer=21 rows=8 router=0.408 ms
ds4: V4.1 moe split layer=21 rows=8 shared=0.510 ms
ds4: V4.1 moe split layer=21 rows=8 routed=2.256 ms
ds4: V4.1 moe split layer=22 rows=8 router=0.455 ms
ds4: V4.1 moe split layer=22 rows=8 shared=0.525 ms
ds4: V4.1 moe split layer=22 rows=8 routed=2.354 ms
ds4: V4.1 moe split layer=23 rows=8 router=0.417 ms
ds4: V4.1 moe split layer=23 rows=8 shared=0.529 ms
ds4: V4.1 moe split layer=23 rows=8 routed=2.129 ms
ds4: V4.1 moe split layer=24 rows=8 router=0.527 ms
ds4: V4.1 moe split layer=24 rows=8 shared=0.599 ms
ds4: V4.1 moe split layer=24 rows=8 routed=2.343 ms
ds4: V4.1 moe split layer=25 rows=8 router=0.475 ms
ds4: V4.1 moe split layer=25 rows=8 shared=0.636 ms
ds4: V4.1 moe split layer=25 rows=8 routed=2.155 ms
ds4: V4.1 moe split layer=26 rows=8 router=0.379 ms
ds4: V4.1 moe split layer=26 rows=8 shared=0.420 ms
ds4: V4.1 moe split layer=26 rows=8 routed=2.075 ms
ds4: V4.1 moe split layer=27 rows=8 router=0.476 ms
ds4: V4.1 moe split layer=27 rows=8 shared=0.613 ms
ds4: V4.1 moe split layer=27 rows=8 routed=2.349 ms
ds4: V4.1 moe split layer=28 rows=8 router=0.482 ms
ds4: V4.1 moe split layer=28 rows=8 shared=0.614 ms
ds4: V4.1 moe split layer=28 rows=8 routed=2.074 ms
ds4: V4.1 moe split layer=29 rows=8 router=0.482 ms
ds4: V4.1 moe split layer=29 rows=8 shared=0.542 ms
ds4: V4.1 moe split layer=29 rows=8 routed=2.134 ms
ds4: V4.1 moe split layer=30 rows=8 router=0.580 ms
ds4: V4.1 moe split layer=30 rows=8 shared=0.571 ms
ds4: V4.1 moe split layer=30 rows=8 routed=2.296 ms
ds4: V4.1 moe split layer=31 rows=8 router=0.452 ms
ds4: V4.1 moe split layer=31 rows=8 shared=0.428 ms
ds4: V4.1 moe split layer=31 rows=8 routed=2.079 ms
ds4: V4.1 moe split layer=32 rows=8 router=0.439 ms
ds4: V4.1 moe split layer=32 rows=8 shared=0.526 ms
ds4: V4.1 moe split layer=32 rows=8 routed=2.415 ms
ds4: V4.1 moe split layer=33 rows=8 router=0.533 ms
ds4: V4.1 moe split layer=33 rows=8 shared=0.516 ms
ds4: V4.1 moe split layer=33 rows=8 routed=2.272 ms
ds4: V4.1 moe split layer=34 rows=8 router=0.511 ms
ds4: V4.1 moe split layer=34 rows=8 shared=0.478 ms
ds4: V4.1 moe split layer=34 rows=8 routed=2.088 ms
ds4: V4.1 moe split layer=35 rows=8 router=0.484 ms
ds4: V4.1 moe split layer=35 rows=8 shared=0.468 ms
ds4: V4.1 moe split layer=35 rows=8 routed=2.272 ms
ds4: V4.1 moe split layer=36 rows=8 router=0.614 ms
ds4: V4.1 moe split layer=36 rows=8 shared=0.551 ms
ds4: V4.1 moe split layer=36 rows=8 routed=2.154 ms
ds4: V4.1 moe split layer=37 rows=8 router=0.455 ms
ds4: V4.1 moe split layer=37 rows=8 shared=0.611 ms
ds4: V4.1 moe split layer=37 rows=8 routed=2.085 ms
ds4: V4.1 moe split layer=38 rows=8 router=0.471 ms
ds4: V4.1 moe split layer=38 rows=8 shared=0.583 ms
ds4: V4.1 moe split layer=38 rows=8 routed=2.388 ms
ds4: V4.1 moe split layer=39 rows=8 router=0.506 ms
ds4: V4.1 moe split layer=39 rows=8 shared=0.502 ms
ds4: V4.1 moe split layer=39 rows=8 routed=2.175 ms
ds4: V4.1 batch step rows=8 pre 0.0 ms, per-row attention 0.0 ms, moe 0.0 ms, head 0.0 ms, setup 0.0 ms, publish 0.0 ms
ds4: V4.1 moe split layer=0 rows=8 router=0.503 ms
ds4: V4.1 moe split layer=0 rows=8 shared=0.491 ms
ds4: V4.1 moe split layer=0 rows=8 routed=2.570 ms
ds4: V4.1 moe split layer=1 rows=8 router=0.435 ms
ds4: V4.1 moe split layer=1 rows=8 shared=0.447 ms
ds4: V4.1 moe split layer=1 rows=8 routed=2.108 ms
ds4: V4.1 moe split layer=2 rows=8 router=0.410 ms
ds4: V4.1 moe split layer=2 rows=8 shared=0.465 ms
ds4: V4.1 moe split layer=2 rows=8 routed=2.073 ms
ds4: V4.1 moe split layer=3 rows=8 router=0.450 ms
ds4: V4.1 moe split layer=3 rows=8 shared=0.464 ms
ds4: V4.1 moe split layer=3 rows=8 routed=2.191 ms
ds4: V4.1 moe split layer=4 rows=8 router=0.428 ms
ds4: V4.1 moe split layer=4 rows=8 shared=0.503 ms
ds4: V4.1 moe split layer=4 rows=8 routed=2.090 ms
ds4: V4.1 moe split layer=5 rows=8 router=0.454 ms
ds4: V4.1 moe split layer=5 rows=8 shared=0.424 ms
ds4: V4.1 moe split layer=5 rows=8 routed=2.042 ms
ds4: V4.1 moe split layer=6 rows=8 router=0.479 ms
ds4: V4.1 moe split layer=6 rows=8 shared=0.669 ms
ds4: V4.1 moe split layer=6 rows=8 routed=2.159 ms
ds4: V4.1 moe split layer=7 rows=8 router=0.502 ms
ds4: V4.1 moe split layer=7 rows=8 shared=0.457 ms
ds4: V4.1 moe split layer=7 rows=8 routed=2.021 ms
ds4: V4.1 moe split layer=8 rows=8 router=0.403 ms
ds4: V4.1 moe split layer=8 rows=8 shared=0.435 ms
ds4: V4.1 moe split layer=8 rows=8 routed=2.015 ms
ds4: V4.1 moe split layer=9 rows=8 router=0.414 ms
ds4: V4.1 moe split layer=9 rows=8 shared=0.551 ms
ds4: V4.1 moe split layer=9 rows=8 routed=2.017 ms
ds4: V4.1 moe split layer=10 rows=8 router=0.563 ms
ds4: V4.1 moe split layer=10 rows=8 shared=0.502 ms
ds4: V4.1 moe split layer=10 rows=8 routed=2.118 ms
ds4: V4.1 moe split layer=11 rows=8 router=0.449 ms
ds4: V4.1 moe split layer=11 rows=8 shared=0.471 ms
ds4: V4.1 moe split layer=11 rows=8 routed=2.113 ms
ds4: V4.1 moe split layer=12 rows=8 router=0.471 ms
ds4: V4.1 moe split layer=12 rows=8 shared=0.562 ms
ds4: V4.1 moe split layer=12 rows=8 routed=2.208 ms
ds4: V4.1 moe split layer=13 rows=8 router=0.465 ms
ds4: V4.1 moe split layer=13 rows=8 shared=0.509 ms
ds4: V4.1 moe split layer=13 rows=8 routed=2.067 ms
ds4: V4.1 moe split layer=14 rows=8 router=0.417 ms
ds4: V4.1 moe split layer=14 rows=8 shared=0.506 ms
ds4: V4.1 moe split layer=14 rows=8 routed=2.080 ms
ds4: V4.1 moe split layer=15 rows=8 router=0.505 ms
ds4: V4.1 moe split layer=15 rows=8 shared=0.541 ms
ds4: V4.1 moe split layer=15 rows=8 routed=2.081 ms
ds4: V4.1 moe split layer=16 rows=8 router=0.487 ms
ds4: V4.1 moe split layer=16 rows=8 shared=0.575 ms
ds4: V4.1 moe split layer=16 rows=8 routed=2.133 ms
ds4: V4.1 moe split layer=17 rows=8 router=0.436 ms
ds4: V4.1 moe split layer=17 rows=8 shared=0.600 ms
ds4: V4.1 moe split layer=17 rows=8 routed=2.056 ms
ds4: V4.1 moe split layer=18 rows=8 router=0.449 ms
ds4: V4.1 moe split layer=18 rows=8 shared=0.481 ms
ds4: V4.1 moe split layer=18 rows=8 routed=2.123 ms
ds4: V4.1 moe split layer=19 rows=8 router=0.492 ms
ds4: V4.1 moe split layer=19 rows=8 shared=0.476 ms
ds4: V4.1 moe split layer=19 rows=8 routed=2.109 ms
ds4: V4.1 moe split layer=20 rows=8 router=0.414 ms
ds4: V4.1 moe split layer=20 rows=8 shared=0.500 ms
ds4: V4.1 moe split layer=20 rows=8 routed=2.106 ms
ds4: V4.1 moe split layer=21 rows=8 router=0.416 ms
ds4: V4.1 moe split layer=21 rows=8 shared=0.541 ms
ds4: V4.1 moe split layer=21 rows=8 routed=2.115 ms
ds4: V4.1 moe split layer=22 rows=8 router=0.534 ms
ds4: V4.1 moe split layer=22 rows=8 shared=0.451 ms
ds4: V4.1 moe split layer=22 rows=8 routed=2.051 ms
ds4: V4.1 moe split layer=23 rows=8 router=0.397 ms
ds4: V4.1 moe split layer=23 rows=8 shared=0.504 ms
ds4: V4.1 moe split layer=23 rows=8 routed=2.084 ms
ds4: V4.1 moe split layer=24 rows=8 router=0.429 ms
ds4: V4.1 moe split layer=24 rows=8 shared=0.585 ms
ds4: V4.1 moe split layer=24 rows=8 routed=2.082 ms
ds4: V4.1 moe split layer=25 rows=8 router=0.491 ms
ds4: V4.1 moe split layer=25 rows=8 shared=0.492 ms
ds4: V4.1 moe split layer=25 rows=8 routed=2.022 ms
ds4: V4.1 moe split layer=26 rows=8 router=0.367 ms
ds4: V4.1 moe split layer=26 rows=8 shared=0.687 ms
ds4: V4.1 moe split layer=26 rows=8 routed=2.157 ms
ds4: V4.1 moe split layer=27 rows=8 router=0.339 ms
ds4: V4.1 moe split layer=27 rows=8 shared=0.500 ms
ds4: V4.1 moe split layer=27 rows=8 routed=2.120 ms
ds4: V4.1 moe split layer=28 rows=8 router=0.414 ms
ds4: V4.1 moe split layer=28 rows=8 shared=0.421 ms
ds4: V4.1 moe split layer=28 rows=8 routed=2.075 ms
ds4: V4.1 moe split layer=29 rows=8 router=0.485 ms
ds4: V4.1 moe split layer=29 rows=8 shared=0.524 ms
ds4: V4.1 moe split layer=29 rows=8 routed=2.085 ms
ds4: V4.1 moe split layer=30 rows=8 router=0.466 ms
ds4: V4.1 moe split layer=30 rows=8 shared=0.577 ms
ds4: V4.1 moe split layer=30 rows=8 routed=2.078 ms
ds4: V4.1 moe split layer=31 rows=8 router=0.489 ms
ds4: V4.1 moe split layer=31 rows=8 shared=0.450 ms
ds4: V4.1 moe split layer=31 rows=8 routed=2.063 ms
ds4: V4.1 moe split layer=32 rows=8 router=0.489 ms
ds4: V4.1 moe split layer=32 rows=8 shared=0.557 ms
ds4: V4.1 moe split layer=32 rows=8 routed=1.991 ms
ds4: V4.1 moe split layer=33 rows=8 router=0.471 ms
ds4: V4.1 moe split layer=33 rows=8 shared=0.505 ms
ds4: V4.1 moe split layer=33 rows=8 routed=2.180 ms
ds4: V4.1 moe split layer=34 rows=8 router=0.529 ms
ds4: V4.1 moe split layer=34 rows=8 shared=0.435 ms
ds4: V4.1 moe split layer=34 rows=8 routed=2.105 ms
ds4: V4.1 moe split layer=35 rows=8 router=0.451 ms
ds4: V4.1 moe split layer=35 rows=8 shared=0.586 ms
ds4: V4.1 moe split layer=35 rows=8 routed=2.140 ms
ds4: V4.1 moe split layer=36 rows=8 router=0.472 ms
ds4: V4.1 moe split layer=36 rows=8 shared=0.508 ms
ds4: V4.1 moe split layer=36 rows=8 routed=2.059 ms
ds4: V4.1 moe split layer=37 rows=8 router=0.479 ms
ds4: V4.1 moe split layer=37 rows=8 shared=0.430 ms
ds4: V4.1 moe split layer=37 rows=8 routed=2.068 ms
ds4: V4.1 moe split layer=38 rows=8 router=0.391 ms
ds4: V4.1 moe split layer=38 rows=8 shared=0.457 ms
ds4: V4.1 moe split layer=38 rows=8 routed=2.112 ms
ds4: V4.1 moe split layer=39 rows=8 router=0.438 ms
ds4: V4.1 moe split layer=39 rows=8 shared=0.415 ms
ds4: V4.1 moe split layer=39 rows=8 routed=2.075 ms
ds4: V4.1 batch step rows=8 pre 0.0 ms, per-row attention 0.0 ms, moe 0.0 ms, head 0.0 ms, setup 0.0 ms, publish 0.0 ms
ds4: V4.1 moe split layer=0 rows=8 router=0.436 ms
ds4: V4.1 moe split layer=0 rows=8 shared=0.463 ms
ds4: V4.1 moe split layer=0 rows=8 routed=2.334 ms
ds4: V4.1 moe split layer=1 rows=8 router=0.544 ms
ds4: V4.1 moe split layer=1 rows=8 shared=0.552 ms
ds4: V4.1 moe split layer=1 rows=8 routed=2.488 ms
ds4: V4.1 moe split layer=2 rows=8 router=0.444 ms
ds4: V4.1 moe split layer=2 rows=8 shared=0.501 ms
ds4: V4.1 moe split layer=2 rows=8 routed=2.329 ms
ds4: V4.1 moe split layer=3 rows=8 router=0.516 ms
ds4: V4.1 moe split layer=3 rows=8 shared=0.561 ms
ds4: V4.1 moe split layer=3 rows=8 routed=2.125 ms
ds4: V4.1 moe split layer=4 rows=8 router=0.376 ms
ds4: V4.1 moe split layer=4 rows=8 shared=0.480 ms
ds4: V4.1 moe split layer=4 rows=8 routed=2.071 ms
ds4: V4.1 moe split layer=5 rows=8 router=0.459 ms
ds4: V4.1 moe split layer=5 rows=8 shared=0.558 ms
ds4: V4.1 moe split layer=5 rows=8 routed=2.124 ms
ds4: V4.1 moe split layer=6 rows=8 router=0.385 ms
ds4: V4.1 moe split layer=6 rows=8 shared=0.462 ms
ds4: V4.1 moe split layer=6 rows=8 routed=2.114 ms
ds4: V4.1 moe split layer=7 rows=8 router=0.414 ms
ds4: V4.1 moe split layer=7 rows=8 shared=0.593 ms
ds4: V4.1 moe split layer=7 rows=8 routed=2.125 ms
ds4: V4.1 moe split layer=8 rows=8 router=0.440 ms
ds4: V4.1 moe split layer=8 rows=8 shared=0.508 ms
ds4: V4.1 moe split layer=8 rows=8 routed=1.849 ms
ds4: V4.1 moe split layer=9 rows=8 router=0.304 ms
ds4: V4.1 moe split layer=9 rows=8 shared=0.527 ms
ds4: V4.1 moe split layer=9 rows=8 routed=2.083 ms
ds4: V4.1 moe split layer=10 rows=8 router=0.483 ms
ds4: V4.1 moe split layer=10 rows=8 shared=0.473 ms
ds4: V4.1 moe split layer=10 rows=8 routed=2.108 ms
ds4: V4.1 moe split layer=11 rows=8 router=0.476 ms
ds4: V4.1 moe split layer=11 rows=8 shared=0.449 ms
ds4: V4.1 moe split layer=11 rows=8 routed=2.014 ms
ds4: V4.1 moe split layer=12 rows=8 router=0.416 ms
ds4: V4.1 moe split layer=12 rows=8 shared=0.538 ms
ds4: V4.1 moe split layer=12 rows=8 routed=2.129 ms
ds4: V4.1 moe split layer=13 rows=8 router=0.470 ms
ds4: V4.1 moe split layer=13 rows=8 shared=0.463 ms
ds4: V4.1 moe split layer=13 rows=8 routed=2.027 ms
ds4: V4.1 moe split layer=14 rows=8 router=0.408 ms
ds4: V4.1 moe split layer=14 rows=8 shared=0.530 ms
ds4: V4.1 moe split layer=14 rows=8 routed=2.078 ms
ds4: V4.1 moe split layer=15 rows=8 router=0.344 ms
ds4: V4.1 moe split layer=15 rows=8 shared=0.456 ms
ds4: V4.1 moe split layer=15 rows=8 routed=2.053 ms
ds4: V4.1 moe split layer=16 rows=8 router=0.423 ms
ds4: V4.1 moe split layer=16 rows=8 shared=0.433 ms
ds4: V4.1 moe split layer=16 rows=8 routed=1.912 ms
ds4: V4.1 moe split layer=17 rows=8 router=0.403 ms
ds4: V4.1 moe split layer=17 rows=8 shared=0.445 ms
ds4: V4.1 moe split layer=17 rows=8 routed=1.883 ms
ds4: V4.1 moe split layer=18 rows=8 router=0.378 ms
ds4: V4.1 moe split layer=18 rows=8 shared=0.504 ms
ds4: V4.1 moe split layer=18 rows=8 routed=2.041 ms
ds4: V4.1 moe split layer=19 rows=8 router=0.456 ms
ds4: V4.1 moe split layer=19 rows=8 shared=0.449 ms
ds4: V4.1 moe split layer=19 rows=8 routed=2.106 ms
ds4: V4.1 moe split layer=20 rows=8 router=0.379 ms
ds4: V4.1 moe split layer=20 rows=8 shared=0.430 ms
ds4: V4.1 moe split layer=20 rows=8 routed=1.937 ms
ds4: V4.1 moe split layer=21 rows=8 router=0.469 ms
ds4: V4.1 moe split layer=21 rows=8 shared=0.590 ms
ds4: V4.1 moe split layer=21 rows=8 routed=2.207 ms
ds4: V4.1 moe split layer=22 rows=8 router=0.430 ms
ds4: V4.1 moe split layer=22 rows=8 shared=0.589 ms
ds4: V4.1 moe split layer=22 rows=8 routed=2.124 ms
ds4: V4.1 moe split layer=23 rows=8 router=0.514 ms
ds4: V4.1 moe split layer=23 rows=8 shared=0.555 ms
ds4: V4.1 moe split layer=23 rows=8 routed=1.943 ms
ds4: V4.1 moe split layer=24 rows=8 router=0.469 ms
ds4: V4.1 moe split layer=24 rows=8 shared=0.598 ms
ds4: V4.1 moe split layer=24 rows=8 routed=2.156 ms
ds4: V4.1 moe split layer=25 rows=8 router=0.489 ms
ds4: V4.1 moe split layer=25 rows=8 shared=0.505 ms
ds4: V4.1 moe split layer=25 rows=8 routed=1.993 ms
ds4: V4.1 moe split layer=26 rows=8 router=0.412 ms
ds4: V4.1 moe split layer=26 rows=8 shared=0.571 ms
ds4: V4.1 moe split layer=26 rows=8 routed=2.023 ms
ds4: V4.1 moe split layer=27 rows=8 router=0.483 ms
ds4: V4.1 moe split layer=27 rows=8 shared=0.445 ms
ds4: V4.1 moe split layer=27 rows=8 routed=2.128 ms
ds4: V4.1 moe split layer=28 rows=8 router=0.428 ms
ds4: V4.1 moe split layer=28 rows=8 shared=0.487 ms
ds4: V4.1 moe split layer=28 rows=8 routed=2.026 ms
ds4: V4.1 moe split layer=29 rows=8 router=0.406 ms
ds4: V4.1 moe split layer=29 rows=8 shared=0.518 ms
ds4: V4.1 moe split layer=29 rows=8 routed=1.987 ms
ds4: V4.1 moe split layer=30 rows=8 router=0.437 ms
ds4: V4.1 moe split layer=30 rows=8 shared=0.571 ms
ds4: V4.1 moe split layer=30 rows=8 routed=2.038 ms
ds4: V4.1 moe split layer=31 rows=8 router=0.457 ms
ds4: V4.1 moe split layer=31 rows=8 shared=0.419 ms
ds4: V4.1 moe split layer=31 rows=8 routed=2.070 ms
ds4: V4.1 moe split layer=32 rows=8 router=0.457 ms
ds4: V4.1 moe split layer=32 rows=8 shared=0.449 ms
ds4: V4.1 moe split layer=32 rows=8 routed=1.855 ms
ds4: V4.1 moe split layer=33 rows=8 router=0.420 ms
ds4: V4.1 moe split layer=33 rows=8 shared=0.526 ms
ds4: V4.1 moe split layer=33 rows=8 routed=2.144 ms
ds4: V4.1 moe split layer=34 rows=8 router=0.497 ms
ds4: V4.1 moe split layer=34 rows=8 shared=0.495 ms
ds4: V4.1 moe split layer=34 rows=8 routed=2.145 ms
ds4: V4.1 moe split layer=35 rows=8 router=0.338 ms
ds4: V4.1 moe split layer=35 rows=8 shared=0.528 ms
ds4: V4.1 moe split layer=35 rows=8 routed=1.974 ms
ds4: V4.1 moe split layer=36 rows=8 router=0.474 ms
ds4: V4.1 moe split layer=36 rows=8 shared=0.449 ms
ds4: V4.1 moe split layer=36 rows=8 routed=2.035 ms
ds4: V4.1 moe split layer=37 rows=8 router=0.446 ms
ds4: V4.1 moe split layer=37 rows=8 shared=0.538 ms
ds4: V4.1 moe split layer=37 rows=8 routed=2.128 ms
ds4: V4.1 moe split layer=38 rows=8 router=0.414 ms
ds4: V4.1 moe split layer=38 rows=8 shared=0.474 ms
ds4: V4.1 moe split layer=38 rows=8 routed=1.908 ms
ds4: V4.1 moe split layer=39 rows=8 router=0.426 ms
ds4: V4.1 moe split layer=39 rows=8 shared=0.527 ms
ds4: V4.1 moe split layer=39 rows=8 routed=2.131 ms
ds4: V4.1 batch step rows=8 pre 0.0 ms, per-row attention 0.0 ms, moe 0.0 ms, head 0.0 ms, setup 0.0 ms, publish 0.0 ms
ds4: V4.1 moe split layer=0 rows=8 router=0.387 ms
ds4: V4.1 moe split layer=0 rows=8 shared=0.521 ms
ds4: V4.1 moe split layer=0 rows=8 routed=2.489 ms
ds4: V4.1 moe split layer=1 rows=8 router=0.482 ms
ds4: V4.1 moe split layer=1 rows=8 shared=0.638 ms
ds4: V4.1 moe split layer=1 rows=8 routed=2.044 ms
ds4: V4.1 moe split layer=2 rows=8 router=0.447 ms
ds4: V4.1 moe split layer=2 rows=8 shared=0.494 ms
ds4: V4.1 moe split layer=2 rows=8 routed=2.054 ms
ds4: V4.1 moe split layer=3 rows=8 router=0.434 ms
ds4: V4.1 moe split layer=3 rows=8 shared=0.438 ms
ds4: V4.1 moe split layer=3 rows=8 routed=1.934 ms
ds4: V4.1 moe split layer=4 rows=8 router=0.476 ms
ds4: V4.1 moe split layer=4 rows=8 shared=0.573 ms
ds4: V4.1 moe split layer=4 rows=8 routed=2.105 ms
ds4: V4.1 moe split layer=5 rows=8 router=0.460 ms
ds4: V4.1 moe split layer=5 rows=8 shared=0.466 ms
ds4: V4.1 moe split layer=5 rows=8 routed=1.997 ms
ds4: V4.1 moe split layer=6 rows=8 router=0.436 ms
ds4: V4.1 moe split layer=6 rows=8 shared=0.548 ms
ds4: V4.1 moe split layer=6 rows=8 routed=1.956 ms
ds4: V4.1 moe split layer=7 rows=8 router=0.447 ms
ds4: V4.1 moe split layer=7 rows=8 shared=0.419 ms
ds4: V4.1 moe split layer=7 rows=8 routed=2.045 ms
ds4: V4.1 moe split layer=8 rows=8 router=0.394 ms
ds4: V4.1 moe split layer=8 rows=8 shared=0.412 ms
ds4: V4.1 moe split layer=8 rows=8 routed=2.079 ms
ds4: V4.1 moe split layer=9 rows=8 router=0.487 ms
ds4: V4.1 moe split layer=9 rows=8 shared=0.461 ms
ds4: V4.1 moe split layer=9 rows=8 routed=1.932 ms
ds4: V4.1 moe split layer=10 rows=8 router=0.440 ms
ds4: V4.1 moe split layer=10 rows=8 shared=0.532 ms
ds4: V4.1 moe split layer=10 rows=8 routed=2.044 ms
ds4: V4.1 moe split layer=11 rows=8 router=0.459 ms
ds4: V4.1 moe split layer=11 rows=8 shared=0.529 ms
ds4: V4.1 moe split layer=11 rows=8 routed=1.993 ms
ds4: V4.1 moe split layer=12 rows=8 router=0.395 ms
ds4: V4.1 moe split layer=12 rows=8 shared=0.448 ms
ds4: V4.1 moe split layer=12 rows=8 routed=1.920 ms
ds4: V4.1 moe split layer=13 rows=8 router=0.458 ms
ds4: V4.1 moe split layer=13 rows=8 shared=0.564 ms
ds4: V4.1 moe split layer=13 rows=8 routed=2.023 ms
ds4: V4.1 moe split layer=14 rows=8 router=0.441 ms
ds4: V4.1 moe split layer=14 rows=8 shared=0.469 ms
ds4: V4.1 moe split layer=14 rows=8 routed=1.963 ms
ds4: V4.1 moe split layer=15 rows=8 router=0.434 ms
ds4: V4.1 moe split layer=15 rows=8 shared=0.527 ms
ds4: V4.1 moe split layer=15 rows=8 routed=2.019 ms
ds4: V4.1 moe split layer=16 rows=8 router=0.539 ms
ds4: V4.1 moe split layer=16 rows=8 shared=0.455 ms
ds4: V4.1 moe split layer=16 rows=8 routed=2.039 ms
ds4: V4.1 moe split layer=17 rows=8 router=0.426 ms
ds4: V4.1 moe split layer=17 rows=8 shared=0.511 ms
ds4: V4.1 moe split layer=17 rows=8 routed=1.991 ms
ds4: V4.1 moe split layer=18 rows=8 router=0.420 ms
ds4: V4.1 moe split layer=18 rows=8 shared=0.520 ms
ds4: V4.1 moe split layer=18 rows=8 routed=2.018 ms
ds4: V4.1 moe split layer=19 rows=8 router=0.443 ms
ds4: V4.1 moe split layer=19 rows=8 shared=0.441 ms
ds4: V4.1 moe split layer=19 rows=8 routed=1.986 ms
ds4: V4.1 moe split layer=20 rows=8 router=0.335 ms
ds4: V4.1 moe split layer=20 rows=8 shared=0.413 ms
ds4: V4.1 moe split layer=20 rows=8 routed=1.900 ms
ds4: V4.1 moe split layer=21 rows=8 router=0.365 ms
ds4: V4.1 moe split layer=21 rows=8 shared=0.434 ms
ds4: V4.1 moe split layer=21 rows=8 routed=1.826 ms
ds4: V4.1 moe split layer=22 rows=8 router=0.385 ms
ds4: V4.1 moe split layer=22 rows=8 shared=0.444 ms
ds4: V4.1 moe split layer=22 rows=8 routed=1.935 ms
ds4: V4.1 moe split layer=23 rows=8 router=0.421 ms
ds4: V4.1 moe split layer=23 rows=8 shared=0.573 ms
ds4: V4.1 moe split layer=23 rows=8 routed=2.134 ms
ds4: V4.1 moe split layer=24 rows=8 router=0.517 ms
ds4: V4.1 moe split layer=24 rows=8 shared=0.423 ms
ds4: V4.1 moe split layer=24 rows=8 routed=1.981 ms
ds4: V4.1 moe split layer=25 rows=8 router=0.440 ms
ds4: V4.1 moe split layer=25 rows=8 shared=0.554 ms
ds4: V4.1 moe split layer=25 rows=8 routed=2.027 ms
ds4: V4.1 moe split layer=26 rows=8 router=0.522 ms
ds4: V4.1 moe split layer=26 rows=8 shared=0.475 ms
ds4: V4.1 moe split layer=26 rows=8 routed=2.106 ms
ds4: V4.1 moe split layer=27 rows=8 router=0.394 ms
ds4: V4.1 moe split layer=27 rows=8 shared=0.432 ms
ds4: V4.1 moe split layer=27 rows=8 routed=1.980 ms
ds4: V4.1 moe split layer=28 rows=8 router=0.377 ms
ds4: V4.1 moe split layer=28 rows=8 shared=0.439 ms
ds4: V4.1 moe split layer=28 rows=8 routed=1.964 ms
ds4: V4.1 moe split layer=29 rows=8 router=0.494 ms
ds4: V4.1 moe split layer=29 rows=8 shared=0.493 ms
ds4: V4.1 moe split layer=29 rows=8 routed=2.144 ms
ds4: V4.1 moe split layer=30 rows=8 router=0.364 ms
ds4: V4.1 moe split layer=30 rows=8 shared=0.459 ms
ds4: V4.1 moe split layer=30 rows=8 routed=1.918 ms
ds4: V4.1 moe split layer=31 rows=8 router=0.430 ms
ds4: V4.1 moe split layer=31 rows=8 shared=0.486 ms
ds4: V4.1 moe split layer=31 rows=8 routed=1.984 ms
ds4: V4.1 moe split layer=32 rows=8 router=0.375 ms
ds4: V4.1 moe split layer=32 rows=8 shared=0.483 ms
ds4: V4.1 moe split layer=32 rows=8 routed=1.990 ms
ds4: V4.1 moe split layer=33 rows=8 router=0.349 ms
ds4: V4.1 moe split layer=33 rows=8 shared=0.468 ms
ds4: V4.1 moe split layer=33 rows=8 routed=1.954 ms
ds4: V4.1 moe split layer=34 rows=8 router=0.422 ms
ds4: V4.1 moe split layer=34 rows=8 shared=0.490 ms
ds4: V4.1 moe split layer=34 rows=8 routed=1.898 ms
ds4: V4.1 moe split layer=35 rows=8 router=0.527 ms
ds4: V4.1 moe split layer=35 rows=8 shared=0.500 ms
ds4: V4.1 moe split layer=35 rows=8 routed=1.986 ms
ds4: V4.1 moe split layer=36 rows=8 router=0.416 ms
ds4: V4.1 moe split layer=36 rows=8 shared=0.557 ms
ds4: V4.1 moe split layer=36 rows=8 routed=1.996 ms
ds4: V4.1 moe split layer=37 rows=8 router=0.451 ms
ds4: V4.1 moe split layer=37 rows=8 shared=0.490 ms
ds4: V4.1 moe split layer=37 rows=8 routed=1.971 ms
ds4: V4.1 moe split layer=38 rows=8 router=0.366 ms
ds4: V4.1 moe split layer=38 rows=8 shared=0.727 ms
ds4: V4.1 moe split layer=38 rows=8 routed=2.164 ms
ds4: V4.1 moe split layer=39 rows=8 router=0.418 ms
ds4: V4.1 moe split layer=39 rows=8 shared=0.459 ms
ds4: V4.1 moe split layer=39 rows=8 routed=2.006 ms
ds4: V4.1 batch step rows=8 pre 0.0 ms, per-row attention 0.0 ms, moe 0.0 ms, head 0.0 ms, setup 0.0 ms, publish 0.0 ms
ds4: V4.1 moe split layer=0 rows=8 router=0.344 ms
ds4: V4.1 moe split layer=0 rows=8 shared=0.569 ms
ds4: V4.1 moe split layer=0 rows=8 routed=2.038 ms
ds4: V4.1 moe split layer=1 rows=8 router=0.273 ms
ds4: V4.1 moe split layer=1 rows=8 shared=0.375 ms
ds4: V4.1 moe split layer=1 rows=8 routed=1.783 ms
ds4: V4.1 moe split layer=2 rows=8 router=0.367 ms
ds4: V4.1 moe split layer=2 rows=8 shared=0.479 ms
ds4: V4.1 moe split layer=2 rows=8 routed=1.856 ms
ds4: V4.1 moe split layer=3 rows=8 router=0.430 ms
ds4: V4.1 moe split layer=3 rows=8 shared=0.476 ms
ds4: V4.1 moe split layer=3 rows=8 routed=1.895 ms
ds4: V4.1 moe split layer=4 rows=8 router=0.332 ms
ds4: V4.1 moe split layer=4 rows=8 shared=0.624 ms
ds4: V4.1 moe split layer=4 rows=8 routed=1.872 ms
ds4: V4.1 moe split layer=5 rows=8 router=0.420 ms
ds4: V4.1 moe split layer=5 rows=8 shared=0.510 ms
ds4: V4.1 moe split layer=5 rows=8 routed=1.971 ms
ds4: V4.1 moe split layer=6 rows=8 router=0.423 ms
ds4: V4.1 moe split layer=6 rows=8 shared=0.440 ms
ds4: V4.1 moe split layer=6 rows=8 routed=1.899 ms
ds4: V4.1 moe split layer=7 rows=8 router=0.329 ms
ds4: V4.1 moe split layer=7 rows=8 shared=0.387 ms
ds4: V4.1 moe split layer=7 rows=8 routed=1.740 ms
ds4: V4.1 moe split layer=8 rows=8 router=0.317 ms
ds4: V4.1 moe split layer=8 rows=8 shared=0.625 ms
ds4: V4.1 moe split layer=8 rows=8 routed=1.894 ms
ds4: V4.1 moe split layer=9 rows=8 router=0.328 ms
ds4: V4.1 moe split layer=9 rows=8 shared=0.489 ms
ds4: V4.1 moe split layer=9 rows=8 routed=1.907 ms
ds4: V4.1 moe split layer=10 rows=8 router=0.351 ms
ds4: V4.1 moe split layer=10 rows=8 shared=0.433 ms
ds4: V4.1 moe split layer=10 rows=8 routed=1.924 ms
ds4: V4.1 moe split layer=11 rows=8 router=0.316 ms
ds4: V4.1 moe split layer=11 rows=8 shared=0.387 ms
ds4: V4.1 moe split layer=11 rows=8 routed=1.719 ms
ds4: V4.1 moe split layer=12 rows=8 router=0.322 ms
ds4: V4.1 moe split layer=12 rows=8 shared=0.420 ms
ds4: V4.1 moe split layer=12 rows=8 routed=1.858 ms
ds4: V4.1 moe split layer=13 rows=8 router=0.423 ms
ds4: V4.1 moe split layer=13 rows=8 shared=0.397 ms
ds4: V4.1 moe split layer=13 rows=8 routed=1.813 ms
ds4: V4.1 moe split layer=14 rows=8 router=0.301 ms
ds4: V4.1 moe split layer=14 rows=8 shared=0.433 ms
ds4: V4.1 moe split layer=14 rows=8 routed=1.737 ms
ds4: V4.1 moe split layer=15 rows=8 router=0.328 ms
ds4: V4.1 moe split layer=15 rows=8 shared=0.406 ms
ds4: V4.1 moe split layer=15 rows=8 routed=1.817 ms
ds4: V4.1 moe split layer=16 rows=8 router=0.379 ms
ds4: V4.1 moe split layer=16 rows=8 shared=0.434 ms
ds4: V4.1 moe split layer=16 rows=8 routed=1.825 ms
ds4: V4.1 moe split layer=17 rows=8 router=0.323 ms
ds4: V4.1 moe split layer=17 rows=8 shared=0.410 ms
ds4: V4.1 moe split layer=17 rows=8 routed=1.792 ms
ds4: V4.1 moe split layer=18 rows=8 router=0.320 ms
ds4: V4.1 moe split layer=18 rows=8 shared=0.585 ms
ds4: V4.1 moe split layer=18 rows=8 routed=1.963 ms
ds4: V4.1 moe split layer=19 rows=8 router=0.284 ms
ds4: V4.1 moe split layer=19 rows=8 shared=0.451 ms
ds4: V4.1 moe split layer=19 rows=8 routed=1.967 ms
ds4: V4.1 moe split layer=20 rows=8 router=0.289 ms
ds4: V4.1 moe split layer=20 rows=8 shared=0.442 ms
ds4: V4.1 moe split layer=20 rows=8 routed=1.968 ms
ds4: V4.1 moe split layer=21 rows=8 router=0.311 ms
ds4: V4.1 moe split layer=21 rows=8 shared=0.437 ms
ds4: V4.1 moe split layer=21 rows=8 routed=2.166 ms
ds4: V4.1 moe split layer=22 rows=8 router=0.324 ms
ds4: V4.1 moe split layer=22 rows=8 shared=0.418 ms
ds4: V4.1 moe split layer=22 rows=8 routed=1.985 ms
ds4: V4.1 moe split layer=23 rows=8 router=0.435 ms
ds4: V4.1 moe split layer=23 rows=8 shared=0.569 ms
ds4: V4.1 moe split layer=23 rows=8 routed=2.089 ms
ds4: V4.1 moe split layer=24 rows=8 router=0.454 ms
ds4: V4.1 moe split layer=24 rows=8 shared=0.559 ms
ds4: V4.1 moe split layer=24 rows=8 routed=2.202 ms
ds4: V4.1 moe split layer=25 rows=8 router=0.409 ms
ds4: V4.1 moe split layer=25 rows=8 shared=0.437 ms
ds4: V4.1 moe split layer=25 rows=8 routed=2.087 ms
ds4: V4.1 moe split layer=26 rows=8 router=0.328 ms
ds4: V4.1 moe split layer=26 rows=8 shared=0.410 ms
ds4: V4.1 moe split layer=26 rows=8 routed=2.082 ms
ds4: V4.1 moe split layer=27 rows=8 router=0.407 ms
ds4: V4.1 moe split layer=27 rows=8 shared=0.472 ms
ds4: V4.1 moe split layer=27 rows=8 routed=2.116 ms
ds4: V4.1 moe split layer=28 rows=8 router=0.373 ms
ds4: V4.1 moe split layer=28 rows=8 shared=0.544 ms
ds4: V4.1 moe split layer=28 rows=8 routed=2.148 ms
ds4: V4.1 moe split layer=29 rows=8 router=0.348 ms
ds4: V4.1 moe split layer=29 rows=8 shared=0.472 ms
ds4: V4.1 moe split layer=29 rows=8 routed=1.963 ms
ds4: V4.1 moe split layer=30 rows=8 router=0.313 ms
ds4: V4.1 moe split layer=30 rows=8 shared=0.444 ms
ds4: V4.1 moe split layer=30 rows=8 routed=2.023 ms
ds4: V4.1 moe split layer=31 rows=8 router=0.332 ms
ds4: V4.1 moe split layer=31 rows=8 shared=0.439 ms
ds4: V4.1 moe split layer=31 rows=8 routed=2.160 ms
ds4: V4.1 moe split layer=32 rows=8 router=0.317 ms
ds4: V4.1 moe split layer=32 rows=8 shared=0.404 ms
ds4: V4.1 moe split layer=32 rows=8 routed=1.988 ms
ds4: V4.1 moe split layer=33 rows=8 router=0.329 ms
ds4: V4.1 moe split layer=33 rows=8 shared=0.436 ms
ds4: V4.1 moe split layer=33 rows=8 routed=2.008 ms
ds4: V4.1 moe split layer=34 rows=8 router=0.377 ms
ds4: V4.1 moe split layer=34 rows=8 shared=0.487 ms
ds4: V4.1 moe split layer=34 rows=8 routed=2.408 ms
ds4: V4.1 moe split layer=35 rows=8 router=0.523 ms
ds4: V4.1 moe split layer=35 rows=8 shared=0.639 ms
ds4: V4.1 moe split layer=35 rows=8 routed=2.308 ms
ds4: V4.1 moe split layer=36 rows=8 router=0.469 ms
ds4: V4.1 moe split layer=36 rows=8 shared=0.471 ms
ds4: V4.1 moe split layer=36 rows=8 routed=2.188 ms
ds4: V4.1 moe split layer=37 rows=8 router=0.519 ms
ds4: V4.1 moe split layer=37 rows=8 shared=0.618 ms
ds4: V4.1 moe split layer=37 rows=8 routed=2.460 ms
ds4: V4.1 moe split layer=38 rows=8 router=0.438 ms
ds4: V4.1 moe split layer=38 rows=8 shared=0.608 ms
ds4: V4.1 moe split layer=38 rows=8 routed=2.402 ms
ds4: V4.1 moe split layer=39 rows=8 router=0.408 ms
ds4: V4.1 moe split layer=39 rows=8 shared=0.522 ms
ds4: V4.1 moe split layer=39 rows=8 routed=2.388 ms
ds4: V4.1 batch step rows=8 pre 0.0 ms, per-row attention 0.0 ms, moe 0.0 ms, head 0.0 ms, setup 0.0 ms, publish 0.0 ms
ds4: V4.1 moe split layer=0 rows=8 router=0.440 ms
ds4: V4.1 moe split layer=0 rows=8 shared=0.525 ms
ds4: V4.1 moe split layer=0 rows=8 routed=2.518 ms
ds4: V4.1 moe split layer=1 rows=8 router=0.580 ms
ds4: V4.1 moe split layer=1 rows=8 shared=0.551 ms
ds4: V4.1 moe split layer=1 rows=8 routed=2.510 ms
ds4: V4.1 moe split layer=2 rows=8 router=0.355 ms
ds4: V4.1 moe split layer=2 rows=8 shared=0.600 ms
ds4: V4.1 moe split layer=2 rows=8 routed=2.103 ms
ds4: V4.1 moe split layer=3 rows=8 router=0.478 ms
ds4: V4.1 moe split layer=3 rows=8 shared=0.474 ms
ds4: V4.1 moe split layer=3 rows=8 routed=2.070 ms
ds4: V4.1 moe split layer=4 rows=8 router=0.425 ms
ds4: V4.1 moe split layer=4 rows=8 shared=0.596 ms
ds4: V4.1 moe split layer=4 rows=8 routed=2.201 ms
ds4: V4.1 moe split layer=5 rows=8 router=0.372 ms
ds4: V4.1 moe split layer=5 rows=8 shared=0.454 ms
ds4: V4.1 moe split layer=5 rows=8 routed=2.056 ms
ds4: V4.1 moe split layer=6 rows=8 router=0.443 ms
ds4: V4.1 moe split layer=6 rows=8 shared=0.552 ms
ds4: V4.1 moe split layer=6 rows=8 routed=2.114 ms
ds4: V4.1 moe split layer=7 rows=8 router=0.559 ms
ds4: V4.1 moe split layer=7 rows=8 shared=0.538 ms
ds4: V4.1 moe split layer=7 rows=8 routed=2.063 ms
ds4: V4.1 moe split layer=8 rows=8 router=0.374 ms
ds4: V4.1 moe split layer=8 rows=8 shared=0.482 ms
ds4: V4.1 moe split layer=8 rows=8 routed=2.088 ms
ds4: V4.1 moe split layer=9 rows=8 router=0.468 ms
ds4: V4.1 moe split layer=9 rows=8 shared=0.455 ms
ds4: V4.1 moe split layer=9 rows=8 routed=2.125 ms
ds4: V4.1 moe split layer=10 rows=8 router=0.444 ms
ds4: V4.1 moe split layer=10 rows=8 shared=0.458 ms
ds4: V4.1 moe split layer=10 rows=8 routed=2.059 ms
ds4: V4.1 moe split layer=11 rows=8 router=0.360 ms
ds4: V4.1 moe split layer=11 rows=8 shared=0.520 ms
ds4: V4.1 moe split layer=11 rows=8 routed=2.054 ms
ds4: V4.1 moe split layer=12 rows=8 router=0.480 ms
ds4: V4.1 moe split layer=12 rows=8 shared=0.428 ms
ds4: V4.1 moe split layer=12 rows=8 routed=2.033 ms
ds4: V4.1 moe split layer=13 rows=8 router=0.509 ms
ds4: V4.1 moe split layer=13 rows=8 shared=0.542 ms
ds4: V4.1 moe split layer=13 rows=8 routed=2.143 ms
ds4: V4.1 moe split layer=14 rows=8 router=0.456 ms
ds4: V4.1 moe split layer=14 rows=8 shared=0.466 ms
ds4: V4.1 moe split layer=14 rows=8 routed=2.100 ms
ds4: V4.1 moe split layer=15 rows=8 router=0.493 ms
ds4: V4.1 moe split layer=15 rows=8 shared=0.474 ms
ds4: V4.1 moe split layer=15 rows=8 routed=1.977 ms
ds4: V4.1 moe split layer=16 rows=8 router=0.456 ms
ds4: V4.1 moe split layer=16 rows=8 shared=0.555 ms
ds4: V4.1 moe split layer=16 rows=8 routed=2.140 ms
ds4: V4.1 moe split layer=17 rows=8 router=0.419 ms
ds4: V4.1 moe split layer=17 rows=8 shared=0.474 ms
ds4: V4.1 moe split layer=17 rows=8 routed=2.113 ms
ds4: V4.1 moe split layer=18 rows=8 router=0.476 ms
ds4: V4.1 moe split layer=18 rows=8 shared=0.476 ms
ds4: V4.1 moe split layer=18 rows=8 routed=1.955 ms
ds4: V4.1 moe split layer=19 rows=8 router=0.473 ms
ds4: V4.1 moe split layer=19 rows=8 shared=0.555 ms
ds4: V4.1 moe split layer=19 rows=8 routed=2.162 ms
ds4: V4.1 moe split layer=20 rows=8 router=0.387 ms
ds4: V4.1 moe split layer=20 rows=8 shared=0.480 ms
ds4: V4.1 moe split layer=20 rows=8 routed=2.088 ms
ds4: V4.1 moe split layer=21 rows=8 router=0.471 ms
ds4: V4.1 moe split layer=21 rows=8 shared=0.489 ms
ds4: V4.1 moe split layer=21 rows=8 routed=1.929 ms
ds4: V4.1 moe split layer=22 rows=8 router=0.499 ms
ds4: V4.1 moe split layer=22 rows=8 shared=0.530 ms
ds4: V4.1 moe split layer=22 rows=8 routed=2.175 ms
ds4: V4.1 moe split layer=23 rows=8 router=0.373 ms
ds4: V4.1 moe split layer=23 rows=8 shared=0.518 ms
ds4: V4.1 moe split layer=23 rows=8 routed=2.061 ms
ds4: V4.1 moe split layer=24 rows=8 router=0.404 ms
ds4: V4.1 moe split layer=24 rows=8 shared=0.436 ms
ds4: V4.1 moe split layer=24 rows=8 routed=1.892 ms
ds4: V4.1 moe split layer=25 rows=8 router=0.394 ms
ds4: V4.1 moe split layer=25 rows=8 shared=0.481 ms
ds4: V4.1 moe split layer=25 rows=8 routed=2.039 ms
ds4: V4.1 moe split layer=26 rows=8 router=0.437 ms
ds4: V4.1 moe split layer=26 rows=8 shared=0.437 ms
ds4: V4.1 moe split layer=26 rows=8 routed=2.019 ms
ds4: V4.1 moe split layer=27 rows=8 router=0.329 ms
ds4: V4.1 moe split layer=27 rows=8 shared=0.499 ms
ds4: V4.1 moe split layer=27 rows=8 routed=2.018 ms
ds4: V4.1 moe split layer=28 rows=8 router=0.433 ms
ds4: V4.1 moe split layer=28 rows=8 shared=0.431 ms
ds4: V4.1 moe split layer=28 rows=8 routed=2.038 ms
ds4: V4.1 moe split layer=29 rows=8 router=0.442 ms
ds4: V4.1 moe split layer=29 rows=8 shared=0.485 ms
ds4: V4.1 moe split layer=29 rows=8 routed=2.024 ms
ds4: V4.1 moe split layer=30 rows=8 router=0.447 ms
ds4: V4.1 moe split layer=30 rows=8 shared=0.484 ms
ds4: V4.1 moe split layer=30 rows=8 routed=2.035 ms
ds4: V4.1 moe split layer=31 rows=8 router=0.463 ms
ds4: V4.1 moe split layer=31 rows=8 shared=0.447 ms
ds4: V4.1 moe split layer=31 rows=8 routed=2.052 ms
ds4: V4.1 moe split layer=32 rows=8 router=0.420 ms
ds4: V4.1 moe split layer=32 rows=8 shared=0.518 ms
ds4: V4.1 moe split layer=32 rows=8 routed=2.087 ms
ds4: V4.1 moe split layer=33 rows=8 router=0.477 ms
ds4: V4.1 moe split layer=33 rows=8 shared=0.453 ms
ds4: V4.1 moe split layer=33 rows=8 routed=1.857 ms
ds4: V4.1 moe split layer=34 rows=8 router=0.436 ms
ds4: V4.1 moe split layer=34 rows=8 shared=0.522 ms
ds4: V4.1 moe split layer=34 rows=8 routed=2.043 ms
ds4: V4.1 moe split layer=35 rows=8 router=0.523 ms
ds4: V4.1 moe split layer=35 rows=8 shared=0.518 ms
ds4: V4.1 moe split layer=35 rows=8 routed=2.065 ms
ds4: V4.1 moe split layer=36 rows=8 router=0.372 ms
ds4: V4.1 moe split layer=36 rows=8 shared=0.502 ms
ds4: V4.1 moe split layer=36 rows=8 routed=1.949 ms
ds4: V4.1 moe split layer=37 rows=8 router=0.496 ms
ds4: V4.1 moe split layer=37 rows=8 shared=0.516 ms
ds4: V4.1 moe split layer=37 rows=8 routed=1.975 ms
ds4: V4.1 moe split layer=38 rows=8 router=0.407 ms
ds4: V4.1 moe split layer=38 rows=8 shared=0.470 ms
ds4: V4.1 moe split layer=38 rows=8 routed=2.100 ms
ds4: V4.1 moe split layer=39 rows=8 router=0.446 ms
ds4: V4.1 moe split layer=39 rows=8 shared=0.528 ms
ds4: V4.1 moe split layer=39 rows=8 routed=1.931 ms
ds4: V4.1 batch step rows=8 pre 0.0 ms, per-row attention 0.0 ms, moe 0.0 ms, head 0.0 ms, setup 0.0 ms, publish 0.0 ms
ds4: V4.1 verify selftest k=8, 64 positions from 31 (odd start, pair carry restored), 1 alternating rounds
  round 0: single 52.19 ms/token, batch 289.62 ms/step
ds4: gate over tokens 129-192: 14.00 command buffers, 0.00 aborts, 240.0 expert ids accounted, 0.00 MiB loaded a token; 0 the gate failed to switch off, 0 it could not gate
ds4:   one token, exclusive, same window: entry 0.00 + encode 0.34 + commit-to-done 45.77 + repair-load 0.00 + accounting 0.03 + tail 1.68 = 47.82 of a 49.78 ms wall, residual 1.97
ds4:   of the commit-to-done: GPU running 70.27 ms, GPU not running -24.50 ms
ds4:   1429.8 gated dispatches a token, 0.0 of them behind an abort; 610.3 sent plain ahead of a buffer's first validate
ds4:   encode-ahead: 12.00 segments used, 0.00 dropped, 1.91 ms a token spent encoding under the GPU
ds4:   concurrent sections: 84.75 attempted, 84.75 opened a token
ds4:   speculation: 0.00 layers a token, 0.00 lanes computed, 0.00 matched, 0.00 GEMVs actually saved, 0.00 left to compute; compared 0.00 lanes, 0.00 floats differ, 0.00 by more than an ulp
ds4:   expert cache over the last 64 tokens: 480.00 hits, 0.00 misses, 0.00 evictions a token; 5732 of 7930 entries live (72.3%)
ds4:   of the address-table holes repaired a token: 0.00 already resident, 0.00 genuinely absent
ds4:   residency a token: 0.00 adds, 0.00 removes, 0.00 commits
ds4: selftest control: a second single pass differs from the reference in 0 of 8273920 logits
  median single    : 52.19 ms/token
  median 8-row step: 289.62 ms = 5.55x one single step
  perfect-draft ceiling: 27.62 tok/s (100 tok/s requires <= 80.00 ms/step)
  block width      : 1.44x of 8 (needs 5.22x for 100 tok/s)
  concurrent       : 42850 sections opened of 42850 asked
  marginal row cost: 33.92 ms = 65% of a standalone token
  rollback         : reproduces its own output
  batch vs single  : identical argmax (64 rows checked)
  batch logits     : identical to the single pass
  break-even       : accept 69% of drafted tokens to beat single
  rolled-back passes agree with each other: yes
0925 00:03:54 ds4-server: chat ctx=31..35:4 gen=4 THINKING decoding chunk=0.25 t/s avg=0.25 t/s 16.074s
ds4-server: thinking not closed, ignoring incomplete DSML in reasoning
0925 00:03:54 ds4-server: chat ctx=0..31:31 gen=4 THINKING finish=length 18.438s
0925 00:03:56 ds4-server: shutdown requested, draining requests
