ds4: abort gate on for the first 40 layers
ds4: Metal device Apple M5 Max, 128.00 GiB RAM
ds4: Metal 4 tensor API enabled for Tensor kernels
ds4: drift-patch flags hc_stable=on norm_unify=on kv_raw_f32=off rope_exp2_log2=off math_safe=off tensor_matmul=on
ds4: V4.1 SSD cache fitted from 10268 to 6679 experts for context/runtime headroom
ds4: Metal backend: Metal 4
ds4: Metal SSD streaming mode enabled; full model residency and warmup are skipped
ds4: metal SSD streaming cache target 61.91 GiB; effective 61.91 GiB = 7.12 GiB prefill headroom + 54.79 GiB dynamic cache (5911 experts, 9.49 MiB each)
ds4: Metal SSD static weights locked 9.37 GiB; pageable 0.00 GiB
ds4: SSD streaming initial metal model map (569 spans, 9.37 GiB tensor span)
ds4: metal backend initialized for graph diagnostics
ds4: expert cache prewarmed from the built-in V4.1 hotlist: 5910 experts (0 failed), 54.78 GiB in 5.57 s; stopped where the cache was full
ds4: memory: KV 0.06 GiB (raw 0.01 + compressed 0.05) + buffers 3.30 GiB + resident model 9.37 GiB + expert cache 54.79 GiB + prefill expert reserve 7.12 GiB = 74.64 GiB planned
ds4: memory detail: ctx=8192 prefill_cap=4096 raw_kv_rows=128 compressed_kv_rows=8193 backend=metal
ds4: V4.1 executor ABI 3, arena align 256, rev 6749f9548d5f-dirty, built Oct  4 2026 15:10:09
ds4: V4.1 static context buffers 3435.75 MiB (ctx=8192), Engram disk-only
ds4: expert cache lent the prefill headroom for decode: 5911 -> 6679 experts
prefix   4096 rows layer-major in 51.118 s (cold), 12.48 ms a row; tail 699 rows; candidate exact batched tail
ds4: shared/routed FFN overlap ran, mode 1
ds4:   decode path so far: 64 single-row steps (62.9 ms each inside the graph over the last 64), 0 K-row verification steps over 0 positions, 0 batch-fusion sites taken; candidate K none
ds4: gate over tokens 1-64: 21.55 command buffers, 11.25 aborts, 240.0 expert ids accounted, 128.74 MiB loaded a token; 0 the gate failed to switch off, 0 it could not gate
ds4:   one token, exclusive, same window: entry 0.00 + encode 1.37 + commit-to-done 43.41 + repair-load 13.49 + accounting 0.04 + tail 0.00 = 58.32 of a 63.01 ms wall, residual 4.69
ds4:   GPU busy 752.70 ms of the token's wall (the union of its buffers' spans), idle -689.69 ms
ds4:   1352.2 gated dispatches a token, 6.6 of them behind an abort; 375.6 sent plain ahead of a buffer's first validate
ds4:   encode-ahead: 9.30 segments used, 10.62 dropped, 4.17 ms a token spent encoding under the GPU
ds4:   concurrent sections: 182.81 attempted, 182.81 opened a token
ds4:   speculation: 0.00 layers a token, 0.00 lanes computed, 0.00 matched, 0.00 GEMVs actually saved, 0.00 left to compute; compared 0.00 lanes, 0.00 floats differ, 0.00 by more than an ulp
ds4:   Metal 4: 35.33 command buffers sent, 4991.2 dispatches a token; 0 pieces of Metal 3 work so far
ds4:   Metal 4 a token: 35.33 contexts in 35.33 command buffers (0.00 split); 5557.3 nodes = 4991.2 dispatches + 566.1 copies; barriers 4323.1 from the graph, 70.7 queue; engine asked for 100.1 barriers and 389.1 section ends, neither encoded; 16727.4 buffer and 5488.0 constant bindings (472316 B), 0.0 with no stated length; 35.33 blocking waits, 753.13 ms
ds4:   expert cache over the last 64 tokens: 260.75 hits, 171.36 misses, 79.00 evictions a token; 5911 of 5911 entries live (100.0%)
ds4:   of the address-table holes repaired a token: 0.00 already resident, 105.91 genuinely absent
ds4:   of the repair a token: readahead 30.00 ms, slot preparation 37.46 ms, reads 32.76 ms, install 0.20 ms, over 171.36 loads
ds4:   Engram rows written at step start in 64 steps; layer-13 drains 0
ds4:   residency a token: 0.00 adds, 0.00 removes, 0.00 commits
ds4:   decode path so far: 128 single-row steps (69.3 ms each inside the graph over the last 64), 0 K-row verification steps over 0 positions, 0 batch-fusion sites taken; candidate K none
ds4: gate over tokens 65-128: 23.06 command buffers, 13.56 aborts, 240.0 expert ids accounted, 157.07 MiB loaded a token; 0 the gate failed to switch off, 0 it could not gate
ds4:   one token, exclusive, same window: entry 0.00 + encode 1.67 + commit-to-done 44.04 + repair-load 17.89 + accounting 0.04 + tail 0.00 = 63.64 of a 68.22 ms wall, residual 4.58
ds4:   GPU busy 43.92 ms of the token's wall (the union of its buffers' spans), idle 24.30 ms
ds4:   1365.1 gated dispatches a token, 11.7 of them behind an abort; 451.9 sent plain ahead of a buffer's first validate
ds4:   encode-ahead: 8.50 segments used, 12.89 dropped, 4.14 ms a token spent encoding under the GPU
ds4:   concurrent sections: 204.66 attempted, 204.66 opened a token
ds4:   speculation: 0.00 layers a token, 0.00 lanes computed, 0.00 matched, 0.00 GEMVs actually saved, 0.00 left to compute; compared 0.00 lanes, 0.00 floats differ, 0.00 by more than an ulp
ds4:   Metal 4: 35.95 command buffers sent, 3015.5 dispatches a token; 0 pieces of Metal 3 work so far
ds4:   Metal 4 a token: 35.95 contexts in 35.95 command buffers (0.00 split); 3150.7 nodes = 3015.5 dispatches + 135.2 copies; barriers 2244.7 from the graph, 71.9 queue; engine asked for 110.2 barriers and 431.7 section ends, neither encoded; 12325.5 buffer and 3479.6 constant bindings (309986 B), 0.0 with no stated length; 35.95 blocking waits, 42.57 ms
ds4:   expert cache over the last 64 tokens: 239.89 hits, 16.55 misses, 16.55 evictions a token; 5911 of 5911 entries live (100.0%)
ds4:   of the address-table holes repaired a token: 0.00 already resident, 16.55 genuinely absent
ds4:   of the repair a token: readahead 9.62 ms, slot preparation 0.72 ms, reads 7.23 ms, install 0.03 ms, over 16.55 loads
ds4:   Engram rows written at step start in 128 steps; layer-13 drains 0
ds4:   residency a token: 0.00 adds, 0.00 removes, 0.00 commits
ds4:   decode path so far: 192 single-row steps (69.6 ms each inside the graph over the last 64), 0 K-row verification steps over 0 positions, 0 batch-fusion sites taken; candidate K none
ds4: gate over tokens 129-192: 22.98 command buffers, 13.81 aborts, 240.0 expert ids accounted, 162.85 MiB loaded a token; 0 the gate failed to switch off, 0 it could not gate
ds4:   one token, exclusive, same window: entry 0.00 + encode 1.86 + commit-to-done 43.16 + repair-load 18.94 + accounting 0.04 + tail 0.00 = 64.01 of a 68.95 ms wall, residual 4.95
ds4:   GPU busy 42.89 ms of the token's wall (the union of its buffers' spans), idle 26.06 ms
ds4:   1352.5 gated dispatches a token, 12.2 of them behind an abort; 452.3 sent plain ahead of a buffer's first validate
ds4:   encode-ahead: 8.17 segments used, 13.16 dropped, 4.54 ms a token spent encoding under the GPU
ds4:   concurrent sections: 205.91 attempted, 205.91 opened a token
ds4:   speculation: 0.00 layers a token, 0.00 lanes computed, 0.00 matched, 0.00 GEMVs actually saved, 0.00 left to compute; compared 0.00 lanes, 0.00 floats differ, 0.00 by more than an ulp
ds4:   Metal 4: 36.14 command buffers sent, 3028.2 dispatches a token; 0 pieces of Metal 3 work so far
ds4:   Metal 4 a token: 36.14 contexts in 36.14 command buffers (0.00 split); 3170.9 nodes = 3028.2 dispatches + 142.7 copies; barriers 2252.9 from the graph, 72.3 queue; engine asked for 110.5 barriers and 434.1 section ends, neither encoded; 12379.5 buffer and 3495.0 constant bindings (311199 B), 0.0 with no stated length; 36.14 blocking waits, 41.54 ms
ds4:   expert cache over the last 64 tokens: 239.91 hits, 17.16 misses, 17.16 evictions a token; 5911 of 5911 entries live (100.0%)
ds4:   of the address-table holes repaired a token: 0.00 already resident, 17.16 genuinely absent
ds4:   of the repair a token: readahead 10.81 ms, slot preparation 0.79 ms, reads 6.97 ms, install 0.04 ms, over 17.16 loads
ds4:   Engram rows written at step start in 192 steps; layer-13 drains 0
ds4:   residency a token: 0.00 adds, 0.00 removes, 0.00 commits
ds4:   decode path so far: 256 single-row steps (69.2 ms each inside the graph over the last 64), 0 K-row verification steps over 0 positions, 0 batch-fusion sites taken; candidate K none
ds4: gate over tokens 193-256: 22.84 command buffers, 13.48 aborts, 240.0 expert ids accounted, 155.29 MiB loaded a token; 0 the gate failed to switch off, 0 it could not gate
ds4:   one token, exclusive, same window: entry 0.00 + encode 1.76 + commit-to-done 42.97 + repair-load 18.73 + accounting 0.04 + tail 0.00 = 63.49 of a 68.21 ms wall, residual 4.71
ds4:   GPU busy 42.39 ms of the token's wall (the union of its buffers' spans), idle 25.82 ms
ds4:   1350.7 gated dispatches a token, 10.3 of them behind an abort; 446.4 sent plain ahead of a buffer's first validate
ds4:   encode-ahead: 8.36 segments used, 12.83 dropped, 4.33 ms a token spent encoding under the GPU
ds4:   concurrent sections: 202.56 attempted, 202.56 opened a token
ds4:   speculation: 0.00 layers a token, 0.00 lanes computed, 0.00 matched, 0.00 GEMVs actually saved, 0.00 left to compute; compared 0.00 lanes, 0.00 floats differ, 0.00 by more than an ulp
ds4:   Metal 4: 35.67 command buffers sent, 2981.0 dispatches a token; 0 pieces of Metal 3 work so far
ds4:   Metal 4 a token: 35.67 contexts in 35.67 command buffers (0.00 split); 3120.2 nodes = 2981.0 dispatches + 139.2 copies; barriers 2219.2 from the graph, 71.3 queue; engine asked for 109.0 barriers and 427.3 section ends, neither encoded; 12187.4 buffer and 3440.2 constant bindings (306442 B), 0.0 with no stated length; 35.67 blocking waits, 41.40 ms
ds4:   expert cache over the last 64 tokens: 239.94 hits, 16.36 misses, 16.36 evictions a token; 5911 of 5911 entries live (100.0%)
ds4:   of the address-table holes repaired a token: 0.00 already resident, 16.36 genuinely absent
ds4:   of the repair a token: readahead 10.80 ms, slot preparation 0.76 ms, reads 6.85 ms, install 0.04 ms, over 16.36 loads
ds4:   Engram rows written at step start in 256 steps; layer-13 drains 0
ds4:   residency a token: 0.00 adds, 0.00 removes, 0.00 commits
ds4:   decode path so far: 320 single-row steps (68.4 ms each inside the graph over the last 64), 0 K-row verification steps over 0 positions, 0 batch-fusion sites taken; candidate K none
ds4: gate over tokens 257-320: 23.14 command buffers, 13.64 aborts, 240.0 expert ids accounted, 159.88 MiB loaded a token; 0 the gate failed to switch off, 0 it could not gate
ds4:   one token, exclusive, same window: entry 0.00 + encode 1.81 + commit-to-done 43.21 + repair-load 17.49 + accounting 0.04 + tail 0.00 = 62.55 of a 67.47 ms wall, residual 4.92
ds4:   GPU busy 42.98 ms of the token's wall (the union of its buffers' spans), idle 24.49 ms
ds4:   1374.6 gated dispatches a token, 13.6 of them behind an abort; 445.8 sent plain ahead of a buffer's first validate
ds4:   encode-ahead: 8.50 segments used, 12.86 dropped, 4.52 ms a token spent encoding under the GPU
ds4:   concurrent sections: 204.88 attempted, 204.88 opened a token
ds4:   speculation: 0.00 layers a token, 0.00 lanes computed, 0.00 matched, 0.00 GEMVs actually saved, 0.00 left to compute; compared 0.00 lanes, 0.00 floats differ, 0.00 by more than an ulp
ds4:   Metal 4: 36.00 command buffers sent, 3014.6 dispatches a token; 0 pieces of Metal 3 work so far
ds4:   Metal 4 a token: 36.00 contexts in 36.00 command buffers (0.00 split); 3155.9 nodes = 3014.6 dispatches + 141.2 copies; barriers 2242.9 from the graph, 72.0 queue; engine asked for 110.2 barriers and 432.1 section ends, neither encoded; 12326.0 buffer and 3479.2 constant bindings (309769 B), 0.0 with no stated length; 36.00 blocking waits, 41.61 ms
ds4:   expert cache over the last 64 tokens: 239.91 hits, 16.84 misses, 16.84 evictions a token; 5911 of 5911 entries live (100.0%)
ds4:   of the address-table holes repaired a token: 0.00 already resident, 16.84 genuinely absent
ds4:   of the repair a token: readahead 9.79 ms, slot preparation 0.77 ms, reads 6.59 ms, install 0.04 ms, over 16.84 loads
ds4:   Engram rows written at step start in 320 steps; layer-13 drains 0
ds4:   residency a token: 0.00 adds, 0.00 removes, 0.00 commits
ds4:   decode path so far: 384 single-row steps (71.3 ms each inside the graph over the last 64), 0 K-row verification steps over 0 positions, 0 batch-fusion sites taken; candidate K none
ds4: gate over tokens 321-384: 24.17 command buffers, 15.45 aborts, 240.0 expert ids accounted, 184.36 MiB loaded a token; 0 the gate failed to switch off, 0 it could not gate
ds4:   one token, exclusive, same window: entry 0.00 + encode 2.02 + commit-to-done 42.89 + repair-load 20.66 + accounting 0.04 + tail 0.00 = 65.61 of a 70.73 ms wall, residual 5.12
ds4:   GPU busy 42.17 ms of the token's wall (the union of its buffers' spans), idle 28.56 ms
ds4:   1360.6 gated dispatches a token, 18.7 of them behind an abort; 500.1 sent plain ahead of a buffer's first validate
ds4:   encode-ahead: 7.72 segments used, 14.50 dropped, 4.69 ms a token spent encoding under the GPU
ds4:   concurrent sections: 219.19 attempted, 219.19 opened a token
ds4:   speculation: 0.00 layers a token, 0.00 lanes computed, 0.00 matched, 0.00 GEMVs actually saved, 0.00 left to compute; compared 0.00 lanes, 0.00 floats differ, 0.00 by more than an ulp
ds4:   Metal 4: 38.67 command buffers sent, 3202.9 dispatches a token; 0 pieces of Metal 3 work so far
ds4:   Metal 4 a token: 38.67 contexts in 38.67 command buffers (0.00 split); 3361.0 nodes = 3202.9 dispatches + 158.1 copies; barriers 2382.4 from the graph, 77.3 queue; engine asked for 116.4 barriers and 461.6 section ends, neither encoded; 13102.9 buffer and 3698.8 constant bindings (329501 B), 0.0 with no stated length; 38.67 blocking waits, 41.15 ms
ds4:   expert cache over the last 64 tokens: 239.94 hits, 19.42 misses, 19.42 evictions a token; 5911 of 5911 entries live (100.0%)
ds4:   of the address-table holes repaired a token: 0.00 already resident, 19.42 genuinely absent
ds4:   of the repair a token: readahead 11.64 ms, slot preparation 0.85 ms, reads 7.75 ms, install 0.04 ms, over 19.42 loads
ds4:   Engram rows written at step start in 384 steps; layer-13 drains 0
ds4:   residency a token: 0.00 adds, 0.00 removes, 0.00 commits
ds4:   decode path so far: 448 single-row steps (69.5 ms each inside the graph over the last 64), 0 K-row verification steps over 0 positions, 0 batch-fusion sites taken; candidate K none
ds4: gate over tokens 385-448: 23.27 command buffers, 14.11 aborts, 240.0 expert ids accounted, 168.78 MiB loaded a token; 0 the gate failed to switch off, 0 it could not gate
ds4:   one token, exclusive, same window: entry 0.00 + encode 1.89 + commit-to-done 42.73 + repair-load 18.93 + accounting 0.04 + tail 0.00 = 63.60 of a 68.58 ms wall, residual 4.98
ds4:   GPU busy 42.30 ms of the token's wall (the union of its buffers' spans), idle 26.28 ms
ds4:   1362.7 gated dispatches a token, 12.2 of them behind an abort; 464.2 sent plain ahead of a buffer's first validate
ds4:   encode-ahead: 8.16 segments used, 13.30 dropped, 4.58 ms a token spent encoding under the GPU
ds4:   concurrent sections: 208.69 attempted, 208.69 opened a token
ds4:   speculation: 0.00 layers a token, 0.00 lanes computed, 0.00 matched, 0.00 GEMVs actually saved, 0.00 left to compute; compared 0.00 lanes, 0.00 floats differ, 0.00 by more than an ulp
ds4:   Metal 4: 36.56 command buffers sent, 3069.4 dispatches a token; 0 pieces of Metal 3 work so far
ds4:   Metal 4 a token: 36.56 contexts in 36.56 command buffers (0.00 split); 3216.0 nodes = 3069.4 dispatches + 146.7 copies; barriers 2284.1 from the graph, 73.1 queue; engine asked for 111.7 barriers and 439.8 section ends, neither encoded; 12543.2 buffer and 3542.4 constant bindings (315417 B), 0.0 with no stated length; 36.56 blocking waits, 41.08 ms
ds4:   expert cache over the last 64 tokens: 239.88 hits, 17.78 misses, 17.78 evictions a token; 5911 of 5911 entries live (100.0%)
ds4:   of the address-table holes repaired a token: 0.00 already resident, 17.78 genuinely absent
ds4:   of the repair a token: readahead 10.89 ms, slot preparation 0.79 ms, reads 6.86 ms, install 0.04 ms, over 17.78 loads
ds4:   Engram rows written at step start in 448 steps; layer-13 drains 0
ds4:   residency a token: 0.00 adds, 0.00 removes, 0.00 commits
ds4:   decode path so far: 512 single-row steps (69.4 ms each inside the graph over the last 64), 0 K-row verification steps over 0 positions, 0 batch-fusion sites taken; candidate K none
ds4: gate over tokens 449-512: 22.94 command buffers, 13.19 aborts, 240.0 expert ids accounted, 155.73 MiB loaded a token; 0 the gate failed to switch off, 0 it could not gate
ds4:   one token, exclusive, same window: entry 0.00 + encode 1.87 + commit-to-done 42.54 + repair-load 19.01 + accounting 0.04 + tail 0.00 = 63.46 of a 68.58 ms wall, residual 5.12
ds4:   GPU busy 42.48 ms of the token's wall (the union of its buffers' spans), idle 26.11 ms
ds4:   1364.4 gated dispatches a token, 11.2 of them behind an abort; 430.2 sent plain ahead of a buffer's first validate
ds4:   encode-ahead: 8.75 segments used, 12.48 dropped, 4.72 ms a token spent encoding under the GPU
ds4:   concurrent sections: 200.56 attempted, 200.56 opened a token
ds4:   speculation: 0.00 layers a token, 0.00 lanes computed, 0.00 matched, 0.00 GEMVs actually saved, 0.00 left to compute; compared 0.00 lanes, 0.00 floats differ, 0.00 by more than an ulp
ds4:   Metal 4: 35.42 command buffers sent, 2955.6 dispatches a token; 0 pieces of Metal 3 work so far
ds4:   Metal 4 a token: 35.42 contexts in 35.42 command buffers (0.00 split); 3093.5 nodes = 2955.6 dispatches + 137.9 copies; barriers 2200.4 from the graph, 70.8 queue; engine asked for 108.3 barriers and 423.4 section ends, neither encoded; 12083.8 buffer and 3410.4 constant bindings (303777 B), 0.0 with no stated length; 35.42 blocking waits, 40.91 ms
ds4:   expert cache over the last 64 tokens: 239.98 hits, 16.41 misses, 16.41 evictions a token; 5911 of 5911 entries live (100.0%)
ds4:   of the address-table holes repaired a token: 0.00 already resident, 16.41 genuinely absent
ds4:   of the repair a token: readahead 10.95 ms, slot preparation 0.80 ms, reads 6.89 ms, install 0.04 ms, over 16.41 loads
ds4:   Engram rows written at step start in 512 steps; layer-13 drains 0
ds4:   residency a token: 0.00 adds, 0.00 removes, 0.00 commits
ds4:   decode path so far: 576 single-row steps (68.9 ms each inside the graph over the last 64), 0 K-row verification steps over 0 positions, 0 batch-fusion sites taken; candidate K none
ds4: gate over tokens 513-576: 22.53 command buffers, 12.89 aborts, 240.0 expert ids accounted, 148.46 MiB loaded a token; 0 the gate failed to switch off, 0 it could not gate
ds4:   one token, exclusive, same window: entry 0.00 + encode 1.78 + commit-to-done 43.15 + repair-load 17.64 + accounting 0.04 + tail 0.00 = 62.60 of a 67.52 ms wall, residual 4.91
ds4:   GPU busy 43.18 ms of the token's wall (the union of its buffers' spans), idle 24.33 ms
ds4:   1354.2 gated dispatches a token, 8.9 of them behind an abort; 427.4 sent plain ahead of a buffer's first validate
ds4:   encode-ahead: 8.64 segments used, 12.33 dropped, 4.52 ms a token spent encoding under the GPU
ds4:   concurrent sections: 198.50 attempted, 198.50 opened a token
ds4:   speculation: 0.00 layers a token, 0.00 lanes computed, 0.00 matched, 0.00 GEMVs actually saved, 0.00 left to compute; compared 0.00 lanes, 0.00 floats differ, 0.00 by more than an ulp
ds4:   Metal 4: 34.86 command buffers sent, 2936.4 dispatches a token; 0 pieces of Metal 3 work so far
ds4:   Metal 4 a token: 34.86 contexts in 34.86 command buffers (0.00 split); 3071.8 nodes = 2936.4 dispatches + 135.4 copies; barriers 2186.1 from the graph, 69.7 queue; engine asked for 107.3 barriers and 419.0 section ends, neither encoded; 11992.5 buffer and 3386.9 constant bindings (301596 B), 0.0 with no stated length; 34.86 blocking waits, 41.60 ms
ds4:   expert cache over the last 64 tokens: 239.97 hits, 15.64 misses, 15.64 evictions a token; 5911 of 5911 entries live (100.0%)
ds4:   of the address-table holes repaired a token: 0.00 already resident, 15.64 genuinely absent
ds4:   of the repair a token: readahead 8.86 ms, slot preparation 0.76 ms, reads 7.70 ms, install 0.04 ms, over 15.64 loads
ds4:   Engram rows written at step start in 576 steps; layer-13 drains 0
ds4:   residency a token: 0.00 adds, 0.00 removes, 0.00 commits
ds4:   decode path so far: 640 single-row steps (66.3 ms each inside the graph over the last 64), 0 K-row verification steps over 0 positions, 0 batch-fusion sites taken; candidate K none
ds4: gate over tokens 577-640: 22.59 command buffers, 12.84 aborts, 240.0 expert ids accounted, 155.43 MiB loaded a token; 0 the gate failed to switch off, 0 it could not gate
ds4:   one token, exclusive, same window: entry 0.00 + encode 1.68 + commit-to-done 43.50 + repair-load 16.24 + accounting 0.04 + tail 0.00 = 61.45 of a 66.12 ms wall, residual 4.67
ds4:   GPU busy 43.32 ms of the token's wall (the union of its buffers' spans), idle 22.79 ms
ds4:   1361.4 gated dispatches a token, 9.8 of them behind an abort; 420.8 sent plain ahead of a buffer's first validate
ds4:   encode-ahead: 8.75 segments used, 12.08 dropped, 4.29 ms a token spent encoding under the GPU
ds4:   concurrent sections: 195.91 attempted, 195.91 opened a token
ds4:   speculation: 0.00 layers a token, 0.00 lanes computed, 0.00 matched, 0.00 GEMVs actually saved, 0.00 left to compute; compared 0.00 lanes, 0.00 floats differ, 0.00 by more than an ulp
ds4:   Metal 4: 34.67 command buffers sent, 2883.1 dispatches a token; 0 pieces of Metal 3 work so far
ds4:   Metal 4 a token: 34.67 contexts in 34.67 command buffers (0.00 split); 3019.2 nodes = 2883.1 dispatches + 136.1 copies; barriers 2145.8 from the graph, 69.3 queue; engine asked for 105.9 barriers and 413.6 section ends, neither encoded; 11795.4 buffer and 3327.3 constant bindings (296437 B), 0.0 with no stated length; 34.67 blocking waits, 41.98 ms
ds4:   expert cache over the last 64 tokens: 239.95 hits, 16.38 misses, 16.38 evictions a token; 5911 of 5911 entries live (100.0%)
ds4:   of the address-table holes repaired a token: 0.00 already resident, 16.38 genuinely absent
ds4:   of the repair a token: readahead 8.83 ms, slot preparation 0.69 ms, reads 6.34 ms, install 0.04 ms, over 16.38 loads
ds4:   Engram rows written at step start in 640 steps; layer-13 drains 0
ds4:   residency a token: 0.00 adds, 0.00 removes, 0.00 commits
ds4: V4.1 prefill tail of 699 rows at position 4096 ran 699 token-major steps
ds4: expert cache lent the prefill headroom for decode: 5911 -> 6679 experts
touched  the tail used 9604 distinct experts of 15360 (89.0 GiB at 9.49 MiB each); 12124 loads, 12124 misses
ds4: V4.1 K-block effective configuration: rows=32 exact_vocab=0 head_tile=0 dense_tile=4 block_kv=0 block_levels=0 block_attn_k=0 block_attn_raw=0 block_low_batch=0 block_attn=0 batch_fuse=0 batch_attn_out=1 batch_stream_experts=1 row_gather=0 moe_expert_major=0 block_txn=0 row_logits_readback=0
ds4: V4.1 batch attn_output_b hoisted out of the per-row loop (32 rows)
ds4: V4.1 routed gate/up encode: ds4_gpu_encode_mul_mv_addr_iq2_pair_swiglu
ds4: V4.1 batch step rows=32 pre 0.0 ms, per-row attention 0.0 ms, moe 0.0 ms, head 0.0 ms, setup 0.0 ms, publish 0.0 ms
ds4: V4.1 batch step rows=32 pre 0.0 ms, per-row attention 0.0 ms, moe 0.0 ms, head 0.0 ms, setup 0.0 ms, publish 0.0 ms
ds4: V4.1 batch step rows=32 pre 0.0 ms, per-row attention 0.0 ms, moe 0.0 ms, head 0.0 ms, setup 0.0 ms, publish 0.0 ms
ds4: V4.1 batch step rows=32 pre 0.0 ms, per-row attention 0.0 ms, moe 0.0 ms, head 0.0 ms, setup 0.0 ms, publish 0.0 ms
ds4: V4.1 batch step rows=32 pre 0.0 ms, per-row attention 0.0 ms, moe 0.0 ms, head 0.0 ms, setup 0.0 ms, publish 0.0 ms
ds4: V4.1 batch step rows=32 pre 0.0 ms, per-row attention 0.0 ms, moe 0.0 ms, head 0.0 ms, setup 0.0 ms, publish 0.0 ms
ds4: V4.1 batch step rows=32 pre 0.0 ms, per-row attention 0.0 ms, moe 0.0 ms, head 0.0 ms, setup 0.0 ms, publish 0.0 ms
ds4: V4.1 batch step rows=32 pre 0.0 ms, per-row attention 0.0 ms, moe 0.0 ms, head 0.0 ms, setup 0.0 ms, publish 0.0 ms
ds4: V4.1 batch step rows=32 pre 0.0 ms, per-row attention 0.0 ms, moe 0.0 ms, head 0.0 ms, setup 0.0 ms, publish 0.0 ms
ds4: V4.1 batch step rows=32 pre 0.0 ms, per-row attention 0.0 ms, moe 0.0 ms, head 0.0 ms, setup 0.0 ms, publish 0.0 ms
ds4: V4.1 batch step rows=32 pre 0.0 ms, per-row attention 0.0 ms, moe 0.0 ms, head 0.0 ms, setup 0.0 ms, publish 0.0 ms
ds4: V4.1 batch step rows=32 pre 0.0 ms, per-row attention 0.0 ms, moe 0.0 ms, head 0.0 ms, setup 0.0 ms, publish 0.0 ms
ds4: V4.1 batch step rows=32 pre 0.0 ms, per-row attention 0.0 ms, moe 0.0 ms, head 0.0 ms, setup 0.0 ms, publish 0.0 ms
ds4: V4.1 batch step rows=32 pre 0.0 ms, per-row attention 0.0 ms, moe 0.0 ms, head 0.0 ms, setup 0.0 ms, publish 0.0 ms
ds4: V4.1 batch step rows=32 pre 0.0 ms, per-row attention 0.0 ms, moe 0.0 ms, head 0.0 ms, setup 0.0 ms, publish 0.0 ms
ds4: V4.1 batch step rows=32 pre 0.0 ms, per-row attention 0.0 ms, moe 0.0 ms, head 0.0 ms, setup 0.0 ms, publish 0.0 ms
ds4: V4.1 batch step rows=32 pre 0.0 ms, per-row attention 0.0 ms, moe 0.0 ms, head 0.0 ms, setup 0.0 ms, publish 0.0 ms
ds4: V4.1 batch step rows=32 pre 0.0 ms, per-row attention 0.0 ms, moe 0.0 ms, head 0.0 ms, setup 0.0 ms, publish 0.0 ms
ds4: V4.1 batch step rows=32 pre 0.0 ms, per-row attention 0.0 ms, moe 0.0 ms, head 0.0 ms, setup 0.0 ms, publish 0.0 ms
ds4: V4.1 batch step rows=32 pre 0.0 ms, per-row attention 0.0 ms, moe 0.0 ms, head 0.0 ms, setup 0.0 ms, publish 0.0 ms
ds4: V4.1 batch step rows=32 pre 0.0 ms, per-row attention 0.0 ms, moe 0.0 ms, head 0.0 ms, setup 0.0 ms, publish 0.0 ms
ds4: V4.1 batch step rows=27 pre 0.0 ms, per-row attention 0.0 ms, moe 0.0 ms, head 0.0 ms, setup 0.0 ms, publish 0.0 ms
ds4: V4.1 prefill tail at position 4096 ran 699 rows as 22 batch steps (candidate)
ds4: expert cache lent the prefill headroom for decode: 5911 -> 6679 experts
warm-up  A 48.533 s, B 31.746 s; reference logits dd695094752a1c7e state d721dfb78fb413ae
ds4:   decode path so far: 704 single-row steps (77.1 ms each inside the graph over the last 64), 22 K-row verification steps over 699 positions, 0 batch-fusion sites taken; candidate K 27:1 32:21
ds4: gate over tokens 641-704: 25.72 command buffers, 17.64 aborts, 240.0 expert ids accounted, 229.44 MiB loaded a token; 0 the gate failed to switch off, 0 it could not gate
ds4:   one token, exclusive, same window: entry 0.00 + encode 2.32 + commit-to-done 42.58 + repair-load 25.17 + accounting 0.04 + tail 0.00 = 70.11 of a 75.62 ms wall, residual 5.51
ds4:   GPU busy 321.13 ms of the token's wall (the union of its buffers' spans), idle -245.51 ms
ds4:   1382.3 gated dispatches a token, 16.4 of them behind an abort; 571.0 sent plain ahead of a buffer's first validate
ds4:   encode-ahead: 7.08 segments used, 16.80 dropped, 5.07 ms a token spent encoding under the GPU
ds4:   concurrent sections: 241.28 attempted, 241.28 opened a token
ds4:   speculation: 0.00 layers a token, 0.00 lanes computed, 0.00 matched, 0.00 GEMVs actually saved, 0.00 left to compute; compared 0.00 lanes, 0.00 floats differ, 0.00 by more than an ulp
ds4:   Metal 4: 70.73 command buffers sent, 10571.5 dispatches a token; 0 pieces of Metal 3 work so far
ds4:   Metal 4 a token: 70.73 contexts in 70.73 command buffers (0.00 split); 11093.7 nodes = 10571.5 dispatches + 522.1 copies; barriers 7343.4 from the graph, 141.5 queue; engine asked for 126.9 barriers and 535.7 section ends, neither encoded; 30826.6 buffer and 11155.0 constant bindings (923852 B), 0.0 with no stated length; 70.73 blocking waits, 334.79 ms
ds4:   expert cache over the last 64 tokens: 2694.36 hits, 190.52 misses, 190.52 evictions a token; 5911 of 5911 entries live (100.0%)
ds4:   of the address-table holes repaired a token: 0.00 already resident, 24.17 genuinely absent
ds4:   of the repair a token: readahead 14.74 ms, slot preparation 0.87 ms, reads 8.94 ms, install 0.05 ms, over 24.17 loads
ds4:   Engram rows written at step start in 704 steps; layer-13 drains 0
ds4:   residency a token: 0.00 adds, 0.00 removes, 0.00 commits
ds4:   decode path so far: 768 single-row steps (63.2 ms each inside the graph over the last 64), 22 K-row verification steps over 699 positions, 0 batch-fusion sites taken; candidate K 27:1 32:21
ds4: gate over tokens 705-768: 20.08 command buffers, 9.22 aborts, 240.0 expert ids accounted, 101.45 MiB loaded a token; 0 the gate failed to switch off, 0 it could not gate
ds4:   one token, exclusive, same window: entry 0.00 + encode 1.08 + commit-to-done 46.77 + repair-load 11.13 + accounting 0.04 + tail 0.00 = 59.02 of a 62.80 ms wall, residual 3.78
ds4:   GPU busy 47.52 ms of the token's wall (the union of its buffers' spans), idle 15.29 ms
ds4:   1327.5 gated dispatches a token, 7.0 of them behind an abort; 302.9 sent plain ahead of a buffer's first validate
ds4:   encode-ahead: 9.86 segments used, 8.73 dropped, 3.37 ms a token spent encoding under the GPU
ds4:   concurrent sections: 163.88 attempted, 163.88 opened a token
ds4:   speculation: 0.00 layers a token, 0.00 lanes computed, 0.00 matched, 0.00 GEMVs actually saved, 0.00 left to compute; compared 0.00 lanes, 0.00 floats differ, 0.00 by more than an ulp
ds4:   Metal 4: 28.81 command buffers sent, 2456.1 dispatches a token; 0 pieces of Metal 3 work so far
ds4:   Metal 4 a token: 28.81 contexts in 28.81 command buffers (0.00 split); 2557.4 nodes = 2456.1 dispatches + 101.3 copies; barriers 1829.8 from the graph, 57.6 queue; engine asked for 91.3 barriers and 347.3 section ends, neither encoded; 10030.5 buffer and 2829.7 constant bindings (252044 B), 0.0 with no stated length; 28.81 blocking waits, 45.74 ms
ds4:   expert cache over the last 64 tokens: 236.89 hits, 10.69 misses, 10.69 evictions a token; 5911 of 5911 entries live (100.0%)
ds4:   of the address-table holes repaired a token: 0.00 already resident, 10.69 genuinely absent
ds4:   of the repair a token: readahead 5.81 ms, slot preparation 0.51 ms, reads 4.65 ms, install 0.02 ms, over 10.69 loads
ds4:   Engram rows written at step start in 768 steps; layer-13 drains 0
ds4:   residency a token: 0.00 adds, 0.00 removes, 0.00 commits
ds4:   decode path so far: 832 single-row steps (69.5 ms each inside the graph over the last 64), 22 K-row verification steps over 699 positions, 0 batch-fusion sites taken; candidate K 27:1 32:21
ds4: gate over tokens 769-832: 23.16 command buffers, 13.95 aborts, 240.0 expert ids accounted, 158.25 MiB loaded a token; 0 the gate failed to switch off, 0 it could not gate
ds4:   one token, exclusive, same window: entry 0.00 + encode 1.73 + commit-to-done 44.55 + repair-load 17.60 + accounting 0.04 + tail 0.00 = 63.93 of a 68.62 ms wall, residual 4.70
ds4:   GPU busy 44.52 ms of the token's wall (the union of its buffers' spans), idle 24.11 ms
ds4:   1351.6 gated dispatches a token, 10.3 of them behind an abort; 461.1 sent plain ahead of a buffer's first validate
ds4:   encode-ahead: 8.20 segments used, 13.33 dropped, 4.22 ms a token spent encoding under the GPU
ds4:   concurrent sections: 208.06 attempted, 208.06 opened a token
ds4:   speculation: 0.00 layers a token, 0.00 lanes computed, 0.00 matched, 0.00 GEMVs actually saved, 0.00 left to compute; compared 0.00 lanes, 0.00 floats differ, 0.00 by more than an ulp
ds4:   Metal 4: 36.48 command buffers sent, 3063.0 dispatches a token; 0 pieces of Metal 3 work so far
ds4:   Metal 4 a token: 36.48 contexts in 36.48 command buffers (0.00 split); 3201.7 nodes = 3063.0 dispatches + 138.6 copies; barriers 2280.2 from the graph, 73.0 queue; engine asked for 111.6 barriers and 438.7 section ends, neither encoded; 12518.4 buffer and 3534.8 constant bindings (314794 B), 0.0 with no stated length; 36.48 blocking waits, 43.04 ms
ds4:   expert cache over the last 64 tokens: 239.89 hits, 16.67 misses, 16.67 evictions a token; 5911 of 5911 entries live (100.0%)
ds4:   of the address-table holes repaired a token: 0.00 already resident, 16.67 genuinely absent
ds4:   of the repair a token: readahead 9.80 ms, slot preparation 0.79 ms, reads 6.71 ms, install 0.03 ms, over 16.67 loads
ds4:   Engram rows written at step start in 832 steps; layer-13 drains 0
ds4:   residency a token: 0.00 adds, 0.00 removes, 0.00 commits
ds4:   decode path so far: 896 single-row steps (71.8 ms each inside the graph over the last 64), 22 K-row verification steps over 699 positions, 0 batch-fusion sites taken; candidate K 27:1 32:21
ds4: gate over tokens 833-896: 22.86 command buffers, 13.61 aborts, 240.0 expert ids accounted, 160.63 MiB loaded a token; 0 the gate failed to switch off, 0 it could not gate
ds4:   one token, exclusive, same window: entry 0.00 + encode 1.88 + commit-to-done 43.94 + repair-load 20.23 + accounting 0.04 + tail 0.00 = 66.10 of a 71.14 ms wall, residual 5.04
ds4:   GPU busy 43.48 ms of the token's wall (the union of its buffers' spans), idle 27.66 ms
ds4:   1350.5 gated dispatches a token, 11.7 of them behind an abort; 442.9 sent plain ahead of a buffer's first validate
ds4:   encode-ahead: 8.25 segments used, 12.94 dropped, 4.61 ms a token spent encoding under the GPU
ds4:   concurrent sections: 203.59 attempted, 203.59 opened a token
ds4:   speculation: 0.00 layers a token, 0.00 lanes computed, 0.00 matched, 0.00 GEMVs actually saved, 0.00 left to compute; compared 0.00 lanes, 0.00 floats differ, 0.00 by more than an ulp
ds4:   Metal 4: 35.80 command buffers sent, 2994.3 dispatches a token; 0 pieces of Metal 3 work so far
ds4:   Metal 4 a token: 35.80 contexts in 35.80 command buffers (0.00 split); 3135.2 nodes = 2994.3 dispatches + 140.9 copies; barriers 2227.6 from the graph, 71.6 queue; engine asked for 109.4 barriers and 429.4 section ends, neither encoded; 12242.2 buffer and 3455.9 constant bindings (307728 B), 0.0 with no stated length; 35.80 blocking waits, 42.31 ms
ds4:   expert cache over the last 64 tokens: 239.88 hits, 16.92 misses, 16.92 evictions a token; 5911 of 5911 entries live (100.0%)
ds4:   of the address-table holes repaired a token: 0.00 already resident, 16.92 genuinely absent
ds4:   of the repair a token: readahead 11.98 ms, slot preparation 0.79 ms, reads 7.10 ms, install 0.04 ms, over 16.92 loads
ds4:   Engram rows written at step start in 896 steps; layer-13 drains 0
ds4:   residency a token: 0.00 adds, 0.00 removes, 0.00 commits
ds4:   decode path so far: 960 single-row steps (70.9 ms each inside the graph over the last 64), 22 K-row verification steps over 699 positions, 0 batch-fusion sites taken; candidate K 27:1 32:21
ds4: gate over tokens 897-960: 22.80 command buffers, 13.44 aborts, 240.0 expert ids accounted, 155.43 MiB loaded a token; 0 the gate failed to switch off, 0 it could not gate
ds4:   one token, exclusive, same window: entry 0.00 + encode 1.88 + commit-to-done 43.49 + repair-load 19.69 + accounting 0.04 + tail 0.00 = 65.11 of a 70.14 ms wall, residual 5.03
ds4:   GPU busy 43.35 ms of the token's wall (the union of its buffers' spans), idle 26.79 ms
ds4:   1348.8 gated dispatches a token, 10.3 of them behind an abort; 445.6 sent plain ahead of a buffer's first validate
ds4:   encode-ahead: 8.36 segments used, 12.81 dropped, 4.59 ms a token spent encoding under the GPU
ds4:   concurrent sections: 202.12 attempted, 202.12 opened a token
ds4:   speculation: 0.00 layers a token, 0.00 lanes computed, 0.00 matched, 0.00 GEMVs actually saved, 0.00 left to compute; compared 0.00 lanes, 0.00 floats differ, 0.00 by more than an ulp
ds4:   Metal 4: 35.61 command buffers sent, 2974.0 dispatches a token; 0 pieces of Metal 3 work so far
ds4:   Metal 4 a token: 35.61 contexts in 35.61 command buffers (0.00 split); 3113.0 nodes = 2974.0 dispatches + 139.0 copies; barriers 2213.8 from the graph, 71.2 queue; engine asked for 108.8 barriers and 426.4 section ends, neither encoded; 12160.7 buffer and 3432.3 constant bindings (305718 B), 0.0 with no stated length; 35.61 blocking waits, 41.88 ms
ds4:   expert cache over the last 64 tokens: 239.97 hits, 16.38 misses, 16.38 evictions a token; 5911 of 5911 entries live (100.0%)
ds4:   of the address-table holes repaired a token: 0.00 already resident, 16.38 genuinely absent
ds4:   of the repair a token: readahead 11.51 ms, slot preparation 0.80 ms, reads 7.02 ms, install 0.04 ms, over 16.38 loads
ds4:   Engram rows written at step start in 960 steps; layer-13 drains 0
ds4:   residency a token: 0.00 adds, 0.00 removes, 0.00 commits
ds4:   decode path so far: 1024 single-row steps (71.8 ms each inside the graph over the last 64), 22 K-row verification steps over 699 positions, 0 batch-fusion sites taken; candidate K 27:1 32:21
ds4: gate over tokens 961-1024: 23.31 command buffers, 13.92 aborts, 240.0 expert ids accounted, 162.41 MiB loaded a token; 0 the gate failed to switch off, 0 it could not gate
ds4:   one token, exclusive, same window: entry 0.00 + encode 1.97 + commit-to-done 44.58 + repair-load 19.14 + accounting 0.04 + tail 0.00 = 65.74 of a 71.03 ms wall, residual 5.29
ds4:   GPU busy 44.39 ms of the token's wall (the union of its buffers' spans), idle 26.64 ms
ds4:   1377.9 gated dispatches a token, 14.1 of them behind an abort; 453.5 sent plain ahead of a buffer's first validate
ds4:   encode-ahead: 8.39 segments used, 13.11 dropped, 4.81 ms a token spent encoding under the GPU
ds4:   concurrent sections: 207.62 attempted, 207.62 opened a token
ds4:   speculation: 0.00 layers a token, 0.00 lanes computed, 0.00 matched, 0.00 GEMVs actually saved, 0.00 left to compute; compared 0.00 lanes, 0.00 floats differ, 0.00 by more than an ulp
ds4:   Metal 4: 36.42 command buffers sent, 3052.5 dispatches a token; 0 pieces of Metal 3 work so far
ds4:   Metal 4 a token: 36.42 contexts in 36.42 command buffers (0.00 split); 3196.4 nodes = 3052.5 dispatches + 143.8 copies; barriers 2270.9 from the graph, 72.8 queue; engine asked for 111.4 barriers and 437.8 section ends, neither encoded; 12481.5 buffer and 3523.3 constant bindings (313701 B), 0.0 with no stated length; 36.42 blocking waits, 42.90 ms
ds4:   expert cache over the last 64 tokens: 239.89 hits, 17.11 misses, 17.11 evictions a token; 5911 of 5911 entries live (100.0%)
ds4:   of the address-table holes repaired a token: 0.00 already resident, 17.11 genuinely absent
ds4:   of the repair a token: readahead 11.08 ms, slot preparation 0.84 ms, reads 6.86 ms, install 0.04 ms, over 17.11 loads
ds4:   Engram rows written at step start in 1024 steps; layer-13 drains 0
ds4:   residency a token: 0.00 adds, 0.00 removes, 0.00 commits
ds4:   decode path so far: 1088 single-row steps (72.4 ms each inside the graph over the last 64), 22 K-row verification steps over 699 positions, 0 batch-fusion sites taken; candidate K 27:1 32:21
ds4: gate over tokens 1025-1088: 24.02 command buffers, 15.17 aborts, 240.0 expert ids accounted, 180.50 MiB loaded a token; 0 the gate failed to switch off, 0 it could not gate
ds4:   one token, exclusive, same window: entry 0.00 + encode 2.07 + commit-to-done 43.58 + repair-load 20.61 + accounting 0.04 + tail 0.00 = 66.31 of a 71.64 ms wall, residual 5.34
ds4:   GPU busy 43.17 ms of the token's wall (the union of its buffers' spans), idle 28.47 ms
ds4:   1362.4 gated dispatches a token, 19.2 of them behind an abort; 492.4 sent plain ahead of a buffer's first validate
ds4:   encode-ahead: 7.84 segments used, 14.20 dropped, 4.86 ms a token spent encoding under the GPU
ds4:   concurrent sections: 216.72 attempted, 216.72 opened a token
ds4:   speculation: 0.00 layers a token, 0.00 lanes computed, 0.00 matched, 0.00 GEMVs actually saved, 0.00 left to compute; compared 0.00 lanes, 0.00 floats differ, 0.00 by more than an ulp
ds4:   Metal 4: 38.22 command buffers sent, 3171.0 dispatches a token; 0 pieces of Metal 3 work so far
ds4:   Metal 4 a token: 38.22 contexts in 38.22 command buffers (0.00 split); 3326.5 nodes = 3171.0 dispatches + 155.5 copies; barriers 2359.2 from the graph, 76.4 queue; engine asked for 115.2 barriers and 456.5 section ends, neither encoded; 12969.4 buffer and 3661.4 constant bindings (326180 B), 0.0 with no stated length; 38.22 blocking waits, 41.82 ms
ds4:   expert cache over the last 64 tokens: 239.94 hits, 19.02 misses, 19.02 evictions a token; 5911 of 5911 entries live (100.0%)
ds4:   of the address-table holes repaired a token: 0.00 already resident, 19.02 genuinely absent
ds4:   of the repair a token: readahead 11.90 ms, slot preparation 0.87 ms, reads 7.44 ms, install 0.04 ms, over 19.02 loads
ds4:   Engram rows written at step start in 1088 steps; layer-13 drains 0
ds4:   residency a token: 0.00 adds, 0.00 removes, 0.00 commits
ds4:   decode path so far: 1152 single-row steps (72.2 ms each inside the graph over the last 64), 22 K-row verification steps over 699 positions, 0 batch-fusion sites taken; candidate K 27:1 32:21
ds4: gate over tokens 1089-1152: 23.14 command buffers, 13.95 aborts, 240.0 expert ids accounted, 166.11 MiB loaded a token; 0 the gate failed to switch off, 0 it could not gate
ds4:   one token, exclusive, same window: entry 0.00 + encode 1.96 + commit-to-done 44.23 + repair-load 19.54 + accounting 0.04 + tail 0.00 = 65.77 of a 70.99 ms wall, residual 5.22
ds4:   GPU busy 44.04 ms of the token's wall (the union of its buffers' spans), idle 26.95 ms
ds4:   1357.5 gated dispatches a token, 12.2 of them behind an abort; 459.4 sent plain ahead of a buffer's first validate
ds4:   encode-ahead: 8.19 segments used, 13.14 dropped, 4.75 ms a token spent encoding under the GPU
ds4:   concurrent sections: 206.78 attempted, 206.78 opened a token
ds4:   speculation: 0.00 layers a token, 0.00 lanes computed, 0.00 matched, 0.00 GEMVs actually saved, 0.00 left to compute; compared 0.00 lanes, 0.00 floats differ, 0.00 by more than an ulp
ds4:   Metal 4: 36.28 command buffers sent, 3042.3 dispatches a token; 0 pieces of Metal 3 work so far
ds4:   Metal 4 a token: 36.28 contexts in 36.28 command buffers (0.00 split); 3187.3 nodes = 3042.3 dispatches + 145.0 copies; barriers 2263.9 from the graph, 72.6 queue; engine asked for 110.8 barriers and 435.9 section ends, neither encoded; 12432.4 buffer and 3511.0 constant bindings (312630 B), 0.0 with no stated length; 36.28 blocking waits, 42.55 ms
ds4:   expert cache over the last 64 tokens: 239.88 hits, 17.50 misses, 17.50 evictions a token; 5911 of 5911 entries live (100.0%)
ds4:   of the address-table holes repaired a token: 0.00 already resident, 17.50 genuinely absent
ds4:   of the repair a token: readahead 11.76 ms, slot preparation 0.82 ms, reads 6.56 ms, install 0.04 ms, over 17.50 loads
ds4:   Engram rows written at step start in 1152 steps; layer-13 drains 0
ds4:   residency a token: 0.00 adds, 0.00 removes, 0.00 commits
ds4:   decode path so far: 1216 single-row steps (70.9 ms each inside the graph over the last 64), 22 K-row verification steps over 699 positions, 0 batch-fusion sites taken; candidate K 27:1 32:21
ds4: gate over tokens 1153-1216: 23.05 command buffers, 13.34 aborts, 240.0 expert ids accounted, 158.25 MiB loaded a token; 0 the gate failed to switch off, 0 it could not gate
ds4:   one token, exclusive, same window: entry 0.00 + encode 1.87 + commit-to-done 45.26 + repair-load 18.57 + accounting 0.04 + tail 0.00 = 65.74 of a 70.93 ms wall, residual 5.19
ds4:   GPU busy 44.97 ms of the token's wall (the union of its buffers' spans), idle 25.96 ms
ds4:   1365.4 gated dispatches a token, 11.2 of them behind an abort; 436.0 sent plain ahead of a buffer's first validate
ds4:   encode-ahead: 8.70 segments used, 12.66 dropped, 4.75 ms a token spent encoding under the GPU
ds4:   concurrent sections: 202.34 attempted, 202.34 opened a token
ds4:   speculation: 0.00 layers a token, 0.00 lanes computed, 0.00 matched, 0.00 GEMVs actually saved, 0.00 left to compute; compared 0.00 lanes, 0.00 floats differ, 0.00 by more than an ulp
ds4:   Metal 4: 35.70 command buffers sent, 2981.5 dispatches a token; 0 pieces of Metal 3 work so far
ds4:   Metal 4 a token: 35.70 contexts in 35.70 command buffers (0.00 split); 3120.9 nodes = 2981.5 dispatches + 139.5 copies; barriers 2219.7 from the graph, 71.4 queue; engine asked for 109.2 barriers and 427.0 section ends, neither encoded; 12188.4 buffer and 3440.3 constant bindings (306429 B), 0.0 with no stated length; 35.70 blocking waits, 43.62 ms
ds4:   expert cache over the last 64 tokens: 239.98 hits, 16.67 misses, 16.67 evictions a token; 5911 of 5911 entries live (100.0%)
ds4:   of the address-table holes repaired a token: 0.00 already resident, 16.67 genuinely absent
ds4:   of the repair a token: readahead 10.86 ms, slot preparation 0.77 ms, reads 6.57 ms, install 0.04 ms, over 16.67 loads
ds4:   Engram rows written at step start in 1216 steps; layer-13 drains 0
ds4:   residency a token: 0.00 adds, 0.00 removes, 0.00 commits
ds4:   decode path so far: 1280 single-row steps (69.8 ms each inside the graph over the last 64), 22 K-row verification steps over 699 positions, 0 batch-fusion sites taken; candidate K 27:1 32:21
ds4: gate over tokens 1217-1280: 22.52 command buffers, 12.81 aborts, 240.0 expert ids accounted, 147.87 MiB loaded a token; 0 the gate failed to switch off, 0 it could not gate
ds4:   one token, exclusive, same window: entry 0.00 + encode 1.83 + commit-to-done 45.00 + repair-load 16.41 + accounting 0.04 + tail 0.00 = 63.28 of a 68.37 ms wall, residual 5.09
ds4:   GPU busy 45.01 ms of the token's wall (the union of its buffers' spans), idle 23.36 ms
ds4:   1355.8 gated dispatches a token, 8.0 of them behind an abort; 423.8 sent plain ahead of a buffer's first validate
ds4:   encode-ahead: 8.70 segments used, 12.27 dropped, 4.65 ms a token spent encoding under the GPU
ds4:   concurrent sections: 197.69 attempted, 197.69 opened a token
ds4:   speculation: 0.00 layers a token, 0.00 lanes computed, 0.00 matched, 0.00 GEMVs actually saved, 0.00 left to compute; compared 0.00 lanes, 0.00 floats differ, 0.00 by more than an ulp
ds4:   Metal 4: 34.78 command buffers sent, 2924.0 dispatches a token; 0 pieces of Metal 3 work so far
ds4:   Metal 4 a token: 34.78 contexts in 34.78 command buffers (0.00 split); 3058.7 nodes = 2924.0 dispatches + 134.7 copies; barriers 2176.7 from the graph, 69.6 queue; engine asked for 107.0 barriers and 417.3 section ends, neither encoded; 11943.7 buffer and 3372.6 constant bindings (300319 B), 0.0 with no stated length; 34.78 blocking waits, 43.43 ms
ds4:   expert cache over the last 64 tokens: 239.97 hits, 15.58 misses, 15.58 evictions a token; 5911 of 5911 entries live (100.0%)
ds4:   of the address-table holes repaired a token: 0.00 already resident, 15.58 genuinely absent
ds4:   of the repair a token: readahead 9.04 ms, slot preparation 0.77 ms, reads 6.28 ms, install 0.04 ms, over 15.58 loads
ds4:   Engram rows written at step start in 1280 steps; layer-13 drains 0
ds4:   residency a token: 0.00 adds, 0.00 removes, 0.00 commits
ds4:   decode path so far: 1344 single-row steps (71.7 ms each inside the graph over the last 64), 22 K-row verification steps over 699 positions, 0 batch-fusion sites taken; candidate K 27:1 32:21
ds4: gate over tokens 1281-1344: 22.84 command buffers, 13.20 aborts, 240.0 expert ids accounted, 159.14 MiB loaded a token; 0 the gate failed to switch off, 0 it could not gate
ds4:   one token, exclusive, same window: entry 0.00 + encode 1.84 + commit-to-done 45.26 + repair-load 18.76 + accounting 0.04 + tail 0.00 = 65.90 of a 70.92 ms wall, residual 5.03
ds4:   GPU busy 44.94 ms of the token's wall (the union of its buffers' spans), idle 25.98 ms
ds4:   1366.5 gated dispatches a token, 11.7 of them behind an abort; 431.5 sent plain ahead of a buffer's first validate
ds4:   encode-ahead: 8.64 segments used, 12.39 dropped, 4.59 ms a token spent encoding under the GPU
ds4:   concurrent sections: 199.47 attempted, 199.47 opened a token
ds4:   speculation: 0.00 layers a token, 0.00 lanes computed, 0.00 matched, 0.00 GEMVs actually saved, 0.00 left to compute; compared 0.00 lanes, 0.00 floats differ, 0.00 by more than an ulp
ds4:   Metal 4: 35.23 command buffers sent, 2931.4 dispatches a token; 0 pieces of Metal 3 work so far
ds4:   Metal 4 a token: 35.23 contexts in 35.23 command buffers (0.00 split); 3070.6 nodes = 2931.4 dispatches + 139.2 copies; barriers 2181.4 from the graph, 70.5 queue; engine asked for 107.6 barriers and 421.0 section ends, neither encoded; 11995.0 buffer and 3383.6 constant bindings (301448 B), 0.0 with no stated length; 35.23 blocking waits, 43.64 ms
ds4:   expert cache over the last 64 tokens: 239.95 hits, 16.77 misses, 16.77 evictions a token; 5911 of 5911 entries live (100.0%)
ds4:   of the address-table holes repaired a token: 0.00 already resident, 16.77 genuinely absent
ds4:   of the repair a token: readahead 11.05 ms, slot preparation 0.74 ms, reads 6.57 ms, install 0.04 ms, over 16.77 loads
ds4:   Engram rows written at step start in 1344 steps; layer-13 drains 0
ds4:   residency a token: 0.00 adds, 0.00 removes, 0.00 commits
ds4: V4.1 prefill tail of 699 rows at position 4096 ran 699 token-major steps
ds4: expert cache lent the prefill headroom for decode: 5911 -> 6679 experts
round 0 A  49.777 s  logits dd695094752a1c7e state d721dfb78fb413ae same | hits 167484 misses 11895 loads 11895 evictions 11895
ds4: V4.1 batch step rows=32 pre 0.0 ms, per-row attention 0.0 ms, moe 0.0 ms, head 0.0 ms, setup 0.0 ms, publish 0.0 ms
ds4: V4.1 batch step rows=32 pre 0.0 ms, per-row attention 0.0 ms, moe 0.0 ms, head 0.0 ms, setup 0.0 ms, publish 0.0 ms
ds4: V4.1 batch step rows=32 pre 0.0 ms, per-row attention 0.0 ms, moe 0.0 ms, head 0.0 ms, setup 0.0 ms, publish 0.0 ms
ds4: V4.1 batch step rows=32 pre 0.0 ms, per-row attention 0.0 ms, moe 0.0 ms, head 0.0 ms, setup 0.0 ms, publish 0.0 ms
ds4: V4.1 batch step rows=32 pre 0.0 ms, per-row attention 0.0 ms, moe 0.0 ms, head 0.0 ms, setup 0.0 ms, publish 0.0 ms
ds4: V4.1 batch step rows=32 pre 0.0 ms, per-row attention 0.0 ms, moe 0.0 ms, head 0.0 ms, setup 0.0 ms, publish 0.0 ms
ds4: V4.1 batch step rows=32 pre 0.0 ms, per-row attention 0.0 ms, moe 0.0 ms, head 0.0 ms, setup 0.0 ms, publish 0.0 ms
ds4: V4.1 batch step rows=32 pre 0.0 ms, per-row attention 0.0 ms, moe 0.0 ms, head 0.0 ms, setup 0.0 ms, publish 0.0 ms
ds4: V4.1 batch step rows=32 pre 0.0 ms, per-row attention 0.0 ms, moe 0.0 ms, head 0.0 ms, setup 0.0 ms, publish 0.0 ms
ds4: V4.1 batch step rows=32 pre 0.0 ms, per-row attention 0.0 ms, moe 0.0 ms, head 0.0 ms, setup 0.0 ms, publish 0.0 ms
ds4: V4.1 batch step rows=32 pre 0.0 ms, per-row attention 0.0 ms, moe 0.0 ms, head 0.0 ms, setup 0.0 ms, publish 0.0 ms
ds4: V4.1 batch step rows=32 pre 0.0 ms, per-row attention 0.0 ms, moe 0.0 ms, head 0.0 ms, setup 0.0 ms, publish 0.0 ms
ds4: V4.1 batch step rows=32 pre 0.0 ms, per-row attention 0.0 ms, moe 0.0 ms, head 0.0 ms, setup 0.0 ms, publish 0.0 ms
ds4: V4.1 batch step rows=32 pre 0.0 ms, per-row attention 0.0 ms, moe 0.0 ms, head 0.0 ms, setup 0.0 ms, publish 0.0 ms
ds4: V4.1 batch step rows=32 pre 0.0 ms, per-row attention 0.0 ms, moe 0.0 ms, head 0.0 ms, setup 0.0 ms, publish 0.0 ms
ds4: V4.1 batch step rows=32 pre 0.0 ms, per-row attention 0.0 ms, moe 0.0 ms, head 0.0 ms, setup 0.0 ms, publish 0.0 ms
ds4: V4.1 batch step rows=32 pre 0.0 ms, per-row attention 0.0 ms, moe 0.0 ms, head 0.0 ms, setup 0.0 ms, publish 0.0 ms
ds4: V4.1 batch step rows=32 pre 0.0 ms, per-row attention 0.0 ms, moe 0.0 ms, head 0.0 ms, setup 0.0 ms, publish 0.0 ms
ds4: V4.1 batch step rows=32 pre 0.0 ms, per-row attention 0.0 ms, moe 0.0 ms, head 0.0 ms, setup 0.0 ms, publish 0.0 ms
ds4: V4.1 batch step rows=32 pre 0.0 ms, per-row attention 0.0 ms, moe 0.0 ms, head 0.0 ms, setup 0.0 ms, publish 0.0 ms
ds4: V4.1 batch step rows=32 pre 0.0 ms, per-row attention 0.0 ms, moe 0.0 ms, head 0.0 ms, setup 0.0 ms, publish 0.0 ms
ds4: V4.1 batch step rows=27 pre 0.0 ms, per-row attention 0.0 ms, moe 0.0 ms, head 0.0 ms, setup 0.0 ms, publish 0.0 ms
ds4: V4.1 prefill tail at position 4096 ran 699 rows as 22 batch steps (candidate)
ds4: expert cache lent the prefill headroom for decode: 5911 -> 6679 experts
round 0 B  32.605 s  logits dd695094752a1c7e state d721dfb78fb413ae same | hits 157114 misses 10646 loads 10646 evictions 10646
ds4: V4.1 batch step rows=32 pre 0.0 ms, per-row attention 0.0 ms, moe 0.0 ms, head 0.0 ms, setup 0.0 ms, publish 0.0 ms
ds4: V4.1 batch step rows=32 pre 0.0 ms, per-row attention 0.0 ms, moe 0.0 ms, head 0.0 ms, setup 0.0 ms, publish 0.0 ms
ds4: V4.1 batch step rows=32 pre 0.0 ms, per-row attention 0.0 ms, moe 0.0 ms, head 0.0 ms, setup 0.0 ms, publish 0.0 ms
ds4: V4.1 batch step rows=32 pre 0.0 ms, per-row attention 0.0 ms, moe 0.0 ms, head 0.0 ms, setup 0.0 ms, publish 0.0 ms
ds4: V4.1 batch step rows=32 pre 0.0 ms, per-row attention 0.0 ms, moe 0.0 ms, head 0.0 ms, setup 0.0 ms, publish 0.0 ms
ds4: V4.1 batch step rows=32 pre 0.0 ms, per-row attention 0.0 ms, moe 0.0 ms, head 0.0 ms, setup 0.0 ms, publish 0.0 ms
ds4: V4.1 batch step rows=32 pre 0.0 ms, per-row attention 0.0 ms, moe 0.0 ms, head 0.0 ms, setup 0.0 ms, publish 0.0 ms
ds4: V4.1 batch step rows=32 pre 0.0 ms, per-row attention 0.0 ms, moe 0.0 ms, head 0.0 ms, setup 0.0 ms, publish 0.0 ms
ds4: V4.1 batch step rows=32 pre 0.0 ms, per-row attention 0.0 ms, moe 0.0 ms, head 0.0 ms, setup 0.0 ms, publish 0.0 ms
ds4: V4.1 batch step rows=32 pre 0.0 ms, per-row attention 0.0 ms, moe 0.0 ms, head 0.0 ms, setup 0.0 ms, publish 0.0 ms
ds4: V4.1 batch step rows=32 pre 0.0 ms, per-row attention 0.0 ms, moe 0.0 ms, head 0.0 ms, setup 0.0 ms, publish 0.0 ms
ds4: V4.1 batch step rows=32 pre 0.0 ms, per-row attention 0.0 ms, moe 0.0 ms, head 0.0 ms, setup 0.0 ms, publish 0.0 ms
ds4: V4.1 batch step rows=32 pre 0.0 ms, per-row attention 0.0 ms, moe 0.0 ms, head 0.0 ms, setup 0.0 ms, publish 0.0 ms
ds4: V4.1 batch step rows=32 pre 0.0 ms, per-row attention 0.0 ms, moe 0.0 ms, head 0.0 ms, setup 0.0 ms, publish 0.0 ms
ds4: V4.1 batch step rows=32 pre 0.0 ms, per-row attention 0.0 ms, moe 0.0 ms, head 0.0 ms, setup 0.0 ms, publish 0.0 ms
ds4: V4.1 batch step rows=32 pre 0.0 ms, per-row attention 0.0 ms, moe 0.0 ms, head 0.0 ms, setup 0.0 ms, publish 0.0 ms
ds4: V4.1 batch step rows=32 pre 0.0 ms, per-row attention 0.0 ms, moe 0.0 ms, head 0.0 ms, setup 0.0 ms, publish 0.0 ms
ds4: V4.1 batch step rows=32 pre 0.0 ms, per-row attention 0.0 ms, moe 0.0 ms, head 0.0 ms, setup 0.0 ms, publish 0.0 ms
ds4: V4.1 batch step rows=32 pre 0.0 ms, per-row attention 0.0 ms, moe 0.0 ms, head 0.0 ms, setup 0.0 ms, publish 0.0 ms
ds4: V4.1 batch step rows=32 pre 0.0 ms, per-row attention 0.0 ms, moe 0.0 ms, head 0.0 ms, setup 0.0 ms, publish 0.0 ms
ds4: V4.1 batch step rows=32 pre 0.0 ms, per-row attention 0.0 ms, moe 0.0 ms, head 0.0 ms, setup 0.0 ms, publish 0.0 ms
ds4: V4.1 batch step rows=27 pre 0.0 ms, per-row attention 0.0 ms, moe 0.0 ms, head 0.0 ms, setup 0.0 ms, publish 0.0 ms
ds4: V4.1 prefill tail at position 4096 ran 699 rows as 22 batch steps (candidate)
ds4: expert cache lent the prefill headroom for decode: 5911 -> 6679 experts
round 0 B  30.300 s  logits dd695094752a1c7e state d721dfb78fb413ae same | hits 160375 misses 7385 loads 7385 evictions 7385
ds4:   decode path so far: 1408 single-row steps (77.8 ms each inside the graph over the last 64), 66 K-row verification steps over 2097 positions, 0 batch-fusion sites taken; candidate K 27:3 32:63
ds4: gate over tokens 1345-1408: 25.34 command buffers, 17.05 aborts, 240.0 expert ids accounted, 221.43 MiB loaded a token; 0 the gate failed to switch off, 0 it could not gate
ds4:   one token, exclusive, same window: entry 0.00 + encode 2.30 + commit-to-done 44.04 + repair-load 24.50 + accounting 0.04 + tail 0.00 = 70.88 of a 76.41 ms wall, residual 5.53
ds4:   GPU busy 640.50 ms of the token's wall (the union of its buffers' spans), idle -564.09 ms
ds4:   1379.3 gated dispatches a token, 14.5 of them behind an abort; 552.8 sent plain ahead of a buffer's first validate
ds4:   encode-ahead: 7.30 segments used, 16.25 dropped, 5.01 ms a token spent encoding under the GPU
ds4:   concurrent sections: 235.94 attempted, 235.94 opened a token
ds4:   speculation: 0.00 layers a token, 0.00 lanes computed, 0.00 matched, 0.00 GEMVs actually saved, 0.00 left to compute; compared 0.00 lanes, 0.00 floats differ, 0.00 by more than an ulp
ds4:   Metal 4: 98.02 command buffers sent, 17559.1 dispatches a token; 0 pieces of Metal 3 work so far
ds4:   Metal 4 a token: 98.02 contexts in 98.02 command buffers (0.00 split); 18344.5 nodes = 17559.1 dispatches + 785.4 copies; barriers 12022.7 from the graph, 196.0 queue; engine asked for 124.5 barriers and 552.8 section ends, neither encoded; 46991.9 buffer and 18169.2 constant bindings (1479075 B), 0.0 with no stated length; 98.02 blocking waits, 669.21 ms
ds4:   expert cache over the last 64 tokens: 5199.73 hits, 305.06 misses, 305.06 evictions a token; 5911 of 5911 entries live (100.0%)
ds4:   of the address-table holes repaired a token: 0.00 already resident, 23.33 genuinely absent
ds4:   of the repair a token: readahead 14.19 ms, slot preparation 0.89 ms, reads 8.80 ms, install 0.05 ms, over 23.33 loads
ds4:   Engram rows written at step start in 1408 steps; layer-13 drains 0
ds4:   residency a token: 0.00 adds, 0.00 removes, 0.00 commits
ds4:   decode path so far: 1472 single-row steps (64.1 ms each inside the graph over the last 64), 66 K-row verification steps over 2097 positions, 0 batch-fusion sites taken; candidate K 27:3 32:63
ds4: gate over tokens 1409-1472: 19.66 command buffers, 8.69 aborts, 240.0 expert ids accounted, 93.59 MiB loaded a token; 0 the gate failed to switch off, 0 it could not gate
ds4:   one token, exclusive, same window: entry 0.00 + encode 1.03 + commit-to-done 52.53 + repair-load 6.17 + accounting 0.04 + tail 0.00 = 59.77 of a 63.52 ms wall, residual 3.75
ds4:   GPU busy 53.54 ms of the token's wall (the union of its buffers' spans), idle 9.98 ms
ds4:   1324.0 gated dispatches a token, 7.0 of them behind an abort; 289.0 sent plain ahead of a buffer's first validate
ds4:   encode-ahead: 9.97 segments used, 8.28 dropped, 3.32 ms a token spent encoding under the GPU
ds4:   concurrent sections: 159.00 attempted, 159.00 opened a token
ds4:   speculation: 0.00 layers a token, 0.00 lanes computed, 0.00 matched, 0.00 GEMVs actually saved, 0.00 left to compute; compared 0.00 lanes, 0.00 floats differ, 0.00 by more than an ulp
ds4:   Metal 4: 27.94 command buffers sent, 2390.3 dispatches a token; 0 pieces of Metal 3 work so far
ds4:   Metal 4 a token: 27.94 contexts in 27.94 command buffers (0.00 split); 2486.9 nodes = 2390.3 dispatches + 96.6 copies; barriers 1781.4 from the graph, 55.9 queue; engine asked for 89.1 barriers and 337.2 section ends, neither encoded; 9759.1 buffer and 2753.2 constant bindings (245235 B), 0.0 with no stated length; 27.94 blocking waits, 51.58 ms
ds4:   expert cache over the last 64 tokens: 235.08 hits, 9.86 misses, 9.86 evictions a token; 5911 of 5911 entries live (100.0%)
ds4:   of the address-table holes repaired a token: 0.00 already resident, 9.86 genuinely absent
ds4:   of the repair a token: readahead 2.56 ms, slot preparation 0.46 ms, reads 3.02 ms, install 0.02 ms, over 9.86 loads
ds4:   Engram rows written at step start in 1472 steps; layer-13 drains 0
ds4:   residency a token: 0.00 adds, 0.00 removes, 0.00 commits
ds4:   decode path so far: 1536 single-row steps (72.4 ms each inside the graph over the last 64), 66 K-row verification steps over 2097 positions, 0 batch-fusion sites taken; candidate K 27:3 32:63
ds4: gate over tokens 1473-1536: 22.36 command buffers, 12.67 aborts, 240.0 expert ids accounted, 142.53 MiB loaded a token; 0 the gate failed to switch off, 0 it could not gate
ds4:   one token, exclusive, same window: entry 0.00 + encode 1.65 + commit-to-done 49.82 + repair-load 15.35 + accounting 0.04 + tail 0.00 = 66.86 of a 71.56 ms wall, residual 4.70
ds4:   GPU busy 49.90 ms of the token's wall (the union of its buffers' spans), idle 21.67 ms
ds4:   1349.0 gated dispatches a token, 9.8 of them behind an abort; 418.0 sent plain ahead of a buffer's first validate
ds4:   encode-ahead: 8.69 segments used, 12.05 dropped, 4.22 ms a token spent encoding under the GPU
ds4:   concurrent sections: 195.88 attempted, 195.88 opened a token
ds4:   speculation: 0.00 layers a token, 0.00 lanes computed, 0.00 matched, 0.00 GEMVs actually saved, 0.00 left to compute; compared 0.00 lanes, 0.00 floats differ, 0.00 by more than an ulp
ds4:   Metal 4: 34.41 command buffers sent, 2895.6 dispatches a token; 0 pieces of Metal 3 work so far
ds4:   Metal 4 a token: 34.41 contexts in 34.41 command buffers (0.00 split); 3023.7 nodes = 2895.6 dispatches + 128.0 copies; barriers 2156.2 from the graph, 68.8 queue; engine asked for 106.0 barriers and 413.5 section ends, neither encoded; 11831.4 buffer and 3340.2 constant bindings (297508 B), 0.0 with no stated length; 34.41 blocking waits, 48.42 ms
ds4:   expert cache over the last 64 tokens: 239.94 hits, 15.02 misses, 15.02 evictions a token; 5911 of 5911 entries live (100.0%)
ds4:   of the address-table holes repaired a token: 0.00 already resident, 15.02 genuinely absent
ds4:   of the repair a token: readahead 8.60 ms, slot preparation 0.74 ms, reads 5.75 ms, install 0.03 ms, over 15.02 loads
ds4:   Engram rows written at step start in 1536 steps; layer-13 drains 0
ds4:   residency a token: 0.00 adds, 0.00 removes, 0.00 commits
ds4:   decode path so far: 1600 single-row steps (73.6 ms each inside the graph over the last 64), 66 K-row verification steps over 2097 positions, 0 batch-fusion sites taken; candidate K 27:3 32:63
ds4: gate over tokens 1537-1600: 22.69 command buffers, 13.36 aborts, 240.0 expert ids accounted, 155.88 MiB loaded a token; 0 the gate failed to switch off, 0 it could not gate
ds4:   one token, exclusive, same window: entry 0.00 + encode 1.87 + commit-to-done 47.54 + repair-load 18.07 + accounting 0.04 + tail 0.00 = 67.53 of a 72.61 ms wall, residual 5.09
ds4:   GPU busy 47.21 ms of the token's wall (the union of its buffers' spans), idle 25.40 ms
ds4:   1347.3 gated dispatches a token, 11.7 of them behind an abort; 435.5 sent plain ahead of a buffer's first validate
ds4:   encode-ahead: 8.33 segments used, 12.70 dropped, 4.63 ms a token spent encoding under the GPU
ds4:   concurrent sections: 201.28 attempted, 201.28 opened a token
ds4:   speculation: 0.00 layers a token, 0.00 lanes computed, 0.00 matched, 0.00 GEMVs actually saved, 0.00 left to compute; compared 0.00 lanes, 0.00 floats differ, 0.00 by more than an ulp
ds4:   Metal 4: 35.39 command buffers sent, 2962.7 dispatches a token; 0 pieces of Metal 3 work so far
ds4:   Metal 4 a token: 35.39 contexts in 35.39 command buffers (0.00 split); 3101.8 nodes = 2962.7 dispatches + 139.1 copies; barriers 2204.2 from the graph, 70.8 queue; engine asked for 108.3 barriers and 424.6 section ends, neither encoded; 12112.5 buffer and 3419.1 constant bindings (304467 B), 0.0 with no stated length; 35.39 blocking waits, 45.96 ms
ds4:   expert cache over the last 64 tokens: 239.89 hits, 16.42 misses, 16.42 evictions a token; 5911 of 5911 entries live (100.0%)
ds4:   of the address-table holes repaired a token: 0.00 already resident, 16.42 genuinely absent
ds4:   of the repair a token: readahead 9.52 ms, slot preparation 0.78 ms, reads 7.41 ms, install 0.04 ms, over 16.42 loads
ds4:   Engram rows written at step start in 1600 steps; layer-13 drains 0
ds4:   residency a token: 0.00 adds, 0.00 removes, 0.00 commits
ds4:   decode path so far: 1664 single-row steps (74.9 ms each inside the graph over the last 64), 66 K-row verification steps over 2097 positions, 0 batch-fusion sites taken; candidate K 27:3 32:63
ds4: gate over tokens 1601-1664: 23.03 command buffers, 13.66 aborts, 240.0 expert ids accounted, 158.55 MiB loaded a token; 0 the gate failed to switch off, 0 it could not gate
ds4:   one token, exclusive, same window: entry 0.00 + encode 1.94 + commit-to-done 47.01 + repair-load 19.89 + accounting 0.04 + tail 0.00 = 68.88 of a 74.10 ms wall, residual 5.22
ds4:   GPU busy 46.62 ms of the token's wall (the union of its buffers' spans), idle 27.49 ms
ds4:   1356.8 gated dispatches a token, 8.4 of them behind an abort; 453.2 sent plain ahead of a buffer's first validate
ds4:   encode-ahead: 8.38 segments used, 13.06 dropped, 4.77 ms a token spent encoding under the GPU
ds4:   concurrent sections: 205.19 attempted, 205.19 opened a token
ds4:   speculation: 0.00 layers a token, 0.00 lanes computed, 0.00 matched, 0.00 GEMVs actually saved, 0.00 left to compute; compared 0.00 lanes, 0.00 floats differ, 0.00 by more than an ulp
ds4:   Metal 4: 36.09 command buffers sent, 3020.3 dispatches a token; 0 pieces of Metal 3 work so far
ds4:   Metal 4 a token: 36.09 contexts in 36.09 command buffers (0.00 split); 3161.1 nodes = 3020.3 dispatches + 140.8 copies; barriers 2248.5 from the graph, 72.2 queue; engine asked for 110.4 barriers and 432.8 section ends, neither encoded; 12347.5 buffer and 3485.5 constant bindings (310453 B), 0.0 with no stated length; 36.09 blocking waits, 45.36 ms
ds4:   expert cache over the last 64 tokens: 239.94 hits, 16.70 misses, 16.70 evictions a token; 5911 of 5911 entries live (100.0%)
ds4:   of the address-table holes repaired a token: 0.00 already resident, 16.70 genuinely absent
ds4:   of the repair a token: readahead 11.98 ms, slot preparation 0.80 ms, reads 6.75 ms, install 0.04 ms, over 16.70 loads
ds4:   Engram rows written at step start in 1664 steps; layer-13 drains 0
ds4:   residency a token: 0.00 adds, 0.00 removes, 0.00 commits
ds4:   decode path so far: 1728 single-row steps (74.0 ms each inside the graph over the last 64), 66 K-row verification steps over 2097 positions, 0 batch-fusion sites taken; candidate K 27:3 32:63
ds4: gate over tokens 1665-1728: 23.14 command buffers, 13.69 aborts, 240.0 expert ids accounted, 160.18 MiB loaded a token; 0 the gate failed to switch off, 0 it could not gate
ds4:   one token, exclusive, same window: entry 0.00 + encode 1.92 + commit-to-done 47.35 + repair-load 18.86 + accounting 0.04 + tail 0.00 = 68.18 of a 73.37 ms wall, residual 5.20
ds4:   GPU busy 46.98 ms of the token's wall (the union of its buffers' spans), idle 26.40 ms
ds4:   1375.4 gated dispatches a token, 15.9 of them behind an abort; 445.1 sent plain ahead of a buffer's first validate
ds4:   encode-ahead: 8.45 segments used, 12.86 dropped, 4.75 ms a token spent encoding under the GPU
ds4:   concurrent sections: 204.91 attempted, 204.91 opened a token
ds4:   speculation: 0.00 layers a token, 0.00 lanes computed, 0.00 matched, 0.00 GEMVs actually saved, 0.00 left to compute; compared 0.00 lanes, 0.00 floats differ, 0.00 by more than an ulp
ds4:   Metal 4: 36.00 command buffers sent, 3013.8 dispatches a token; 0 pieces of Metal 3 work so far
ds4:   Metal 4 a token: 36.00 contexts in 36.00 command buffers (0.00 split); 3155.5 nodes = 3013.8 dispatches + 141.7 copies; barriers 2242.0 from the graph, 72.0 queue; engine asked for 110.1 barriers and 432.1 section ends, neither encoded; 12323.3 buffer and 3478.3 constant bindings (309709 B), 0.0 with no stated length; 36.00 blocking waits, 45.71 ms
ds4:   expert cache over the last 64 tokens: 239.91 hits, 16.88 misses, 16.88 evictions a token; 5911 of 5911 entries live (100.0%)
ds4:   of the address-table holes repaired a token: 0.00 already resident, 16.88 genuinely absent
ds4:   of the repair a token: readahead 11.06 ms, slot preparation 0.80 ms, reads 6.63 ms, install 0.04 ms, over 16.88 loads
ds4:   Engram rows written at step start in 1728 steps; layer-13 drains 0
ds4:   residency a token: 0.00 adds, 0.00 removes, 0.00 commits
ds4:   decode path so far: 1792 single-row steps (76.4 ms each inside the graph over the last 64), 66 K-row verification steps over 2097 positions, 0 batch-fusion sites taken; candidate K 27:3 32:63
ds4: gate over tokens 1729-1792: 23.86 command buffers, 15.08 aborts, 240.0 expert ids accounted, 178.87 MiB loaded a token; 0 the gate failed to switch off, 0 it could not gate
ds4:   one token, exclusive, same window: entry 0.00 + encode 2.08 + commit-to-done 47.21 + repair-load 20.77 + accounting 0.04 + tail 0.00 = 70.10 of a 75.44 ms wall, residual 5.34
ds4:   GPU busy 46.47 ms of the token's wall (the union of its buffers' spans), idle 28.97 ms
ds4:   1353.5 gated dispatches a token, 17.8 of them behind an abort; 490.9 sent plain ahead of a buffer's first validate
ds4:   encode-ahead: 7.78 segments used, 14.16 dropped, 4.86 ms a token spent encoding under the GPU
ds4:   concurrent sections: 216.03 attempted, 216.03 opened a token
ds4:   speculation: 0.00 layers a token, 0.00 lanes computed, 0.00 matched, 0.00 GEMVs actually saved, 0.00 left to compute; compared 0.00 lanes, 0.00 floats differ, 0.00 by more than an ulp
ds4:   Metal 4: 38.02 command buffers sent, 3161.4 dispatches a token; 0 pieces of Metal 3 work so far
ds4:   Metal 4 a token: 38.02 contexts in 38.02 command buffers (0.00 split); 3316.2 nodes = 3161.4 dispatches + 154.8 copies; barriers 2351.9 from the graph, 76.0 queue; engine asked for 114.9 barriers and 455.0 section ends, neither encoded; 12930.5 buffer and 3650.3 constant bindings (325184 B), 0.0 with no stated length; 38.02 blocking waits, 45.46 ms
ds4:   expert cache over the last 64 tokens: 239.94 hits, 18.84 misses, 18.84 evictions a token; 5911 of 5911 entries live (100.0%)
ds4:   of the address-table holes repaired a token: 0.00 already resident, 18.84 genuinely absent
ds4:   of the repair a token: readahead 11.95 ms, slot preparation 0.87 ms, reads 7.53 ms, install 0.04 ms, over 18.84 loads
ds4:   Engram rows written at step start in 1792 steps; layer-13 drains 0
ds4:   residency a token: 0.00 adds, 0.00 removes, 0.00 commits
ds4:   decode path so far: 1856 single-row steps (75.3 ms each inside the graph over the last 64), 66 K-row verification steps over 2097 positions, 0 batch-fusion sites taken; candidate K 27:3 32:63
ds4: gate over tokens 1793-1856: 23.19 command buffers, 14.02 aborts, 240.0 expert ids accounted, 167.60 MiB loaded a token; 0 the gate failed to switch off, 0 it could not gate
ds4:   one token, exclusive, same window: entry 0.00 + encode 1.98 + commit-to-done 47.29 + repair-load 20.02 + accounting 0.04 + tail 0.00 = 69.33 of a 74.57 ms wall, residual 5.24
ds4:   GPU busy 46.83 ms of the token's wall (the union of its buffers' spans), idle 27.74 ms
ds4:   1361.1 gated dispatches a token, 11.7 of them behind an abort; 461.3 sent plain ahead of a buffer's first validate
ds4:   encode-ahead: 8.17 segments used, 13.23 dropped, 4.77 ms a token spent encoding under the GPU
ds4:   concurrent sections: 207.78 attempted, 207.78 opened a token
ds4:   speculation: 0.00 layers a token, 0.00 lanes computed, 0.00 matched, 0.00 GEMVs actually saved, 0.00 left to compute; compared 0.00 lanes, 0.00 floats differ, 0.00 by more than an ulp
ds4:   Metal 4: 36.42 command buffers sent, 3057.2 dispatches a token; 0 pieces of Metal 3 work so far
ds4:   Metal 4 a token: 36.42 contexts in 36.42 command buffers (0.00 split); 3202.7 nodes = 3057.2 dispatches + 145.5 copies; barriers 2275.2 from the graph, 72.8 queue; engine asked for 111.3 barriers and 438.0 section ends, neither encoded; 12493.1 buffer and 3528.2 constant bindings (314163 B), 0.0 with no stated length; 36.42 blocking waits, 45.64 ms
ds4:   expert cache over the last 64 tokens: 239.89 hits, 17.66 misses, 17.66 evictions a token; 5911 of 5911 entries live (100.0%)
ds4:   of the address-table holes repaired a token: 0.00 already resident, 17.66 genuinely absent
ds4:   of the repair a token: readahead 11.81 ms, slot preparation 0.80 ms, reads 7.01 ms, install 0.04 ms, over 17.66 loads
ds4:   Engram rows written at step start in 1856 steps; layer-13 drains 0
ds4:   residency a token: 0.00 adds, 0.00 removes, 0.00 commits
ds4:   decode path so far: 1920 single-row steps (74.2 ms each inside the graph over the last 64), 66 K-row verification steps over 2097 positions, 0 batch-fusion sites taken; candidate K 27:3 32:63
ds4: gate over tokens 1857-1920: 22.97 command buffers, 13.11 aborts, 240.0 expert ids accounted, 153.51 MiB loaded a token; 0 the gate failed to switch off, 0 it could not gate
ds4:   one token, exclusive, same window: entry 0.00 + encode 1.87 + commit-to-done 47.82 + repair-load 18.40 + accounting 0.04 + tail 0.00 = 68.14 of a 73.31 ms wall, residual 5.17
ds4:   GPU busy 47.45 ms of the token's wall (the union of its buffers' spans), idle 25.86 ms
ds4:   1367.2 gated dispatches a token, 10.8 of them behind an abort; 428.6 sent plain ahead of a buffer's first validate
ds4:   encode-ahead: 8.86 segments used, 12.41 dropped, 4.73 ms a token spent encoding under the GPU
ds4:   concurrent sections: 200.09 attempted, 200.09 opened a token
ds4:   speculation: 0.00 layers a token, 0.00 lanes computed, 0.00 matched, 0.00 GEMVs actually saved, 0.00 left to compute; compared 0.00 lanes, 0.00 floats differ, 0.00 by more than an ulp
ds4:   Metal 4: 35.38 command buffers sent, 2950.5 dispatches a token; 0 pieces of Metal 3 work so far
ds4:   Metal 4 a token: 35.38 contexts in 35.38 command buffers (0.00 split); 3087.8 nodes = 2950.5 dispatches + 137.3 copies; barriers 2196.7 from the graph, 70.8 queue; engine asked for 108.2 barriers and 422.5 section ends, neither encoded; 12061.3 buffer and 3404.2 constant bindings (303225 B), 0.0 with no stated length; 35.38 blocking waits, 46.20 ms
ds4:   expert cache over the last 64 tokens: 239.98 hits, 16.17 misses, 16.17 evictions a token; 5911 of 5911 entries live (100.0%)
ds4:   of the address-table holes repaired a token: 0.00 already resident, 16.17 genuinely absent
ds4:   of the repair a token: readahead 10.69 ms, slot preparation 0.78 ms, reads 6.58 ms, install 0.04 ms, over 16.17 loads
ds4:   Engram rows written at step start in 1920 steps; layer-13 drains 0
ds4:   residency a token: 0.00 adds, 0.00 removes, 0.00 commits
ds4:   decode path so far: 1984 single-row steps (73.4 ms each inside the graph over the last 64), 66 K-row verification steps over 2097 positions, 0 batch-fusion sites taken; candidate K 27:3 32:63
ds4: gate over tokens 1921-1984: 22.48 command buffers, 12.80 aborts, 240.0 expert ids accounted, 148.76 MiB loaded a token; 0 the gate failed to switch off, 0 it could not gate
ds4:   one token, exclusive, same window: entry 0.00 + encode 1.84 + commit-to-done 47.29 + repair-load 18.28 + accounting 0.04 + tail 0.00 = 67.46 of a 72.57 ms wall, residual 5.11
ds4:   GPU busy 47.16 ms of the token's wall (the union of its buffers' spans), idle 25.41 ms
ds4:   1353.2 gated dispatches a token, 9.4 of them behind an abort; 421.9 sent plain ahead of a buffer's first validate
ds4:   encode-ahead: 8.69 segments used, 12.20 dropped, 4.67 ms a token spent encoding under the GPU
ds4:   concurrent sections: 197.06 attempted, 197.06 opened a token
ds4:   speculation: 0.00 layers a token, 0.00 lanes computed, 0.00 matched, 0.00 GEMVs actually saved, 0.00 left to compute; compared 0.00 lanes, 0.00 floats differ, 0.00 by more than an ulp
ds4:   Metal 4: 34.69 command buffers sent, 2914.5 dispatches a token; 0 pieces of Metal 3 work so far
ds4:   Metal 4 a token: 34.69 contexts in 34.69 command buffers (0.00 split); 3049.1 nodes = 2914.5 dispatches + 134.7 copies; barriers 2169.5 from the graph, 69.4 queue; engine asked for 106.6 barriers and 416.0 section ends, neither encoded; 11904.4 buffer and 3361.6 constant bindings (299334 B), 0.0 with no stated length; 34.69 blocking waits, 45.72 ms
ds4:   expert cache over the last 64 tokens: 239.97 hits, 15.67 misses, 15.67 evictions a token; 5911 of 5911 entries live (100.0%)
ds4:   of the address-table holes repaired a token: 0.00 already resident, 15.67 genuinely absent
ds4:   of the repair a token: readahead 10.59 ms, slot preparation 0.77 ms, reads 6.59 ms, install 0.04 ms, over 15.67 loads
ds4:   Engram rows written at step start in 1984 steps; layer-13 drains 0
ds4:   residency a token: 0.00 adds, 0.00 removes, 0.00 commits
ds4:   decode path so far: 2048 single-row steps (75.4 ms each inside the graph over the last 64), 66 K-row verification steps over 2097 positions, 0 batch-fusion sites taken; candidate K 27:3 32:63
ds4: gate over tokens 1985-2048: 23.02 command buffers, 13.48 aborts, 240.0 expert ids accounted, 163.44 MiB loaded a token; 0 the gate failed to switch off, 0 it could not gate
ds4:   one token, exclusive, same window: entry 0.00 + encode 1.90 + commit-to-done 47.72 + repair-load 19.97 + accounting 0.04 + tail 0.00 = 69.64 of a 74.75 ms wall, residual 5.11
ds4:   GPU busy 47.02 ms of the token's wall (the union of its buffers' spans), idle 27.73 ms
ds4:   1365.8 gated dispatches a token, 11.7 of them behind an abort; 442.1 sent plain ahead of a buffer's first validate
ds4:   encode-ahead: 8.53 segments used, 12.67 dropped, 4.69 ms a token spent encoding under the GPU
ds4:   concurrent sections: 202.16 attempted, 202.16 opened a token
ds4:   speculation: 0.00 layers a token, 0.00 lanes computed, 0.00 matched, 0.00 GEMVs actually saved, 0.00 left to compute; compared 0.00 lanes, 0.00 floats differ, 0.00 by more than an ulp
ds4:   Metal 4: 35.69 command buffers sent, 2969.0 dispatches a token; 0 pieces of Metal 3 work so far
ds4:   Metal 4 a token: 35.69 contexts in 35.69 command buffers (0.00 split); 3111.1 nodes = 2969.0 dispatches + 142.1 copies; barriers 2209.4 from the graph, 71.4 queue; engine asked for 108.8 barriers and 426.5 section ends, neither encoded; 12147.7 buffer and 3427.2 constant bindings (305334 B), 0.0 with no stated length; 35.69 blocking waits, 46.06 ms
ds4:   expert cache over the last 64 tokens: 239.94 hits, 17.22 misses, 17.22 evictions a token; 5911 of 5911 entries live (100.0%)
ds4:   of the address-table holes repaired a token: 0.00 already resident, 17.22 genuinely absent
ds4:   of the repair a token: readahead 12.17 ms, slot preparation 0.78 ms, reads 6.61 ms, install 0.04 ms, over 17.22 loads
ds4:   Engram rows written at step start in 2048 steps; layer-13 drains 0
ds4:   residency a token: 0.00 adds, 0.00 removes, 0.00 commits
ds4: V4.1 prefill tail of 699 rows at position 4096 ran 699 token-major steps
ds4: expert cache lent the prefill headroom for decode: 5911 -> 6679 experts
round 0 A  51.776 s  logits dd695094752a1c7e state d721dfb78fb413ae same | hits 167341 misses 11671 loads 11671 evictions 11671
ds4: V4.1 batch step rows=32 pre 0.0 ms, per-row attention 0.0 ms, moe 0.0 ms, head 0.0 ms, setup 0.0 ms, publish 0.0 ms
ds4: V4.1 batch step rows=32 pre 0.0 ms, per-row attention 0.0 ms, moe 0.0 ms, head 0.0 ms, setup 0.0 ms, publish 0.0 ms
ds4: V4.1 batch step rows=32 pre 0.0 ms, per-row attention 0.0 ms, moe 0.0 ms, head 0.0 ms, setup 0.0 ms, publish 0.0 ms
ds4: V4.1 batch step rows=32 pre 0.0 ms, per-row attention 0.0 ms, moe 0.0 ms, head 0.0 ms, setup 0.0 ms, publish 0.0 ms
ds4: V4.1 batch step rows=32 pre 0.0 ms, per-row attention 0.0 ms, moe 0.0 ms, head 0.0 ms, setup 0.0 ms, publish 0.0 ms
ds4: V4.1 batch step rows=32 pre 0.0 ms, per-row attention 0.0 ms, moe 0.0 ms, head 0.0 ms, setup 0.0 ms, publish 0.0 ms
ds4: V4.1 batch step rows=32 pre 0.0 ms, per-row attention 0.0 ms, moe 0.0 ms, head 0.0 ms, setup 0.0 ms, publish 0.0 ms
ds4: V4.1 batch step rows=32 pre 0.0 ms, per-row attention 0.0 ms, moe 0.0 ms, head 0.0 ms, setup 0.0 ms, publish 0.0 ms
ds4: V4.1 batch step rows=32 pre 0.0 ms, per-row attention 0.0 ms, moe 0.0 ms, head 0.0 ms, setup 0.0 ms, publish 0.0 ms
ds4: V4.1 batch step rows=32 pre 0.0 ms, per-row attention 0.0 ms, moe 0.0 ms, head 0.0 ms, setup 0.0 ms, publish 0.0 ms
ds4: V4.1 batch step rows=32 pre 0.0 ms, per-row attention 0.0 ms, moe 0.0 ms, head 0.0 ms, setup 0.0 ms, publish 0.0 ms
ds4: V4.1 batch step rows=32 pre 0.0 ms, per-row attention 0.0 ms, moe 0.0 ms, head 0.0 ms, setup 0.0 ms, publish 0.0 ms
ds4: V4.1 batch step rows=32 pre 0.0 ms, per-row attention 0.0 ms, moe 0.0 ms, head 0.0 ms, setup 0.0 ms, publish 0.0 ms
ds4: V4.1 batch step rows=32 pre 0.0 ms, per-row attention 0.0 ms, moe 0.0 ms, head 0.0 ms, setup 0.0 ms, publish 0.0 ms
ds4: V4.1 batch step rows=32 pre 0.0 ms, per-row attention 0.0 ms, moe 0.0 ms, head 0.0 ms, setup 0.0 ms, publish 0.0 ms
ds4: V4.1 batch step rows=32 pre 0.0 ms, per-row attention 0.0 ms, moe 0.0 ms, head 0.0 ms, setup 0.0 ms, publish 0.0 ms
ds4: V4.1 batch step rows=32 pre 0.0 ms, per-row attention 0.0 ms, moe 0.0 ms, head 0.0 ms, setup 0.0 ms, publish 0.0 ms
ds4: V4.1 batch step rows=32 pre 0.0 ms, per-row attention 0.0 ms, moe 0.0 ms, head 0.0 ms, setup 0.0 ms, publish 0.0 ms
ds4: V4.1 batch step rows=32 pre 0.0 ms, per-row attention 0.0 ms, moe 0.0 ms, head 0.0 ms, setup 0.0 ms, publish 0.0 ms
ds4: V4.1 batch step rows=32 pre 0.0 ms, per-row attention 0.0 ms, moe 0.0 ms, head 0.0 ms, setup 0.0 ms, publish 0.0 ms
ds4: V4.1 batch step rows=32 pre 0.0 ms, per-row attention 0.0 ms, moe 0.0 ms, head 0.0 ms, setup 0.0 ms, publish 0.0 ms
ds4: V4.1 batch step rows=27 pre 0.0 ms, per-row attention 0.0 ms, moe 0.0 ms, head 0.0 ms, setup 0.0 ms, publish 0.0 ms
ds4: V4.1 prefill tail at position 4096 ran 699 rows as 22 batch steps (candidate)
ds4: expert cache lent the prefill headroom for decode: 5911 -> 6679 experts
round 1 B  33.541 s  logits dd695094752a1c7e state d721dfb78fb413ae same | hits 157073 misses 10687 loads 10687 evictions 10687
ds4:   decode path so far: 2112 single-row steps (79.8 ms each inside the graph over the last 64), 88 K-row verification steps over 2796 positions, 0 batch-fusion sites taken; candidate K 27:4 32:84
ds4: gate over tokens 2049-2112: 24.94 command buffers, 16.47 aborts, 240.0 expert ids accounted, 213.28 MiB loaded a token; 0 the gate failed to switch off, 0 it could not gate
ds4:   one token, exclusive, same window: entry 0.00 + encode 2.35 + commit-to-done 46.07 + repair-load 24.16 + accounting 0.04 + tail 0.00 = 72.63 of a 78.34 ms wall, residual 5.71
ds4:   GPU busy 349.20 ms of the token's wall (the union of its buffers' spans), idle -270.87 ms
ds4:   1375.9 gated dispatches a token, 13.6 of them behind an abort; 532.6 sent plain ahead of a buffer's first validate
ds4:   encode-ahead: 7.47 segments used, 15.70 dropped, 5.25 ms a token spent encoding under the GPU
ds4:   concurrent sections: 230.41 attempted, 230.41 opened a token
ds4:   speculation: 0.00 layers a token, 0.00 lanes computed, 0.00 matched, 0.00 GEMVs actually saved, 0.00 left to compute; compared 0.00 lanes, 0.00 floats differ, 0.00 by more than an ulp
ds4:   Metal 4: 68.86 command buffers sent, 10422.0 dispatches a token; 0 pieces of Metal 3 work so far
ds4:   Metal 4 a token: 68.86 contexts in 68.86 command buffers (0.00 split); 10933.2 nodes = 10422.0 dispatches + 511.3 copies; barriers 7232.5 from the graph, 137.7 queue; engine asked for 121.9 barriers and 513.2 section ends, neither encoded; 30214.8 buffer and 10981.3 constant bindings (908398 B), 0.0 with no stated length; 68.86 blocking waits, 364.11 ms
ds4:   expert cache over the last 64 tokens: 2692.92 hits, 189.45 misses, 189.45 evictions a token; 5911 of 5911 entries live (100.0%)
ds4:   of the address-table holes repaired a token: 0.00 already resident, 22.47 genuinely absent
ds4:   of the repair a token: readahead 13.74 ms, slot preparation 0.88 ms, reads 8.93 ms, install 0.05 ms, over 22.47 loads
ds4:   Engram rows written at step start in 2112 steps; layer-13 drains 0
ds4:   residency a token: 0.00 adds, 0.00 removes, 0.00 commits
ds4:   decode path so far: 2176 single-row steps (69.6 ms each inside the graph over the last 64), 88 K-row verification steps over 2796 positions, 0 batch-fusion sites taken; candidate K 27:4 32:84
ds4: gate over tokens 2113-2176: 20.02 command buffers, 9.22 aborts, 240.0 expert ids accounted, 99.96 MiB loaded a token; 0 the gate failed to switch off, 0 it could not gate
ds4:   one token, exclusive, same window: entry 0.00 + encode 1.20 + commit-to-done 51.91 + repair-load 11.78 + accounting 0.04 + tail 0.00 = 64.93 of a 69.06 ms wall, residual 4.12
ds4:   GPU busy 52.58 ms of the token's wall (the union of its buffers' spans), idle 16.47 ms
ds4:   1328.8 gated dispatches a token, 7.0 of them behind an abort; 308.2 sent plain ahead of a buffer's first validate
ds4:   encode-ahead: 9.80 segments used, 8.81 dropped, 3.65 ms a token spent encoding under the GPU
ds4:   concurrent sections: 164.62 attempted, 164.62 opened a token
ds4:   speculation: 0.00 layers a token, 0.00 lanes computed, 0.00 matched, 0.00 GEMVs actually saved, 0.00 left to compute; compared 0.00 lanes, 0.00 floats differ, 0.00 by more than an ulp
ds4:   Metal 4: 28.83 command buffers sent, 2469.6 dispatches a token; 0 pieces of Metal 3 work so far
ds4:   Metal 4 a token: 28.83 contexts in 28.83 command buffers (0.00 split); 2570.8 nodes = 2469.6 dispatches + 101.2 copies; barriers 1840.3 from the graph, 57.7 queue; engine asked for 91.7 barriers and 348.9 section ends, neither encoded; 10083.2 buffer and 2845.2 constant bindings (253414 B), 0.0 with no stated length; 28.83 blocking waits, 50.83 ms
ds4:   expert cache over the last 64 tokens: 236.61 hits, 10.53 misses, 10.53 evictions a token; 5911 of 5911 entries live (100.0%)
ds4:   of the address-table holes repaired a token: 0.00 already resident, 10.53 genuinely absent
ds4:   of the repair a token: readahead 6.74 ms, slot preparation 0.55 ms, reads 4.34 ms, install 0.02 ms, over 10.53 loads
ds4:   Engram rows written at step start in 2176 steps; layer-13 drains 0
ds4:   residency a token: 0.00 adds, 0.00 removes, 0.00 commits
ds4:   decode path so far: 2240 single-row steps (74.5 ms each inside the graph over the last 64), 88 K-row verification steps over 2796 positions, 0 batch-fusion sites taken; candidate K 27:4 32:84
ds4: gate over tokens 2177-2240: 22.89 command buffers, 13.59 aborts, 240.0 expert ids accounted, 153.51 MiB loaded a token; 0 the gate failed to switch off, 0 it could not gate
ds4:   one token, exclusive, same window: entry 0.00 + encode 1.82 + commit-to-done 46.77 + repair-load 19.99 + accounting 0.04 + tail 0.00 = 68.63 of a 73.57 ms wall, residual 4.94
ds4:   GPU busy 46.45 ms of the token's wall (the union of its buffers' spans), idle 27.12 ms
ds4:   1347.9 gated dispatches a token, 10.8 of them behind an abort; 446.6 sent plain ahead of a buffer's first validate
ds4:   encode-ahead: 8.30 segments used, 12.91 dropped, 4.47 ms a token spent encoding under the GPU
ds4:   concurrent sections: 203.62 attempted, 203.62 opened a token
ds4:   speculation: 0.00 layers a token, 0.00 lanes computed, 0.00 matched, 0.00 GEMVs actually saved, 0.00 left to compute; compared 0.00 lanes, 0.00 floats differ, 0.00 by more than an ulp
ds4:   Metal 4: 35.80 command buffers sent, 2997.5 dispatches a token; 0 pieces of Metal 3 work so far
ds4:   Metal 4 a token: 35.80 contexts in 35.80 command buffers (0.00 split); 3132.9 nodes = 2997.5 dispatches + 135.4 copies; barriers 2231.1 from the graph, 71.6 queue; engine asked for 109.4 barriers and 429.5 section ends, neither encoded; 12253.0 buffer and 3459.2 constant bindings (308076 B), 0.0 with no stated length; 35.80 blocking waits, 45.18 ms
ds4:   expert cache over the last 64 tokens: 239.86 hits, 16.17 misses, 16.17 evictions a token; 5911 of 5911 entries live (100.0%)
ds4:   of the address-table holes repaired a token: 0.00 already resident, 16.17 genuinely absent
ds4:   of the repair a token: readahead 11.73 ms, slot preparation 0.81 ms, reads 7.15 ms, install 0.04 ms, over 16.17 loads
ds4:   Engram rows written at step start in 2240 steps; layer-13 drains 0
ds4:   residency a token: 0.00 adds, 0.00 removes, 0.00 commits
ds4:   decode path so far: 2304 single-row steps (76.4 ms each inside the graph over the last 64), 88 K-row verification steps over 2796 positions, 0 batch-fusion sites taken; candidate K 27:4 32:84
ds4: gate over tokens 2241-2304: 22.92 command buffers, 13.73 aborts, 240.0 expert ids accounted, 161.07 MiB loaded a token; 0 the gate failed to switch off, 0 it could not gate
ds4:   one token, exclusive, same window: entry 0.00 + encode 1.94 + commit-to-done 46.99 + repair-load 21.46 + accounting 0.04 + tail 0.00 = 70.44 of a 75.61 ms wall, residual 5.17
ds4:   GPU busy 46.13 ms of the token's wall (the union of its buffers' spans), idle 29.47 ms
ds4:   1347.5 gated dispatches a token, 13.6 of them behind an abort; 448.4 sent plain ahead of a buffer's first validate
ds4:   encode-ahead: 8.19 segments used, 13.02 dropped, 4.71 ms a token spent encoding under the GPU
ds4:   concurrent sections: 204.28 attempted, 204.28 opened a token
ds4:   speculation: 0.00 layers a token, 0.00 lanes computed, 0.00 matched, 0.00 GEMVs actually saved, 0.00 left to compute; compared 0.00 lanes, 0.00 floats differ, 0.00 by more than an ulp
ds4:   Metal 4: 35.94 command buffers sent, 3002.5 dispatches a token; 0 pieces of Metal 3 work so far
ds4:   Metal 4 a token: 35.94 contexts in 35.94 command buffers (0.00 split); 3145.1 nodes = 3002.5 dispatches + 142.6 copies; barriers 2233.7 from the graph, 71.9 queue; engine asked for 109.6 barriers and 430.8 section ends, neither encoded; 12276.2 buffer and 3465.6 constant bindings (308598 B), 0.0 with no stated length; 35.94 blocking waits, 45.30 ms
ds4:   expert cache over the last 64 tokens: 239.97 hits, 16.97 misses, 16.97 evictions a token; 5911 of 5911 entries live (100.0%)
ds4:   of the address-table holes repaired a token: 0.00 already resident, 16.97 genuinely absent
ds4:   of the repair a token: readahead 12.70 ms, slot preparation 0.80 ms, reads 7.59 ms, install 0.04 ms, over 16.97 loads
ds4:   Engram rows written at step start in 2304 steps; layer-13 drains 0
ds4:   residency a token: 0.00 adds, 0.00 removes, 0.00 commits
ds4:   decode path so far: 2368 single-row steps (74.6 ms each inside the graph over the last 64), 88 K-row verification steps over 2796 positions, 0 batch-fusion sites taken; candidate K 27:4 32:84
ds4: gate over tokens 2305-2368: 22.95 command buffers, 13.50 aborts, 240.0 expert ids accounted, 157.51 MiB loaded a token; 0 the gate failed to switch off, 0 it could not gate
ds4:   one token, exclusive, same window: entry 0.00 + encode 1.94 + commit-to-done 46.56 + repair-load 21.68 + accounting 0.04 + tail 0.00 = 70.22 of a 75.45 ms wall, residual 5.23
ds4:   GPU busy 45.95 ms of the token's wall (the union of its buffers' spans), idle 29.51 ms
ds4:   1359.5 gated dispatches a token, 7.5 of them behind an abort; 448.0 sent plain ahead of a buffer's first validate
ds4:   encode-ahead: 8.45 segments used, 12.92 dropped, 4.77 ms a token spent encoding under the GPU
ds4:   concurrent sections: 204.22 attempted, 204.22 opened a token
ds4:   speculation: 0.00 layers a token, 0.00 lanes computed, 0.00 matched, 0.00 GEMVs actually saved, 0.00 left to compute; compared 0.00 lanes, 0.00 floats differ, 0.00 by more than an ulp
ds4:   Metal 4: 35.88 command buffers sent, 3008.6 dispatches a token; 0 pieces of Metal 3 work so far
ds4:   Metal 4 a token: 35.88 contexts in 35.88 command buffers (0.00 split); 3149.2 nodes = 3008.6 dispatches + 140.6 copies; barriers 2239.9 from the graph, 71.8 queue; engine asked for 110.0 barriers and 430.8 section ends, neither encoded; 12299.0 buffer and 3471.8 constant bindings (309239 B), 0.0 with no stated length; 35.88 blocking waits, 44.89 ms
ds4:   expert cache over the last 64 tokens: 239.91 hits, 16.59 misses, 16.59 evictions a token; 5911 of 5911 entries live (100.0%)
ds4:   of the address-table holes repaired a token: 0.00 already resident, 16.59 genuinely absent
ds4:   of the repair a token: readahead 13.01 ms, slot preparation 0.81 ms, reads 7.51 ms, install 0.04 ms, over 16.59 loads
ds4:   Engram rows written at step start in 2368 steps; layer-13 drains 0
ds4:   residency a token: 0.00 adds, 0.00 removes, 0.00 commits
ds4:   decode path so far: 2432 single-row steps (75.1 ms each inside the graph over the last 64), 88 K-row verification steps over 2796 positions, 0 batch-fusion sites taken; candidate K 27:4 32:84
ds4: gate over tokens 2369-2432: 23.14 command buffers, 13.77 aborts, 240.0 expert ids accounted, 159.44 MiB loaded a token; 0 the gate failed to switch off, 0 it could not gate
ds4:   one token, exclusive, same window: entry 0.00 + encode 1.93 + commit-to-done 47.27 + repair-load 17.90 + accounting 0.04 + tail 0.00 = 67.15 of a 72.38 ms wall, residual 5.23
ds4:   GPU busy 46.80 ms of the token's wall (the union of its buffers' spans), idle 25.58 ms
ds4:   1371.4 gated dispatches a token, 16.4 of them behind an abort; 447.8 sent plain ahead of a buffer's first validate
ds4:   encode-ahead: 8.38 segments used, 12.94 dropped, 4.75 ms a token spent encoding under the GPU
ds4:   concurrent sections: 205.09 attempted, 205.09 opened a token
ds4:   speculation: 0.00 layers a token, 0.00 lanes computed, 0.00 matched, 0.00 GEMVs actually saved, 0.00 left to compute; compared 0.00 lanes, 0.00 floats differ, 0.00 by more than an ulp
ds4:   Metal 4: 36.08 command buffers sent, 3014.9 dispatches a token; 0 pieces of Metal 3 work so far
ds4:   Metal 4 a token: 36.08 contexts in 36.08 command buffers (0.00 split); 3156.9 nodes = 3014.9 dispatches + 142.0 copies; barriers 2242.8 from the graph, 72.2 queue; engine asked for 110.1 barriers and 432.5 section ends, neither encoded; 12328.0 buffer and 3479.8 constant bindings (309834 B), 0.0 with no stated length; 36.08 blocking waits, 45.63 ms
ds4:   expert cache over the last 64 tokens: 239.92 hits, 16.80 misses, 16.80 evictions a token; 5911 of 5911 entries live (100.0%)
ds4:   of the address-table holes repaired a token: 0.00 already resident, 16.80 genuinely absent
ds4:   of the repair a token: readahead 9.53 ms, slot preparation 0.81 ms, reads 7.21 ms, install 0.04 ms, over 16.80 loads
ds4:   Engram rows written at step start in 2432 steps; layer-13 drains 0
ds4:   residency a token: 0.00 adds, 0.00 removes, 0.00 commits
ds4:   decode path so far: 2496 single-row steps (76.1 ms each inside the graph over the last 64), 88 K-row verification steps over 2796 positions, 0 batch-fusion sites taken; candidate K 27:4 32:84
ds4: gate over tokens 2433-2496: 23.86 command buffers, 15.02 aborts, 240.0 expert ids accounted, 179.76 MiB loaded a token; 0 the gate failed to switch off, 0 it could not gate
ds4:   one token, exclusive, same window: entry 0.00 + encode 2.08 + commit-to-done 46.52 + repair-load 21.43 + accounting 0.04 + tail 0.00 = 70.08 of a 75.44 ms wall, residual 5.36
ds4:   GPU busy 45.67 ms of the token's wall (the union of its buffers' spans), idle 29.77 ms
ds4:   1353.7 gated dispatches a token, 16.9 of them behind an abort; 487.6 sent plain ahead of a buffer's first validate
ds4:   encode-ahead: 7.84 segments used, 14.08 dropped, 4.87 ms a token spent encoding under the GPU
ds4:   concurrent sections: 215.53 attempted, 215.53 opened a token
ds4:   speculation: 0.00 layers a token, 0.00 lanes computed, 0.00 matched, 0.00 GEMVs actually saved, 0.00 left to compute; compared 0.00 lanes, 0.00 floats differ, 0.00 by more than an ulp
ds4:   Metal 4: 37.94 command buffers sent, 3154.3 dispatches a token; 0 pieces of Metal 3 work so far
ds4:   Metal 4 a token: 37.94 contexts in 37.94 command buffers (0.00 split); 3308.8 nodes = 3154.3 dispatches + 154.5 copies; barriers 2346.7 from the graph, 75.9 queue; engine asked for 114.7 barriers and 454.0 section ends, neither encoded; 12902.5 buffer and 3642.2 constant bindings (324458 B), 0.0 with no stated length; 37.94 blocking waits, 44.75 ms
ds4:   expert cache over the last 64 tokens: 239.92 hits, 18.94 misses, 18.94 evictions a token; 5911 of 5911 entries live (100.0%)
ds4:   of the address-table holes repaired a token: 0.00 already resident, 18.94 genuinely absent
ds4:   of the repair a token: readahead 11.91 ms, slot preparation 0.87 ms, reads 8.22 ms, install 0.04 ms, over 18.94 loads
ds4:   Engram rows written at step start in 2496 steps; layer-13 drains 0
ds4:   residency a token: 0.00 adds, 0.00 removes, 0.00 commits
ds4:   decode path so far: 2560 single-row steps (76.4 ms each inside the graph over the last 64), 88 K-row verification steps over 2796 positions, 0 batch-fusion sites taken; candidate K 27:4 32:84
ds4: gate over tokens 2497-2560: 23.39 command buffers, 14.30 aborts, 240.0 expert ids accounted, 170.71 MiB loaded a token; 0 the gate failed to switch off, 0 it could not gate
ds4:   one token, exclusive, same window: entry 0.00 + encode 2.10 + commit-to-done 46.83 + repair-load 21.15 + accounting 0.04 + tail 0.00 = 70.13 of a 75.64 ms wall, residual 5.51
ds4:   GPU busy 46.30 ms of the token's wall (the union of its buffers' spans), idle 29.34 ms
ds4:   1364.7 gated dispatches a token, 14.1 of them behind an abort; 470.0 sent plain ahead of a buffer's first validate
ds4:   encode-ahead: 8.09 segments used, 13.47 dropped, 5.00 ms a token spent encoding under the GPU
ds4:   concurrent sections: 210.28 attempted, 210.28 opened a token
ds4:   speculation: 0.00 layers a token, 0.00 lanes computed, 0.00 matched, 0.00 GEMVs actually saved, 0.00 left to compute; compared 0.00 lanes, 0.00 floats differ, 0.00 by more than an ulp
ds4:   Metal 4: 36.86 command buffers sent, 3091.0 dispatches a token; 0 pieces of Metal 3 work so far
ds4:   Metal 4 a token: 36.86 contexts in 36.86 command buffers (0.00 split); 3238.8 nodes = 3091.0 dispatches + 147.8 copies; barriers 2300.0 from the graph, 73.7 queue; engine asked for 112.4 barriers and 443.1 section ends, neither encoded; 12631.8 buffer and 3567.5 constant bindings (317639 B), 0.0 with no stated length; 36.86 blocking waits, 45.10 ms
ds4:   expert cache over the last 64 tokens: 239.91 hits, 17.98 misses, 17.98 evictions a token; 5911 of 5911 entries live (100.0%)
ds4:   of the address-table holes repaired a token: 0.00 already resident, 17.98 genuinely absent
ds4:   of the repair a token: readahead 11.71 ms, slot preparation 0.87 ms, reads 8.16 ms, install 0.04 ms, over 17.98 loads
ds4:   Engram rows written at step start in 2560 steps; layer-13 drains 0
ds4:   residency a token: 0.00 adds, 0.00 removes, 0.00 commits
ds4:   decode path so far: 2624 single-row steps (73.3 ms each inside the graph over the last 64), 88 K-row verification steps over 2796 positions, 0 batch-fusion sites taken; candidate K 27:4 32:84
ds4: gate over tokens 2561-2624: 22.75 command buffers, 12.81 aborts, 240.0 expert ids accounted, 149.80 MiB loaded a token; 0 the gate failed to switch off, 0 it could not gate
ds4:   one token, exclusive, same window: entry 0.00 + encode 1.88 + commit-to-done 46.27 + repair-load 18.42 + accounting 0.04 + tail 0.00 = 66.61 of a 71.90 ms wall, residual 5.30
ds4:   GPU busy 46.36 ms of the token's wall (the union of its buffers' spans), idle 25.54 ms
ds4:   1366.0 gated dispatches a token, 9.4 of them behind an abort; 420.5 sent plain ahead of a buffer's first validate
ds4:   encode-ahead: 8.94 segments used, 12.19 dropped, 4.85 ms a token spent encoding under the GPU
ds4:   concurrent sections: 197.66 attempted, 197.66 opened a token
ds4:   speculation: 0.00 layers a token, 0.00 lanes computed, 0.00 matched, 0.00 GEMVs actually saved, 0.00 left to compute; compared 0.00 lanes, 0.00 floats differ, 0.00 by more than an ulp
ds4:   Metal 4: 34.94 command buffers sent, 2919.9 dispatches a token; 0 pieces of Metal 3 work so far
ds4:   Metal 4 a token: 34.94 contexts in 34.94 command buffers (0.00 split); 3055.0 nodes = 2919.9 dispatches + 135.1 copies; barriers 2174.6 from the graph, 69.9 queue; engine asked for 107.1 barriers and 417.4 section ends, neither encoded; 11932.4 buffer and 3368.3 constant bindings (300051 B), 0.0 with no stated length; 34.94 blocking waits, 44.66 ms
ds4:   expert cache over the last 64 tokens: 240.00 hits, 15.78 misses, 15.78 evictions a token; 5911 of 5911 entries live (100.0%)
ds4:   of the address-table holes repaired a token: 0.00 already resident, 15.78 genuinely absent
ds4:   of the repair a token: readahead 10.22 ms, slot preparation 0.77 ms, reads 7.08 ms, install 0.04 ms, over 15.78 loads
ds4:   Engram rows written at step start in 2624 steps; layer-13 drains 0
ds4:   residency a token: 0.00 adds, 0.00 removes, 0.00 commits
ds4:   decode path so far: 2688 single-row steps (72.3 ms each inside the graph over the last 64), 88 K-row verification steps over 2796 positions, 0 batch-fusion sites taken; candidate K 27:4 32:84
ds4: gate over tokens 2625-2688: 22.33 command buffers, 12.59 aborts, 240.0 expert ids accounted, 145.94 MiB loaded a token; 0 the gate failed to switch off, 0 it could not gate
ds4:   one token, exclusive, same window: entry 0.00 + encode 1.84 + commit-to-done 46.34 + repair-load 17.76 + accounting 0.04 + tail 0.00 = 65.99 of a 71.14 ms wall, residual 5.16
ds4:   GPU busy 46.23 ms of the token's wall (the union of its buffers' spans), idle 24.91 ms
ds4:   1350.0 gated dispatches a token, 8.0 of them behind an abort; 415.6 sent plain ahead of a buffer's first validate
ds4:   encode-ahead: 8.73 segments used, 12.02 dropped, 4.69 ms a token spent encoding under the GPU
ds4:   concurrent sections: 195.09 attempted, 195.09 opened a token
ds4:   speculation: 0.00 layers a token, 0.00 lanes computed, 0.00 matched, 0.00 GEMVs actually saved, 0.00 left to compute; compared 0.00 lanes, 0.00 floats differ, 0.00 by more than an ulp
ds4:   Metal 4: 34.34 command buffers sent, 2885.4 dispatches a token; 0 pieces of Metal 3 work so far
ds4:   Metal 4 a token: 34.34 contexts in 34.34 command buffers (0.00 split); 3017.9 nodes = 2885.4 dispatches + 132.4 copies; barriers 2147.7 from the graph, 68.7 queue; engine asked for 105.7 barriers and 411.9 section ends, neither encoded; 11788.5 buffer and 3328.2 constant bindings (296354 B), 0.0 with no stated length; 34.34 blocking waits, 44.78 ms
ds4:   expert cache over the last 64 tokens: 239.97 hits, 15.38 misses, 15.38 evictions a token; 5911 of 5911 entries live (100.0%)
ds4:   of the address-table holes repaired a token: 0.00 already resident, 15.38 genuinely absent
ds4:   of the repair a token: readahead 10.55 ms, slot preparation 0.75 ms, reads 6.13 ms, install 0.04 ms, over 15.38 loads
ds4:   Engram rows written at step start in 2688 steps; layer-13 drains 0
ds4:   residency a token: 0.00 adds, 0.00 removes, 0.00 commits
ds4:   decode path so far: 2752 single-row steps (75.4 ms each inside the graph over the last 64), 88 K-row verification steps over 2796 positions, 0 batch-fusion sites taken; candidate K 27:4 32:84
ds4: gate over tokens 2689-2752: 23.38 command buffers, 14.02 aborts, 240.0 expert ids accounted, 170.27 MiB loaded a token; 0 the gate failed to switch off, 0 it could not gate
ds4:   one token, exclusive, same window: entry 0.00 + encode 1.99 + commit-to-done 46.91 + repair-load 20.10 + accounting 0.04 + tail 0.00 = 69.04 of a 74.32 ms wall, residual 5.28
ds4:   GPU busy 46.34 ms of the token's wall (the union of its buffers' spans), idle 27.99 ms
ds4:   1368.1 gated dispatches a token, 12.7 of them behind an abort; 459.1 sent plain ahead of a buffer's first validate
ds4:   encode-ahead: 8.36 segments used, 13.19 dropped, 4.82 ms a token spent encoding under the GPU
ds4:   concurrent sections: 207.19 attempted, 207.19 opened a token
ds4:   speculation: 0.00 layers a token, 0.00 lanes computed, 0.00 matched, 0.00 GEMVs actually saved, 0.00 left to compute; compared 0.00 lanes, 0.00 floats differ, 0.00 by more than an ulp
ds4:   Metal 4: 36.56 command buffers sent, 3038.1 dispatches a token; 0 pieces of Metal 3 work so far
ds4:   Metal 4 a token: 36.56 contexts in 36.56 command buffers (0.00 split); 3185.2 nodes = 3038.1 dispatches + 147.1 copies; barriers 2260.6 from the graph, 73.1 queue; engine asked for 111.1 barriers and 436.9 section ends, neither encoded; 12431.0 buffer and 3507.5 constant bindings (312490 B), 0.0 with no stated length; 36.56 blocking waits, 45.19 ms
ds4:   expert cache over the last 64 tokens: 239.94 hits, 17.94 misses, 17.94 evictions a token; 5911 of 5911 entries live (100.0%)
ds4:   of the address-table holes repaired a token: 0.00 already resident, 17.94 genuinely absent
ds4:   of the repair a token: readahead 11.71 ms, slot preparation 0.79 ms, reads 7.16 ms, install 0.04 ms, over 17.94 loads
ds4:   Engram rows written at step start in 2752 steps; layer-13 drains 0
ds4:   residency a token: 0.00 adds, 0.00 removes, 0.00 commits
ds4: V4.1 prefill tail of 699 rows at position 4096 ran 699 token-major steps
ds4: expert cache lent the prefill headroom for decode: 5911 -> 6679 experts
round 1 A  52.349 s  logits dd695094752a1c7e state d721dfb78fb413ae same | hits 167418 misses 11769 loads 11769 evictions 11769
ds4:   decode path so far: 2816 single-row steps (81.3 ms each inside the graph over the last 64), 88 K-row verification steps over 2796 positions, 0 batch-fusion sites taken; candidate K 27:4 32:84
ds4: gate over tokens 2753-2816: 25.95 command buffers, 18.16 aborts, 240.0 expert ids accounted, 235.52 MiB loaded a token; 0 the gate failed to switch off, 0 it could not gate
ds4:   one token, exclusive, same window: entry 0.00 + encode 2.62 + commit-to-done 44.39 + repair-load 27.85 + accounting 0.04 + tail 0.00 = 74.90 of a 80.96 ms wall, residual 6.06
ds4:   GPU busy 42.57 ms of the token's wall (the union of its buffers' spans), idle 38.38 ms
ds4:   1383.4 gated dispatches a token, 15.0 of them behind an abort; 587.0 sent plain ahead of a buffer's first validate
ds4:   encode-ahead: 6.80 segments used, 17.30 dropped, 5.55 ms a token spent encoding under the GPU
ds4:   concurrent sections: 245.56 attempted, 245.56 opened a token
ds4:   speculation: 0.00 layers a token, 0.00 lanes computed, 0.00 matched, 0.00 GEMVs actually saved, 0.00 left to compute; compared 0.00 lanes, 0.00 floats differ, 0.00 by more than an ulp
ds4:   Metal 4: 43.27 command buffers sent, 3570.3 dispatches a token; 0 pieces of Metal 3 work so far
ds4:   Metal 4 a token: 43.27 contexts in 43.27 command buffers (0.00 split); 3755.9 nodes = 3570.3 dispatches + 185.5 copies; barriers 2654.2 from the graph, 86.5 queue; engine asked for 128.7 barriers and 516.2 section ends, neither encoded; 14603.5 buffer and 4124.8 constant bindings (367205 B), 0.0 with no stated length; 43.27 blocking waits, 42.25 ms
ds4:   expert cache over the last 64 tokens: 239.95 hits, 24.81 misses, 24.81 evictions a token; 5911 of 5911 entries live (100.0%)
ds4:   of the address-table holes repaired a token: 0.00 already resident, 24.81 genuinely absent
ds4:   of the repair a token: readahead 16.57 ms, slot preparation 1.01 ms, reads 9.61 ms, install 0.06 ms, over 24.81 loads
ds4:   Engram rows written at step start in 2816 steps; layer-13 drains 0
ds4:   residency a token: 0.00 adds, 0.00 removes, 0.00 commits
ds4:   decode path so far: 2880 single-row steps (80.9 ms each inside the graph over the last 64), 88 K-row verification steps over 2796 positions, 0 batch-fusion sites taken; candidate K 27:4 32:84
ds4: gate over tokens 2817-2880: 24.61 command buffers, 16.45 aborts, 240.0 expert ids accounted, 202.60 MiB loaded a token; 0 the gate failed to switch off, 0 it could not gate
ds4:   one token, exclusive, same window: entry 0.00 + encode 2.50 + commit-to-done 45.99 + repair-load 25.41 + accounting 0.04 + tail 0.00 = 73.94 of a 79.99 ms wall, residual 6.05
ds4:   GPU busy 44.40 ms of the token's wall (the union of its buffers' spans), idle 35.59 ms
ds4:   1354.8 gated dispatches a token, 15.9 of them behind an abort; 532.2 sent plain ahead of a buffer's first validate
ds4:   encode-ahead: 7.16 segments used, 15.59 dropped, 5.56 ms a token spent encoding under the GPU
ds4:   concurrent sections: 229.19 attempted, 229.19 opened a token
ds4:   speculation: 0.00 layers a token, 0.00 lanes computed, 0.00 matched, 0.00 GEMVs actually saved, 0.00 left to compute; compared 0.00 lanes, 0.00 floats differ, 0.00 by more than an ulp
ds4:   Metal 4: 40.20 command buffers sent, 3345.5 dispatches a token; 0 pieces of Metal 3 work so far
ds4:   Metal 4 a token: 40.20 contexts in 40.20 command buffers (0.00 split); 3513.9 nodes = 3345.5 dispatches + 168.4 copies; barriers 2488.0 from the graph, 80.4 queue; engine asked for 120.9 barriers and 482.1 section ends, neither encoded; 13680.0 buffer and 3863.8 constant bindings (343965 B), 0.0 with no stated length; 40.20 blocking waits, 43.93 ms
ds4:   expert cache over the last 64 tokens: 239.95 hits, 21.34 misses, 21.34 evictions a token; 5911 of 5911 entries live (100.0%)
ds4:   of the address-table holes repaired a token: 0.00 already resident, 21.34 genuinely absent
ds4:   of the repair a token: readahead 15.45 ms, slot preparation 0.97 ms, reads 8.44 ms, install 0.05 ms, over 21.34 loads
ds4:   Engram rows written at step start in 2880 steps; layer-13 drains 0
ds4:   residency a token: 0.00 adds, 0.00 removes, 0.00 commits
ds4:   decode path so far: 2944 single-row steps (78.1 ms each inside the graph over the last 64), 88 K-row verification steps over 2796 positions, 0 batch-fusion sites taken; candidate K 27:4 32:84
ds4: gate over tokens 2881-2944: 24.17 command buffers, 15.56 aborts, 240.0 expert ids accounted, 185.69 MiB loaded a token; 0 the gate failed to switch off, 0 it could not gate
ds4:   one token, exclusive, same window: entry 0.00 + encode 2.37 + commit-to-done 44.76 + repair-load 23.86 + accounting 0.04 + tail 0.00 = 71.04 of a 76.89 ms wall, residual 5.84
ds4:   GPU busy 43.72 ms of the token's wall (the union of its buffers' spans), idle 33.17 ms
ds4:   1357.7 gated dispatches a token, 9.8 of them behind an abort; 510.8 sent plain ahead of a buffer's first validate
ds4:   encode-ahead: 7.61 segments used, 14.91 dropped, 5.39 ms a token spent encoding under the GPU
ds4:   concurrent sections: 222.53 attempted, 222.53 opened a token
ds4:   speculation: 0.00 layers a token, 0.00 lanes computed, 0.00 matched, 0.00 GEMVs actually saved, 0.00 left to compute; compared 0.00 lanes, 0.00 floats differ, 0.00 by more than an ulp
ds4:   Metal 4: 39.08 command buffers sent, 3257.0 dispatches a token; 0 pieces of Metal 3 work so far
ds4:   Metal 4 a token: 39.08 contexts in 39.08 command buffers (0.00 split); 3415.3 nodes = 3257.0 dispatches + 158.3 copies; barriers 2423.2 from the graph, 78.2 queue; engine asked for 118.2 barriers and 468.6 section ends, neither encoded; 13318.7 buffer and 3760.7 constant bindings (334881 B), 0.0 with no stated length; 39.08 blocking waits, 42.80 ms
ds4:   expert cache over the last 64 tokens: 239.88 hits, 19.56 misses, 19.56 evictions a token; 5911 of 5911 entries live (100.0%)
ds4:   of the address-table holes repaired a token: 0.00 already resident, 19.56 genuinely absent
ds4:   of the repair a token: readahead 13.77 ms, slot preparation 0.93 ms, reads 8.71 ms, install 0.05 ms, over 19.56 loads
ds4:   Engram rows written at step start in 2944 steps; layer-13 drains 0
ds4:   residency a token: 0.00 adds, 0.00 removes, 0.00 commits
ds4:   decode path so far: 3008 single-row steps (75.0 ms each inside the graph over the last 64), 88 K-row verification steps over 2796 positions, 0 batch-fusion sites taken; candidate K 27:4 32:84
ds4: gate over tokens 2945-3008: 23.14 command buffers, 14.02 aborts, 240.0 expert ids accounted, 164.33 MiB loaded a token; 0 the gate failed to switch off, 0 it could not gate
ds4:   one token, exclusive, same window: entry 0.00 + encode 2.05 + commit-to-done 45.99 + repair-load 20.44 + accounting 0.04 + tail 0.00 = 68.53 of a 73.94 ms wall, residual 5.41
ds4:   GPU busy 45.58 ms of the token's wall (the union of its buffers' spans), idle 28.36 ms
ds4:   1351.5 gated dispatches a token, 14.5 of them behind an abort; 457.2 sent plain ahead of a buffer's first validate
ds4:   encode-ahead: 8.12 segments used, 13.27 dropped, 4.93 ms a token spent encoding under the GPU
ds4:   concurrent sections: 207.16 attempted, 207.16 opened a token
ds4:   speculation: 0.00 layers a token, 0.00 lanes computed, 0.00 matched, 0.00 GEMVs actually saved, 0.00 left to compute; compared 0.00 lanes, 0.00 floats differ, 0.00 by more than an ulp
ds4:   Metal 4: 36.41 command buffers sent, 3042.2 dispatches a token; 0 pieces of Metal 3 work so far
ds4:   Metal 4 a token: 36.41 contexts in 36.41 command buffers (0.00 split); 3187.0 nodes = 3042.2 dispatches + 144.8 copies; barriers 2263.1 from the graph, 72.8 queue; engine asked for 111.0 barriers and 436.7 section ends, neither encoded; 12439.2 buffer and 3511.7 constant bindings (312697 B), 0.0 with no stated length; 36.41 blocking waits, 44.27 ms
ds4:   expert cache over the last 64 tokens: 239.95 hits, 17.31 misses, 17.31 evictions a token; 5911 of 5911 entries live (100.0%)
ds4:   of the address-table holes repaired a token: 0.00 already resident, 17.31 genuinely absent
ds4:   of the repair a token: readahead 11.60 ms, slot preparation 0.85 ms, reads 7.59 ms, install 0.04 ms, over 17.31 loads
ds4:   Engram rows written at step start in 3008 steps; layer-13 drains 0
ds4:   residency a token: 0.00 adds, 0.00 removes, 0.00 commits
ds4:   decode path so far: 3072 single-row steps (73.2 ms each inside the graph over the last 64), 88 K-row verification steps over 2796 positions, 0 batch-fusion sites taken; candidate K 27:4 32:84
ds4: gate over tokens 3009-3072: 22.78 command buffers, 13.34 aborts, 240.0 expert ids accounted, 156.47 MiB loaded a token; 0 the gate failed to switch off, 0 it could not gate
ds4:   one token, exclusive, same window: entry 0.00 + encode 1.91 + commit-to-done 46.18 + repair-load 19.17 + accounting 0.04 + tail 0.00 = 67.30 of a 72.53 ms wall, residual 5.23
ds4:   GPU busy 45.79 ms of the token's wall (the union of its buffers' spans), idle 26.75 ms
ds4:   1352.9 gated dispatches a token, 7.5 of them behind an abort; 440.7 sent plain ahead of a buffer's first validate
ds4:   encode-ahead: 8.44 segments used, 12.75 dropped, 4.77 ms a token spent encoding under the GPU
ds4:   concurrent sections: 201.91 attempted, 201.91 opened a token
ds4:   speculation: 0.00 layers a token, 0.00 lanes computed, 0.00 matched, 0.00 GEMVs actually saved, 0.00 left to compute; compared 0.00 lanes, 0.00 floats differ, 0.00 by more than an ulp
ds4:   Metal 4: 35.53 command buffers sent, 2974.7 dispatches a token; 0 pieces of Metal 3 work so far
ds4:   Metal 4 a token: 35.53 contexts in 35.53 command buffers (0.00 split); 3114.2 nodes = 2974.7 dispatches + 139.6 copies; barriers 2214.7 from the graph, 71.1 queue; engine asked for 108.8 barriers and 426.0 section ends, neither encoded; 12160.2 buffer and 3432.6 constant bindings (305749 B), 0.0 with no stated length; 35.53 blocking waits, 44.52 ms
ds4:   expert cache over the last 64 tokens: 239.86 hits, 16.48 misses, 16.48 evictions a token; 5911 of 5911 entries live (100.0%)
ds4:   of the address-table holes repaired a token: 0.00 already resident, 16.48 genuinely absent
ds4:   of the repair a token: readahead 11.19 ms, slot preparation 0.79 ms, reads 6.83 ms, install 0.04 ms, over 16.48 loads
ds4:   Engram rows written at step start in 3072 steps; layer-13 drains 0
ds4:   residency a token: 0.00 adds, 0.00 removes, 0.00 commits
ds4:   decode path so far: 3136 single-row steps (72.9 ms each inside the graph over the last 64), 88 K-row verification steps over 2796 positions, 0 batch-fusion sites taken; candidate K 27:4 32:84
ds4: gate over tokens 3073-3136: 23.28 command buffers, 13.94 aborts, 240.0 expert ids accounted, 161.66 MiB loaded a token; 0 the gate failed to switch off, 0 it could not gate
ds4:   one token, exclusive, same window: entry 0.00 + encode 1.96 + commit-to-done 45.91 + repair-load 19.01 + accounting 0.04 + tail 0.00 = 66.92 of a 72.17 ms wall, residual 5.25
ds4:   GPU busy 45.74 ms of the token's wall (the union of its buffers' spans), idle 26.43 ms
ds4:   1373.7 gated dispatches a token, 15.9 of them behind an abort; 454.7 sent plain ahead of a buffer's first validate
ds4:   encode-ahead: 8.34 segments used, 13.11 dropped, 4.79 ms a token spent encoding under the GPU
ds4:   concurrent sections: 207.09 attempted, 207.09 opened a token
ds4:   speculation: 0.00 layers a token, 0.00 lanes computed, 0.00 matched, 0.00 GEMVs actually saved, 0.00 left to compute; compared 0.00 lanes, 0.00 floats differ, 0.00 by more than an ulp
ds4:   Metal 4: 36.39 command buffers sent, 3043.4 dispatches a token; 0 pieces of Metal 3 work so far
ds4:   Metal 4 a token: 36.39 contexts in 36.39 command buffers (0.00 split); 3186.5 nodes = 3043.4 dispatches + 143.2 copies; barriers 2263.8 from the graph, 72.8 queue; engine asked for 111.1 barriers and 436.6 section ends, neither encoded; 12445.0 buffer and 3512.8 constant bindings (312778 B), 0.0 with no stated length; 36.39 blocking waits, 44.25 ms
ds4:   expert cache over the last 64 tokens: 239.98 hits, 17.03 misses, 17.03 evictions a token; 5911 of 5911 entries live (100.0%)
ds4:   of the address-table holes repaired a token: 0.00 already resident, 17.03 genuinely absent
ds4:   of the repair a token: readahead 9.97 ms, slot preparation 0.82 ms, reads 7.86 ms, install 0.04 ms, over 17.03 loads
ds4:   Engram rows written at step start in 3136 steps; layer-13 drains 0
ds4:   residency a token: 0.00 adds, 0.00 removes, 0.00 commits
ds4:   decode path so far: 3200 single-row steps (74.6 ms each inside the graph over the last 64), 88 K-row verification steps over 2796 positions, 0 batch-fusion sites taken; candidate K 27:4 32:84
ds4: gate over tokens 3137-3200: 23.61 command buffers, 14.69 aborts, 240.0 expert ids accounted, 175.75 MiB loaded a token; 0 the gate failed to switch off, 0 it could not gate
ds4:   one token, exclusive, same window: entry 0.00 + encode 2.10 + commit-to-done 45.43 + repair-load 20.78 + accounting 0.04 + tail 0.00 = 68.35 of a 73.81 ms wall, residual 5.46
ds4:   GPU busy 44.89 ms of the token's wall (the union of its buffers' spans), idle 28.92 ms
ds4:   1349.4 gated dispatches a token, 16.4 of them behind an abort; 477.7 sent plain ahead of a buffer's first validate
ds4:   encode-ahead: 7.92 segments used, 13.80 dropped, 4.98 ms a token spent encoding under the GPU
ds4:   concurrent sections: 212.56 attempted, 212.56 opened a token
ds4:   speculation: 0.00 layers a token, 0.00 lanes computed, 0.00 matched, 0.00 GEMVs actually saved, 0.00 left to compute; compared 0.00 lanes, 0.00 floats differ, 0.00 by more than an ulp
ds4:   Metal 4: 37.41 command buffers sent, 3113.6 dispatches a token; 0 pieces of Metal 3 work so far
ds4:   Metal 4 a token: 37.41 contexts in 37.41 command buffers (0.00 split); 3265.3 nodes = 3113.6 dispatches + 151.7 copies; barriers 2316.7 from the graph, 74.8 queue; engine asked for 113.3 barriers and 447.8 section ends, neither encoded; 12735.5 buffer and 3594.9 constant bindings (320250 B), 0.0 with no stated length; 37.41 blocking waits, 43.68 ms
ds4:   expert cache over the last 64 tokens: 239.89 hits, 18.52 misses, 18.52 evictions a token; 5911 of 5911 entries live (100.0%)
ds4:   of the address-table holes repaired a token: 0.00 already resident, 18.52 genuinely absent
ds4:   of the repair a token: readahead 12.04 ms, slot preparation 0.87 ms, reads 7.44 ms, install 0.04 ms, over 18.52 loads
ds4:   Engram rows written at step start in 3200 steps; layer-13 drains 0
ds4:   residency a token: 0.00 adds, 0.00 removes, 0.00 commits
ds4:   decode path so far: 3264 single-row steps (74.9 ms each inside the graph over the last 64), 88 K-row verification steps over 2796 positions, 0 batch-fusion sites taken; candidate K 27:4 32:84
ds4: gate over tokens 3201-3264: 23.55 command buffers, 14.48 aborts, 240.0 expert ids accounted, 172.79 MiB loaded a token; 0 the gate failed to switch off, 0 it could not gate
ds4:   one token, exclusive, same window: entry 0.00 + encode 2.06 + commit-to-done 45.64 + repair-load 20.81 + accounting 0.04 + tail 0.00 = 68.55 of a 73.97 ms wall, residual 5.41
ds4:   GPU busy 45.32 ms of the token's wall (the union of its buffers' spans), idle 28.65 ms
ds4:   1368.2 gated dispatches a token, 14.5 of them behind an abort; 476.2 sent plain ahead of a buffer's first validate
ds4:   encode-ahead: 8.06 segments used, 13.59 dropped, 4.93 ms a token spent encoding under the GPU
ds4:   concurrent sections: 211.78 attempted, 211.78 opened a token
ds4:   speculation: 0.00 layers a token, 0.00 lanes computed, 0.00 matched, 0.00 GEMVs actually saved, 0.00 left to compute; compared 0.00 lanes, 0.00 floats differ, 0.00 by more than an ulp
ds4:   Metal 4: 37.14 command buffers sent, 3111.5 dispatches a token; 0 pieces of Metal 3 work so far
ds4:   Metal 4 a token: 37.14 contexts in 37.14 command buffers (0.00 split); 3261.0 nodes = 3111.5 dispatches + 149.5 copies; barriers 2315.3 from the graph, 74.3 queue; engine asked for 113.1 barriers and 446.2 section ends, neither encoded; 12715.3 buffer and 3591.4 constant bindings (319757 B), 0.0 with no stated length; 37.14 blocking waits, 43.90 ms
ds4:   expert cache over the last 64 tokens: 239.92 hits, 18.20 misses, 18.20 evictions a token; 5911 of 5911 entries live (100.0%)
ds4:   of the address-table holes repaired a token: 0.00 already resident, 18.20 genuinely absent
ds4:   of the repair a token: readahead 12.34 ms, slot preparation 0.85 ms, reads 7.21 ms, install 0.04 ms, over 18.20 loads
ds4:   Engram rows written at step start in 3264 steps; layer-13 drains 0
ds4:   residency a token: 0.00 adds, 0.00 removes, 0.00 commits
ds4:   decode path so far: 3328 single-row steps (72.3 ms each inside the graph over the last 64), 88 K-row verification steps over 2796 positions, 0 batch-fusion sites taken; candidate K 27:4 32:84
ds4: gate over tokens 3265-3328: 22.84 command buffers, 12.95 aborts, 240.0 expert ids accounted, 150.24 MiB loaded a token; 0 the gate failed to switch off, 0 it could not gate
ds4:   one token, exclusive, same window: entry 0.00 + encode 1.83 + commit-to-done 46.33 + repair-load 18.09 + accounting 0.04 + tail 0.00 = 66.29 of a 71.47 ms wall, residual 5.18
ds4:   GPU busy 46.30 ms of the token's wall (the union of its buffers' spans), idle 25.18 ms
ds4:   1367.8 gated dispatches a token, 9.4 of them behind an abort; 425.3 sent plain ahead of a buffer's first validate
ds4:   encode-ahead: 8.89 segments used, 12.34 dropped, 4.73 ms a token spent encoding under the GPU
ds4:   concurrent sections: 199.16 attempted, 199.16 opened a token
ds4:   speculation: 0.00 layers a token, 0.00 lanes computed, 0.00 matched, 0.00 GEMVs actually saved, 0.00 left to compute; compared 0.00 lanes, 0.00 floats differ, 0.00 by more than an ulp
ds4:   Metal 4: 35.19 command buffers sent, 2941.6 dispatches a token; 0 pieces of Metal 3 work so far
ds4:   Metal 4 a token: 35.19 contexts in 35.19 command buffers (0.00 split); 3077.6 nodes = 2941.6 dispatches + 136.0 copies; barriers 2190.7 from the graph, 70.4 queue; engine asked for 107.9 barriers and 420.5 section ends, neither encoded; 12020.4 buffer and 3393.3 constant bindings (302290 B), 0.0 with no stated length; 35.19 blocking waits, 44.72 ms
ds4:   expert cache over the last 64 tokens: 240.00 hits, 15.83 misses, 15.83 evictions a token; 5911 of 5911 entries live (100.0%)
ds4:   of the address-table holes repaired a token: 0.00 already resident, 15.83 genuinely absent
ds4:   of the repair a token: readahead 10.33 ms, slot preparation 0.77 ms, reads 6.65 ms, install 0.04 ms, over 15.83 loads
ds4:   Engram rows written at step start in 3328 steps; layer-13 drains 0
ds4:   residency a token: 0.00 adds, 0.00 removes, 0.00 commits
ds4:   decode path so far: 3392 single-row steps (70.1 ms each inside the graph over the last 64), 88 K-row verification steps over 2796 positions, 0 batch-fusion sites taken; candidate K 27:4 32:84
ds4: gate over tokens 3329-3392: 22.17 command buffers, 12.31 aborts, 240.0 expert ids accounted, 143.12 MiB loaded a token; 0 the gate failed to switch off, 0 it could not gate
ds4:   one token, exclusive, same window: entry 0.00 + encode 1.76 + commit-to-done 46.11 + repair-load 16.23 + accounting 0.04 + tail 0.00 = 64.14 of a 69.18 ms wall, residual 5.04
ds4:   GPU busy 46.21 ms of the token's wall (the union of its buffers' spans), idle 22.97 ms
ds4:   1348.1 gated dispatches a token, 7.0 of them behind an abort; 405.0 sent plain ahead of a buffer's first validate
ds4:   encode-ahead: 8.86 segments used, 11.77 dropped, 4.59 ms a token spent encoding under the GPU
ds4:   concurrent sections: 192.66 attempted, 192.66 opened a token
ds4:   speculation: 0.00 layers a token, 0.00 lanes computed, 0.00 matched, 0.00 GEMVs actually saved, 0.00 left to compute; compared 0.00 lanes, 0.00 floats differ, 0.00 by more than an ulp
ds4:   Metal 4: 33.94 command buffers sent, 2851.7 dispatches a token; 0 pieces of Metal 3 work so far
ds4:   Metal 4 a token: 33.94 contexts in 33.94 command buffers (0.00 split); 2981.8 nodes = 2851.7 dispatches + 130.1 copies; barriers 2122.5 from the graph, 67.9 queue; engine asked for 104.6 barriers and 406.9 section ends, neither encoded; 11651.2 buffer and 3289.0 constant bindings (292865 B), 0.0 with no stated length; 33.94 blocking waits, 44.59 ms
ds4:   expert cache over the last 64 tokens: 239.97 hits, 15.08 misses, 15.08 evictions a token; 5911 of 5911 entries live (100.0%)
ds4:   of the address-table holes repaired a token: 0.00 already resident, 15.08 genuinely absent
ds4:   of the repair a token: readahead 9.33 ms, slot preparation 0.73 ms, reads 5.84 ms, install 0.04 ms, over 15.08 loads
ds4:   Engram rows written at step start in 3392 steps; layer-13 drains 0
ds4:   residency a token: 0.00 adds, 0.00 removes, 0.00 commits
ds4:   decode path so far: 3456 single-row steps (74.9 ms each inside the graph over the last 64), 88 K-row verification steps over 2796 positions, 0 batch-fusion sites taken; candidate K 27:4 32:84
ds4: gate over tokens 3393-3456: 23.59 command buffers, 14.41 aborts, 240.0 expert ids accounted, 176.35 MiB loaded a token; 0 the gate failed to switch off, 0 it could not gate
ds4:   one token, exclusive, same window: entry 0.00 + encode 2.02 + commit-to-done 46.09 + repair-load 20.79 + accounting 0.04 + tail 0.00 = 68.95 of a 74.19 ms wall, residual 5.25
ds4:   GPU busy 45.32 ms of the token's wall (the union of its buffers' spans), idle 28.87 ms
ds4:   1370.4 gated dispatches a token, 14.1 of them behind an abort; 474.0 sent plain ahead of a buffer's first validate
ds4:   encode-ahead: 8.19 segments used, 13.58 dropped, 4.78 ms a token spent encoding under the GPU
ds4:   concurrent sections: 210.78 attempted, 210.78 opened a token
ds4:   speculation: 0.00 layers a token, 0.00 lanes computed, 0.00 matched, 0.00 GEMVs actually saved, 0.00 left to compute; compared 0.00 lanes, 0.00 floats differ, 0.00 by more than an ulp
ds4:   Metal 4: 37.17 command buffers sent, 3087.0 dispatches a token; 0 pieces of Metal 3 work so far
ds4:   Metal 4 a token: 37.17 contexts in 37.17 command buffers (0.00 split); 3237.9 nodes = 3087.0 dispatches + 150.9 copies; barriers 2296.8 from the graph, 74.3 queue; engine asked for 112.8 barriers and 444.3 section ends, neither encoded; 12632.2 buffer and 3564.4 constant bindings (317559 B), 0.0 with no stated length; 37.17 blocking waits, 44.35 ms
ds4:   expert cache over the last 64 tokens: 239.94 hits, 18.58 misses, 18.58 evictions a token; 5911 of 5911 entries live (100.0%)
ds4:   of the address-table holes repaired a token: 0.00 already resident, 18.58 genuinely absent
ds4:   of the repair a token: readahead 11.34 ms, slot preparation 0.79 ms, reads 8.21 ms, install 0.04 ms, over 18.58 loads
ds4:   Engram rows written at step start in 3456 steps; layer-13 drains 0
ds4:   residency a token: 0.00 adds, 0.00 removes, 0.00 commits
ds4: V4.1 prefill tail of 699 rows at position 4096 ran 699 token-major steps
ds4: expert cache lent the prefill headroom for decode: 5911 -> 6679 experts
round 1 A  52.541 s  logits dd695094752a1c7e state d721dfb78fb413ae same | hits 167715 misses 12875 loads 12875 evictions 12875
ds4: V4.1 batch step rows=32 pre 0.0 ms, per-row attention 0.0 ms, moe 0.0 ms, head 0.0 ms, setup 0.0 ms, publish 0.0 ms
ds4: V4.1 batch step rows=32 pre 0.0 ms, per-row attention 0.0 ms, moe 0.0 ms, head 0.0 ms, setup 0.0 ms, publish 0.0 ms
ds4: V4.1 batch step rows=32 pre 0.0 ms, per-row attention 0.0 ms, moe 0.0 ms, head 0.0 ms, setup 0.0 ms, publish 0.0 ms
ds4: V4.1 batch step rows=32 pre 0.0 ms, per-row attention 0.0 ms, moe 0.0 ms, head 0.0 ms, setup 0.0 ms, publish 0.0 ms
ds4: V4.1 batch step rows=32 pre 0.0 ms, per-row attention 0.0 ms, moe 0.0 ms, head 0.0 ms, setup 0.0 ms, publish 0.0 ms
ds4: V4.1 batch step rows=32 pre 0.0 ms, per-row attention 0.0 ms, moe 0.0 ms, head 0.0 ms, setup 0.0 ms, publish 0.0 ms
ds4: V4.1 batch step rows=32 pre 0.0 ms, per-row attention 0.0 ms, moe 0.0 ms, head 0.0 ms, setup 0.0 ms, publish 0.0 ms
ds4: V4.1 batch step rows=32 pre 0.0 ms, per-row attention 0.0 ms, moe 0.0 ms, head 0.0 ms, setup 0.0 ms, publish 0.0 ms
ds4: V4.1 batch step rows=32 pre 0.0 ms, per-row attention 0.0 ms, moe 0.0 ms, head 0.0 ms, setup 0.0 ms, publish 0.0 ms
ds4: V4.1 batch step rows=32 pre 0.0 ms, per-row attention 0.0 ms, moe 0.0 ms, head 0.0 ms, setup 0.0 ms, publish 0.0 ms
ds4: V4.1 batch step rows=32 pre 0.0 ms, per-row attention 0.0 ms, moe 0.0 ms, head 0.0 ms, setup 0.0 ms, publish 0.0 ms
ds4: V4.1 batch step rows=32 pre 0.0 ms, per-row attention 0.0 ms, moe 0.0 ms, head 0.0 ms, setup 0.0 ms, publish 0.0 ms
ds4: V4.1 batch step rows=32 pre 0.0 ms, per-row attention 0.0 ms, moe 0.0 ms, head 0.0 ms, setup 0.0 ms, publish 0.0 ms
ds4: V4.1 batch step rows=32 pre 0.0 ms, per-row attention 0.0 ms, moe 0.0 ms, head 0.0 ms, setup 0.0 ms, publish 0.0 ms
ds4: V4.1 batch step rows=32 pre 0.0 ms, per-row attention 0.0 ms, moe 0.0 ms, head 0.0 ms, setup 0.0 ms, publish 0.0 ms
ds4: V4.1 batch step rows=32 pre 0.0 ms, per-row attention 0.0 ms, moe 0.0 ms, head 0.0 ms, setup 0.0 ms, publish 0.0 ms
ds4: V4.1 batch step rows=32 pre 0.0 ms, per-row attention 0.0 ms, moe 0.0 ms, head 0.0 ms, setup 0.0 ms, publish 0.0 ms
ds4: V4.1 batch step rows=32 pre 0.0 ms, per-row attention 0.0 ms, moe 0.0 ms, head 0.0 ms, setup 0.0 ms, publish 0.0 ms
ds4: V4.1 batch step rows=32 pre 0.0 ms, per-row attention 0.0 ms, moe 0.0 ms, head 0.0 ms, setup 0.0 ms, publish 0.0 ms
ds4: V4.1 batch step rows=32 pre 0.0 ms, per-row attention 0.0 ms, moe 0.0 ms, head 0.0 ms, setup 0.0 ms, publish 0.0 ms
ds4: V4.1 batch step rows=32 pre 0.0 ms, per-row attention 0.0 ms, moe 0.0 ms, head 0.0 ms, setup 0.0 ms, publish 0.0 ms
ds4: V4.1 batch step rows=27 pre 0.0 ms, per-row attention 0.0 ms, moe 0.0 ms, head 0.0 ms, setup 0.0 ms, publish 0.0 ms
ds4: V4.1 prefill tail at position 4096 ran 699 rows as 22 batch steps (candidate)
ds4: expert cache lent the prefill headroom for decode: 5911 -> 6679 experts
round 1 B  32.669 s  logits dd695094752a1c7e state d721dfb78fb413ae same | hits 157112 misses 10648 loads 10648 evictions 10648
tail     A mean 51.611 s, B mean 32.279 s, B - A -19.332 s over 2 rounds; 0 arm(s) differing from the reference -> PASS
ds4: memory budget: peak 67.50 GiB allocated of 80.00 GiB; 0 slab(s) given back, 0 allocation(s) refused, cache growth stopped 0 time(s)
ds4: expert directory: 0 pinned hits, 295928 cache hits, 120445 loads; 0 address mismatches, 0 missing with a non-zero slot, 0 selected and missing; 0 pinned experts given back to the budget
